Customer_ID,Age,Gender,Employment_Status,Account_Type,Tenure_Months,Number_of_Products,Avg_Balance,Monthly_Transactions,Online_Banking_Usage,Mobile_Banking_Usage,Number_of_Complaints,Complaint_Resolution_Rate,Churn,Total_Digital_Usage,Balance_per_Product
CUST2463,32,Male,Employed,Current,13,2,57001,19,6,10,0,0.97,1,16,28500.5
CUST2511,45,Male,Employed,Current,88,1,24533,14,5,9,0,0.89,0,14,24533.0
CUST2227,29,Female,Employed,Savings,151,3,212133,16,11,7,1,0.71,0,18,70711.0
CUST0526,49,Female,Employed,Savings,118,2,94045,22,12,8,0,0.89,0,20,47022.5
CUST0195,33,Female,Employed,Savings,108,1,137693,15,7,8,0,0.64,0,15,137693.0
CUST2986,33,Female,Self-employed,Savings,69,3,63153,15,9,11,0,0.78,1,20,21051.0
CUST1842,41,Male,Employed,Current,167,2,378881,11,7,14,1,0.63,0,21,189440.5
CUST1142,41,Female,Self-employed,Current,68,1,43330,10,10,7,0,0.95,0,17,43330.0
CUST1253,49,Female,Self-employed,Current,78,4,307651,18,7,9,1,0.87,1,16,76912.75
CUST1268,40,Female,Employed,Savings,143,2,105577,16,9,8,0,0.66,0,17,52788.5
CUST1038,45,Female,Self-employed,Savings,55,2,3174,13,8,6,0,0.7,0,14,1587.0
CUST0665,42,Female,Employed,Fixed Deposit,178,1,136072,17,9,12,0,0.9,0,21,136072.0
CUST2650,30,Female,Employed,Savings,150,2,70709,19,6,18,0,0.84,0,24,35354.5
CUST1627,48,Female,Employed,Fixed Deposit,123,4,232609,17,10,10,0,0.82,0,20,58152.25
CUST2757,25,Male,Employed,Fixed Deposit,129,1,71483,18,10,11,1,0.79,0,21,71483.0
CUST1011,45,Female,Employed,Savings,160,3,378233,15,4,11,0,0.95,0,15,126077.67
CUST1115,26,Male,Employed,Savings,134,1,18911,9,11,8,0,0.98,0,19,18911.0
CUST0953,45,Male,Employed,Savings,85,2,136574,13,13,12,0,0.5,1,25,68287.0
CUST0348,34,Female,Self-employed,Savings,157,4,469796,16,9,11,0,0.96,0,20,117449.0
CUST2013,54,Female,Employed,Savings,117,3,25310,15,7,3,0,0.77,0,10,8436.67
CUST1379,27,Male,Employed,Current,81,3,3245,10,7,10,0,0.61,0,17,1081.67
CUST2888,45,Female,Employed,Savings,70,1,263587,12,7,9,1,0.94,0,16,263587.0
CUST2074,28,Male,Self-employed,Savings,128,2,18623,12,6,9,0,0.9,0,15,9311.5
CUST2567,35,Male,Employed,Savings,127,3,13824,15,8,11,1,0.85,0,19,4608.0
CUST1450,34,Female,Employed,Savings,17,2,79960,30,7,8,0,0.91,1,15,39980.0
CUST1673,54,Female,Self-employed,Current,79,4,24144,23,8,8,0,1.0,0,16,6036.0
CUST1790,48,Female,Self-employed,Current,127,3,36237,17,5,16,0,0.58,0,21,12079.0
CUST0211,36,Female,Unemployed,Current,17,1,606711,16,5,7,1,0.5,0,12,606711.0
CUST2980,36,Male,Employed,Fixed Deposit,93,2,294265,12,6,7,1,0.65,0,13,147132.5
CUST1614,36,Male,Employed,Current,167,1,197116,19,6,9,0,0.67,0,15,197116.0
CUST2641,21,Male,Employed,Savings,36,1,136548,11,8,11,0,0.53,1,19,136548.0
CUST0555,18,Male,Self-employed,Savings,152,1,365406,15,3,12,1,0.63,0,15,365406.0
CUST0373,33,Male,Self-employed,Savings,119,2,163723,16,2,15,0,0.63,0,17,81861.5
CUST2892,28,Female,Employed,Current,130,1,103263,18,4,13,1,0.55,0,17,103263.0
CUST1167,26,Male,Employed,Savings,22,3,217653,11,6,14,0,0.69,0,20,72551.0
CUST2592,34,Female,Employed,Current,132,1,108006,20,8,8,1,0.95,0,16,108006.0
CUST2538,53,Male,Employed,Fixed Deposit,147,1,29903,11,10,10,0,0.96,0,20,29903.0
CUST0905,46,Female,Unemployed,Savings,80,1,40881,15,9,8,0,0.59,0,17,40881.0
CUST2985,33,Female,Unemployed,Current,54,1,62712,16,12,8,0,0.98,1,20,62712.0
CUST1866,38,Female,Employed,Current,51,2,248446,16,6,5,0,0.97,0,11,124223.0
CUST1047,57,Male,Self-employed,Savings,93,4,44810,19,8,9,0,0.5,0,17,11202.5
CUST2971,38,Male,Employed,Savings,111,1,44224,19,8,10,0,0.55,0,18,44224.0
CUST0309,29,Female,Employed,Savings,137,2,1638,12,6,14,0,0.68,0,20,819.0
CUST1248,18,Male,Unemployed,Current,59,3,47854,7,6,9,0,0.93,0,15,15951.33
CUST0166,30,Female,Employed,Savings,127,1,456610,14,7,18,1,0.78,0,25,456610.0
CUST0217,45,Female,Employed,Current,39,2,11079,12,3,11,0,0.68,0,14,5539.5
CUST1314,30,Female,Employed,Current,167,2,111938,19,10,6,0,0.57,0,16,55969.0
CUST2629,43,Female,Employed,Savings,132,3,478689,14,5,11,0,0.73,0,16,159563.0
CUST2120,33,Male,Self-employed,Savings,58,3,125388,16,3,13,0,0.96,0,16,41796.0
CUST0588,21,Female,Self-employed,Savings,88,2,302307,18,7,8,0,0.73,0,15,151153.5
CUST1599,18,Male,Unemployed,Fixed Deposit,46,1,53725,18,9,7,1,0.98,0,16,53725.0
CUST0141,25,Female,Employed,Current,17,4,28852,19,8,9,0,0.85,1,17,7213.0
CUST0722,35,Male,Unemployed,Savings,127,1,111817,10,10,11,0,0.64,0,21,111817.0
CUST0153,27,Male,Employed,Current,61,1,35299,12,11,7,0,0.75,1,18,35299.0
CUST0294,36,Male,Self-employed,Current,43,1,303308,17,6,9,1,0.97,0,15,303308.0
CUST0277,24,Male,Employed,Savings,25,1,210569,15,16,6,2,0.98,1,22,210569.0
CUST1487,45,Female,Employed,Current,55,1,64327,13,9,6,0,0.81,0,15,64327.0
CUST0041,29,Male,Employed,Current,73,3,31953,12,6,13,0,0.82,0,19,10651.0
CUST2479,33,Female,Self-employed,Savings,156,1,575693,9,9,8,1,0.58,0,17,575693.0
CUST2138,26,Female,Employed,Savings,122,1,123375,12,7,19,0,0.68,0,26,123375.0
CUST0316,40,Male,Employed,Savings,132,2,88413,11,11,12,0,0.89,0,23,44206.5
CUST2576,39,Female,Self-employed,Savings,67,1,47513,16,10,10,1,0.69,0,20,47513.0
CUST2822,31,Female,Employed,Savings,115,3,165448,16,5,10,0,0.86,0,15,55149.33
CUST2795,18,Female,Employed,Savings,124,1,93100,9,10,8,0,0.7,0,18,93100.0
CUST2504,37,Male,Employed,Fixed Deposit,40,3,416191,8,9,10,0,0.85,0,19,138730.33
CUST2646,39,Female,Self-employed,Current,159,1,68237,7,6,12,1,0.91,0,18,68237.0
CUST1183,40,Female,Employed,Savings,22,1,103500,16,5,8,1,0.64,1,13,103500.0
CUST0752,45,Male,Self-employed,Current,95,2,113228,14,6,5,0,0.54,0,11,56614.0
CUST0374,27,Female,Employed,Savings,140,3,129222,15,16,13,0,0.77,1,29,43074.0
CUST1842,28,Female,Employed,Savings,101,3,50948,19,12,9,0,0.96,0,21,16982.67
CUST2033,22,Male,Self-employed,Current,48,3,24871,12,4,9,0,0.7,1,13,8290.33
CUST2082,44,Male,Employed,Savings,95,3,152607,14,11,8,1,0.53,1,19,50869.0
CUST0516,30,Male,Employed,Current,169,2,241694,11,6,10,0,0.78,0,16,120847.0
CUST0013,27,Male,Employed,Current,25,2,489601,16,9,14,0,0.93,1,23,244800.5
CUST2117,35,Male,Self-employed,Current,164,1,90844,17,7,11,0,0.54,0,18,90844.0
CUST2038,33,Male,Unemployed,Savings,143,4,333651,15,6,10,0,0.89,0,16,83412.75
CUST1919,29,Female,Self-employed,Savings,157,3,66472,15,8,5,0,0.64,0,13,22157.33
CUST0755,55,Female,Employed,Savings,62,1,255962,16,4,10,0,0.88,0,14,255962.0
CUST2457,28,Female,Employed,Savings,56,4,485037,9,5,12,0,0.63,1,17,121259.25
CUST1332,46,Male,Employed,Savings,13,1,195149,11,11,16,0,0.75,0,27,195149.0
CUST1113,41,Male,Employed,Savings,92,1,29302,8,15,7,0,0.61,0,22,29302.0
CUST2976,53,Female,Employed,Savings,19,1,523580,13,6,13,0,0.51,0,19,523580.0
CUST1006,36,Female,Employed,Savings,147,2,454218,17,4,6,0,0.97,0,10,227109.0
CUST2339,29,Female,Employed,Current,147,1,120810,13,5,8,0,0.74,0,13,120810.0
CUST1448,23,Female,Self-employed,Current,38,1,39957,14,8,3,1,0.99,0,11,39957.0
CUST2169,29,Male,Employed,Current,97,1,135113,13,7,8,0,0.55,0,15,135113.0
CUST1134,30,Male,Self-employed,Savings,155,1,253361,12,9,10,0,0.86,1,19,253361.0
CUST1088,39,Female,Self-employed,Savings,36,3,77383,16,8,11,0,0.98,1,19,25794.33
CUST1507,31,Male,Self-employed,Current,58,3,8519,14,11,16,0,0.76,0,27,2839.67
CUST1934,18,Female,Employed,Savings,177,1,427830,10,9,16,0,0.84,0,25,427830.0
CUST1501,33,Female,Employed,Savings,146,2,161950,14,4,5,1,0.67,0,9,80975.0
CUST0480,37,Male,Employed,Current,136,1,5031,11,8,12,0,0.62,0,20,5031.0
CUST2115,34,Female,Employed,Fixed Deposit,22,2,116763,17,13,8,0,0.93,0,21,58381.5
CUST1914,37,Male,Employed,Savings,76,3,94491,15,5,10,0,0.76,0,15,31497.0
CUST1871,30,Female,Employed,Savings,124,1,83789,19,13,11,0,0.57,0,24,83789.0
CUST1109,45,Female,Employed,Current,121,1,158443,20,4,13,0,0.95,0,17,158443.0
CUST0165,32,Female,Employed,Current,20,3,254617,13,6,6,0,0.79,1,12,84872.33
CUST1075,30,Female,Employed,Savings,163,2,48931,12,8,8,0,0.66,0,16,24465.5
CUST1386,44,Female,Unemployed,Savings,77,2,362864,12,8,7,1,0.94,0,15,181432.0
CUST2284,47,Female,Employed,Current,90,2,161433,10,12,9,0,0.67,0,21,80716.5
CUST0610,31,Male,Unemployed,Fixed Deposit,173,1,51193,21,8,9,0,0.6,0,17,51193.0
CUST2378,34,Male,Employed,Savings,83,2,228608,12,7,13,1,0.53,0,20,114304.0
CUST2774,28,Female,Unemployed,Savings,41,1,7736,13,8,2,0,0.54,1,10,7736.0
CUST0127,36,Male,Employed,Current,71,4,74943,15,9,9,0,0.64,1,18,18735.75
CUST2260,52,Male,Employed,Savings,38,3,277916,14,7,10,0,0.75,1,17,92638.67
CUST1982,41,Female,Employed,Fixed Deposit,61,1,119660,17,6,5,0,0.58,0,11,119660.0
CUST2862,40,Female,Self-employed,Savings,74,3,142922,14,10,12,0,0.99,1,22,47640.67
CUST0931,33,Female,Self-employed,Savings,34,3,63805,16,6,12,0,0.92,1,18,21268.33
CUST2291,42,Male,Unemployed,Current,56,1,217290,21,7,10,0,0.5,0,17,217290.0
CUST0847,36,Male,Self-employed,Fixed Deposit,52,4,221043,18,0,14,1,0.52,0,14,55260.75
CUST0983,30,Female,Self-employed,Savings,143,1,131287,15,4,10,0,0.53,0,14,131287.0
CUST0619,48,Male,Employed,Savings,55,1,71232,11,10,9,0,0.9,0,19,71232.0
CUST1927,43,Female,Employed,Current,50,2,102141,19,5,16,1,0.59,0,21,51070.5
CUST0477,47,Male,Unemployed,Savings,173,2,53074,17,8,14,0,0.52,0,22,26537.0
CUST1999,42,Female,Employed,Current,141,4,72264,12,8,8,0,0.61,0,16,18066.0
CUST2714,32,Male,Self-employed,Current,54,1,4051,9,4,12,0,1.0,1,16,4051.0
CUST1638,18,Female,Self-employed,Savings,60,1,848139,13,5,6,0,0.83,0,11,848139.0
CUST2815,33,Female,Employed,Current,169,2,301527,12,9,12,0,0.54,0,21,150763.5
CUST2208,18,Male,Self-employed,Current,43,3,155271,22,12,9,0,0.58,0,21,51757.0
CUST2203,36,Female,Employed,Savings,15,2,123252,13,13,9,0,0.74,0,22,61626.0
CUST2474,37,Female,Employed,Savings,29,1,221311,14,4,12,0,0.86,0,16,221311.0
CUST1029,29,Female,Self-employed,Savings,135,4,118477,20,4,11,0,0.81,0,15,29619.25
CUST0326,35,Male,Unemployed,Current,112,1,73134,21,5,8,0,0.63,0,13,73134.0
CUST2837,19,Female,Self-employed,Savings,23,1,153356,17,6,7,0,0.53,0,13,153356.0
CUST1956,39,Female,Employed,Savings,94,2,95076,20,9,7,0,0.61,0,16,47538.0
CUST1262,54,Female,Unemployed,Savings,122,2,102954,17,6,15,0,0.54,0,21,51477.0
CUST1788,41,Female,Employed,Savings,70,1,235051,12,13,8,0,0.79,0,21,235051.0
CUST1363,52,Male,Employed,Current,13,4,33271,12,11,7,0,0.69,1,18,8317.75
CUST0985,34,Male,Employed,Savings,50,2,143786,16,6,15,0,0.79,0,21,71893.0
CUST2087,32,Female,Employed,Current,62,3,12948,14,3,16,0,0.71,0,19,4316.0
CUST2870,46,Male,Employed,Current,177,2,67697,18,2,6,0,0.74,0,8,33848.5
CUST0986,40,Male,Self-employed,Savings,114,4,188411,20,5,11,1,0.51,0,16,47102.75
CUST0137,43,Female,Unemployed,Current,173,1,46469,11,7,10,0,0.78,1,17,46469.0
CUST2503,34,Female,Employed,Current,79,2,283663,14,4,10,0,0.69,0,14,141831.5
CUST1762,35,Male,Employed,Savings,94,2,131644,9,4,12,0,0.99,0,16,65822.0
CUST1584,38,Male,Self-employed,Current,60,2,103817,14,12,10,0,0.71,0,22,51908.5
CUST0589,35,Male,Unemployed,Savings,123,2,51237,18,9,14,0,0.63,0,23,25618.5
CUST1903,43,Female,Employed,Current,49,2,44153,20,10,12,0,0.61,0,22,22076.5
CUST2087,31,Male,Employed,Fixed Deposit,96,1,4788,17,7,10,0,0.95,0,17,4788.0
CUST2244,26,Female,Employed,Savings,154,1,120930,17,2,13,0,0.91,0,15,120930.0
CUST1793,50,Male,Self-employed,Savings,169,1,138828,18,6,6,0,0.71,0,12,138828.0
CUST0680,28,Female,Employed,Current,156,1,323211,12,5,12,1,0.52,0,17,323211.0
CUST1630,38,Female,Employed,Savings,60,1,85386,13,6,5,0,0.53,1,11,85386.0
CUST2548,18,Male,Employed,Savings,138,2,51652,14,7,11,1,0.92,0,18,25826.0
CUST0985,29,Female,Self-employed,Savings,42,1,187677,12,11,14,0,0.96,0,25,187677.0
CUST1808,59,Female,Self-employed,Savings,63,1,3851,12,11,8,0,0.69,0,19,3851.0
CUST0344,36,Female,Employed,Current,96,2,80664,11,5,8,0,0.6,1,13,40332.0
CUST2507,43,Female,Self-employed,Savings,17,2,34926,22,2,4,0,0.51,1,6,17463.0
CUST2992,40,Male,Self-employed,Savings,81,1,185748,7,5,9,1,0.61,0,14,185748.0
CUST2920,21,Female,Employed,Savings,140,1,157518,17,9,13,0,0.73,0,22,157518.0
CUST0195,44,Male,Self-employed,Fixed Deposit,180,3,1537,13,5,8,0,0.52,0,13,512.33
CUST1885,25,Male,Employed,Current,14,2,263211,13,10,5,0,0.94,1,15,131605.5
CUST2582,23,Male,Unemployed,Savings,75,3,1863,8,10,8,0,0.8,0,18,621.0
CUST2225,35,Female,Employed,Savings,65,2,21367,12,8,11,0,0.85,0,19,10683.5
CUST0554,40,Male,Self-employed,Current,116,3,47351,16,4,12,0,0.99,0,16,15783.67
CUST2875,32,Male,Employed,Savings,99,2,52014,19,4,10,0,0.61,1,14,26007.0
CUST2132,34,Male,Employed,Savings,115,1,41582,19,5,11,0,0.72,0,16,41582.0
CUST1547,41,Female,Self-employed,Savings,167,2,119639,19,9,10,1,0.81,0,19,59819.5
CUST1326,50,Male,Self-employed,Savings,161,4,179447,18,10,12,0,0.78,0,22,44861.75
CUST2645,63,Male,Employed,Savings,98,1,341073,9,9,10,0,0.93,0,19,341073.0
CUST0706,34,Female,Self-employed,Current,114,4,14539,15,6,8,0,0.98,0,14,3634.75
CUST2667,48,Male,Employed,Current,130,4,25377,13,4,5,0,0.96,0,9,6344.25
CUST2758,42,Male,Employed,Fixed Deposit,19,4,52149,16,4,6,1,0.79,0,10,13037.25
CUST0712,36,Female,Employed,Savings,157,4,227522,9,7,5,0,0.81,1,12,56880.5
CUST1452,34,Male,Self-employed,Savings,39,3,11330,16,12,11,0,0.88,0,23,3776.67
CUST0672,25,Male,Self-employed,Current,61,3,197604,17,3,11,0,0.56,0,14,65868.0
CUST1274,45,Male,Self-employed,Savings,66,1,169570,12,11,10,0,0.57,0,21,169570.0
CUST1828,45,Male,Employed,Current,85,3,62299,21,7,10,0,0.62,0,17,20766.33
CUST2446,30,Female,Self-employed,Savings,101,3,71041,15,8,8,0,0.91,0,16,23680.33
CUST0528,23,Male,Employed,Savings,119,1,218798,16,8,9,0,0.77,1,17,218798.0
CUST2429,35,Male,Employed,Savings,139,2,16847,18,8,14,0,0.78,0,22,8423.5
CUST1569,46,Male,Employed,Savings,157,2,70087,14,9,6,1,0.8,1,15,35043.5
CUST2088,52,Male,Employed,Savings,129,3,62558,15,7,13,0,0.69,0,20,20852.67
CUST1960,29,Male,Employed,Savings,80,2,172153,11,8,8,0,0.73,0,16,86076.5
CUST2570,34,Female,Employed,Current,15,2,70936,13,10,11,0,0.69,0,21,35468.0
CUST0473,52,Female,Employed,Savings,84,2,413938,14,5,10,0,0.76,0,15,206969.0
CUST2248,31,Female,Employed,Current,107,3,14231,11,8,13,0,0.91,0,21,4743.67
CUST2002,25,Female,Employed,Savings,88,2,15786,10,13,5,1,0.76,0,18,7893.0
CUST1149,38,Male,Unemployed,Savings,40,1,15623,20,6,11,0,0.83,1,17,15623.0
CUST2037,59,Female,Employed,Current,142,1,186757,19,9,16,0,0.93,0,25,186757.0
CUST2313,27,Male,Employed,Savings,164,2,153396,12,10,8,0,0.89,1,18,76698.0
CUST2823,30,Female,Self-employed,Current,78,1,31969,15,6,13,1,0.88,0,19,31969.0
CUST1927,34,Female,Employed,Current,162,1,3438,13,10,5,0,0.59,1,15,3438.0
CUST2234,36,Female,Employed,Savings,126,1,140177,13,6,11,0,0.65,0,17,140177.0
CUST0458,31,Female,Employed,Savings,144,2,52945,12,12,8,0,0.97,1,20,26472.5
CUST0831,40,Female,Employed,Current,54,1,125225,26,6,13,0,0.77,0,19,125225.0
CUST1078,28,Male,Employed,Savings,17,2,8766,15,10,9,0,0.86,1,19,4383.0
CUST0919,34,Female,Self-employed,Savings,154,3,46029,13,7,10,0,0.88,0,17,15343.0
CUST1562,42,Female,Employed,Savings,176,3,393049,13,15,10,0,0.58,0,25,131016.33
CUST2283,36,Female,Employed,Current,117,3,181923,9,10,9,2,0.76,0,19,60641.0
CUST1313,42,Male,Unemployed,Savings,131,2,179373,17,7,7,0,0.55,0,14,89686.5
CUST0413,27,Male,Employed,Savings,123,1,118065,18,11,11,0,0.71,0,22,118065.0
CUST2570,19,Female,Employed,Savings,111,1,47288,11,6,8,0,0.59,0,14,47288.0
CUST1333,37,Female,Self-employed,Savings,86,2,13967,8,7,9,0,0.8,0,16,6983.5
CUST2253,44,Male,Employed,Current,14,2,162770,18,8,15,0,0.68,0,23,81385.0
CUST1899,34,Female,Employed,Savings,120,3,50154,19,7,13,0,0.81,0,20,16718.0
CUST0779,19,Female,Employed,Fixed Deposit,162,1,90813,19,5,11,0,0.9,0,16,90813.0
CUST1561,33,Male,Employed,Fixed Deposit,151,4,49814,17,4,9,0,0.51,0,13,12453.5
CUST0564,22,Male,Unemployed,Current,58,2,63854,21,7,10,0,0.71,0,17,31927.0
CUST0794,32,Female,Unemployed,Savings,49,4,198994,13,7,9,0,0.52,0,16,49748.5
CUST1415,21,Female,Unemployed,Current,99,2,19402,19,5,16,0,0.58,1,21,9701.0
CUST2457,18,Female,Unemployed,Fixed Deposit,155,1,155991,16,6,12,0,0.63,0,18,155991.0
CUST1370,44,Male,Employed,Current,158,1,181694,11,9,14,0,0.97,0,23,181694.0
CUST0160,38,Female,Self-employed,Current,108,1,21462,15,6,11,1,0.98,1,17,21462.0
CUST2516,23,Female,Self-employed,Fixed Deposit,152,3,21183,12,7,14,0,0.61,0,21,7061.0
CUST2968,21,Female,Employed,Savings,89,3,172592,7,1,9,0,0.83,1,10,57530.67
CUST2505,23,Male,Self-employed,Savings,67,1,431300,9,10,9,0,0.61,0,19,431300.0
CUST0617,30,Male,Employed,Savings,14,1,253434,7,13,14,0,0.55,1,27,253434.0
CUST0357,47,Female,Employed,Savings,76,1,552038,17,11,6,1,0.65,1,17,552038.0
CUST0279,39,Female,Employed,Fixed Deposit,166,3,303023,9,8,8,0,0.65,0,16,101007.67
CUST0270,25,Male,Employed,Current,143,4,178594,14,6,14,1,0.52,0,20,44648.5
CUST2926,45,Male,Self-employed,Savings,125,1,176746,21,8,13,3,0.89,0,21,176746.0
CUST2694,21,Male,Self-employed,Fixed Deposit,21,2,104639,16,5,15,0,0.75,1,20,52319.5
CUST2395,52,Female,Employed,Savings,55,4,40178,17,5,9,0,0.6,0,14,10044.5
CUST2266,32,Female,Self-employed,Savings,98,3,107120,18,5,9,0,0.85,0,14,35706.67
CUST0618,49,Male,Employed,Savings,168,2,706261,17,6,13,0,0.54,0,19,353130.5
CUST1905,25,Male,Employed,Fixed Deposit,15,1,361029,13,7,9,1,0.71,0,16,361029.0
CUST2746,35,Female,Self-employed,Savings,79,3,300983,17,3,7,0,0.62,0,10,100327.67
CUST0337,30,Male,Employed,Savings,40,1,84822,12,12,11,0,0.69,0,23,84822.0
CUST2845,38,Male,Employed,Savings,177,1,3981,23,5,12,0,0.66,0,17,3981.0
CUST0539,23,Male,Employed,Savings,41,1,21024,19,7,13,1,0.62,1,20,21024.0
CUST0981,26,Male,Employed,Savings,146,4,56826,21,5,8,1,0.69,0,13,14206.5
CUST0956,53,Female,Self-employed,Savings,92,2,108295,12,9,15,0,0.64,0,24,54147.5
CUST1781,37,Female,Self-employed,Current,24,2,161006,12,16,11,1,0.67,1,27,80503.0
CUST1690,45,Male,Self-employed,Savings,16,2,87766,13,3,13,1,0.97,1,16,43883.0
CUST2772,27,Female,Employed,Savings,148,1,282061,13,7,10,1,0.53,0,17,282061.0
CUST1522,34,Female,Self-employed,Current,134,2,87813,8,3,12,0,0.6,0,15,43906.5
CUST2719,34,Female,Employed,Current,105,3,3994,16,11,8,0,0.61,0,19,1331.33
CUST2909,32,Female,Employed,Savings,111,2,18172,10,4,8,0,0.99,0,12,9086.0
CUST2705,34,Female,Self-employed,Savings,73,2,168453,21,9,13,0,0.95,0,22,84226.5
CUST1445,38,Female,Employed,Savings,115,2,126682,16,4,17,0,0.56,0,21,63341.0
CUST1081,27,Female,Employed,Savings,130,1,34981,20,5,8,0,0.81,0,13,34981.0
CUST2708,43,Male,Employed,Savings,150,2,7540,11,8,8,0,0.57,1,16,3770.0
CUST2211,53,Female,Unemployed,Current,113,2,72723,17,6,10,1,0.94,0,16,36361.5
CUST2286,34,Male,Self-employed,Savings,51,2,669982,11,10,8,0,0.93,0,18,334991.0
CUST2626,37,Male,Employed,Savings,151,1,66302,20,7,7,0,0.86,0,14,66302.0
CUST2378,35,Male,Employed,Savings,44,3,39818,18,7,15,0,0.8,1,22,13272.67
CUST1413,39,Male,Employed,Savings,146,1,25168,15,5,14,0,0.93,1,19,25168.0
CUST0117,34,Male,Self-employed,Fixed Deposit,101,3,161885,14,10,12,0,0.69,0,22,53961.67
CUST0648,26,Female,Employed,Savings,18,1,16286,21,9,14,1,0.6,0,23,16286.0
CUST1079,34,Male,Employed,Savings,87,3,47256,19,7,8,0,0.87,1,15,15752.0
CUST1241,47,Male,Employed,Savings,14,4,237454,12,10,14,0,0.8,0,24,59363.5
CUST2645,41,Male,Self-employed,Savings,51,1,253112,11,11,11,0,0.54,0,22,253112.0
CUST2605,39,Female,Employed,Savings,128,3,38357,15,8,8,0,0.59,0,16,12785.67
CUST1706,34,Female,Self-employed,Current,92,3,168054,15,9,12,0,0.75,0,21,56018.0
CUST2463,41,Female,Employed,Fixed Deposit,52,2,29101,12,8,16,0,0.85,0,24,14550.5
CUST0873,18,Male,Employed,Current,57,2,149446,15,8,7,1,0.53,1,15,74723.0
CUST2736,34,Female,Self-employed,Savings,105,2,51746,20,5,9,1,0.91,0,14,25873.0
CUST0757,20,Male,Self-employed,Fixed Deposit,93,2,61933,12,11,7,0,0.64,0,18,30966.5
CUST1965,31,Male,Employed,Savings,50,2,16336,20,11,8,0,0.92,1,19,8168.0
CUST0988,21,Female,Employed,Fixed Deposit,77,2,223864,12,9,5,0,0.78,0,14,111932.0
CUST2495,48,Female,Employed,Savings,114,2,11591,10,5,14,0,0.57,0,19,5795.5
CUST2869,28,Female,Self-employed,Savings,153,1,113229,12,6,11,0,0.87,0,17,113229.0
CUST2879,30,Female,Self-employed,Current,72,2,275800,20,11,8,0,0.57,0,19,137900.0
CUST0711,47,Male,Employed,Savings,75,1,126088,16,7,15,1,0.92,1,22,126088.0
CUST1492,43,Female,Employed,Savings,75,3,214081,12,7,19,0,0.98,0,26,71360.33
CUST1234,32,Male,Unemployed,Savings,95,1,233903,17,3,7,0,0.5,0,10,233903.0
CUST0349,18,Male,Self-employed,Savings,150,1,88259,21,7,8,0,0.9,0,15,88259.0
CUST1425,43,Female,Employed,Savings,128,1,105888,14,12,13,0,0.89,0,25,105888.0
CUST2225,31,Female,Self-employed,Savings,119,1,95889,17,8,9,0,0.9,0,17,95889.0
CUST0386,28,Male,Employed,Current,153,1,173545,13,8,6,1,0.86,0,14,173545.0
CUST1165,30,Male,Self-employed,Current,170,2,178908,18,3,10,1,0.94,1,13,89454.0
CUST2072,24,Male,Employed,Savings,158,2,242762,15,12,9,0,0.89,0,21,121381.0
CUST2993,21,Male,Self-employed,Current,23,4,163572,17,7,11,1,0.94,0,18,40893.0
CUST1987,25,Male,Employed,Savings,51,2,109721,11,9,14,0,0.61,1,23,54860.5
CUST1154,46,Male,Employed,Savings,148,3,215716,16,4,9,0,0.65,0,13,71905.33
CUST2213,25,Female,Employed,Fixed Deposit,83,1,20495,13,5,16,0,0.77,0,21,20495.0
CUST1612,40,Female,Employed,Current,101,4,41603,16,4,16,1,0.6,0,20,10400.75
CUST1401,39,Female,Employed,Savings,67,1,77568,13,8,14,1,0.74,1,22,77568.0
CUST2218,18,Male,Self-employed,Savings,33,4,213342,21,8,5,0,0.79,0,13,53335.5
CUST1469,50,Female,Unemployed,Fixed Deposit,148,4,21193,18,10,11,0,0.75,0,21,5298.25
CUST0710,37,Male,Employed,Fixed Deposit,116,2,34173,12,12,15,0,0.86,0,27,17086.5
CUST1258,45,Female,Employed,Savings,132,4,588812,22,6,9,0,0.8,1,15,147203.0
CUST2470,26,Female,Employed,Savings,119,1,219573,13,14,6,0,0.93,0,20,219573.0
CUST2556,31,Female,Employed,Current,35,3,28978,16,7,6,0,0.55,0,13,9659.33
CUST2112,32,Male,Employed,Savings,159,4,45100,15,8,9,0,0.76,0,17,11275.0
CUST2128,42,Male,Employed,Current,21,3,36135,19,14,11,1,0.88,0,25,12045.0
CUST1507,23,Female,Self-employed,Current,168,2,70904,17,8,11,0,0.98,0,19,35452.0
CUST2596,30,Male,Employed,Savings,94,2,2122,13,11,10,2,0.84,0,21,1061.0
CUST2523,41,Male,Employed,Current,115,2,293556,19,11,7,0,0.8,0,18,146778.0
CUST2339,46,Male,Employed,Savings,62,4,47348,14,9,11,0,0.97,0,20,11837.0
CUST2813,26,Male,Employed,Savings,175,2,246109,17,11,10,0,0.53,0,21,123054.5
CUST1347,49,Male,Employed,Current,73,3,138045,13,6,10,1,0.82,0,16,46015.0
CUST2527,34,Female,Employed,Current,76,2,23149,10,7,7,0,0.71,0,14,11574.5
CUST1987,42,Male,Employed,Current,148,1,68236,19,12,7,0,0.74,1,19,68236.0
CUST0905,44,Female,Self-employed,Current,60,1,83279,11,10,6,0,0.66,0,16,83279.0
CUST1341,27,Male,Unemployed,Savings,66,3,515760,15,4,8,0,0.91,1,12,171920.0
CUST0807,44,Female,Employed,Savings,94,2,209856,15,10,9,0,0.54,1,19,104928.0
CUST1246,26,Male,Employed,Current,28,4,63730,10,12,15,1,0.5,0,27,15932.5
CUST1311,43,Female,Self-employed,Savings,167,2,86719,12,4,12,0,0.97,0,16,43359.5
CUST1758,30,Female,Employed,Savings,159,3,287344,4,5,9,1,0.75,1,14,95781.33
CUST0292,27,Female,Employed,Savings,168,4,31201,21,8,6,0,0.53,0,14,7800.25
CUST1250,46,Female,Self-employed,Savings,43,3,20286,13,4,13,1,0.81,1,17,6762.0
CUST1814,40,Female,Self-employed,Savings,122,1,117863,9,9,10,0,0.54,0,19,117863.0
CUST1708,23,Male,Self-employed,Savings,86,1,65200,10,6,8,1,0.53,0,14,65200.0
CUST0297,44,Male,Self-employed,Current,55,4,6001,19,14,8,0,0.75,0,22,1500.25
CUST0860,32,Female,Self-employed,Current,101,1,68279,18,10,8,0,0.97,1,18,68279.0
CUST0605,41,Male,Employed,Current,44,1,62662,18,9,13,0,0.5,0,22,62662.0
CUST2685,40,Male,Employed,Savings,93,2,273905,14,12,9,1,0.57,1,21,136952.5
CUST1835,25,Female,Employed,Savings,129,1,60021,18,7,7,0,0.72,0,14,60021.0
CUST1261,34,Male,Unemployed,Current,73,3,116665,12,7,12,0,0.82,0,19,38888.33
CUST2213,35,Female,Employed,Savings,180,4,95162,14,10,7,0,0.67,1,17,23790.5
CUST0619,31,Female,Unemployed,Savings,100,4,56455,18,6,8,0,0.75,0,14,14113.75
CUST1057,18,Female,Employed,Current,40,1,66845,19,6,9,0,0.62,0,15,66845.0
CUST0083,30,Female,Self-employed,Current,167,2,84144,30,6,7,0,0.58,0,13,42072.0
CUST0866,40,Male,Employed,Fixed Deposit,70,2,480631,15,10,12,0,0.95,0,22,240315.5
CUST2325,45,Male,Self-employed,Savings,136,2,97638,14,11,10,0,0.52,0,21,48819.0
CUST1023,46,Female,Employed,Current,49,3,29869,19,9,8,0,0.61,0,17,9956.33
CUST0076,42,Male,Self-employed,Savings,156,3,10158,17,5,12,3,0.87,1,17,3386.0
CUST1118,33,Female,Self-employed,Savings,151,2,69010,20,10,13,0,0.56,0,23,34505.0
CUST2994,32,Male,Employed,Savings,77,2,210302,8,6,14,0,0.68,0,20,105151.0
CUST2422,29,Female,Employed,Fixed Deposit,141,2,50135,11,8,13,0,0.86,0,21,25067.5
CUST2371,44,Female,Employed,Savings,30,1,300937,18,9,11,0,0.77,1,20,300937.0
CUST2163,29,Male,Employed,Savings,157,1,24754,22,11,8,1,0.75,1,19,24754.0
CUST1401,37,Female,Self-employed,Current,85,3,66469,15,9,11,0,0.99,0,20,22156.33
CUST2898,44,Male,Unemployed,Current,168,3,134654,16,10,11,0,0.98,0,21,44884.67
CUST2656,39,Male,Self-employed,Savings,16,1,75494,16,5,9,0,0.64,1,14,75494.0
CUST1382,37,Female,Employed,Current,136,1,47883,21,13,12,0,0.78,0,25,47883.0
CUST0682,31,Male,Employed,Current,169,1,52437,10,5,7,1,0.95,0,12,52437.0
CUST1448,23,Male,Employed,Savings,42,2,416894,14,8,9,1,0.81,1,17,208447.0
CUST2986,32,Female,Employed,Savings,83,2,8327,17,12,10,0,0.94,1,22,4163.5
CUST1562,26,Female,Employed,Savings,89,2,46687,10,10,7,0,0.99,0,17,23343.5
CUST2445,36,Female,Employed,Current,79,1,48962,14,12,8,0,1.0,1,20,48962.0
CUST0989,35,Female,Self-employed,Savings,33,1,182830,18,4,8,0,0.88,1,12,182830.0
CUST1961,32,Male,Employed,Current,135,1,106545,14,9,13,0,0.65,0,22,106545.0
CUST2440,41,Female,Self-employed,Current,64,1,23392,15,9,9,1,0.89,0,18,23392.0
CUST1738,50,Female,Employed,Current,13,4,74875,17,8,13,0,0.89,1,21,18718.75
CUST2641,36,Female,Employed,Current,31,1,39141,14,7,11,0,0.85,1,18,39141.0
CUST1471,40,Male,Employed,Savings,85,1,107238,20,11,13,0,0.61,1,24,107238.0
CUST2792,34,Female,Employed,Fixed Deposit,139,1,220750,13,4,13,0,0.85,0,17,220750.0
CUST0243,35,Male,Employed,Current,26,2,83990,20,8,12,0,0.83,1,20,41995.0
CUST2154,40,Female,Employed,Current,19,4,331494,15,8,8,0,0.64,0,16,82873.5
CUST2059,39,Female,Employed,Current,93,2,121412,21,10,17,0,0.94,0,27,60706.0
CUST0625,37,Female,Employed,Current,79,2,371112,13,9,12,0,0.97,1,21,185556.0
CUST0386,39,Male,Self-employed,Savings,111,1,44861,15,9,10,0,0.89,0,19,44861.0
CUST2451,26,Female,Self-employed,Current,64,3,195696,17,8,12,1,0.74,1,20,65232.0
CUST0461,37,Male,Employed,Savings,27,1,49736,11,9,12,0,0.94,0,21,49736.0
CUST0141,19,Male,Employed,Savings,159,2,460134,15,8,5,0,0.52,0,13,230067.0
CUST0031,44,Female,Employed,Savings,99,2,88006,14,8,9,0,0.98,0,17,44003.0
CUST1950,42,Male,Unemployed,Savings,74,3,259443,18,4,14,0,0.68,0,18,86481.0
CUST1139,35,Male,Self-employed,Fixed Deposit,126,4,84312,13,9,14,1,0.78,0,23,21078.0
CUST1814,52,Female,Employed,Current,34,1,475748,15,6,5,0,0.51,0,11,475748.0
CUST0094,30,Male,Employed,Current,136,3,230092,17,11,10,0,0.51,0,21,76697.33
CUST0016,48,Female,Employed,Savings,153,1,22230,14,8,8,1,0.96,0,16,22230.0
CUST0178,42,Female,Self-employed,Savings,171,2,124846,16,10,18,0,0.86,0,28,62423.0
CUST1436,57,Male,Employed,Current,35,1,201632,13,8,10,1,0.99,1,18,201632.0
CUST2225,48,Female,Self-employed,Savings,51,4,44849,15,11,5,0,0.79,0,16,11212.25
CUST0524,43,Female,Employed,Current,66,3,86669,15,6,9,0,0.99,1,15,28889.67
CUST1461,41,Female,Self-employed,Savings,120,1,3362,19,21,9,1,0.77,0,30,3362.0
CUST0924,40,Male,Employed,Savings,119,2,337775,14,9,4,0,0.78,1,13,168887.5
CUST1602,44,Female,Self-employed,Savings,87,3,115448,17,5,10,0,0.91,0,15,38482.67
CUST0204,43,Male,Unemployed,Current,177,2,175733,13,8,8,1,0.75,0,16,87866.5
CUST2421,47,Female,Employed,Current,115,1,102097,16,9,6,0,0.64,1,15,102097.0
CUST2694,34,Female,Employed,Savings,53,1,324562,19,5,10,0,0.85,1,15,324562.0
CUST2432,53,Male,Employed,Savings,77,1,44724,17,8,13,2,0.7,0,21,44724.0
CUST2363,22,Male,Employed,Savings,23,3,42570,18,5,22,0,0.66,0,27,14190.0
CUST0259,48,Male,Employed,Savings,175,4,71227,15,9,6,0,0.8,0,15,17806.75
CUST0494,21,Female,Self-employed,Current,39,1,197319,14,9,6,0,0.72,0,15,197319.0
CUST1889,35,Female,Employed,Savings,124,3,62673,18,4,10,0,0.63,1,14,20891.0
CUST1784,27,Female,Employed,Savings,15,1,188470,22,8,7,0,0.85,0,15,188470.0
CUST1313,48,Male,Self-employed,Savings,145,1,220131,11,6,10,0,0.73,0,16,220131.0
CUST1355,42,Male,Employed,Savings,74,1,184947,12,9,8,0,0.91,0,17,184947.0
CUST1132,28,Male,Self-employed,Savings,100,1,169234,16,7,11,0,0.77,0,18,169234.0
CUST1325,46,Female,Employed,Savings,161,1,50239,16,9,7,0,0.62,1,16,50239.0
CUST0010,37,Female,Employed,Current,81,1,309522,11,6,10,0,0.69,0,16,309522.0
CUST0170,42,Male,Employed,Savings,101,2,14302,19,4,12,0,0.91,0,16,7151.0
CUST2450,44,Male,Employed,Savings,28,1,8173,13,11,8,0,0.88,1,19,8173.0
CUST1233,30,Male,Employed,Current,143,1,10159,21,10,11,1,0.76,0,21,10159.0
CUST1851,38,Female,Employed,Savings,147,1,189870,16,13,8,2,0.96,0,21,189870.0
CUST1673,18,Female,Employed,Current,14,2,163877,18,9,8,0,1.0,0,17,81938.5
CUST0108,31,Female,Self-employed,Savings,157,1,171771,14,7,14,1,0.91,0,21,171771.0
CUST0008,43,Female,Employed,Savings,139,1,262809,13,10,13,0,0.77,0,23,262809.0
CUST0261,41,Female,Employed,Current,162,1,55141,15,4,7,0,0.98,0,11,55141.0
CUST2589,37,Male,Employed,Current,167,1,17285,15,5,12,0,0.77,1,17,17285.0
CUST2374,42,Female,Self-employed,Savings,103,2,788687,15,9,5,0,0.89,1,14,394343.5
CUST1098,26,Male,Self-employed,Current,22,3,125728,12,7,5,0,0.9,0,12,41909.33
CUST1609,26,Female,Employed,Savings,135,1,39364,17,7,13,0,0.81,1,20,39364.0
CUST1911,39,Male,Employed,Current,24,3,142220,14,5,7,0,0.99,0,12,47406.67
CUST1286,36,Female,Self-employed,Current,116,3,237194,10,10,12,0,0.54,0,22,79064.67
CUST1760,39,Female,Self-employed,Savings,160,4,622608,8,7,8,0,0.55,0,15,155652.0
CUST1747,47,Male,Employed,Savings,153,3,142892,14,7,9,0,0.95,0,16,47630.67
CUST1243,52,Female,Unemployed,Current,17,3,238122,9,5,13,1,0.55,1,18,79374.0
CUST2744,22,Female,Employed,Current,74,3,33811,17,10,8,0,0.7,0,18,11270.33
CUST0667,39,Male,Employed,Savings,81,1,46230,14,9,9,0,0.61,0,18,46230.0
CUST1143,49,Male,Self-employed,Savings,116,1,84264,8,11,11,0,0.69,0,22,84264.0
CUST0452,42,Female,Employed,Current,97,2,385793,24,10,11,1,0.87,0,21,192896.5
CUST0856,47,Male,Employed,Savings,136,2,41105,18,8,11,0,0.55,1,19,20552.5
CUST1603,36,Male,Employed,Savings,112,1,133829,12,6,13,1,1.0,0,19,133829.0
CUST2670,51,Female,Employed,Savings,23,1,194873,15,11,12,0,0.88,0,23,194873.0
CUST1960,26,Female,Unemployed,Current,151,2,2896,6,6,12,0,0.55,1,18,1448.0
CUST0646,25,Female,Employed,Savings,137,2,46344,9,5,9,0,0.85,0,14,23172.0
CUST1060,34,Female,Employed,Current,106,2,29918,19,16,10,0,0.64,0,26,14959.0
CUST1264,28,Male,Employed,Savings,179,2,30441,17,10,14,1,0.61,0,24,15220.5
CUST0891,43,Female,Unemployed,Savings,82,2,507217,8,8,11,3,0.76,1,19,253608.5
CUST1656,31,Female,Self-employed,Savings,118,1,97928,18,7,10,2,0.94,1,17,97928.0
CUST1886,33,Male,Employed,Savings,84,1,112230,20,9,7,0,0.55,1,16,112230.0
CUST1328,22,Male,Self-employed,Fixed Deposit,151,2,102713,11,6,13,0,0.67,1,19,51356.5
CUST0665,39,Male,Self-employed,Current,129,2,90421,12,7,10,0,0.58,0,17,45210.5
CUST2035,42,Female,Self-employed,Current,151,1,32184,13,6,6,0,0.7,0,12,32184.0
CUST1636,22,Male,Employed,Current,162,1,102081,16,9,7,0,0.69,0,16,102081.0
CUST0793,49,Female,Employed,Savings,173,2,271707,11,10,11,0,0.72,0,21,135853.5
CUST1412,26,Female,Employed,Fixed Deposit,90,1,73319,17,7,9,0,0.94,0,16,73319.0
CUST2511,40,Female,Self-employed,Current,113,4,1506,19,5,5,0,0.91,1,10,376.5
CUST1204,37,Female,Unemployed,Current,49,1,446982,14,10,10,0,0.91,1,20,446982.0
CUST0278,26,Male,Unemployed,Current,108,3,38952,11,7,7,0,0.96,1,14,12984.0
CUST0241,29,Female,Employed,Current,31,2,157680,18,7,11,0,0.54,1,18,78840.0
CUST0024,44,Male,Self-employed,Savings,126,3,69964,16,8,9,0,0.9,0,17,23321.33
CUST2727,34,Male,Self-employed,Current,178,2,524225,12,7,14,0,0.67,0,21,262112.5
CUST1727,33,Male,Self-employed,Savings,101,1,65993,19,8,13,0,0.52,0,21,65993.0
CUST2085,44,Male,Self-employed,Savings,61,2,78183,15,11,7,0,0.57,0,18,39091.5
CUST2734,39,Female,Employed,Savings,98,2,69212,13,11,8,1,0.58,1,19,34606.0
CUST2614,33,Female,Self-employed,Savings,76,1,276734,18,5,7,0,0.69,0,12,276734.0
CUST1327,37,Female,Employed,Current,102,2,120131,15,8,12,0,0.6,0,20,60065.5
CUST1743,22,Male,Self-employed,Savings,65,1,75130,15,8,7,0,0.95,0,15,75130.0
CUST1695,57,Female,Self-employed,Savings,14,1,30132,24,7,18,0,0.57,0,25,30132.0
CUST0378,33,Female,Self-employed,Savings,178,1,109258,17,3,11,0,0.67,0,14,109258.0
CUST0549,29,Female,Employed,Fixed Deposit,123,2,337069,11,6,7,0,0.97,1,13,168534.5
CUST1639,49,Male,Employed,Current,84,3,57746,17,8,7,0,0.62,0,15,19248.67
CUST1268,43,Female,Employed,Savings,108,1,379607,12,8,5,0,0.77,0,13,379607.0
CUST2096,49,Male,Employed,Savings,109,2,115732,21,8,9,0,0.82,0,17,57866.0
CUST2512,41,Female,Self-employed,Savings,31,3,152121,15,3,6,0,0.93,1,9,50707.0
CUST0393,39,Female,Employed,Savings,43,1,96934,12,6,7,0,0.78,0,13,96934.0
CUST1395,42,Male,Employed,Savings,33,2,89235,11,6,11,0,0.94,0,17,44617.5
CUST1213,38,Male,Employed,Current,70,1,421173,11,9,13,1,0.52,0,22,421173.0
CUST0311,39,Male,Employed,Current,55,2,113820,17,14,16,0,0.55,0,30,56910.0
CUST2237,54,Male,Employed,Current,101,2,57580,14,8,10,0,0.79,0,18,28790.0
CUST1442,44,Female,Employed,Fixed Deposit,101,1,105142,8,3,12,1,0.84,0,15,105142.0
CUST1406,51,Male,Self-employed,Current,51,1,498778,15,6,9,0,0.76,0,15,498778.0
CUST2086,36,Female,Employed,Current,137,1,133615,15,5,12,0,0.55,0,17,133615.0
CUST1108,27,Female,Unemployed,Current,30,4,67677,14,6,11,0,0.53,1,17,16919.25
CUST0319,27,Female,Employed,Savings,69,1,313721,11,12,8,1,0.67,0,20,313721.0
CUST2734,22,Female,Employed,Current,129,1,87092,23,13,11,0,0.59,1,24,87092.0
CUST2894,18,Female,Employed,Current,91,1,177186,15,10,9,1,0.74,0,19,177186.0
CUST1862,31,Female,Self-employed,Savings,130,1,224524,17,5,8,0,0.83,0,13,224524.0
CUST1666,30,Male,Employed,Savings,38,1,159884,14,9,8,0,0.95,0,17,159884.0
CUST0120,49,Female,Employed,Fixed Deposit,61,1,62687,15,11,11,0,0.96,0,22,62687.0
CUST2760,19,Female,Self-employed,Current,14,3,31027,12,9,10,1,0.74,0,19,10342.33
CUST1557,37,Female,Unemployed,Savings,114,1,10916,17,5,13,0,0.58,0,18,10916.0
CUST2489,31,Female,Employed,Savings,122,3,194511,16,17,9,1,0.81,0,26,64837.0
CUST0599,42,Female,Employed,Current,151,1,42656,12,11,8,0,0.82,0,19,42656.0
CUST2120,43,Female,Self-employed,Savings,85,1,379732,16,10,8,0,0.97,0,18,379732.0
CUST1339,27,Female,Employed,Savings,94,1,199765,10,3,12,0,0.55,0,15,199765.0
CUST2762,33,Female,Employed,Savings,69,1,279379,20,7,9,0,0.97,0,16,279379.0
CUST2129,24,Male,Employed,Savings,32,3,325856,9,8,10,0,0.74,0,18,108618.67
CUST1079,36,Female,Self-employed,Current,129,2,63095,13,5,10,1,0.77,0,15,31547.5
CUST0134,31,Male,Employed,Savings,100,1,102321,13,11,5,1,0.94,0,16,102321.0
CUST0424,29,Male,Unemployed,Current,98,2,138883,12,6,10,0,0.75,0,16,69441.5
CUST2804,25,Male,Employed,Current,89,2,29370,17,5,8,1,0.99,0,13,14685.0
CUST2054,36,Female,Employed,Savings,36,3,29445,15,4,9,0,0.73,0,13,9815.0
CUST0879,36,Female,Employed,Savings,122,1,150383,15,8,15,1,0.89,1,23,150383.0
CUST0668,29,Male,Employed,Current,86,4,8763,15,16,11,0,0.85,1,27,2190.75
CUST1824,51,Female,Employed,Current,114,2,77259,13,8,16,0,0.53,0,24,38629.5
CUST0049,23,Male,Employed,Savings,125,1,18965,16,6,11,0,0.65,0,17,18965.0
CUST1500,33,Male,Employed,Savings,91,4,43524,14,10,11,0,0.66,0,21,10881.0
CUST2757,44,Male,Self-employed,Savings,145,4,294854,17,10,11,0,0.86,0,21,73713.5
CUST2507,46,Female,Self-employed,Fixed Deposit,167,2,117087,12,7,9,0,0.6,0,16,58543.5
CUST0303,18,Male,Employed,Savings,148,3,38920,10,9,7,0,0.59,0,16,12973.33
CUST2238,18,Female,Self-employed,Fixed Deposit,177,1,93851,17,3,7,0,0.56,0,10,93851.0
CUST0191,53,Female,Unemployed,Savings,38,1,84405,16,5,7,0,0.83,1,12,84405.0
CUST2494,36,Male,Employed,Savings,100,2,270039,19,12,12,0,0.83,0,24,135019.5
CUST2167,39,Male,Employed,Savings,177,1,18932,16,7,9,0,0.5,0,16,18932.0
CUST1651,35,Female,Self-employed,Current,145,1,64708,19,7,12,0,0.85,0,19,64708.0
CUST0817,19,Male,Employed,Savings,13,2,384301,16,8,11,0,0.72,0,19,192150.5
CUST2109,19,Male,Employed,Savings,175,3,152632,19,10,15,0,0.93,0,25,50877.33
CUST1446,44,Female,Employed,Savings,125,2,157265,17,12,12,0,0.91,1,24,78632.5
CUST1316,39,Male,Employed,Fixed Deposit,82,3,487026,14,7,9,0,0.62,0,16,162342.0
CUST1397,28,Male,Self-employed,Savings,61,2,187641,19,7,17,0,0.87,1,24,93820.5
CUST1559,21,Female,Employed,Savings,160,4,175287,18,8,6,0,0.94,0,14,43821.75
CUST2163,42,Male,Employed,Savings,46,3,201128,9,7,11,0,0.84,1,18,67042.67
CUST2978,26,Female,Self-employed,Savings,94,2,104642,18,9,4,1,0.68,0,13,52321.0
CUST1624,32,Male,Employed,Savings,101,1,133126,19,5,9,0,0.67,0,14,133126.0
CUST0950,43,Male,Unemployed,Savings,25,1,105199,19,9,10,0,0.64,1,19,105199.0
CUST1437,26,Female,Employed,Savings,153,3,110944,14,2,9,0,0.58,0,11,36981.33
CUST0698,22,Male,Employed,Current,64,2,439281,11,7,7,1,0.95,0,14,219640.5
CUST1787,54,Female,Employed,Current,170,3,33681,14,10,7,0,0.65,0,17,11227.0
CUST1227,30,Male,Employed,Current,20,1,143234,17,5,8,0,0.57,0,13,143234.0
CUST0758,53,Female,Employed,Current,82,2,24034,10,11,1,0,0.6,0,12,12017.0
CUST0993,30,Male,Employed,Savings,165,1,114107,10,12,15,0,0.62,0,27,114107.0
CUST1464,39,Male,Employed,Savings,180,4,431748,19,7,6,0,0.91,0,13,107937.0
CUST2995,40,Male,Employed,Fixed Deposit,127,2,15005,12,11,9,0,0.55,0,20,7502.5
CUST2738,23,Male,Employed,Savings,129,1,28970,15,11,7,1,0.86,1,18,28970.0
CUST0251,28,Female,Self-employed,Savings,24,2,14053,17,11,9,0,0.7,1,20,7026.5
CUST2608,54,Female,Employed,Fixed Deposit,64,4,11722,5,8,9,0,0.92,1,17,2930.5
CUST0643,35,Male,Employed,Savings,147,1,130504,14,5,8,0,0.79,1,13,130504.0
CUST1346,32,Female,Unemployed,Savings,39,1,285719,9,4,4,0,0.87,0,8,285719.0
CUST2624,33,Female,Self-employed,Savings,58,3,335856,20,10,10,0,0.67,1,20,111952.0
CUST2216,30,Male,Self-employed,Savings,40,1,89821,12,13,8,0,0.75,0,21,89821.0
CUST2836,34,Female,Employed,Current,180,1,25892,19,8,7,0,0.79,0,15,25892.0
CUST2126,37,Male,Employed,Savings,72,1,37264,8,12,6,0,0.67,1,18,37264.0
CUST0665,18,Female,Self-employed,Savings,74,2,350304,13,7,10,0,0.79,0,17,175152.0
CUST1517,27,Female,Employed,Savings,51,2,55427,16,5,9,0,0.52,1,14,27713.5
CUST1448,40,Male,Self-employed,Savings,34,1,95512,20,8,9,1,0.91,1,17,95512.0
CUST0445,34,Male,Employed,Current,114,1,19886,22,3,10,0,0.83,0,13,19886.0
CUST0095,36,Male,Employed,Savings,81,1,86940,18,3,8,0,0.62,0,11,86940.0
CUST0379,32,Male,Self-employed,Fixed Deposit,79,2,240331,14,10,11,0,0.65,1,21,120165.5
CUST1366,47,Male,Self-employed,Savings,61,1,421948,13,8,3,0,0.6,1,11,421948.0
CUST2269,35,Female,Employed,Current,30,3,14123,10,8,7,0,0.88,0,15,4707.67
CUST2744,34,Female,Employed,Current,157,1,335088,14,10,15,0,0.89,0,25,335088.0
CUST0620,42,Male,Employed,Savings,33,2,203481,8,9,4,0,0.63,1,13,101740.5
CUST0448,58,Female,Employed,Current,162,3,106346,18,8,6,0,0.63,0,14,35448.67
CUST0242,40,Female,Employed,Savings,33,3,250493,15,7,10,0,0.5,1,17,83497.67
CUST2975,47,Male,Self-employed,Savings,71,2,53817,11,7,7,0,0.67,0,14,26908.5
CUST2862,27,Male,Unemployed,Current,128,2,123501,20,10,11,0,0.87,0,21,61750.5
CUST1992,36,Male,Self-employed,Savings,80,2,224863,7,5,6,0,0.86,0,11,112431.5
CUST2974,30,Female,Employed,Savings,139,1,6490,13,7,11,1,0.77,0,18,6490.0
CUST0407,44,Female,Employed,Current,50,3,27586,17,6,7,0,0.59,1,13,9195.33
CUST2277,36,Female,Unemployed,Savings,176,2,141931,10,11,10,0,0.51,1,21,70965.5
CUST2833,41,Male,Employed,Current,143,4,73202,13,11,12,0,0.65,0,23,18300.5
CUST1498,62,Female,Unemployed,Savings,62,3,396844,13,3,4,0,0.96,1,7,132281.33
CUST2747,28,Male,Self-employed,Savings,42,1,79673,10,7,17,0,0.6,1,24,79673.0
CUST1465,41,Male,Employed,Savings,77,2,149158,14,3,15,0,0.68,1,18,74579.0
CUST0218,25,Female,Employed,Savings,130,1,138463,15,9,18,0,0.95,1,27,138463.0
CUST0648,28,Female,Employed,Current,70,1,190362,16,6,5,0,0.82,0,11,190362.0
CUST0079,46,Female,Employed,Current,143,2,92229,10,8,13,0,0.93,0,21,46114.5
CUST1531,34,Female,Employed,Current,29,2,263806,13,7,10,0,0.6,0,17,131903.0
CUST2285,39,Male,Employed,Current,52,1,1682,16,9,14,0,0.57,1,23,1682.0
CUST0579,28,Male,Unemployed,Savings,163,3,40595,15,10,12,0,0.93,0,22,13531.67
CUST1831,34,Male,Employed,Current,131,1,17834,16,8,7,0,0.9,1,15,17834.0
CUST2977,25,Male,Employed,Savings,33,3,350174,14,12,12,1,0.78,1,24,116724.67
CUST0422,41,Female,Employed,Savings,133,1,118657,13,5,11,0,0.75,0,16,118657.0
CUST0493,26,Female,Employed,Current,29,1,146709,15,5,10,1,0.7,0,15,146709.0
CUST0730,32,Female,Employed,Fixed Deposit,88,1,138154,10,13,13,0,0.53,0,26,138154.0
CUST2257,37,Female,Employed,Savings,167,4,407769,16,9,15,1,0.82,0,24,101942.25
CUST0599,31,Male,Employed,Current,42,2,39449,12,7,11,0,0.86,1,18,19724.5
CUST0877,22,Male,Self-employed,Savings,62,3,13762,13,6,10,1,0.78,0,16,4587.33
CUST2406,38,Female,Self-employed,Savings,29,1,47036,18,5,13,0,0.84,0,18,47036.0
CUST1065,43,Female,Self-employed,Current,35,1,26451,6,5,7,0,0.54,0,12,26451.0
CUST0904,52,Male,Employed,Current,89,3,181802,14,7,13,0,0.74,0,20,60600.67
CUST0848,20,Female,Self-employed,Savings,19,1,6018,19,5,7,0,0.82,0,12,6018.0
CUST0450,25,Female,Employed,Current,147,1,241868,15,14,13,0,0.69,0,27,241868.0
CUST1256,33,Male,Self-employed,Fixed Deposit,128,2,356100,10,5,5,1,0.7,1,10,178050.0
CUST1358,23,Female,Unemployed,Savings,123,2,29768,18,3,10,0,0.58,0,13,14884.0
CUST2444,50,Male,Self-employed,Savings,179,2,9340,26,8,9,0,0.75,0,17,4670.0
CUST1864,36,Male,Self-employed,Savings,177,3,257275,12,8,15,0,0.78,0,23,85758.33
CUST0041,39,Female,Employed,Current,117,1,243581,13,5,16,0,0.8,1,21,243581.0
CUST0201,64,Male,Employed,Current,61,2,423514,6,9,7,0,0.58,0,16,211757.0
CUST0052,28,Female,Employed,Current,114,1,10654,10,8,5,0,0.91,1,13,10654.0
CUST1249,39,Male,Self-employed,Current,135,4,252154,15,8,9,0,0.62,0,17,63038.5
CUST0680,37,Female,Employed,Current,158,1,27553,13,6,18,0,0.75,1,24,27553.0
CUST0577,46,Male,Employed,Savings,113,1,198867,11,7,14,0,0.5,0,21,198867.0
CUST0457,37,Female,Employed,Current,22,3,35900,22,12,13,0,0.63,1,25,11966.67
CUST1015,34,Female,Employed,Savings,56,2,112826,18,5,11,1,0.8,0,16,56413.0
CUST1927,38,Female,Self-employed,Savings,125,2,68842,20,6,8,2,0.7,1,14,34421.0
CUST1565,28,Male,Employed,Savings,125,3,166130,13,8,8,0,0.62,0,16,55376.67
CUST1044,54,Female,Employed,Savings,30,3,59749,17,13,19,0,0.76,0,32,19916.33
CUST1230,54,Male,Employed,Current,73,4,165670,13,8,10,0,0.73,0,18,41417.5
CUST2172,27,Female,Self-employed,Savings,14,3,343597,27,9,11,0,0.67,0,20,114532.33
CUST2640,18,Male,Employed,Savings,66,4,66840,19,11,8,1,0.54,0,19,16710.0
CUST2788,55,Female,Self-employed,Savings,166,3,119429,14,9,11,1,0.65,0,20,39809.67
CUST2093,40,Male,Self-employed,Savings,152,2,49277,23,9,7,0,0.97,0,16,24638.5
CUST2139,21,Male,Unemployed,Savings,18,1,19575,18,5,13,0,0.76,0,18,19575.0
CUST2701,27,Female,Employed,Savings,30,2,31048,17,5,13,0,0.73,1,18,15524.0
CUST2004,25,Female,Employed,Fixed Deposit,143,1,110697,13,11,7,2,0.59,0,18,110697.0
CUST0606,36,Female,Self-employed,Savings,79,1,190144,17,11,18,1,0.63,0,29,190144.0
CUST2175,32,Male,Self-employed,Savings,143,2,16630,19,6,5,0,0.91,0,11,8315.0
CUST0839,49,Male,Self-employed,Savings,50,2,123536,16,8,8,0,0.96,0,16,61768.0
CUST2041,54,Male,Unemployed,Fixed Deposit,96,3,84516,13,6,15,0,0.98,0,21,28172.0
CUST2795,35,Female,Self-employed,Current,51,4,216990,19,9,12,0,0.99,0,21,54247.5
CUST0499,46,Female,Self-employed,Savings,42,1,557905,15,9,11,0,0.54,1,20,557905.0
CUST0599,28,Female,Employed,Savings,78,1,122004,20,11,15,0,0.52,0,26,122004.0
CUST1658,29,Female,Self-employed,Savings,108,3,177844,18,11,11,0,0.81,1,22,59281.33
CUST0931,35,Male,Employed,Current,27,1,286308,11,8,6,0,0.7,0,14,286308.0
CUST2950,33,Male,Unemployed,Current,22,2,66910,17,3,9,0,0.54,1,12,33455.0
CUST0071,27,Female,Employed,Savings,173,3,274767,16,8,5,0,0.81,0,13,91589.0
CUST1796,39,Female,Self-employed,Current,148,2,363923,15,8,6,0,0.91,0,14,181961.5
CUST0081,29,Male,Employed,Fixed Deposit,81,1,113214,12,6,10,0,0.53,1,16,113214.0
CUST2824,46,Male,Employed,Fixed Deposit,147,1,41751,11,8,11,0,0.92,1,19,41751.0
CUST0876,31,Male,Self-employed,Current,145,1,222296,9,7,9,0,0.74,1,16,222296.0
CUST0896,31,Male,Employed,Savings,74,1,261206,14,7,10,0,0.83,0,17,261206.0
CUST1774,34,Female,Employed,Current,36,1,166852,12,10,8,0,0.81,0,18,166852.0
CUST0270,49,Male,Self-employed,Savings,144,2,165464,11,6,10,1,0.54,0,16,82732.0
CUST1436,41,Male,Self-employed,Savings,63,2,251734,13,9,12,0,0.9,1,21,125867.0
CUST1670,39,Male,Employed,Savings,145,2,113878,13,4,7,0,0.5,0,11,56939.0
CUST2721,24,Male,Employed,Savings,110,3,108723,18,11,13,0,0.66,1,24,36241.0
CUST0628,46,Female,Employed,Savings,73,3,163050,18,10,9,0,0.73,0,19,54350.0
CUST1070,35,Female,Self-employed,Savings,126,2,190520,16,10,11,0,0.72,0,21,95260.0
CUST2112,21,Male,Self-employed,Current,104,3,229059,13,8,7,0,0.68,1,15,76353.0
CUST2579,29,Female,Employed,Current,36,2,110118,19,9,7,0,0.71,0,16,55059.0
CUST2277,31,Female,Employed,Current,114,3,329834,13,9,9,0,0.95,0,18,109944.67
CUST1634,50,Female,Employed,Current,36,2,351072,8,3,13,0,0.85,0,16,175536.0
CUST0836,18,Male,Employed,Savings,109,2,75691,11,11,12,0,0.64,0,23,37845.5
CUST1531,32,Female,Self-employed,Current,155,2,64165,12,4,9,0,1.0,0,13,32082.5
CUST0602,25,Female,Self-employed,Fixed Deposit,161,2,175718,16,10,13,0,0.6,0,23,87859.0
CUST0331,38,Female,Self-employed,Savings,70,3,71445,21,11,6,0,0.84,0,17,23815.0
CUST0901,35,Male,Self-employed,Current,55,4,248052,21,7,9,1,0.71,1,16,62013.0
CUST2550,46,Female,Employed,Savings,24,1,421672,13,12,16,0,0.83,0,28,421672.0
CUST1811,45,Female,Employed,Savings,170,4,29416,12,9,18,0,0.62,0,27,7354.0
CUST0291,42,Female,Employed,Fixed Deposit,19,1,308868,18,8,5,0,0.68,0,13,308868.0
CUST0743,53,Female,Employed,Current,150,4,124570,14,10,12,0,0.87,0,22,31142.5
CUST0829,24,Female,Employed,Savings,31,1,100041,21,6,4,0,0.58,0,10,100041.0
CUST0919,30,Female,Self-employed,Savings,55,4,73091,14,16,10,0,0.57,0,26,18272.75
CUST2777,45,Male,Self-employed,Savings,147,1,90806,15,9,4,0,0.58,0,13,90806.0
CUST1471,29,Female,Employed,Current,112,1,114872,14,5,12,0,0.96,0,17,114872.0
CUST2040,23,Female,Self-employed,Current,99,1,59326,15,5,8,0,0.57,0,13,59326.0
CUST1365,39,Male,Employed,Savings,98,3,18255,26,8,8,0,0.86,0,16,6085.0
CUST2117,43,Male,Employed,Current,65,1,31583,21,7,17,0,0.78,0,24,31583.0
CUST0504,30,Male,Employed,Current,180,1,124588,13,11,10,0,0.56,0,21,124588.0
CUST1026,18,Female,Employed,Savings,57,4,29029,11,2,17,0,0.6,0,19,7257.25
CUST2934,24,Female,Employed,Current,82,3,268758,21,6,7,0,0.76,0,13,89586.0
CUST0786,22,Male,Self-employed,Savings,74,2,81406,9,8,13,0,0.93,1,21,40703.0
CUST1796,29,Male,Employed,Savings,82,4,351279,14,4,11,0,0.98,1,15,87819.75
CUST0855,31,Female,Employed,Current,139,1,20014,15,8,5,0,0.77,0,13,20014.0
CUST0374,45,Male,Self-employed,Savings,92,1,89235,20,6,11,0,0.8,1,17,89235.0
CUST1096,21,Male,Employed,Current,97,4,61682,16,7,9,0,0.54,1,16,15420.5
CUST0449,29,Female,Employed,Savings,44,1,56735,18,9,11,0,0.88,0,20,56735.0
CUST2936,28,Female,Employed,Savings,80,2,145103,19,6,15,0,0.82,0,21,72551.5
CUST1547,49,Female,Self-employed,Savings,57,3,64082,13,11,10,0,0.81,0,21,21360.67
CUST0335,20,Male,Self-employed,Savings,150,1,117397,14,8,10,1,0.57,0,18,117397.0
CUST0618,20,Female,Self-employed,Savings,105,1,331648,20,10,7,0,0.91,0,17,331648.0
CUST2319,45,Female,Self-employed,Savings,164,2,20153,21,12,8,0,0.54,0,20,10076.5
CUST0207,35,Male,Employed,Savings,153,2,287243,15,10,8,0,0.6,0,18,143621.5
CUST0436,29,Male,Employed,Savings,98,1,267239,9,3,6,0,0.63,0,9,267239.0
CUST2924,28,Female,Employed,Fixed Deposit,135,1,102131,18,7,13,0,0.52,0,20,102131.0
CUST0601,18,Male,Unemployed,Current,127,3,298222,18,8,14,0,0.6,0,22,99407.33
CUST1316,38,Male,Employed,Fixed Deposit,168,1,8165,16,4,15,0,0.81,0,19,8165.0
CUST0387,34,Male,Self-employed,Current,147,1,162601,12,13,10,0,0.89,1,23,162601.0
CUST2792,46,Male,Employed,Savings,125,2,341050,16,11,12,0,0.83,1,23,170525.0
CUST2613,30,Male,Employed,Savings,177,1,124440,15,7,11,0,0.72,0,18,124440.0
CUST1381,45,Female,Self-employed,Current,130,2,18657,15,11,12,0,0.6,1,23,9328.5
CUST2840,38,Female,Employed,Fixed Deposit,65,2,167793,12,9,13,0,0.72,0,22,83896.5
CUST0742,42,Female,Self-employed,Current,28,3,272787,15,4,12,0,0.53,1,16,90929.0
CUST0836,18,Male,Employed,Current,151,1,4909,13,5,12,0,0.51,0,17,4909.0
CUST1859,45,Female,Employed,Savings,19,2,10028,19,8,15,0,0.55,0,23,5014.0
CUST0523,43,Female,Unemployed,Savings,137,2,3987,20,6,15,0,0.85,1,21,1993.5
CUST0586,48,Male,Employed,Savings,121,4,24569,8,11,11,0,0.97,0,22,6142.25
CUST0256,34,Female,Unemployed,Current,143,1,350260,11,7,16,0,0.81,0,23,350260.0
CUST0901,24,Female,Employed,Savings,87,3,50133,18,14,4,0,0.6,0,18,16711.0
CUST0088,34,Male,Employed,Fixed Deposit,89,3,60988,15,5,11,0,0.59,0,16,20329.33
CUST1440,43,Female,Employed,Savings,93,1,41117,11,10,15,0,0.92,0,25,41117.0
CUST1881,44,Female,Employed,Savings,95,1,63703,14,4,11,0,0.56,0,15,63703.0
CUST2059,48,Female,Employed,Current,33,2,9338,18,10,10,1,0.87,0,20,4669.0
CUST0463,51,Female,Unemployed,Savings,152,1,339046,16,8,17,0,0.56,0,25,339046.0
CUST2748,27,Female,Self-employed,Savings,164,2,9133,24,3,10,0,0.74,1,13,4566.5
CUST2890,18,Male,Employed,Current,152,4,125503,21,6,8,0,0.85,1,14,31375.75
CUST0685,37,Female,Self-employed,Savings,64,2,504690,14,6,10,1,0.54,0,16,252345.0
CUST2328,35,Female,Employed,Current,149,4,111005,13,5,11,0,0.72,0,16,27751.25
CUST2290,36,Female,Self-employed,Current,173,3,235914,14,5,14,1,0.98,0,19,78638.0
CUST0778,23,Female,Employed,Savings,14,2,160668,12,11,4,1,0.85,0,15,80334.0
CUST1088,27,Female,Self-employed,Savings,79,3,77602,9,4,15,0,0.54,0,19,25867.33
CUST1352,49,Female,Employed,Current,167,2,68784,17,7,10,1,0.72,0,17,34392.0
CUST2220,18,Female,Employed,Savings,143,1,117278,16,4,12,0,0.87,1,16,117278.0
CUST1322,38,Male,Self-employed,Savings,83,3,3790,15,7,9,0,0.91,1,16,1263.33
CUST2208,30,Male,Unemployed,Current,123,1,56235,11,6,7,0,0.83,0,13,56235.0
CUST1703,29,Male,Employed,Savings,103,2,143082,19,6,9,0,0.86,1,15,71541.0
CUST1553,36,Male,Employed,Savings,28,1,120583,8,8,5,0,0.94,0,13,120583.0
CUST2516,30,Male,Unemployed,Current,44,2,23281,14,8,7,1,0.92,1,15,11640.5
CUST0929,30,Female,Employed,Current,99,1,191986,22,10,12,0,0.67,0,22,191986.0
CUST2789,21,Male,Self-employed,Savings,19,3,8523,10,4,10,0,0.77,1,14,2841.0
CUST1994,51,Female,Employed,Savings,98,1,810256,25,12,10,0,0.97,1,22,810256.0
CUST2413,44,Female,Employed,Current,102,1,62726,15,11,9,0,0.61,0,20,62726.0
CUST1994,22,Female,Self-employed,Savings,112,3,68147,17,6,9,0,0.93,0,15,22715.67
CUST2639,42,Male,Employed,Savings,117,1,8685,17,5,9,0,0.94,0,14,8685.0
CUST2024,29,Female,Employed,Savings,134,1,138108,19,8,8,0,0.79,0,16,138108.0
CUST1251,35,Female,Employed,Savings,71,4,131260,10,4,9,0,0.9,0,13,32815.0
CUST2882,36,Female,Self-employed,Current,30,1,95872,23,9,10,0,0.99,0,19,95872.0
CUST1339,27,Male,Employed,Savings,177,3,1873,12,6,6,1,0.8,0,12,624.33
CUST2291,43,Female,Employed,Savings,34,2,174459,18,5,5,0,0.63,0,10,87229.5
CUST0535,29,Female,Employed,Savings,19,3,97158,22,5,7,0,0.97,0,12,32386.0
CUST0793,32,Male,Self-employed,Fixed Deposit,163,2,352784,17,8,10,0,0.5,1,18,176392.0
CUST0982,35,Female,Employed,Savings,85,3,120433,11,7,9,1,0.86,1,16,40144.33
CUST2160,38,Male,Self-employed,Savings,177,3,207362,27,3,12,0,0.78,1,15,69120.67
CUST0456,36,Male,Self-employed,Savings,33,1,203342,13,9,6,0,0.71,1,15,203342.0
CUST0789,30,Male,Self-employed,Savings,108,3,7329,23,11,9,0,0.92,0,20,2443.0
CUST2679,35,Male,Employed,Current,20,3,112237,17,6,10,0,0.83,1,16,37412.33
CUST2096,38,Female,Self-employed,Savings,19,1,242113,13,12,7,0,0.64,1,19,242113.0
CUST0482,39,Female,Self-employed,Savings,124,1,3302,12,11,14,0,0.63,1,25,3302.0
CUST1272,22,Female,Self-employed,Current,123,1,115495,10,8,7,0,0.91,0,15,115495.0
CUST2153,33,Male,Unemployed,Fixed Deposit,120,3,94069,15,11,11,0,0.91,0,22,31356.33
CUST0696,29,Female,Employed,Current,80,4,241417,20,10,13,0,0.81,0,23,60354.25
CUST0459,36,Female,Unemployed,Savings,77,1,132071,15,9,14,0,0.57,0,23,132071.0
CUST2564,45,Female,Self-employed,Savings,131,3,2926,15,9,5,0,0.82,0,14,975.33
CUST2887,23,Female,Employed,Fixed Deposit,108,1,49313,10,4,8,0,0.81,0,12,49313.0
CUST1336,22,Male,Employed,Fixed Deposit,96,1,164743,9,8,9,1,0.53,0,17,164743.0
CUST1586,47,Female,Employed,Savings,55,1,343201,21,4,12,0,0.86,0,16,343201.0
CUST0139,24,Female,Employed,Savings,155,3,78771,17,7,17,0,0.93,0,24,26257.0
CUST1782,50,Male,Employed,Fixed Deposit,113,3,212048,14,7,15,0,0.97,0,22,70682.67
CUST0481,45,Female,Employed,Savings,172,2,21859,16,3,10,1,0.89,0,13,10929.5
CUST0843,52,Female,Employed,Fixed Deposit,134,1,590899,14,5,7,0,0.64,0,12,590899.0
CUST1852,23,Female,Employed,Savings,73,3,57010,24,8,7,1,0.8,1,15,19003.33
CUST0250,45,Male,Self-employed,Savings,83,1,29355,15,14,10,0,0.81,0,24,29355.0
CUST1621,36,Female,Self-employed,Current,18,2,68668,10,6,12,0,0.85,1,18,34334.0
CUST2378,18,Female,Self-employed,Savings,112,1,193015,16,9,6,0,0.52,0,15,193015.0
CUST0633,27,Male,Self-employed,Fixed Deposit,70,2,324273,18,9,13,0,0.75,0,22,162136.5
CUST1650,42,Male,Employed,Current,163,1,113248,13,11,6,0,0.93,1,17,113248.0
CUST1123,20,Male,Employed,Savings,48,2,16824,20,7,11,0,0.89,1,18,8412.0
CUST1122,35,Male,Employed,Current,51,2,308278,21,10,8,0,0.67,0,18,154139.0
CUST1082,18,Male,Unemployed,Fixed Deposit,152,1,81181,13,4,8,0,0.63,0,12,81181.0
CUST1448,44,Male,Employed,Savings,55,3,136252,15,5,15,0,0.71,1,20,45417.33
CUST1549,40,Female,Employed,Savings,108,4,187280,6,4,10,0,0.95,1,14,46820.0
CUST2056,52,Female,Self-employed,Savings,96,2,122521,21,7,13,1,0.95,1,20,61260.5
CUST2306,32,Female,Employed,Savings,112,3,26082,11,13,11,0,0.84,0,24,8694.0
CUST2683,40,Male,Self-employed,Current,25,3,114428,9,12,12,0,0.61,0,24,38142.67
CUST2310,28,Female,Self-employed,Current,23,1,16051,13,8,8,0,0.8,0,16,16051.0
CUST2647,25,Female,Unemployed,Savings,59,1,38912,15,10,13,0,0.68,0,23,38912.0
CUST1553,45,Male,Employed,Savings,164,2,150580,11,7,6,1,0.61,0,13,75290.0
CUST2976,44,Male,Employed,Savings,178,2,422846,13,9,8,1,0.99,0,17,211423.0
CUST0206,38,Male,Employed,Savings,153,1,217091,19,7,11,0,0.69,0,18,217091.0
CUST0199,40,Male,Employed,Current,121,2,335658,15,8,3,2,0.52,0,11,167829.0
CUST1613,38,Male,Employed,Savings,135,3,32231,11,7,8,1,0.75,0,15,10743.67
CUST1864,39,Male,Unemployed,Fixed Deposit,29,1,168619,18,17,10,0,0.59,0,27,168619.0
CUST0459,37,Female,Self-employed,Current,116,4,43368,18,14,12,1,0.7,0,26,10842.0
CUST1258,22,Female,Self-employed,Savings,123,2,41126,12,8,9,0,0.68,1,17,20563.0
CUST1553,18,Female,Employed,Current,81,3,229023,13,12,10,1,0.64,1,22,76341.0
CUST1079,22,Female,Employed,Savings,97,1,23929,15,6,12,0,0.65,1,18,23929.0
CUST2028,47,Female,Self-employed,Savings,87,3,58388,18,10,7,0,0.59,0,17,19462.67
CUST1916,24,Male,Employed,Savings,24,1,869751,13,4,11,0,0.87,0,15,869751.0
CUST1555,41,Male,Self-employed,Savings,56,1,88660,16,6,11,0,0.9,1,17,88660.0
CUST2801,43,Female,Self-employed,Savings,146,1,88102,21,4,13,0,0.63,0,17,88102.0
CUST1512,37,Female,Employed,Savings,34,4,70798,16,11,8,0,0.93,0,19,17699.5
CUST1295,38,Female,Employed,Savings,38,2,81388,16,12,8,0,0.88,0,20,40694.0
CUST1242,51,Female,Self-employed,Current,49,1,505779,17,8,7,0,0.86,0,15,505779.0
CUST1179,35,Female,Self-employed,Savings,142,1,39386,18,10,4,0,0.92,0,14,39386.0
CUST1233,32,Male,Self-employed,Savings,16,2,378774,18,12,12,1,0.77,0,24,189387.0
CUST2866,29,Male,Employed,Savings,66,2,146708,17,12,15,0,0.86,0,27,73354.0
CUST2834,44,Male,Self-employed,Savings,14,3,34219,15,12,11,0,0.99,1,23,11406.33
CUST0660,36,Female,Self-employed,Current,161,1,232850,15,5,9,1,0.68,1,14,232850.0
CUST0347,46,Male,Employed,Savings,22,2,396256,11,6,8,0,0.65,0,14,198128.0
CUST1589,21,Male,Self-employed,Current,70,1,151340,13,5,12,0,0.64,1,17,151340.0
CUST0671,30,Male,Employed,Current,87,2,22058,17,11,12,0,0.61,0,23,11029.0
CUST2103,40,Female,Employed,Current,91,2,309925,15,8,7,0,0.96,0,15,154962.5
CUST1271,42,Male,Employed,Current,78,1,519913,12,11,6,1,0.88,0,17,519913.0
CUST1394,33,Male,Employed,Current,49,2,565401,16,8,12,0,0.74,0,20,282700.5
CUST0876,37,Female,Self-employed,Fixed Deposit,51,4,113935,20,10,8,0,0.79,0,18,28483.75
CUST1068,23,Male,Employed,Savings,130,1,356240,13,10,8,1,0.52,1,18,356240.0
CUST0860,55,Male,Employed,Fixed Deposit,28,2,392250,16,9,9,1,0.86,1,18,196125.0
CUST1400,32,Male,Unemployed,Current,36,3,204809,11,12,9,1,0.99,1,21,68269.67
CUST0932,34,Female,Unemployed,Savings,33,1,428728,15,2,9,0,0.97,0,11,428728.0
CUST1108,31,Female,Employed,Fixed Deposit,40,3,124815,11,7,6,0,0.86,1,13,41605.0
CUST2583,25,Female,Self-employed,Fixed Deposit,111,1,77749,11,8,11,0,0.73,0,19,77749.0
CUST1733,44,Female,Self-employed,Current,24,2,101049,11,7,10,0,0.58,0,17,50524.5
CUST2242,18,Female,Employed,Current,32,4,81332,13,8,13,0,0.96,0,21,20333.0
CUST2508,32,Female,Employed,Savings,160,3,135941,9,8,8,0,0.88,1,16,45313.67
CUST1854,36,Male,Employed,Savings,161,2,237968,10,3,3,0,0.58,1,6,118984.0
CUST2624,20,Female,Self-employed,Savings,120,4,63859,13,9,8,0,0.87,1,17,15964.75
CUST0998,46,Female,Employed,Savings,28,2,29396,16,12,15,0,0.51,0,27,14698.0
CUST0713,42,Male,Employed,Savings,163,1,93075,12,4,11,1,0.91,0,15,93075.0
CUST2403,18,Female,Employed,Savings,33,1,46784,16,9,9,0,0.86,0,18,46784.0
CUST2518,32,Female,Unemployed,Savings,163,1,26072,20,9,9,0,0.84,0,18,26072.0
CUST2387,36,Female,Employed,Savings,52,1,27099,16,5,14,0,0.52,1,19,27099.0
CUST0200,21,Male,Self-employed,Savings,103,4,42129,20,9,10,0,0.97,0,19,10532.25
CUST0993,44,Female,Employed,Current,72,1,36726,19,6,15,0,0.88,0,21,36726.0
CUST0258,38,Female,Self-employed,Savings,156,1,64504,11,8,12,0,0.88,0,20,64504.0
CUST1404,34,Male,Employed,Savings,157,2,249255,22,12,7,0,0.83,0,19,124627.5
CUST1963,37,Female,Employed,Savings,179,2,66725,17,7,8,0,0.55,0,15,33362.5
CUST2941,34,Male,Employed,Savings,45,2,6994,15,6,14,0,0.63,0,20,3497.0
CUST2814,42,Male,Unemployed,Fixed Deposit,177,2,78661,11,5,9,0,0.63,0,14,39330.5
CUST1136,37,Female,Unemployed,Savings,171,3,528603,13,9,13,0,0.91,1,22,176201.0
CUST0469,50,Male,Self-employed,Savings,49,2,212993,11,8,8,0,0.85,0,16,106496.5
CUST2527,31,Female,Employed,Fixed Deposit,62,1,273334,19,14,11,0,0.82,0,25,273334.0
CUST0612,44,Male,Employed,Savings,69,1,117225,21,10,7,0,0.69,0,17,117225.0
CUST1435,36,Male,Self-employed,Savings,69,3,85087,20,5,16,0,0.74,0,21,28362.33
CUST1923,57,Male,Self-employed,Savings,86,1,59110,13,11,9,1,0.53,0,20,59110.0
CUST2794,35,Female,Employed,Current,40,2,393205,15,7,10,0,0.88,0,17,196602.5
CUST1082,36,Female,Employed,Savings,178,3,61577,13,5,10,0,0.66,1,15,20525.67
CUST0290,31,Female,Employed,Savings,77,2,126975,19,10,6,0,0.99,1,16,63487.5
CUST0466,18,Female,Employed,Savings,42,2,73267,16,15,13,0,0.77,0,28,36633.5
CUST2536,18,Female,Unemployed,Savings,38,2,17288,15,12,17,0,0.97,1,29,8644.0
CUST0814,34,Male,Employed,Savings,143,1,172181,13,1,11,0,0.78,1,12,172181.0
CUST2639,36,Female,Employed,Savings,23,4,14002,19,9,12,0,0.87,0,21,3500.5
CUST1937,28,Female,Unemployed,Current,133,2,61410,17,13,10,2,0.67,1,23,30705.0
CUST0009,52,Female,Unemployed,Savings,127,2,36069,18,16,9,0,0.74,1,25,18034.5
CUST0867,18,Male,Self-employed,Fixed Deposit,126,2,38662,17,8,3,0,0.7,0,11,19331.0
CUST2329,43,Male,Self-employed,Savings,133,1,168166,13,7,11,0,0.74,0,18,168166.0
CUST0642,44,Male,Self-employed,Current,75,2,10734,15,12,12,0,0.57,1,24,5367.0
CUST0907,42,Female,Unemployed,Savings,22,1,367517,19,8,9,0,0.52,0,17,367517.0
CUST1064,34,Male,Self-employed,Current,131,1,684829,11,5,9,1,0.91,0,14,684829.0
CUST0018,32,Female,Self-employed,Savings,148,2,337040,17,5,17,0,0.87,0,22,168520.0
CUST0950,45,Female,Employed,Savings,32,1,158427,8,5,7,0,0.72,0,12,158427.0
CUST0398,28,Female,Unemployed,Savings,65,1,514172,9,5,7,0,0.78,1,12,514172.0
CUST0963,44,Female,Self-employed,Savings,41,1,4803,17,9,9,0,0.56,1,18,4803.0
CUST0348,27,Male,Employed,Current,162,4,51322,13,9,17,0,0.6,0,26,12830.5
CUST2039,29,Female,Self-employed,Fixed Deposit,160,2,71586,19,13,7,0,0.66,0,20,35793.0
CUST0067,28,Female,Employed,Savings,68,1,2686,17,6,11,0,0.86,0,17,2686.0
CUST0878,44,Female,Employed,Savings,97,2,96764,26,8,11,0,0.51,0,19,48382.0
CUST0383,34,Male,Employed,Current,124,2,547712,16,4,8,1,0.72,1,12,273856.0
CUST0151,40,Male,Employed,Savings,71,2,82437,19,7,4,0,0.53,1,11,41218.5
CUST2639,59,Male,Self-employed,Savings,13,1,128401,19,4,7,0,0.51,0,11,128401.0
CUST0471,25,Female,Self-employed,Current,130,1,155230,19,10,15,1,0.79,0,25,155230.0
CUST1015,48,Female,Self-employed,Current,123,3,86291,8,10,15,1,0.99,1,25,28763.67
CUST0344,41,Male,Employed,Current,96,3,46574,10,10,11,2,0.77,0,21,15524.67
CUST2216,35,Male,Unemployed,Current,106,1,99891,13,8,7,0,0.72,0,15,99891.0
CUST0161,23,Male,Employed,Fixed Deposit,139,1,30587,17,11,11,0,0.82,0,22,30587.0
CUST0421,63,Male,Self-employed,Savings,161,3,18270,13,8,12,0,0.82,0,20,6090.0
CUST2492,18,Male,Employed,Savings,145,4,96757,9,4,7,0,0.78,0,11,24189.25
CUST2077,27,Female,Employed,Savings,159,4,43808,14,10,9,0,0.8,0,19,10952.0
CUST0633,46,Male,Self-employed,Current,163,4,424633,14,14,10,0,0.62,0,24,106158.25
CUST1265,19,Female,Self-employed,Fixed Deposit,29,1,262632,17,6,13,0,0.61,0,19,262632.0
CUST1990,39,Male,Employed,Current,104,1,370777,16,8,5,0,0.96,0,13,370777.0
CUST0665,19,Male,Employed,Savings,16,1,318505,15,10,11,0,0.74,1,21,318505.0
CUST1066,40,Female,Employed,Savings,41,1,73791,21,14,12,0,0.62,1,26,73791.0
CUST1946,57,Female,Unemployed,Savings,102,3,67734,15,12,6,0,0.96,0,18,22578.0
CUST2008,37,Female,Employed,Savings,28,2,61971,15,1,10,0,0.66,1,11,30985.5
CUST0044,40,Male,Self-employed,Current,102,1,130495,10,10,4,1,0.94,1,14,130495.0
CUST0224,42,Male,Employed,Savings,104,1,3171,10,7,12,0,0.85,0,19,3171.0
CUST1032,27,Female,Employed,Savings,95,1,29223,12,10,6,0,0.53,0,16,29223.0
CUST0912,25,Male,Self-employed,Current,77,2,11029,14,5,13,0,0.63,1,18,5514.5
CUST2599,30,Female,Employed,Savings,87,1,305304,27,12,14,0,0.55,0,26,305304.0
CUST2400,39,Female,Self-employed,Current,104,1,53429,10,4,8,0,0.65,0,12,53429.0
CUST2881,24,Female,Employed,Current,135,2,232899,16,12,13,0,0.82,0,25,116449.5
CUST1886,34,Female,Employed,Current,50,4,232149,16,9,5,0,0.62,0,14,58037.25
CUST0217,43,Female,Employed,Fixed Deposit,118,2,14061,13,11,7,0,0.59,1,18,7030.5
CUST2744,30,Male,Unemployed,Savings,158,1,128434,21,6,7,0,0.88,0,13,128434.0
CUST0683,34,Female,Employed,Current,174,3,66210,11,9,10,0,0.69,0,19,22070.0
CUST1475,37,Male,Self-employed,Savings,118,2,199916,16,10,8,0,0.92,0,18,99958.0
CUST0056,19,Male,Employed,Savings,43,1,13590,16,6,14,0,0.88,1,20,13590.0
CUST1302,33,Female,Self-employed,Current,69,3,240688,19,6,12,0,0.66,0,18,80229.33
CUST1425,23,Female,Employed,Savings,123,1,68369,20,12,10,0,0.71,0,22,68369.0
CUST0654,32,Female,Self-employed,Savings,108,4,14508,13,7,8,0,0.89,0,15,3627.0
CUST0229,40,Male,Self-employed,Fixed Deposit,69,3,16430,11,12,11,0,0.72,0,23,5476.67
CUST2423,41,Female,Self-employed,Savings,166,2,66698,17,9,10,0,0.9,0,19,33349.0
CUST1600,26,Male,Self-employed,Savings,140,3,83926,14,8,8,0,0.54,0,16,27975.33
CUST2290,23,Male,Employed,Savings,111,1,3495,19,13,12,0,0.77,0,25,3495.0
CUST2328,53,Female,Employed,Savings,66,1,55656,16,7,13,0,0.63,0,20,55656.0
CUST1758,18,Male,Employed,Savings,56,1,209512,11,8,10,0,0.89,1,18,209512.0
CUST2708,32,Male,Unemployed,Savings,142,2,182217,16,3,13,0,0.55,0,16,91108.5
CUST1912,34,Male,Employed,Savings,13,2,7498,12,6,10,0,0.65,1,16,3749.0
CUST2134,29,Male,Self-employed,Savings,45,4,108060,18,11,10,0,0.95,1,21,27015.0
CUST1458,21,Female,Self-employed,Current,102,2,59059,11,9,8,0,0.58,0,17,29529.5
CUST2065,34,Male,Self-employed,Savings,49,1,206179,19,7,11,0,0.88,1,18,206179.0
CUST0649,22,Female,Employed,Fixed Deposit,13,1,4705,21,5,7,1,0.54,0,12,4705.0
CUST0163,30,Female,Employed,Savings,161,4,75108,20,10,8,0,0.84,0,18,18777.0
CUST1509,39,Female,Self-employed,Savings,167,1,9423,19,7,10,0,0.62,0,17,9423.0
CUST0656,45,Male,Employed,Current,45,1,23734,14,16,14,0,0.53,0,30,23734.0
CUST0820,46,Male,Self-employed,Current,86,2,62881,13,10,5,0,0.86,0,15,31440.5
CUST2522,44,Male,Employed,Current,133,3,185422,16,11,8,0,0.97,0,19,61807.33
CUST0355,32,Male,Employed,Savings,165,2,35678,13,8,9,0,0.99,1,17,17839.0
CUST2083,18,Male,Employed,Savings,67,4,79130,11,10,15,1,0.68,1,25,19782.5
CUST0781,19,Male,Self-employed,Savings,165,2,197618,16,6,12,1,0.87,0,18,98809.0
CUST1060,42,Male,Self-employed,Savings,110,2,500,18,6,4,2,0.7,0,10,250.0
CUST0503,42,Female,Employed,Savings,92,4,172108,14,14,13,0,0.66,0,27,43027.0
CUST0409,35,Male,Self-employed,Savings,69,2,416681,17,11,14,0,0.92,0,25,208340.5
CUST2035,54,Female,Unemployed,Savings,108,1,13817,14,6,8,0,0.75,0,14,13817.0
CUST0669,35,Male,Employed,Fixed Deposit,81,3,89027,12,13,6,0,0.64,0,19,29675.67
CUST0812,18,Female,Employed,Current,88,1,67434,14,3,5,0,0.53,0,8,67434.0
CUST0148,46,Female,Employed,Savings,168,1,241209,17,10,10,1,0.7,0,20,241209.0
CUST2141,31,Female,Employed,Savings,16,2,144001,19,11,10,0,0.89,0,21,72000.5
CUST2317,32,Male,Self-employed,Current,120,3,37508,19,2,9,0,0.55,0,11,12502.67
CUST2765,39,Female,Employed,Fixed Deposit,141,2,31360,13,7,9,0,0.93,0,16,15680.0
CUST2723,38,Male,Employed,Savings,23,2,505412,11,10,21,0,0.53,0,31,252706.0
CUST0372,35,Female,Self-employed,Savings,161,3,209811,16,6,12,0,0.99,0,18,69937.0
CUST0517,36,Female,Employed,Savings,111,1,478767,14,7,7,0,0.78,0,14,478767.0
CUST1080,55,Female,Self-employed,Savings,137,1,82264,19,6,9,1,0.8,1,15,82264.0
CUST0077,46,Female,Unemployed,Savings,157,1,571843,14,6,11,0,0.94,0,17,571843.0
CUST0471,55,Female,Self-employed,Current,42,1,123175,13,2,9,0,0.7,0,11,123175.0
CUST0684,31,Male,Employed,Fixed Deposit,144,2,138085,15,9,8,1,0.86,1,17,69042.5
CUST0584,31,Female,Employed,Savings,102,3,138984,15,13,9,1,0.58,0,22,46328.0
CUST2174,32,Male,Employed,Current,35,1,82568,19,10,11,0,0.91,0,21,82568.0
CUST1446,42,Male,Self-employed,Fixed Deposit,13,1,11599,12,10,9,0,0.58,0,19,11599.0
CUST0720,53,Male,Employed,Savings,152,4,188288,21,13,11,1,0.68,0,24,47072.0
CUST1099,39,Male,Employed,Current,68,2,28377,14,7,10,0,0.81,0,17,14188.5
CUST2647,32,Female,Employed,Savings,137,2,20534,12,13,10,1,0.87,0,23,10267.0
CUST2528,38,Male,Unemployed,Current,77,1,82763,19,7,9,0,0.87,0,16,82763.0
CUST2028,32,Female,Employed,Current,94,3,711781,16,12,13,1,0.55,0,25,237260.33
CUST0304,33,Male,Employed,Savings,126,2,349247,16,8,7,0,0.5,0,15,174623.5
CUST1807,25,Male,Employed,Current,99,2,63801,16,10,18,0,0.66,0,28,31900.5
CUST0833,36,Male,Self-employed,Savings,76,1,860216,15,11,11,0,0.51,1,22,860216.0
CUST1718,31,Male,Self-employed,Fixed Deposit,179,1,37549,9,7,6,0,0.88,1,13,37549.0
CUST2826,25,Female,Employed,Savings,173,2,144968,11,5,12,0,0.99,0,17,72484.0
CUST1066,35,Male,Self-employed,Savings,162,1,260319,15,6,14,0,0.95,0,20,260319.0
CUST0100,40,Male,Employed,Fixed Deposit,23,3,50604,18,6,10,0,0.71,0,16,16868.0
CUST1049,33,Male,Employed,Savings,155,2,43571,22,5,5,0,0.5,0,10,21785.5
CUST0606,32,Male,Self-employed,Current,121,1,481083,17,7,15,0,0.79,0,22,481083.0
CUST0180,33,Male,Self-employed,Current,78,1,201480,14,8,10,0,0.72,0,18,201480.0
CUST1920,45,Female,Employed,Savings,161,1,67964,7,8,8,0,0.6,0,16,67964.0
CUST0539,42,Female,Employed,Savings,66,1,64000,14,7,11,0,0.87,0,18,64000.0
CUST2761,35,Male,Self-employed,Savings,31,1,81243,17,10,13,1,0.69,1,23,81243.0
CUST0211,26,Male,Unemployed,Savings,20,2,163287,11,6,13,1,0.8,1,19,81643.5
CUST2595,36,Female,Employed,Savings,89,1,60513,13,6,12,0,0.84,0,18,60513.0
CUST0930,22,Female,Self-employed,Fixed Deposit,17,1,236040,12,3,7,0,0.81,0,10,236040.0
CUST0703,46,Female,Self-employed,Current,122,1,155810,13,12,8,0,0.51,0,20,155810.0
CUST0343,39,Male,Employed,Savings,134,2,141138,16,8,8,0,0.76,0,16,70569.0
CUST1231,46,Female,Employed,Current,52,1,49933,15,10,7,1,0.79,0,17,49933.0
CUST1315,40,Male,Self-employed,Savings,66,1,116686,22,6,7,0,0.5,1,13,116686.0
CUST2887,30,Female,Employed,Savings,133,1,489458,15,12,12,0,0.83,0,24,489458.0
CUST0989,34,Male,Employed,Savings,102,1,26671,19,12,8,0,0.88,0,20,26671.0
CUST2082,23,Female,Employed,Savings,104,4,29525,19,10,11,0,0.61,0,21,7381.25
CUST1405,33,Female,Employed,Fixed Deposit,142,1,123983,10,9,11,1,0.99,0,20,123983.0
CUST1021,47,Female,Self-employed,Savings,110,1,390799,12,7,2,1,0.63,1,9,390799.0
CUST0201,37,Female,Unemployed,Savings,157,1,158300,14,11,8,0,0.88,0,19,158300.0
CUST1665,37,Male,Employed,Savings,34,3,2684,14,6,14,0,0.83,0,20,894.67
CUST2314,31,Female,Self-employed,Current,32,1,55021,20,6,12,1,0.58,0,18,55021.0
CUST2473,40,Male,Employed,Current,107,2,34234,19,9,6,0,0.6,0,15,17117.0
CUST1063,26,Male,Employed,Savings,19,3,94572,20,7,13,0,0.87,1,20,31524.0
CUST0242,38,Male,Employed,Current,30,1,77124,11,9,14,0,0.66,1,23,77124.0
CUST1127,46,Male,Employed,Savings,78,1,14701,7,7,11,0,0.96,0,18,14701.0
CUST0957,32,Male,Employed,Savings,144,3,246041,17,9,7,0,0.59,0,16,82013.67
CUST2640,35,Male,Employed,Savings,167,1,122869,9,7,14,0,0.76,0,21,122869.0
CUST2906,32,Male,Employed,Fixed Deposit,108,1,173248,14,9,6,0,0.85,0,15,173248.0
CUST0400,48,Female,Self-employed,Current,36,1,57274,12,8,11,0,0.81,0,19,57274.0
CUST0002,36,Female,Employed,Savings,154,2,219069,17,9,4,0,0.52,0,13,109534.5
CUST1698,61,Female,Employed,Savings,103,3,27886,14,10,7,0,0.71,0,17,9295.33
CUST0981,35,Female,Self-employed,Savings,128,1,67117,13,8,5,0,0.61,0,13,67117.0
CUST0215,44,Male,Unemployed,Savings,53,2,359221,10,8,12,0,0.99,0,20,179610.5
CUST1722,32,Male,Employed,Savings,175,1,224013,16,8,8,0,0.76,0,16,224013.0
CUST1019,56,Male,Employed,Savings,159,3,299605,12,9,13,0,0.75,0,22,99868.33
CUST2334,35,Male,Unemployed,Savings,127,3,256298,13,12,4,0,0.72,0,16,85432.67
CUST1350,25,Female,Unemployed,Savings,132,2,368664,13,7,12,0,0.64,0,19,184332.0
CUST1731,31,Female,Self-employed,Current,84,1,49060,11,10,7,0,0.75,0,17,49060.0
CUST0430,33,Male,Self-employed,Savings,173,3,255671,15,6,9,0,0.87,0,15,85223.67
CUST1723,36,Female,Employed,Current,135,1,317444,15,13,7,0,0.62,0,20,317444.0
CUST2798,37,Female,Employed,Current,102,2,5608,17,11,8,0,0.7,0,19,2804.0
CUST2698,28,Female,Employed,Savings,113,2,30161,15,12,12,0,0.83,0,24,15080.5
CUST0754,35,Male,Employed,Current,45,3,192702,17,8,10,0,0.9,0,18,64234.0
CUST2433,23,Female,Employed,Savings,38,4,39535,15,11,12,1,0.81,1,23,9883.75
CUST1068,37,Female,Employed,Current,126,2,139213,19,5,15,0,0.79,0,20,69606.5
CUST2209,38,Male,Employed,Savings,56,3,58085,13,10,6,0,0.75,0,16,19361.67
CUST1139,23,Female,Employed,Savings,44,3,42094,16,12,10,0,0.96,0,22,14031.33
CUST2957,23,Female,Employed,Current,62,1,132203,21,9,11,0,0.77,0,20,132203.0
CUST1906,34,Male,Unemployed,Savings,86,1,368335,9,12,11,0,0.95,0,23,368335.0
CUST0335,28,Female,Employed,Fixed Deposit,77,4,213082,19,2,10,0,0.74,0,12,53270.5
CUST2222,42,Female,Self-employed,Savings,140,2,57050,15,7,11,0,0.59,0,18,28525.0
CUST1655,29,Male,Employed,Fixed Deposit,161,2,201118,11,7,13,0,0.64,1,20,100559.0
CUST2706,34,Male,Self-employed,Savings,111,2,68893,16,5,12,0,0.56,0,17,34446.5
CUST2924,39,Female,Employed,Savings,132,1,111313,11,9,10,0,0.9,1,19,111313.0
CUST2482,27,Male,Employed,Savings,41,1,30290,15,3,7,0,0.67,1,10,30290.0
CUST0615,44,Male,Employed,Fixed Deposit,76,4,415731,14,11,11,0,0.79,0,22,103932.75
CUST0804,38,Male,Employed,Savings,173,1,82779,11,8,16,0,0.99,0,24,82779.0
CUST1080,58,Female,Employed,Savings,173,3,47891,11,8,11,1,0.57,0,19,15963.67
CUST0825,32,Female,Unemployed,Fixed Deposit,40,2,240937,10,5,11,0,0.91,0,16,120468.5
CUST0515,18,Male,Employed,Savings,125,4,73367,17,9,4,0,0.89,0,13,18341.75
CUST1241,47,Female,Self-employed,Savings,82,1,39110,7,8,12,1,0.64,0,20,39110.0
CUST0051,35,Male,Employed,Current,37,2,60856,19,6,8,1,0.56,0,14,30428.0
CUST2974,51,Female,Employed,Current,121,3,275065,17,9,9,0,0.88,0,18,91688.33
CUST1808,25,Female,Employed,Current,160,2,57515,12,11,6,0,0.72,0,17,28757.5
CUST2059,61,Male,Employed,Savings,35,3,270740,15,6,10,0,0.94,1,16,90246.67
CUST2278,49,Male,Employed,Current,68,3,69794,17,7,5,0,0.79,1,12,23264.67
CUST1247,33,Male,Employed,Current,158,1,17963,13,7,9,0,0.76,0,16,17963.0
CUST0613,46,Female,Employed,Savings,38,3,140506,20,6,6,0,0.88,1,12,46835.33
CUST1942,34,Female,Employed,Savings,102,3,83400,16,8,8,1,0.6,0,16,27800.0
CUST1169,55,Female,Self-employed,Savings,83,3,20629,16,7,11,0,0.51,1,18,6876.33
CUST2693,29,Female,Employed,Savings,79,2,76640,20,5,13,0,0.64,1,18,38320.0
CUST1651,37,Male,Self-employed,Savings,104,2,217051,13,10,13,0,0.59,0,23,108525.5
CUST2383,25,Male,Employed,Current,103,2,25062,19,4,11,0,0.78,1,15,12531.0
CUST2291,34,Female,Employed,Fixed Deposit,121,3,3826,12,8,12,0,0.6,0,20,1275.33
CUST1632,26,Male,Unemployed,Current,30,2,76813,22,12,8,1,0.93,0,20,38406.5
CUST0318,52,Female,Self-employed,Savings,99,2,4526,14,9,7,1,0.94,1,16,2263.0
CUST0419,32,Female,Employed,Savings,144,2,121474,17,7,10,0,0.65,1,17,60737.0
CUST1942,46,Female,Self-employed,Current,97,1,45741,10,5,8,0,0.57,0,13,45741.0
CUST2495,18,Male,Employed,Savings,114,1,51852,10,7,9,0,0.79,0,16,51852.0
CUST0601,46,Female,Unemployed,Savings,144,3,1875,16,7,11,0,0.95,0,18,625.0
CUST1566,37,Male,Self-employed,Current,132,1,145308,12,10,9,0,0.81,0,19,145308.0
CUST2210,22,Female,Self-employed,Savings,142,3,21918,12,7,16,0,0.94,0,23,7306.0
CUST1605,41,Male,Self-employed,Savings,105,1,91688,11,5,9,0,0.51,0,14,91688.0
CUST2256,45,Male,Employed,Savings,43,4,39790,15,11,15,0,0.92,1,26,9947.5
CUST1512,38,Male,Employed,Savings,90,3,130435,10,14,9,1,0.58,0,23,43478.33
CUST1559,28,Female,Employed,Current,48,1,424556,15,10,8,0,0.75,1,18,424556.0
CUST1752,41,Male,Self-employed,Current,37,3,434854,13,9,8,0,0.71,0,17,144951.33
CUST2002,33,Female,Self-employed,Savings,160,3,30765,11,5,9,0,0.69,0,14,10255.0
CUST0723,37,Female,Employed,Current,149,1,2706,15,10,10,1,0.84,1,20,2706.0
CUST1006,31,Female,Employed,Savings,91,4,123298,15,11,13,0,0.65,0,24,30824.5
CUST1235,59,Male,Employed,Savings,175,2,154055,13,10,12,1,0.59,0,22,77027.5
CUST1709,18,Female,Unemployed,Current,27,3,55842,18,5,14,0,0.84,0,19,18614.0
CUST0487,54,Female,Employed,Current,17,3,26016,27,10,9,0,0.8,0,19,8672.0
CUST0872,27,Male,Employed,Current,15,1,103415,18,5,9,0,0.84,1,14,103415.0
CUST0544,18,Female,Self-employed,Savings,33,1,11189,21,10,12,0,0.91,1,22,11189.0
CUST0048,23,Female,Employed,Savings,43,1,34211,18,6,12,0,0.75,0,18,34211.0
CUST1807,36,Male,Employed,Current,56,2,705464,20,5,8,0,0.96,1,13,352732.0
CUST0152,49,Male,Employed,Savings,118,4,23216,18,11,15,0,0.99,0,26,5804.0
CUST1553,42,Female,Self-employed,Savings,51,1,105426,18,2,13,0,0.58,0,15,105426.0
CUST2489,37,Male,Employed,Savings,21,1,531285,11,7,12,0,0.73,0,19,531285.0
CUST1869,25,Female,Employed,Current,121,4,135630,12,5,13,0,0.5,0,18,33907.5
CUST2998,27,Female,Employed,Savings,35,2,311548,11,10,13,1,0.62,1,23,155774.0
CUST2829,36,Male,Unemployed,Savings,20,4,1701,13,8,9,0,0.88,0,17,425.25
CUST0537,36,Female,Unemployed,Savings,87,1,20818,11,7,8,0,0.62,0,15,20818.0
CUST0693,33,Female,Employed,Savings,52,2,161401,17,11,8,0,0.73,1,19,80700.5
CUST1552,18,Male,Employed,Savings,128,3,460853,12,9,9,1,0.62,0,18,153617.67
CUST0681,38,Male,Employed,Savings,107,3,58652,12,15,13,1,0.66,0,28,19550.67
CUST2358,19,Female,Unemployed,Savings,55,2,165538,16,5,11,0,0.77,1,16,82769.0
CUST2798,18,Female,Employed,Savings,120,1,61573,11,7,8,0,0.62,1,15,61573.0
CUST1772,37,Male,Self-employed,Savings,53,2,286326,14,11,13,0,0.82,1,24,143163.0
CUST1494,26,Male,Unemployed,Current,70,1,110711,22,7,5,0,0.74,0,12,110711.0
CUST1560,18,Female,Employed,Savings,36,4,89612,14,6,17,1,0.56,0,23,22403.0
CUST2830,34,Female,Self-employed,Savings,140,1,182294,20,6,10,0,0.62,0,16,182294.0
CUST1182,40,Male,Employed,Fixed Deposit,117,3,5602,15,12,14,0,0.59,0,26,1867.33
CUST2669,45,Female,Employed,Savings,88,4,206431,17,8,10,1,0.6,0,18,51607.75
CUST1652,25,Female,Employed,Savings,141,1,242589,14,8,12,0,0.98,0,20,242589.0
CUST2415,35,Female,Employed,Savings,26,1,68293,9,8,8,0,0.95,1,16,68293.0
CUST1832,46,Female,Employed,Current,77,1,114617,8,12,13,0,0.96,0,25,114617.0
CUST0782,20,Male,Employed,Savings,80,4,251975,13,9,10,0,0.93,1,19,62993.75
CUST0432,46,Male,Self-employed,Savings,48,1,6939,14,2,13,0,0.53,0,15,6939.0
CUST1345,53,Male,Self-employed,Savings,154,2,17609,14,6,11,0,0.92,0,17,8804.5
CUST2074,28,Female,Employed,Savings,26,2,161752,21,9,14,0,0.75,0,23,80876.0
CUST1070,34,Male,Self-employed,Savings,27,4,71377,9,8,11,1,0.59,1,19,17844.25
CUST1559,18,Female,Employed,Savings,62,1,11696,9,9,9,0,0.6,0,18,11696.0
CUST2751,18,Male,Unemployed,Current,112,2,432535,16,5,13,0,0.81,1,18,216267.5
CUST0256,48,Female,Employed,Fixed Deposit,75,2,63310,17,9,15,0,0.78,0,24,31655.0
CUST0039,18,Female,Employed,Savings,153,1,278440,11,8,9,0,0.91,0,17,278440.0
CUST0327,36,Female,Self-employed,Savings,160,3,204552,12,14,9,0,0.76,0,23,68184.0
CUST1327,33,Male,Employed,Current,59,3,359470,15,8,13,0,0.71,0,21,119823.33
CUST2380,29,Female,Employed,Savings,122,2,218358,14,13,11,0,0.62,1,24,109179.0
CUST0828,34,Male,Self-employed,Savings,40,1,140904,14,12,11,0,0.7,0,23,140904.0
CUST2905,39,Male,Employed,Fixed Deposit,136,1,531108,7,5,14,0,0.92,0,19,531108.0
CUST2449,32,Male,Unemployed,Current,167,1,49349,12,12,14,0,0.76,0,26,49349.0
CUST1673,46,Female,Unemployed,Savings,118,1,16190,14,6,12,0,0.78,0,18,16190.0
CUST1406,24,Male,Employed,Savings,133,1,245695,13,7,8,0,0.62,0,15,245695.0
CUST0159,35,Male,Employed,Fixed Deposit,71,1,20642,11,11,9,0,0.52,0,20,20642.0
CUST1702,18,Female,Employed,Savings,113,2,3960,21,13,8,0,0.73,0,21,1980.0
CUST0828,36,Male,Employed,Savings,149,2,231134,14,9,12,0,0.51,1,21,115567.0
CUST2632,43,Male,Employed,Savings,70,1,51546,15,13,4,2,0.57,1,17,51546.0
CUST1669,21,Female,Unemployed,Fixed Deposit,177,1,32373,22,15,15,0,0.91,0,30,32373.0
CUST0831,30,Male,Employed,Savings,145,4,32520,18,9,14,0,0.56,0,23,8130.0
CUST0202,23,Male,Employed,Savings,140,4,63211,15,9,12,0,1.0,0,21,15802.75
CUST2985,34,Male,Employed,Savings,72,4,579103,17,6,8,0,0.63,0,14,144775.75
CUST1573,32,Female,Employed,Current,180,1,549247,20,8,5,0,0.75,0,13,549247.0
CUST2478,46,Female,Self-employed,Savings,132,2,201269,13,8,10,1,0.63,0,18,100634.5
CUST2192,18,Male,Employed,Savings,41,2,98101,14,5,11,0,0.79,0,16,49050.5
CUST1030,21,Female,Employed,Current,89,2,317125,21,5,11,0,0.93,0,16,158562.5
CUST0764,47,Female,Employed,Current,46,1,48627,16,4,6,0,0.78,0,10,48627.0
CUST1736,36,Female,Employed,Savings,30,2,127075,11,6,9,0,0.58,0,15,63537.5
CUST0089,25,Male,Employed,Fixed Deposit,157,2,115390,13,7,10,0,0.88,0,17,57695.0
CUST2905,42,Female,Employed,Fixed Deposit,136,2,4977,17,8,12,1,0.7,1,20,2488.5
CUST1195,34,Female,Employed,Current,68,3,768,13,6,15,0,0.77,0,21,256.0
CUST0887,39,Male,Unemployed,Savings,100,2,425278,13,7,19,0,0.93,1,26,212639.0
CUST0756,43,Female,Employed,Savings,41,2,26892,27,9,13,0,0.8,1,22,13446.0
CUST1029,42,Female,Employed,Current,151,1,42136,10,3,12,0,0.92,0,15,42136.0
CUST0142,40,Male,Self-employed,Current,14,3,11742,19,5,13,0,0.53,0,18,3914.0
CUST0869,39,Female,Self-employed,Savings,125,2,293959,8,10,17,1,0.85,0,27,146979.5
CUST1379,45,Female,Self-employed,Savings,165,3,114096,14,11,9,0,0.82,0,20,38032.0
CUST0004,31,Female,Employed,Savings,131,1,44026,14,11,12,0,1.0,0,23,44026.0
CUST0035,24,Female,Self-employed,Current,18,3,93719,19,17,13,1,0.8,0,30,31239.67
CUST1234,39,Female,Employed,Savings,89,2,112066,21,9,8,0,0.87,1,17,56033.0
CUST2826,39,Male,Employed,Fixed Deposit,129,3,216358,16,9,9,1,0.52,0,18,72119.33
CUST1456,25,Male,Self-employed,Current,114,1,205677,12,5,9,1,0.96,1,14,205677.0
CUST2252,39,Female,Self-employed,Current,30,1,152122,19,5,17,0,0.91,0,22,152122.0
CUST0956,31,Male,Employed,Savings,157,3,374410,15,5,14,0,0.9,0,19,124803.33
CUST1253,42,Male,Employed,Fixed Deposit,159,2,39513,19,9,6,0,0.72,0,15,19756.5
CUST2093,46,Male,Employed,Savings,177,2,5130,17,7,11,0,0.66,0,18,2565.0
CUST2312,43,Female,Unemployed,Savings,86,1,210214,12,7,7,0,0.98,1,14,210214.0
CUST2961,25,Male,Unemployed,Savings,91,2,132605,21,8,16,1,0.67,1,24,66302.5
CUST2949,26,Male,Self-employed,Fixed Deposit,51,1,38129,11,6,7,0,0.53,0,13,38129.0
CUST1363,29,Female,Employed,Savings,26,2,144488,9,14,11,2,0.72,0,25,72244.0
CUST0358,39,Male,Employed,Savings,26,2,316590,19,9,12,0,0.56,1,21,158295.0
CUST0887,46,Female,Self-employed,Current,151,1,71736,14,13,9,1,0.62,0,22,71736.0
CUST2865,40,Male,Employed,Savings,96,2,102358,13,4,15,0,0.6,0,19,51179.0
CUST2867,47,Female,Employed,Fixed Deposit,128,2,83337,15,5,11,0,0.88,1,16,41668.5
CUST2846,25,Female,Employed,Current,138,1,29824,13,7,11,0,0.8,0,18,29824.0
CUST1235,41,Female,Employed,Savings,115,1,93175,19,7,14,0,0.94,0,21,93175.0
CUST2117,18,Male,Self-employed,Savings,114,1,67106,21,14,9,0,0.66,1,23,67106.0
CUST1373,21,Male,Self-employed,Savings,97,4,99474,9,10,7,0,0.89,1,17,24868.5
CUST0477,39,Male,Employed,Savings,18,1,100440,18,7,8,1,0.93,0,15,100440.0
CUST1582,26,Male,Unemployed,Fixed Deposit,65,2,110199,18,8,12,0,0.91,0,20,55099.5
CUST2572,39,Male,Unemployed,Savings,53,1,27139,14,9,6,0,0.68,0,15,27139.0
CUST2360,22,Female,Employed,Savings,151,1,160603,16,5,9,0,0.51,0,14,160603.0
CUST0001,35,Male,Self-employed,Savings,29,1,413122,12,4,12,1,0.99,1,16,413122.0
CUST2910,18,Male,Employed,Current,14,1,38582,14,10,13,0,0.75,0,23,38582.0
CUST2546,40,Male,Self-employed,Savings,158,2,90967,14,4,5,0,0.51,0,9,45483.5
CUST1543,18,Female,Self-employed,Savings,75,1,3876,11,5,12,0,0.8,0,17,3876.0
CUST1792,35,Female,Employed,Current,54,1,449623,18,12,16,0,0.51,1,28,449623.0
CUST2527,44,Female,Self-employed,Savings,143,1,382956,13,6,20,0,0.52,0,26,382956.0
CUST2117,59,Female,Self-employed,Savings,133,4,157270,13,7,15,0,0.98,0,22,39317.5
CUST1703,18,Male,Employed,Fixed Deposit,67,3,121681,14,14,12,0,0.5,0,26,40560.33
CUST1356,31,Female,Self-employed,Current,52,1,347184,19,4,15,1,0.52,0,19,347184.0
CUST1005,28,Female,Unemployed,Current,93,2,798599,16,4,19,0,0.67,1,23,399299.5
CUST0394,28,Female,Self-employed,Savings,172,1,302585,14,10,9,0,0.79,0,19,302585.0
CUST2269,22,Male,Employed,Savings,21,3,147481,23,4,8,0,0.77,1,12,49160.33
CUST0990,40,Female,Employed,Savings,165,3,129030,17,7,7,1,0.78,0,14,43010.0
CUST2753,37,Female,Self-employed,Savings,76,2,71976,12,8,6,0,0.6,0,14,35988.0
CUST0303,40,Female,Employed,Savings,136,2,162874,21,10,11,0,0.62,0,21,81437.0
CUST2190,53,Female,Unemployed,Savings,160,1,154826,17,4,11,0,0.78,0,15,154826.0
CUST0071,18,Male,Unemployed,Current,113,2,43904,11,7,8,0,0.73,0,15,21952.0
CUST2751,38,Female,Employed,Savings,77,2,217121,18,9,15,0,0.87,0,24,108560.5
CUST1482,32,Female,Self-employed,Current,136,2,63889,13,16,16,1,0.52,0,32,31944.5
CUST2046,31,Male,Employed,Savings,44,1,14121,14,8,11,1,0.89,1,19,14121.0
CUST1743,28,Female,Employed,Savings,50,1,107003,18,6,9,0,0.72,1,15,107003.0
CUST1789,33,Male,Self-employed,Savings,123,2,77007,13,9,6,1,0.64,1,15,38503.5
CUST2451,44,Male,Self-employed,Current,138,3,292806,18,10,10,0,0.54,0,20,97602.0
CUST1942,32,Male,Employed,Savings,175,1,15909,13,6,5,0,0.57,0,11,15909.0
CUST0435,39,Female,Employed,Savings,92,2,393690,15,7,14,0,0.75,0,21,196845.0
CUST1859,40,Male,Employed,Savings,42,1,126328,23,11,12,0,0.96,0,23,126328.0
CUST2751,32,Female,Employed,Savings,179,4,54683,7,10,15,0,0.62,0,25,13670.75
CUST0165,33,Female,Employed,Fixed Deposit,53,1,151700,17,4,15,1,0.56,0,19,151700.0
CUST0366,18,Male,Self-employed,Savings,97,1,103953,17,8,7,0,0.66,0,15,103953.0
CUST1042,48,Female,Employed,Savings,75,1,45845,20,10,8,1,0.66,1,18,45845.0
CUST2369,42,Female,Employed,Current,143,4,27133,20,7,12,0,0.83,0,19,6783.25
CUST2855,45,Male,Employed,Savings,94,1,110618,8,9,15,0,0.54,1,24,110618.0
CUST0783,25,Male,Self-employed,Savings,43,2,15060,16,9,11,0,0.8,1,20,7530.0
CUST1713,50,Male,Employed,Savings,75,1,167334,13,12,9,0,0.6,1,21,167334.0
CUST1990,28,Female,Employed,Fixed Deposit,145,3,143136,17,4,4,0,0.6,1,8,47712.0
CUST1005,50,Female,Employed,Savings,137,3,649901,14,14,7,0,0.54,0,21,216633.67
CUST0865,35,Female,Employed,Savings,91,3,38198,16,9,12,0,0.62,0,21,12732.67
CUST1894,41,Female,Employed,Savings,179,3,173604,7,5,14,0,0.85,0,19,57868.0
CUST2876,36,Female,Employed,Current,139,1,411917,13,8,8,0,0.64,1,16,411917.0
CUST0930,27,Female,Employed,Current,38,2,201820,15,10,8,0,0.81,1,18,100910.0
CUST0346,33,Male,Self-employed,Savings,42,2,593988,14,5,9,0,0.74,0,14,296994.0
CUST0530,30,Male,Self-employed,Savings,65,4,86684,14,13,7,0,0.92,0,20,21671.0
CUST0035,25,Male,Employed,Current,65,4,38633,24,11,11,1,0.61,1,22,9658.25
CUST0198,34,Female,Self-employed,Savings,179,1,374908,9,8,11,1,0.96,0,19,374908.0
CUST2102,26,Male,Employed,Savings,158,2,51662,13,10,10,0,0.95,0,20,25831.0
CUST2812,35,Female,Self-employed,Current,25,1,67016,23,6,7,0,0.86,1,13,67016.0
CUST2121,37,Female,Employed,Savings,83,3,178967,8,12,13,0,0.69,1,25,59655.67
CUST1199,42,Female,Unemployed,Current,165,3,159691,7,9,9,0,0.73,0,18,53230.33
CUST2162,27,Female,Employed,Savings,131,1,12227,18,6,12,0,0.96,1,18,12227.0
CUST2729,42,Female,Self-employed,Savings,60,1,54623,14,16,14,0,0.73,0,30,54623.0
CUST0398,35,Female,Employed,Savings,56,1,7556,16,4,14,0,0.78,0,18,7556.0
CUST1565,31,Male,Employed,Fixed Deposit,163,1,519411,13,12,10,1,0.75,1,22,519411.0
CUST0956,46,Male,Self-employed,Fixed Deposit,180,1,105994,16,7,12,1,0.74,0,19,105994.0
CUST2068,37,Male,Unemployed,Savings,28,1,39071,17,14,8,1,0.99,0,22,39071.0
CUST2513,27,Female,Employed,Savings,96,3,69429,21,7,7,0,0.7,0,14,23143.0
CUST1260,22,Male,Employed,Savings,41,3,167126,17,6,6,1,0.74,0,12,55708.67
CUST1203,38,Male,Employed,Current,54,2,409389,9,11,12,0,0.77,1,23,204694.5
CUST2905,27,Female,Unemployed,Current,161,1,60098,17,9,7,0,0.67,0,16,60098.0
CUST0269,53,Female,Self-employed,Savings,114,1,78585,12,9,7,0,0.94,0,16,78585.0
CUST1926,40,Male,Employed,Current,93,1,593791,13,7,4,0,0.57,1,11,593791.0
CUST0835,18,Female,Employed,Savings,88,2,9269,20,9,11,0,0.81,0,20,4634.5
CUST1116,25,Male,Self-employed,Savings,122,2,94462,9,12,11,0,0.54,1,23,47231.0
CUST0492,23,Female,Unemployed,Savings,33,3,62793,16,7,7,0,0.66,0,14,20931.0
CUST1087,25,Female,Self-employed,Savings,140,1,8444,17,11,15,0,0.75,0,26,8444.0
CUST1380,19,Male,Employed,Current,144,2,126955,15,7,13,0,0.66,0,20,63477.5
CUST0406,40,Female,Self-employed,Current,133,1,143313,12,9,6,0,0.67,0,15,143313.0
CUST0155,39,Female,Employed,Fixed Deposit,136,3,89439,12,10,10,0,0.51,0,20,29813.0
CUST2306,46,Female,Employed,Fixed Deposit,46,4,170359,14,7,13,0,0.87,1,20,42589.75
CUST1276,35,Female,Self-employed,Savings,167,2,222122,20,8,8,0,0.51,0,16,111061.0
CUST2438,49,Male,Employed,Savings,134,1,55884,22,7,12,1,0.62,0,19,55884.0
CUST1767,24,Male,Self-employed,Savings,90,3,265901,12,2,9,0,0.65,0,11,88633.67
CUST2276,28,Female,Employed,Current,76,4,39131,14,7,10,0,0.87,1,17,9782.75
CUST2871,27,Female,Self-employed,Current,52,2,151648,15,3,9,0,0.7,0,12,75824.0
CUST0506,31,Male,Employed,Fixed Deposit,75,3,186329,17,6,11,0,0.62,1,17,62109.67
CUST2096,26,Male,Employed,Savings,98,1,712108,22,6,15,0,0.8,0,21,712108.0
CUST1406,41,Female,Employed,Savings,81,1,11251,22,8,7,0,0.77,0,15,11251.0
CUST0668,34,Male,Self-employed,Current,95,1,42868,11,12,10,0,0.88,1,22,42868.0
CUST0797,46,Male,Self-employed,Savings,55,1,69747,17,15,6,0,0.57,1,21,69747.0
CUST2244,20,Female,Employed,Savings,106,1,60587,11,6,14,0,0.87,1,20,60587.0
CUST2729,20,Male,Self-employed,Savings,136,3,20586,13,4,6,0,0.58,1,10,6862.0
CUST1648,26,Female,Self-employed,Savings,78,3,474539,15,9,14,0,0.62,0,23,158179.67
CUST1119,20,Male,Self-employed,Current,151,3,44038,13,8,17,0,0.64,0,25,14679.33
CUST2299,39,Female,Employed,Fixed Deposit,137,2,157777,12,9,12,0,0.84,0,21,78888.5
CUST1643,42,Male,Employed,Current,20,3,46981,18,6,12,0,0.97,1,18,15660.33
CUST1017,48,Male,Employed,Savings,69,2,44293,13,7,11,1,0.67,0,18,22146.5
CUST2387,40,Female,Self-employed,Savings,123,2,158068,11,4,11,0,0.72,0,15,79034.0
CUST2620,39,Female,Self-employed,Savings,152,3,394619,13,6,11,1,0.65,0,17,131539.67
CUST2065,31,Female,Unemployed,Savings,122,3,37034,21,14,11,0,0.92,0,25,12344.67
CUST1469,36,Male,Employed,Current,125,1,516298,13,3,7,0,0.54,0,10,516298.0
CUST0553,38,Female,Employed,Current,59,2,141687,15,7,13,0,0.87,0,20,70843.5
CUST2287,59,Female,Employed,Current,134,1,73241,15,6,7,0,0.87,0,13,73241.0
CUST2380,39,Male,Self-employed,Fixed Deposit,111,2,229158,11,10,6,0,0.56,0,16,114579.0
CUST2558,27,Female,Employed,Savings,65,2,130605,14,1,17,0,0.7,1,18,65302.5
CUST1076,40,Male,Self-employed,Fixed Deposit,139,1,207164,22,7,7,1,0.69,0,14,207164.0
CUST0711,24,Female,Employed,Savings,98,2,450853,10,9,11,0,0.76,1,20,225426.5
CUST2315,24,Female,Employed,Savings,82,1,209586,18,11,2,0,0.61,0,13,209586.0
CUST1679,47,Female,Unemployed,Savings,75,1,219548,16,5,10,0,0.98,0,15,219548.0
CUST2249,23,Female,Employed,Savings,104,2,233742,14,4,10,0,0.93,1,14,116871.0
CUST1006,19,Female,Unemployed,Savings,58,3,334725,16,7,8,0,0.58,0,15,111575.0
CUST1363,30,Male,Self-employed,Current,83,1,26835,22,9,12,0,0.65,0,21,26835.0
CUST0651,29,Female,Employed,Current,160,4,58422,18,8,8,0,0.9,0,16,14605.5
CUST2593,38,Female,Employed,Savings,125,4,225029,23,9,10,0,0.85,0,19,56257.25
CUST1993,33,Male,Self-employed,Savings,102,1,283968,15,6,4,0,0.87,0,10,283968.0
CUST0617,61,Male,Employed,Savings,28,1,125586,11,7,11,1,0.93,1,18,125586.0
CUST1815,48,Male,Employed,Current,56,1,53052,16,7,7,0,0.89,0,14,53052.0
CUST0017,18,Female,Employed,Savings,170,2,110917,14,8,10,0,0.57,0,18,55458.5
CUST1674,38,Female,Employed,Current,38,4,451612,10,9,8,0,0.55,0,17,112903.0
CUST1480,31,Male,Self-employed,Savings,29,1,120811,16,9,13,0,0.62,0,22,120811.0
CUST1554,43,Male,Self-employed,Savings,41,2,112116,13,9,11,0,0.54,0,20,56058.0
CUST2150,25,Male,Self-employed,Current,69,1,119118,19,9,5,0,0.58,0,14,119118.0
CUST1881,30,Male,Employed,Current,42,2,47303,14,7,7,0,0.83,0,14,23651.5
CUST2119,36,Male,Self-employed,Savings,176,2,11396,11,4,5,0,0.54,0,9,5698.0
CUST1513,39,Female,Employed,Current,109,1,145502,18,6,6,1,0.76,0,12,145502.0
CUST0080,18,Male,Employed,Savings,163,2,675881,14,9,6,0,0.76,0,15,337940.5
CUST0643,31,Female,Employed,Fixed Deposit,133,2,70175,9,8,15,0,0.8,0,23,35087.5
CUST0533,18,Female,Employed,Savings,121,3,127564,22,4,7,0,0.54,0,11,42521.33
CUST0830,40,Male,Employed,Savings,87,3,57957,14,8,9,0,0.6,0,17,19319.0
CUST0674,28,Female,Self-employed,Savings,31,4,125045,14,7,9,0,0.52,0,16,31261.25
CUST0420,49,Male,Unemployed,Current,71,4,103828,20,8,10,0,0.52,0,18,25957.0
CUST0154,47,Male,Employed,Savings,171,3,692012,8,10,15,0,0.81,0,25,230670.67
CUST0090,27,Male,Employed,Fixed Deposit,18,3,473301,14,4,7,0,0.57,1,11,157767.0
CUST1962,47,Male,Self-employed,Savings,158,1,166551,10,6,6,2,0.53,0,12,166551.0
CUST0376,40,Female,Employed,Savings,154,4,25139,13,12,10,0,0.71,0,22,6284.75
CUST2005,24,Female,Self-employed,Current,82,1,60526,21,14,10,1,0.98,0,24,60526.0
CUST0633,18,Male,Employed,Fixed Deposit,142,4,288562,18,9,10,0,0.93,0,19,72140.5
CUST0606,37,Male,Employed,Savings,140,3,47084,14,7,9,0,0.63,1,16,15694.67
CUST2060,28,Female,Self-employed,Savings,40,1,33119,15,9,14,1,0.86,0,23,33119.0
CUST2540,49,Female,Employed,Current,60,1,65965,16,9,8,1,0.68,0,17,65965.0
CUST0960,27,Female,Unemployed,Savings,83,3,463713,16,13,9,1,0.92,0,22,154571.0
CUST2593,42,Female,Self-employed,Savings,25,1,112499,19,6,12,3,0.98,1,18,112499.0
CUST0152,44,Male,Employed,Savings,105,4,42243,19,7,13,0,0.81,1,20,10560.75
CUST2057,43,Female,Employed,Current,104,3,1074,10,9,7,0,0.87,0,16,358.0
CUST0352,18,Female,Self-employed,Savings,176,1,362820,9,5,11,0,0.79,0,16,362820.0
CUST0706,20,Male,Employed,Fixed Deposit,166,1,256293,11,7,8,1,0.93,0,15,256293.0
CUST0384,30,Female,Self-employed,Current,178,3,90514,10,8,10,0,0.96,0,18,30171.33
CUST0287,45,Male,Employed,Current,180,1,79636,18,5,11,0,0.79,0,16,79636.0
CUST2108,47,Male,Employed,Savings,36,1,157841,14,8,5,0,0.56,0,13,157841.0
CUST2422,54,Male,Employed,Savings,64,2,43873,17,4,8,0,0.7,0,12,21936.5
CUST0737,26,Male,Employed,Savings,51,4,198206,18,7,6,0,0.8,1,13,49551.5
CUST2455,28,Male,Employed,Current,127,1,890509,15,8,13,1,0.7,1,21,890509.0
CUST1957,35,Female,Employed,Current,88,2,14783,17,10,11,0,0.87,0,21,7391.5
CUST1226,47,Male,Employed,Savings,30,1,61649,8,9,13,0,0.81,0,22,61649.0
CUST1707,18,Female,Employed,Savings,160,1,105009,18,7,21,0,0.96,0,28,105009.0
CUST1191,52,Male,Employed,Current,127,2,223714,11,12,9,0,0.59,0,21,111857.0
CUST0915,18,Male,Self-employed,Current,143,3,9661,16,4,14,0,0.73,0,18,3220.33
CUST2180,46,Male,Self-employed,Current,87,1,110032,15,5,13,1,0.86,0,18,110032.0
CUST1203,39,Female,Self-employed,Savings,36,1,40076,17,9,10,1,0.51,0,19,40076.0
CUST2211,28,Male,Employed,Current,164,2,122842,12,8,11,0,0.59,0,19,61421.0
CUST0925,35,Female,Employed,Current,155,1,46935,15,9,11,0,0.6,1,20,46935.0
CUST1613,41,Female,Employed,Current,67,1,17644,7,8,9,0,0.95,0,17,17644.0
CUST2532,39,Male,Self-employed,Savings,20,1,266526,16,7,11,0,0.53,0,18,266526.0
CUST1492,43,Male,Employed,Savings,145,3,10721,15,14,8,0,0.59,0,22,3573.67
CUST1334,50,Female,Self-employed,Savings,77,1,3838,17,11,11,0,0.84,0,22,3838.0
CUST2278,39,Male,Self-employed,Current,109,1,61520,17,6,11,0,0.96,0,17,61520.0
CUST0323,20,Male,Employed,Current,76,1,12434,9,8,5,0,0.78,0,13,12434.0
CUST1881,36,Female,Employed,Current,105,1,105811,15,12,9,0,0.84,0,21,105811.0
CUST2261,18,Female,Employed,Current,98,2,52464,17,10,8,0,0.74,0,18,26232.0
CUST2357,33,Female,Self-employed,Savings,131,4,1009,9,6,11,0,0.78,0,17,252.25
CUST1448,27,Female,Self-employed,Savings,59,3,107272,9,11,11,0,0.51,1,22,35757.33
CUST1669,26,Female,Employed,Savings,78,3,339646,11,11,12,0,0.91,0,23,113215.33
CUST0467,29,Male,Employed,Savings,86,2,500,10,16,14,0,0.8,1,30,250.0
CUST0492,70,Female,Unemployed,Current,65,3,166356,21,7,7,0,0.69,0,14,55452.0
CUST1886,25,Female,Unemployed,Savings,137,4,53558,21,11,8,1,0.51,0,19,13389.5
CUST2193,26,Female,Employed,Current,147,1,88736,11,10,16,0,0.83,0,26,88736.0
CUST2304,31,Male,Employed,Savings,21,4,77522,15,3,11,0,0.51,0,14,19380.5
CUST2146,31,Female,Employed,Savings,57,3,141791,16,5,14,0,0.78,0,19,47263.67
CUST1553,69,Male,Employed,Savings,36,1,87983,9,9,8,1,0.78,0,17,87983.0
CUST1291,35,Female,Employed,Current,93,2,43872,6,8,13,0,0.71,1,21,21936.0
CUST1294,34,Female,Unemployed,Savings,128,2,13739,14,4,8,1,0.77,0,12,6869.5
CUST1384,30,Male,Employed,Current,57,2,61831,15,4,9,0,0.72,1,13,30915.5
CUST2209,46,Male,Employed,Fixed Deposit,40,1,76761,20,11,13,0,0.58,0,24,76761.0
CUST0674,33,Male,Employed,Savings,78,3,205335,17,6,9,0,0.7,0,15,68445.0
CUST1984,40,Female,Employed,Savings,168,3,19533,5,10,13,1,0.84,0,23,6511.0
CUST2186,36,Male,Employed,Savings,154,1,34639,14,8,9,0,0.8,0,17,34639.0
CUST1762,19,Male,Self-employed,Fixed Deposit,135,1,117000,7,9,2,0,0.57,0,11,117000.0
CUST2941,27,Male,Employed,Savings,137,4,24364,14,4,14,0,0.84,0,18,6091.0
CUST1211,38,Female,Self-employed,Current,107,4,324313,13,2,9,0,0.74,0,11,81078.25
CUST1057,36,Male,Employed,Fixed Deposit,90,2,33199,16,7,10,0,0.81,0,17,16599.5
CUST2286,27,Female,Self-employed,Current,34,3,44679,15,10,10,0,0.55,1,20,14893.0
CUST2987,44,Male,Employed,Savings,131,4,190815,21,13,8,0,0.76,0,21,47703.75
CUST0118,44,Male,Employed,Savings,88,2,660749,12,1,10,0,0.78,0,11,330374.5
CUST2827,32,Male,Employed,Savings,40,3,155780,16,9,7,0,0.64,0,16,51926.67
CUST1864,43,Female,Unemployed,Savings,90,3,22458,14,6,9,0,0.61,0,15,7486.0
CUST0772,33,Female,Unemployed,Current,93,1,88938,9,9,15,0,0.71,0,24,88938.0
CUST2636,37,Female,Employed,Current,89,1,145485,19,3,3,0,0.87,0,6,145485.0
CUST0303,43,Female,Employed,Savings,146,1,27562,8,9,8,1,0.57,0,17,27562.0
CUST2062,41,Male,Self-employed,Savings,147,1,70455,13,6,9,0,0.95,0,15,70455.0
CUST2635,27,Female,Self-employed,Savings,96,3,37840,15,5,14,0,0.97,0,19,12613.33
CUST0433,39,Male,Self-employed,Savings,42,3,632102,19,6,11,0,0.52,1,17,210700.67
CUST2461,30,Male,Self-employed,Fixed Deposit,122,4,103153,17,4,14,0,0.5,1,18,25788.25
CUST0422,33,Female,Employed,Savings,107,2,140548,15,12,7,0,0.72,0,19,70274.0
CUST2284,26,Female,Self-employed,Savings,129,1,4673,16,10,13,1,0.88,0,23,4673.0
CUST1299,35,Male,Employed,Savings,145,3,700927,22,9,12,0,0.63,0,21,233642.33
CUST0049,44,Male,Employed,Current,62,1,195955,13,7,10,0,0.65,0,17,195955.0
CUST1349,32,Male,Employed,Current,72,1,7878,12,5,11,0,0.73,1,16,7878.0
CUST1777,42,Female,Self-employed,Savings,38,1,142978,19,9,7,0,0.91,1,16,142978.0
CUST0216,34,Male,Employed,Current,25,1,42822,13,3,10,0,0.8,0,13,42822.0
CUST2302,41,Male,Employed,Savings,105,1,75683,20,5,11,0,0.67,1,16,75683.0
CUST0144,19,Female,Employed,Savings,13,3,75777,20,15,11,0,0.67,0,26,25259.0
CUST1899,28,Male,Employed,Current,106,3,5106,12,7,10,0,0.71,0,17,1702.0
CUST1765,31,Male,Employed,Current,141,1,17520,14,5,12,0,0.55,0,17,17520.0
CUST2894,38,Female,Self-employed,Current,176,1,49029,11,3,14,0,0.56,0,17,49029.0
CUST2687,40,Male,Employed,Savings,86,1,15344,10,4,12,0,0.89,0,16,15344.0
CUST1726,30,Male,Self-employed,Fixed Deposit,127,3,68952,8,5,8,1,0.57,0,13,22984.0
CUST1003,25,Female,Self-employed,Savings,35,1,216056,16,7,10,1,0.64,1,17,216056.0
CUST1144,28,Male,Employed,Fixed Deposit,38,3,6268,16,5,6,0,0.98,0,11,2089.33
CUST2989,22,Male,Employed,Savings,51,3,284447,16,11,6,1,0.66,0,17,94815.67
CUST2046,46,Male,Unemployed,Savings,26,4,258530,16,9,8,0,0.54,0,17,64632.5
CUST2676,39,Female,Employed,Savings,164,2,81605,13,6,12,1,0.75,0,18,40802.5
CUST1604,35,Male,Employed,Current,55,1,183237,17,7,12,0,0.67,0,19,183237.0
CUST0580,25,Female,Employed,Savings,22,2,189134,16,12,10,1,0.77,1,22,94567.0
CUST1120,37,Female,Self-employed,Savings,158,1,307602,12,7,9,0,0.83,0,16,307602.0
CUST1493,18,Female,Employed,Savings,38,2,182128,15,7,12,1,1.0,0,19,91064.0
CUST2740,31,Female,Self-employed,Savings,38,1,22470,17,7,14,0,0.58,0,21,22470.0
CUST0070,32,Female,Self-employed,Savings,65,1,138456,16,8,15,0,0.5,0,23,138456.0
CUST0810,32,Female,Self-employed,Current,141,1,54451,13,8,17,0,0.68,0,25,54451.0
CUST1787,39,Male,Employed,Savings,168,3,157542,10,16,17,0,0.67,0,33,52514.0
CUST0075,47,Male,Employed,Savings,74,1,115011,16,6,13,0,0.56,0,19,115011.0
CUST2344,34,Male,Self-employed,Current,123,2,287771,11,10,6,0,0.99,0,16,143885.5
CUST2453,29,Female,Self-employed,Current,158,1,184926,18,7,6,1,0.82,0,13,184926.0
CUST0741,23,Female,Employed,Savings,93,4,361761,15,4,14,0,0.69,0,18,90440.25
CUST2131,38,Male,Self-employed,Current,160,3,112501,13,8,11,0,0.94,0,19,37500.33
CUST0299,31,Female,Self-employed,Savings,146,1,99855,22,12,13,0,0.56,0,25,99855.0
CUST2627,41,Male,Self-employed,Current,152,1,297065,18,8,6,0,0.86,0,14,297065.0
CUST0816,26,Female,Employed,Savings,23,1,127241,11,5,9,2,0.82,1,14,127241.0
CUST2580,32,Male,Self-employed,Fixed Deposit,122,4,148013,17,5,20,0,0.87,0,25,37003.25
CUST2304,22,Female,Self-employed,Current,180,3,694826,17,11,13,0,0.89,0,24,231608.67
CUST2650,41,Female,Self-employed,Current,100,1,575602,13,2,10,0,0.68,0,12,575602.0
CUST1156,33,Female,Employed,Current,115,1,229519,14,3,7,0,0.85,0,10,229519.0
CUST2265,63,Female,Self-employed,Savings,160,1,186896,14,9,10,0,0.68,0,19,186896.0
CUST0765,31,Male,Employed,Savings,52,2,51557,20,2,10,0,0.72,1,12,25778.5
CUST1105,27,Female,Employed,Savings,59,1,278688,10,3,13,0,0.59,1,16,278688.0
CUST0725,55,Female,Self-employed,Savings,24,1,184018,11,2,14,0,0.57,0,16,184018.0
CUST2596,54,Male,Employed,Savings,178,2,46831,11,11,15,1,0.93,0,26,23415.5
CUST2705,50,Female,Employed,Current,161,1,55219,13,4,14,0,0.74,0,18,55219.0
CUST0249,38,Male,Self-employed,Fixed Deposit,97,4,141422,13,7,10,1,0.97,0,17,35355.5
CUST2629,42,Male,Employed,Savings,57,2,259847,21,8,13,1,0.92,0,21,129923.5
CUST1161,44,Female,Employed,Fixed Deposit,68,4,237443,15,12,10,0,0.98,1,22,59360.75
CUST0799,46,Male,Unemployed,Savings,17,4,442300,17,9,6,1,0.79,1,15,110575.0
CUST2345,28,Male,Employed,Current,36,1,73678,9,6,10,0,0.73,0,16,73678.0
CUST0415,27,Male,Employed,Savings,35,1,41986,23,17,9,0,0.91,0,26,41986.0
CUST1571,46,Female,Employed,Fixed Deposit,180,3,232359,17,4,9,0,0.68,0,13,77453.0
CUST2121,23,Male,Employed,Savings,33,3,18467,19,13,16,1,0.66,0,29,6155.67
CUST1958,39,Male,Employed,Savings,54,1,213451,17,7,14,0,0.7,0,21,213451.0
CUST2642,28,Male,Employed,Savings,135,2,115827,20,8,8,1,0.92,0,16,57913.5
CUST0913,55,Female,Self-employed,Savings,42,2,247383,15,8,15,0,0.86,0,23,123691.5
CUST0175,45,Male,Employed,Savings,95,1,27148,13,11,8,0,0.81,1,19,27148.0
CUST1629,40,Male,Employed,Savings,118,2,10805,15,11,11,0,0.73,0,22,5402.5
CUST0234,37,Male,Self-employed,Savings,101,2,55395,10,8,13,0,0.67,0,21,27697.5
CUST1296,27,Male,Employed,Current,45,2,100142,14,9,15,0,0.69,1,24,50071.0
CUST0993,30,Male,Employed,Savings,163,1,97574,17,11,12,1,0.64,0,23,97574.0
CUST1167,36,Female,Employed,Current,156,2,222438,17,10,15,1,0.69,0,25,111219.0
CUST1371,37,Female,Employed,Savings,67,1,41056,17,5,12,0,0.96,0,17,41056.0
CUST2198,38,Male,Unemployed,Savings,37,3,164780,14,5,6,0,0.86,0,11,54926.67
CUST0214,18,Male,Unemployed,Current,144,2,124565,14,10,11,1,0.82,0,21,62282.5
CUST1222,39,Female,Unemployed,Savings,121,1,163157,11,6,12,0,0.75,0,18,163157.0
CUST0773,41,Female,Employed,Savings,60,1,252839,13,8,15,1,0.69,1,23,252839.0
CUST2522,46,Male,Employed,Current,32,2,45476,12,7,8,0,0.97,1,15,22738.0
CUST1545,51,Female,Employed,Savings,120,2,207539,16,11,11,0,0.52,0,22,103769.5
CUST1823,44,Female,Employed,Fixed Deposit,116,2,197069,8,6,17,0,0.71,0,23,98534.5
CUST2115,45,Female,Unemployed,Savings,56,3,160882,13,15,10,0,0.82,0,25,53627.33
CUST2357,30,Female,Employed,Savings,18,2,8474,12,5,9,1,0.81,0,14,4237.0
CUST2071,26,Male,Unemployed,Savings,154,3,350123,21,9,10,0,0.79,0,19,116707.67
CUST2006,51,Female,Employed,Savings,61,2,48394,10,7,12,0,0.77,0,19,24197.0
CUST0314,18,Female,Self-employed,Savings,129,2,120942,17,9,9,0,0.79,0,18,60471.0
CUST1431,38,Male,Self-employed,Current,127,1,41654,12,7,9,1,0.92,0,16,41654.0
CUST2553,35,Male,Employed,Savings,115,2,214784,13,9,8,0,0.95,0,17,107392.0
CUST1139,39,Female,Self-employed,Current,35,4,65542,17,5,6,0,0.53,1,11,16385.5
CUST2841,43,Female,Employed,Savings,25,3,500,13,7,11,0,0.7,0,18,166.67
CUST0294,21,Male,Employed,Savings,77,3,131619,11,9,9,0,0.99,1,18,43873.0
CUST1566,43,Female,Employed,Savings,175,1,10846,13,6,9,0,0.62,0,15,10846.0
CUST2024,34,Male,Employed,Current,74,1,20147,18,6,10,0,0.57,0,16,20147.0
CUST0502,39,Female,Self-employed,Current,95,2,46136,14,11,11,0,0.54,1,22,23068.0
CUST0721,27,Female,Self-employed,Savings,143,2,181954,17,5,7,0,0.8,0,12,90977.0
CUST0884,39,Female,Self-employed,Fixed Deposit,148,1,8373,14,10,8,0,0.98,0,18,8373.0
CUST1606,35,Male,Employed,Savings,50,4,390676,12,5,16,0,0.83,0,21,97669.0
CUST1178,18,Male,Employed,Savings,84,3,162666,14,5,9,1,0.67,1,14,54222.0
CUST2087,52,Female,Unemployed,Savings,46,2,79400,13,5,15,0,0.56,0,20,39700.0
CUST2400,56,Female,Employed,Savings,164,1,158070,16,9,16,0,0.9,0,25,158070.0
CUST1662,46,Female,Employed,Savings,64,3,105035,12,6,9,0,0.65,0,15,35011.67
CUST1982,31,Female,Employed,Current,174,2,60537,14,8,6,0,0.81,0,14,30268.5
CUST0353,29,Male,Employed,Savings,163,3,92984,19,5,13,2,0.73,0,18,30994.67
CUST1651,46,Female,Employed,Current,126,1,57342,21,13,7,1,0.56,0,20,57342.0
CUST0328,44,Male,Employed,Current,151,2,53564,13,7,12,0,0.91,0,19,26782.0
CUST0408,32,Male,Employed,Savings,121,2,86593,10,13,13,1,0.51,1,26,43296.5
CUST2183,47,Male,Employed,Current,127,3,129377,14,6,6,0,0.75,0,12,43125.67
CUST1953,37,Male,Employed,Current,89,4,31591,30,12,9,0,0.51,0,21,7897.75
CUST2776,37,Female,Self-employed,Fixed Deposit,155,1,655515,9,9,13,0,0.65,0,22,655515.0
CUST2255,35,Male,Employed,Savings,58,2,38920,17,6,12,0,0.73,0,18,19460.0
CUST1499,23,Male,Employed,Savings,157,2,51172,19,4,11,0,0.95,0,15,25586.0
CUST1304,23,Male,Employed,Current,137,2,54661,8,4,11,0,0.6,0,15,27330.5
CUST0599,29,Female,Unemployed,Current,97,1,55368,11,13,14,0,0.55,0,27,55368.0
CUST0889,40,Female,Employed,Current,38,2,21404,17,5,9,1,0.55,0,14,10702.0
CUST0046,38,Male,Self-employed,Savings,125,1,444560,21,9,5,0,0.76,0,14,444560.0
CUST0027,47,Female,Employed,Fixed Deposit,28,1,68224,21,10,10,1,0.88,1,20,68224.0
CUST1420,26,Male,Self-employed,Savings,49,3,22264,18,7,10,0,0.84,1,17,7421.33
CUST1073,34,Male,Employed,Savings,46,2,199034,16,14,10,0,0.65,0,24,99517.0
CUST1160,30,Male,Employed,Current,163,2,46022,13,13,8,1,0.88,0,21,23011.0
CUST0854,37,Male,Self-employed,Savings,24,2,63519,12,3,6,0,0.87,0,9,31759.5
CUST2658,41,Female,Self-employed,Current,174,1,62031,16,6,9,1,0.61,0,15,62031.0
CUST0901,52,Male,Employed,Savings,116,2,32591,17,10,10,0,0.98,0,20,16295.5
CUST0077,52,Female,Self-employed,Savings,62,3,320068,14,5,8,0,0.52,0,13,106689.33
CUST1747,54,Male,Self-employed,Savings,16,4,3370,12,7,8,0,0.53,0,15,842.5
CUST2655,41,Male,Employed,Fixed Deposit,114,2,22575,12,5,8,0,0.85,1,13,11287.5
CUST2970,53,Female,Employed,Savings,125,2,201984,16,14,11,0,0.63,1,25,100992.0
CUST2068,24,Male,Employed,Savings,133,2,7107,20,6,13,1,0.68,0,19,3553.5
CUST1693,36,Female,Employed,Savings,101,4,201078,19,14,12,0,0.58,0,26,50269.5
CUST0137,32,Female,Self-employed,Current,76,4,232108,15,3,12,0,0.59,0,15,58027.0
CUST0725,43,Female,Employed,Savings,26,2,301282,14,10,7,0,0.92,1,17,150641.0
CUST2273,33,Male,Self-employed,Fixed Deposit,163,4,372225,13,9,12,0,0.94,0,21,93056.25
CUST1279,48,Female,Employed,Savings,41,1,72808,16,6,10,0,0.9,0,16,72808.0
CUST1585,40,Female,Employed,Current,138,3,208035,13,5,10,0,0.64,0,15,69345.0
CUST0946,27,Female,Self-employed,Current,178,1,45563,16,5,9,0,0.82,1,14,45563.0
CUST0651,47,Male,Employed,Current,164,2,217550,18,10,12,1,0.91,0,22,108775.0
CUST0354,23,Female,Self-employed,Savings,145,2,2761,20,6,13,0,0.57,0,19,1380.5
CUST2251,44,Female,Unemployed,Current,30,1,86747,6,6,16,1,0.78,0,22,86747.0
CUST2521,27,Male,Employed,Fixed Deposit,176,2,854269,17,11,13,0,0.74,0,24,427134.5
CUST1137,41,Male,Unemployed,Fixed Deposit,105,2,218739,16,3,13,0,0.64,0,16,109369.5
CUST0242,47,Female,Self-employed,Savings,37,2,551954,17,6,9,0,0.98,1,15,275977.0
CUST0223,39,Female,Self-employed,Savings,22,3,98942,10,6,14,0,0.74,1,20,32980.67
CUST0980,43,Male,Employed,Current,131,3,162596,21,5,8,0,0.77,0,13,54198.67
CUST0232,28,Female,Employed,Current,92,2,157816,19,12,5,1,0.66,0,17,78908.0
CUST0037,34,Male,Self-employed,Savings,179,3,309972,19,9,10,0,0.84,0,19,103324.0
CUST0605,46,Male,Employed,Current,137,1,75005,8,8,11,0,0.98,0,19,75005.0
CUST0049,27,Female,Employed,Current,166,2,43324,15,16,3,0,0.73,0,19,21662.0
CUST0967,25,Male,Self-employed,Savings,24,3,393566,22,11,13,0,0.98,0,24,131188.67
CUST2710,33,Female,Employed,Savings,159,2,547154,14,14,14,0,0.59,0,28,273577.0
CUST2732,34,Male,Self-employed,Savings,75,2,218222,14,8,12,0,1.0,0,20,109111.0
CUST0767,35,Male,Unemployed,Savings,27,1,26569,11,11,13,0,0.83,0,24,26569.0
CUST0992,58,Male,Self-employed,Current,139,1,81870,13,4,8,0,0.8,0,12,81870.0
CUST1803,20,Female,Self-employed,Savings,59,1,192773,18,5,4,0,0.96,1,9,192773.0
CUST2322,26,Male,Employed,Savings,31,1,493667,10,5,6,0,0.6,1,11,493667.0
CUST2687,27,Female,Self-employed,Savings,82,1,392171,16,12,10,0,0.8,1,22,392171.0
CUST0899,49,Female,Self-employed,Current,132,2,675384,13,10,9,0,0.9,1,19,337692.0
CUST1467,48,Female,Employed,Current,74,2,309733,18,5,12,0,0.85,0,17,154866.5
CUST0817,26,Female,Self-employed,Savings,39,1,110060,11,4,12,0,0.68,0,16,110060.0
CUST2886,24,Female,Self-employed,Current,157,1,28191,17,1,8,1,0.63,0,9,28191.0
CUST2078,32,Female,Self-employed,Savings,118,2,371223,16,9,9,0,0.65,0,18,185611.5
CUST0198,18,Female,Employed,Current,36,1,95038,19,8,12,0,0.91,0,20,95038.0
CUST0804,40,Female,Self-employed,Savings,23,1,13113,11,10,8,0,0.72,0,18,13113.0
CUST2717,34,Male,Self-employed,Savings,164,4,38672,18,8,10,0,0.81,0,18,9668.0
CUST1829,18,Male,Self-employed,Current,43,1,6635,14,8,4,1,0.68,0,12,6635.0
CUST2237,33,Male,Employed,Savings,140,2,169174,18,11,13,0,0.96,0,24,84587.0
CUST0878,35,Female,Employed,Current,147,2,303358,15,6,12,2,0.5,0,18,151679.0
CUST2474,43,Male,Employed,Fixed Deposit,124,2,765533,26,2,7,0,0.97,0,9,382766.5
CUST0182,34,Male,Employed,Savings,173,1,302562,13,6,12,0,0.62,0,18,302562.0
CUST0958,49,Female,Employed,Current,114,1,45061,12,8,10,0,0.99,0,18,45061.0
CUST2543,32,Female,Employed,Savings,37,3,168584,9,6,11,0,0.6,0,17,56194.67
CUST1568,38,Female,Employed,Current,145,2,117710,13,9,11,0,0.74,0,20,58855.0
CUST2945,39,Female,Employed,Savings,87,2,228007,14,8,6,0,0.52,0,14,114003.5
CUST0674,39,Female,Self-employed,Savings,42,1,32976,17,6,6,0,0.9,0,12,32976.0
CUST1290,42,Male,Employed,Current,96,2,125661,16,8,13,0,0.77,0,21,62830.5
CUST0837,47,Female,Unemployed,Current,16,1,464898,18,5,12,1,0.63,0,17,464898.0
CUST0183,56,Female,Employed,Savings,46,4,37988,13,7,13,0,0.62,0,20,9497.0
CUST2513,22,Male,Self-employed,Current,131,2,78336,16,17,5,0,0.76,0,22,39168.0
CUST2801,24,Male,Unemployed,Savings,141,2,183424,10,10,12,0,0.67,0,22,91712.0
CUST1658,39,Female,Employed,Savings,138,1,122678,21,11,9,0,0.81,0,20,122678.0
CUST2674,30,Female,Self-employed,Savings,94,4,79254,12,9,7,1,0.88,0,16,19813.5
CUST1154,48,Male,Unemployed,Savings,114,1,76481,16,5,10,1,0.52,0,15,76481.0
CUST1435,20,Female,Employed,Current,179,3,40030,21,11,14,0,0.8,0,25,13343.33
CUST1279,39,Male,Employed,Current,140,2,39850,9,8,5,0,0.84,1,13,19925.0
CUST1854,39,Male,Employed,Savings,50,1,919282,18,10,7,0,0.57,0,17,919282.0
CUST1856,44,Female,Employed,Current,38,3,35508,12,9,5,0,0.78,0,14,11836.0
CUST0613,44,Male,Employed,Fixed Deposit,84,3,333736,18,8,7,0,0.84,1,15,111245.33
CUST2641,36,Female,Employed,Savings,20,1,780610,18,9,6,0,0.88,1,15,780610.0
CUST1774,18,Female,Employed,Savings,144,3,107681,12,9,5,0,0.79,0,14,35893.67
CUST1123,38,Female,Employed,Fixed Deposit,98,1,15864,11,7,12,0,0.97,1,19,15864.0
CUST1450,39,Male,Employed,Current,80,1,236326,13,4,16,0,0.72,0,20,236326.0
CUST0185,18,Male,Employed,Fixed Deposit,135,1,60740,21,7,6,0,0.91,0,13,60740.0
CUST1886,46,Female,Self-employed,Savings,55,1,235705,18,14,7,1,0.86,0,21,235705.0
CUST2099,36,Female,Self-employed,Current,65,1,1498,22,6,11,0,0.51,1,17,1498.0
CUST1762,24,Female,Unemployed,Current,146,2,110743,14,12,10,0,0.9,0,22,55371.5
CUST1481,38,Female,Employed,Savings,31,1,25089,18,4,6,1,0.99,1,10,25089.0
CUST2675,45,Female,Unemployed,Savings,155,4,1747,17,10,8,0,0.78,0,18,436.75
CUST1458,41,Female,Self-employed,Current,179,2,65760,18,5,13,0,0.81,0,18,32880.0
CUST0329,31,Male,Employed,Savings,179,3,66158,13,12,12,0,0.65,0,24,22052.67
CUST0318,59,Female,Employed,Savings,92,1,298363,20,10,10,1,0.65,1,20,298363.0
CUST2682,33,Male,Employed,Savings,17,3,99878,11,12,12,0,0.51,0,24,33292.67
CUST1722,38,Female,Employed,Savings,173,1,73328,16,3,9,0,0.62,0,12,73328.0
CUST2030,40,Female,Self-employed,Savings,152,1,271318,18,8,10,0,0.73,0,18,271318.0
CUST2991,44,Female,Self-employed,Savings,146,3,9849,5,9,12,0,0.84,0,21,3283.0
CUST1056,43,Female,Employed,Current,165,2,53245,15,13,7,0,0.99,0,20,26622.5
CUST0102,35,Male,Employed,Savings,128,2,47686,17,10,4,0,0.93,1,14,23843.0
CUST2172,24,Female,Employed,Savings,149,1,42607,8,12,13,0,0.79,0,25,42607.0
CUST2036,39,Female,Employed,Savings,146,3,255222,18,5,15,0,0.83,0,20,85074.0
CUST1474,42,Male,Employed,Savings,77,2,177188,21,12,11,0,0.86,0,23,88594.0
CUST1426,31,Male,Self-employed,Current,25,2,394907,17,10,8,0,0.82,1,18,197453.5
CUST2119,44,Male,Self-employed,Current,92,2,59931,15,13,7,0,0.92,0,20,29965.5
CUST0859,36,Female,Self-employed,Savings,166,2,182835,13,6,13,0,0.78,1,19,91417.5
CUST1607,40,Female,Employed,Fixed Deposit,113,4,623106,9,8,7,0,0.57,0,15,155776.5
CUST1572,28,Male,Unemployed,Current,101,1,122404,23,7,11,0,0.59,0,18,122404.0
CUST1861,46,Female,Employed,Current,104,3,93107,22,9,8,0,0.69,0,17,31035.67
CUST2431,22,Male,Unemployed,Current,125,1,256434,22,12,10,0,0.6,0,22,256434.0
CUST1307,56,Male,Employed,Fixed Deposit,115,1,49799,14,11,7,0,0.53,0,18,49799.0
CUST2015,33,Female,Self-employed,Savings,75,3,62371,19,8,7,0,0.66,1,15,20790.33
CUST2460,25,Female,Employed,Current,37,1,139816,9,8,9,0,0.87,1,17,139816.0
CUST1569,18,Male,Employed,Savings,110,1,428107,16,6,14,3,0.65,0,20,428107.0
CUST2592,33,Female,Self-employed,Current,20,1,160182,14,14,8,1,0.79,0,22,160182.0
CUST0249,37,Female,Self-employed,Current,179,2,151777,10,7,12,0,0.51,0,19,75888.5
CUST0855,29,Female,Employed,Fixed Deposit,123,3,43667,12,8,11,0,0.58,0,19,14555.67
CUST1621,33,Male,Employed,Savings,68,1,114155,18,5,12,0,0.77,0,17,114155.0
CUST2238,22,Female,Employed,Savings,19,3,1398,17,4,5,0,0.51,0,9,466.0
CUST1632,45,Female,Self-employed,Current,68,1,228803,15,12,10,1,0.89,0,22,228803.0
CUST1010,33,Male,Unemployed,Savings,156,2,93874,9,8,13,0,0.81,1,21,46937.0
CUST1064,38,Male,Employed,Current,61,2,184080,12,12,17,0,0.89,0,29,92040.0
CUST2784,56,Male,Employed,Savings,65,2,87234,17,9,13,0,0.92,0,22,43617.0
CUST1806,45,Female,Employed,Savings,28,1,58501,17,12,14,0,0.78,0,26,58501.0
CUST2410,23,Male,Employed,Current,14,3,114990,8,7,9,0,0.67,0,16,38330.0
CUST1976,46,Male,Employed,Current,45,1,142367,13,6,6,0,0.92,0,12,142367.0
CUST0816,18,Female,Employed,Savings,57,2,128579,6,8,12,0,0.78,1,20,64289.5
CUST0601,64,Male,Self-employed,Current,131,3,7653,14,9,9,0,0.59,0,18,2551.0
CUST1283,50,Female,Employed,Fixed Deposit,28,1,441204,14,5,3,1,0.59,0,8,441204.0
CUST0886,19,Male,Self-employed,Savings,106,2,45286,18,12,9,2,0.65,1,21,22643.0
CUST1815,27,Male,Employed,Current,49,2,100877,15,5,9,0,0.98,0,14,50438.5
CUST0587,51,Male,Employed,Current,167,2,99046,15,7,12,0,0.76,0,19,49523.0
CUST2365,23,Male,Employed,Savings,17,1,13649,11,13,9,0,0.55,1,22,13649.0
CUST1342,59,Female,Employed,Savings,98,4,36691,13,11,16,0,0.7,0,27,9172.75
CUST0707,48,Male,Self-employed,Savings,60,2,146557,16,13,11,0,0.81,0,24,73278.5
CUST2952,43,Male,Self-employed,Current,151,1,6435,14,4,10,0,0.79,0,14,6435.0
CUST2236,52,Female,Unemployed,Savings,80,2,144777,10,11,12,0,0.54,0,23,72388.5
CUST0347,37,Female,Employed,Savings,89,1,79918,15,8,9,0,0.71,0,17,79918.0
CUST1073,46,Male,Employed,Savings,22,1,45143,15,10,10,0,0.5,1,20,45143.0
CUST1881,29,Male,Employed,Fixed Deposit,156,3,9150,16,8,6,1,0.87,0,14,3050.0
CUST2972,43,Female,Employed,Current,43,3,5266,15,12,11,1,0.95,0,23,1755.33
CUST1836,25,Male,Self-employed,Savings,123,1,284632,13,17,16,0,0.67,0,33,284632.0
CUST0745,30,Female,Employed,Savings,163,3,134408,24,3,8,0,0.97,0,11,44802.67
CUST0543,33,Male,Unemployed,Current,74,2,227650,13,8,9,0,0.51,0,17,113825.0
CUST0845,47,Male,Employed,Savings,44,1,416680,25,6,21,0,0.66,0,27,416680.0
CUST1961,37,Female,Self-employed,Fixed Deposit,51,4,62742,18,10,14,0,0.7,0,24,15685.5
CUST2635,30,Male,Employed,Current,92,3,76889,9,10,5,1,0.62,0,15,25629.67
CUST2745,25,Male,Employed,Current,89,4,240065,10,11,9,1,0.65,0,20,60016.25
CUST1582,28,Male,Self-employed,Current,63,1,6186,21,10,6,0,0.92,0,16,6186.0
CUST2355,38,Male,Self-employed,Savings,161,1,2197,16,5,14,0,0.54,0,19,2197.0
CUST0572,39,Male,Self-employed,Current,23,1,305840,18,8,9,0,0.55,0,17,305840.0
CUST1854,32,Male,Self-employed,Savings,135,1,48567,24,9,10,0,0.92,1,19,48567.0
CUST1909,28,Male,Employed,Savings,100,2,104224,12,8,13,0,0.57,0,21,52112.0
CUST1847,18,Male,Self-employed,Fixed Deposit,163,1,123715,14,4,11,0,0.85,0,15,123715.0
CUST2162,39,Male,Self-employed,Savings,165,1,34041,12,14,11,0,0.51,0,25,34041.0
CUST2931,35,Male,Employed,Current,146,2,113546,8,5,15,0,0.6,0,20,56773.0
CUST2522,34,Female,Employed,Fixed Deposit,81,1,345543,12,7,8,0,0.63,0,15,345543.0
CUST2037,18,Female,Self-employed,Savings,36,3,153119,14,11,7,0,1.0,0,18,51039.67
CUST1892,34,Female,Employed,Fixed Deposit,134,2,24527,20,14,10,0,0.94,1,24,12263.5
CUST1853,53,Male,Employed,Fixed Deposit,137,2,371324,19,10,10,0,0.65,0,20,185662.0
CUST0220,53,Female,Employed,Current,42,2,233084,14,11,13,0,0.86,1,24,116542.0
CUST1915,35,Female,Employed,Current,28,1,99645,17,7,7,0,0.5,1,14,99645.0
CUST2512,18,Male,Employed,Savings,135,3,176299,13,9,17,0,0.67,0,26,58766.33
CUST1201,29,Female,Employed,Savings,45,2,191989,21,6,3,0,0.6,1,9,95994.5
CUST2370,52,Female,Employed,Savings,22,2,77833,12,6,12,0,0.64,0,18,38916.5
CUST1189,43,Female,Employed,Savings,136,1,326146,16,6,15,0,0.86,1,21,326146.0
CUST1299,32,Female,Employed,Savings,82,1,59423,23,8,11,1,0.8,0,19,59423.0
CUST0077,31,Male,Employed,Savings,63,3,104396,17,5,8,0,0.54,0,13,34798.67
CUST2151,34,Male,Employed,Savings,174,4,10820,23,9,17,1,0.65,0,26,2705.0
CUST1118,23,Male,Self-employed,Savings,56,1,348174,18,7,15,0,0.53,1,22,348174.0
CUST2437,36,Male,Employed,Fixed Deposit,138,1,14347,11,9,13,0,0.69,0,22,14347.0
CUST2192,27,Male,Employed,Current,100,1,60953,14,10,9,0,0.62,1,19,60953.0
CUST2668,21,Male,Self-employed,Current,40,3,954288,10,3,7,0,0.69,1,10,318096.0
CUST2027,27,Female,Employed,Savings,140,1,190798,14,6,14,0,0.6,0,20,190798.0
CUST0979,45,Male,Employed,Savings,97,2,491171,22,6,7,0,0.61,0,13,245585.5
CUST0492,18,Male,Self-employed,Current,68,2,24843,15,13,11,0,0.6,0,24,12421.5
CUST1197,40,Male,Employed,Savings,168,1,6480,16,11,11,0,0.92,0,22,6480.0
CUST1448,36,Female,Employed,Savings,176,1,86282,15,8,7,1,0.85,0,15,86282.0
CUST1062,31,Male,Self-employed,Savings,14,1,64214,19,4,10,0,0.84,1,14,64214.0
CUST2779,44,Female,Employed,Savings,104,1,77683,10,11,11,0,0.65,1,22,77683.0
CUST2263,41,Female,Self-employed,Savings,167,1,55422,14,6,10,0,0.96,0,16,55422.0
CUST1521,31,Female,Employed,Fixed Deposit,121,2,231068,19,6,7,2,0.92,0,13,115534.0
CUST1877,46,Female,Employed,Savings,142,3,361259,14,5,11,0,0.55,1,16,120419.67
CUST1472,44,Male,Self-employed,Fixed Deposit,133,1,131433,12,7,10,0,0.92,1,17,131433.0
CUST1939,39,Male,Employed,Savings,66,4,10991,14,7,6,0,0.57,0,13,2747.75
CUST0659,34,Male,Self-employed,Fixed Deposit,179,3,180170,10,3,7,0,0.51,0,10,60056.67
CUST1908,26,Female,Self-employed,Current,150,2,10731,10,8,9,1,0.59,0,17,5365.5
CUST2854,32,Male,Employed,Fixed Deposit,94,1,38278,11,11,6,1,0.85,0,17,38278.0
CUST2034,53,Female,Employed,Current,13,2,211542,17,9,8,0,0.63,0,17,105771.0
CUST2586,52,Male,Employed,Savings,38,1,135189,15,6,19,1,0.85,1,25,135189.0
CUST2789,28,Female,Employed,Savings,144,1,547842,11,8,11,0,0.57,0,19,547842.0
CUST0805,35,Male,Self-employed,Savings,79,3,16968,16,3,17,0,0.74,0,20,5656.0
CUST1056,32,Male,Employed,Current,29,4,45547,15,7,16,0,0.54,1,23,11386.75
CUST1832,45,Female,Self-employed,Savings,134,1,45895,22,10,11,1,0.52,1,21,45895.0
CUST2913,32,Female,Employed,Current,75,2,156669,14,9,13,1,0.9,0,22,78334.5
CUST0036,38,Male,Unemployed,Savings,132,4,107246,14,7,10,1,0.81,0,17,26811.5
CUST1586,35,Male,Employed,Savings,169,4,24973,17,3,8,1,0.67,1,11,6243.25
CUST0068,35,Female,Employed,Fixed Deposit,122,4,31648,16,16,9,0,0.98,1,25,7912.0
CUST1308,25,Female,Employed,Fixed Deposit,94,2,82758,5,6,11,0,0.99,1,17,41379.0
CUST1365,40,Male,Employed,Savings,135,1,89554,20,6,13,0,0.79,0,19,89554.0
CUST1846,35,Male,Employed,Current,97,1,23421,19,9,5,0,0.69,0,14,23421.0
CUST0567,31,Male,Employed,Savings,81,1,39646,13,7,10,0,0.78,0,17,39646.0
CUST2212,41,Male,Self-employed,Fixed Deposit,107,1,209942,16,12,11,0,0.8,1,23,209942.0
CUST1838,43,Female,Employed,Savings,157,3,36160,12,5,13,1,0.81,0,18,12053.33
CUST1436,25,Male,Employed,Savings,135,3,57900,12,7,6,0,0.75,0,13,19300.0
CUST0351,54,Male,Self-employed,Current,30,2,172531,18,6,6,1,0.64,1,12,86265.5
CUST1036,25,Female,Employed,Current,88,1,170360,18,5,11,0,0.93,0,16,170360.0
CUST0011,30,Male,Self-employed,Savings,169,2,1476,19,7,7,0,0.97,0,14,738.0
CUST1419,43,Female,Self-employed,Current,91,2,374453,21,6,7,0,0.99,0,13,187226.5
CUST1809,20,Female,Employed,Current,17,2,44351,14,4,15,0,0.8,1,19,22175.5
CUST2967,29,Female,Employed,Savings,68,3,152460,17,9,6,0,0.89,1,15,50820.0
CUST2530,42,Male,Employed,Current,125,1,5884,12,4,9,0,0.97,0,13,5884.0
CUST2948,56,Female,Self-employed,Savings,131,1,134713,15,9,10,0,0.55,0,19,134713.0
CUST2630,52,Female,Employed,Current,104,2,188953,15,7,14,0,0.86,0,21,94476.5
CUST1738,55,Male,Self-employed,Savings,43,3,16794,16,10,9,0,0.83,0,19,5598.0
CUST0723,46,Male,Unemployed,Savings,120,1,192662,16,10,11,0,0.81,0,21,192662.0
CUST0614,40,Female,Self-employed,Current,61,1,18330,13,11,7,0,0.73,0,18,18330.0
CUST2729,32,Female,Employed,Current,102,1,262252,10,10,18,0,0.7,1,28,262252.0
CUST0092,42,Female,Self-employed,Savings,101,3,189415,13,7,4,0,0.81,0,11,63138.33
CUST2936,29,Male,Self-employed,Current,152,3,185948,11,9,9,0,0.63,0,18,61982.67
CUST2608,18,Male,Self-employed,Savings,158,2,70303,15,10,10,0,0.62,0,20,35151.5
CUST1261,47,Male,Self-employed,Savings,65,1,98541,14,9,6,0,0.54,0,15,98541.0
CUST2889,30,Male,Employed,Fixed Deposit,141,1,129283,11,9,11,0,0.61,0,20,129283.0
CUST2311,42,Male,Employed,Savings,153,3,22762,12,7,9,1,0.99,0,16,7587.33
CUST0179,18,Male,Employed,Savings,85,2,17392,11,5,12,0,0.86,0,17,8696.0
CUST0408,18,Female,Self-employed,Savings,115,2,115227,18,5,14,0,0.88,1,19,57613.5
CUST2898,34,Male,Self-employed,Current,152,2,115517,12,7,10,0,0.65,0,17,57758.5
CUST0856,21,Female,Employed,Current,85,2,124806,18,4,12,0,0.51,0,16,62403.0
CUST0328,31,Female,Employed,Savings,116,2,191122,23,9,12,0,0.85,0,21,95561.0
CUST0380,30,Male,Employed,Savings,167,2,23163,14,14,8,1,0.61,0,22,11581.5
CUST2514,35,Female,Employed,Current,45,1,5490,22,7,8,0,0.8,0,15,5490.0
CUST0925,28,Male,Employed,Current,25,4,183592,23,8,11,0,0.9,1,19,45898.0
CUST1597,24,Male,Self-employed,Fixed Deposit,74,1,21556,28,4,6,0,0.64,0,10,21556.0
CUST0497,33,Female,Employed,Current,94,1,392677,13,6,13,0,0.57,0,19,392677.0
CUST1854,45,Male,Unemployed,Fixed Deposit,38,1,301671,12,10,9,0,0.86,0,19,301671.0
CUST0720,24,Male,Self-employed,Savings,46,1,7111,19,9,17,0,0.76,0,26,7111.0
CUST2373,44,Male,Self-employed,Savings,69,2,17104,7,10,9,0,0.79,0,19,8552.0
CUST2839,30,Male,Self-employed,Savings,175,4,8617,16,9,12,0,0.89,0,21,2154.25
CUST1091,22,Female,Employed,Fixed Deposit,33,4,82119,17,7,14,0,0.54,0,21,20529.75
CUST0504,42,Female,Employed,Fixed Deposit,60,1,105790,18,9,16,0,0.53,0,25,105790.0
CUST1427,47,Female,Self-employed,Savings,69,2,11145,13,7,6,1,0.84,0,13,5572.5
CUST1547,41,Male,Employed,Savings,159,1,280881,7,8,15,0,0.72,1,23,280881.0
CUST0747,35,Female,Self-employed,Savings,84,1,122566,10,9,9,0,0.83,1,18,122566.0
CUST1932,50,Male,Employed,Current,33,1,25295,19,5,6,0,0.92,0,11,25295.0
CUST1761,31,Female,Employed,Savings,107,3,125871,13,3,11,1,0.88,1,14,41957.0
CUST0702,34,Male,Self-employed,Current,42,3,102536,19,4,8,0,0.54,0,12,34178.67
CUST2376,32,Male,Self-employed,Savings,124,3,210661,26,12,10,1,0.53,0,22,70220.33
CUST0583,42,Female,Employed,Fixed Deposit,161,1,422704,12,12,10,0,0.75,0,22,422704.0
CUST1635,31,Female,Unemployed,Savings,72,2,40021,18,8,11,0,0.79,0,19,20010.5
CUST2055,42,Female,Self-employed,Savings,62,4,11940,13,8,13,0,0.94,0,21,2985.0
CUST2304,21,Female,Employed,Savings,29,2,304876,15,8,8,0,0.9,0,16,152438.0
CUST2900,27,Male,Employed,Savings,145,3,195548,11,9,9,0,0.51,0,18,65182.67
CUST0713,38,Female,Employed,Savings,136,2,31196,16,10,5,0,0.58,1,15,15598.0
CUST0245,37,Female,Employed,Savings,174,1,184617,14,7,14,0,0.92,0,21,184617.0
CUST1486,28,Male,Employed,Current,57,4,545430,18,12,12,0,0.85,1,24,136357.5
CUST1785,49,Male,Employed,Savings,22,1,161381,16,4,10,1,0.73,0,14,161381.0
CUST1895,43,Male,Self-employed,Savings,125,1,75006,11,10,14,1,0.88,1,24,75006.0
CUST0732,36,Male,Employed,Savings,34,3,3725,7,8,9,1,0.83,0,17,1241.67
CUST2121,38,Male,Unemployed,Current,114,1,19404,15,7,15,0,0.92,1,22,19404.0
CUST2468,39,Female,Employed,Savings,179,3,252915,12,8,11,1,0.74,0,19,84305.0
CUST1720,35,Male,Unemployed,Savings,95,1,21848,12,11,9,1,0.7,0,20,21848.0
CUST1356,35,Female,Employed,Fixed Deposit,68,3,59427,11,11,7,0,0.63,0,18,19809.0
CUST2958,25,Female,Employed,Savings,145,3,152371,11,9,8,0,0.68,0,17,50790.33
CUST0842,31,Male,Unemployed,Savings,157,1,167294,19,8,6,0,0.82,0,14,167294.0
CUST0487,52,Male,Employed,Savings,74,2,6637,15,5,6,0,0.55,1,11,3318.5
CUST2576,60,Female,Employed,Current,171,1,38852,26,12,18,0,0.74,0,30,38852.0
CUST2658,46,Female,Employed,Current,39,3,1684,18,13,12,0,0.55,0,25,561.33
CUST0586,31,Female,Self-employed,Current,62,1,16906,18,4,14,0,0.59,0,18,16906.0
CUST0243,45,Female,Self-employed,Savings,31,2,435146,15,8,10,0,0.78,0,18,217573.0
CUST2242,42,Male,Employed,Savings,170,1,191815,11,6,6,0,0.79,0,12,191815.0
CUST2184,29,Male,Unemployed,Current,96,1,143990,22,9,9,2,0.94,0,18,143990.0
CUST0289,44,Female,Employed,Savings,46,4,253952,16,5,9,1,0.77,0,14,63488.0
CUST1880,61,Male,Employed,Savings,177,2,112091,19,7,16,0,0.99,0,23,56045.5
CUST0914,18,Male,Employed,Current,27,1,70566,17,3,7,0,0.63,1,10,70566.0
CUST0376,44,Male,Employed,Fixed Deposit,103,4,239844,20,9,11,0,0.81,0,20,59961.0
CUST0528,48,Male,Self-employed,Savings,102,2,265091,20,13,6,0,0.93,1,19,132545.5
CUST2820,40,Male,Employed,Savings,135,2,379741,16,12,5,0,0.6,0,17,189870.5
CUST0167,41,Female,Employed,Current,35,2,18676,19,11,12,0,0.88,0,23,9338.0
CUST0958,27,Male,Unemployed,Savings,43,1,218018,17,5,11,0,0.89,0,16,218018.0
CUST2908,28,Male,Unemployed,Current,55,1,80815,18,1,12,0,0.81,0,13,80815.0
CUST0420,25,Female,Employed,Savings,104,4,72009,18,8,11,0,0.67,0,19,18002.25
CUST1521,18,Male,Employed,Current,116,1,51499,19,12,7,0,0.92,0,19,51499.0
CUST0211,39,Male,Self-employed,Savings,50,3,113551,19,9,10,0,0.82,0,19,37850.33
CUST0663,36,Male,Employed,Current,16,1,33129,19,7,10,0,0.6,0,17,33129.0
CUST2195,37,Male,Employed,Savings,137,2,37882,15,9,15,1,0.66,1,24,18941.0
CUST1474,31,Female,Employed,Current,15,1,132290,9,9,8,0,0.5,0,17,132290.0
CUST2962,53,Male,Self-employed,Savings,160,2,17197,17,8,9,0,0.84,0,17,8598.5
CUST1337,39,Female,Employed,Current,174,3,31406,14,8,5,0,0.98,1,13,10468.67
CUST1712,35,Female,Self-employed,Current,139,3,23189,15,8,12,0,0.52,0,20,7729.67
CUST2938,24,Male,Self-employed,Fixed Deposit,54,2,73599,17,6,0,0,0.83,0,6,36799.5
CUST2417,25,Female,Self-employed,Current,101,3,811661,11,9,11,0,0.88,0,20,270553.67
CUST2699,28,Female,Self-employed,Current,49,1,84548,15,11,12,0,0.87,0,23,84548.0
CUST2606,40,Male,Employed,Savings,79,3,99478,20,10,4,0,0.91,0,14,33159.33
CUST2137,44,Male,Self-employed,Savings,13,2,2382,17,6,10,0,0.62,0,16,1191.0
CUST1809,29,Male,Employed,Savings,20,4,27486,14,7,9,0,0.79,0,16,6871.5
CUST2390,27,Female,Employed,Savings,172,2,240556,13,7,11,0,0.86,0,18,120278.0
CUST0793,28,Female,Employed,Savings,120,4,81698,15,5,11,0,0.68,1,16,20424.5
CUST2505,24,Male,Self-employed,Savings,150,4,67060,24,10,11,1,0.73,0,21,16765.0
CUST1752,36,Female,Employed,Current,122,2,31297,14,13,2,0,0.74,0,15,15648.5
CUST1146,47,Male,Employed,Savings,99,2,78222,16,9,11,0,0.82,1,20,39111.0
CUST1126,18,Female,Employed,Savings,38,1,28143,15,16,8,0,0.66,0,24,28143.0
CUST1450,34,Female,Employed,Savings,90,3,77407,9,5,6,1,0.57,0,11,25802.33
CUST0460,48,Male,Employed,Savings,114,2,254236,13,8,6,0,0.67,1,14,127118.0
CUST2831,27,Female,Self-employed,Current,173,1,173934,14,9,8,2,0.69,0,17,173934.0
CUST2191,34,Female,Self-employed,Current,94,2,34893,9,8,12,0,0.9,0,20,17446.5
CUST0548,43,Male,Employed,Fixed Deposit,99,2,51646,12,10,7,0,0.89,0,17,25823.0
CUST0025,39,Female,Unemployed,Fixed Deposit,52,2,64440,19,14,10,2,0.87,1,24,32220.0
CUST2985,38,Male,Employed,Savings,144,1,2847,17,9,9,0,0.69,0,18,2847.0
CUST1029,18,Female,Employed,Fixed Deposit,163,2,6441,12,8,9,0,0.67,0,17,3220.5
CUST0974,31,Male,Employed,Savings,18,4,665217,16,6,11,0,0.72,0,17,166304.25
CUST0386,33,Female,Employed,Savings,64,2,189222,14,14,12,0,0.53,0,26,94611.0
CUST2099,46,Male,Employed,Fixed Deposit,103,3,46520,10,10,10,0,0.61,0,20,15506.67
CUST2465,38,Female,Self-employed,Current,17,1,814390,13,7,15,0,0.88,1,22,814390.0
CUST2319,43,Female,Unemployed,Savings,129,2,498546,13,3,12,0,0.96,1,15,249273.0
CUST0779,40,Male,Employed,Current,65,2,171135,19,4,14,1,0.88,1,18,85567.5
CUST1162,22,Female,Employed,Current,180,1,188132,9,7,15,0,0.95,0,22,188132.0
CUST0646,37,Male,Employed,Current,155,4,59791,14,14,15,1,0.62,1,29,14947.75
CUST1548,40,Female,Self-employed,Fixed Deposit,169,3,143940,24,7,7,0,0.91,0,14,47980.0
CUST1955,45,Male,Self-employed,Savings,157,1,24571,13,6,16,1,0.93,0,22,24571.0
CUST1079,54,Male,Unemployed,Savings,104,1,166930,12,9,15,0,0.75,0,24,166930.0
CUST0860,41,Female,Self-employed,Fixed Deposit,150,1,32553,13,10,13,0,0.86,0,23,32553.0
CUST0621,50,Male,Self-employed,Current,147,2,45014,11,7,8,0,0.59,0,15,22507.0
CUST2864,43,Male,Self-employed,Savings,115,2,62481,12,7,13,0,0.68,0,20,31240.5
CUST2434,38,Female,Employed,Savings,75,3,82118,14,11,7,0,0.62,0,18,27372.67
CUST0766,39,Female,Self-employed,Current,105,2,321076,20,4,11,0,0.73,0,15,160538.0
CUST1773,48,Male,Employed,Current,28,2,561419,10,12,15,0,0.61,0,27,280709.5
CUST2229,46,Male,Employed,Savings,68,3,248015,13,9,9,0,0.79,0,18,82671.67
CUST2406,38,Male,Employed,Savings,74,1,221500,15,5,7,0,0.9,0,12,221500.0
CUST2899,56,Male,Employed,Savings,19,4,8253,14,2,12,0,0.78,1,14,2063.25
CUST1739,24,Male,Self-employed,Savings,144,1,135866,15,7,15,1,0.74,0,22,135866.0
CUST0203,22,Male,Employed,Savings,59,2,138115,17,9,11,0,0.69,0,20,69057.5
CUST1693,60,Male,Self-employed,Savings,119,2,245440,15,8,10,0,0.76,0,18,122720.0
CUST1569,27,Male,Employed,Savings,36,3,312241,11,7,9,0,0.87,1,16,104080.33
CUST0153,51,Male,Employed,Fixed Deposit,65,1,108328,20,5,6,0,0.72,0,11,108328.0
CUST2888,43,Male,Self-employed,Savings,159,2,196673,20,8,6,0,0.63,0,14,98336.5
CUST2041,31,Male,Employed,Savings,97,2,166558,11,3,13,0,0.79,1,16,83279.0
CUST0512,35,Female,Employed,Savings,86,1,16281,18,3,4,0,0.85,0,7,16281.0
CUST2616,31,Female,Employed,Savings,42,3,95822,16,10,6,1,0.92,0,16,31940.67
CUST0296,36,Female,Employed,Fixed Deposit,160,2,415556,14,5,11,0,0.61,0,16,207778.0
CUST1531,30,Male,Employed,Savings,93,2,345820,13,10,12,0,0.69,1,22,172910.0
CUST1900,24,Male,Unemployed,Fixed Deposit,24,2,172488,18,16,13,0,0.91,0,29,86244.0
CUST0464,32,Male,Employed,Current,151,1,14208,17,4,8,0,0.76,0,12,14208.0
CUST1290,33,Female,Employed,Savings,125,2,494855,13,8,6,0,0.66,0,14,247427.5
CUST0810,32,Female,Self-employed,Savings,35,2,37393,15,3,7,0,0.96,0,10,18696.5
CUST0664,38,Male,Employed,Savings,92,2,24961,9,11,9,0,0.91,0,20,12480.5
CUST2664,25,Male,Unemployed,Savings,79,2,68411,22,9,9,0,0.6,0,18,34205.5
CUST1372,38,Male,Self-employed,Current,178,2,212465,22,5,11,0,0.95,0,16,106232.5
CUST2088,30,Male,Employed,Savings,85,1,61034,12,8,12,0,0.97,0,20,61034.0
CUST2946,33,Male,Employed,Savings,17,3,50695,17,9,13,0,0.95,1,22,16898.33
CUST2926,30,Female,Employed,Savings,30,1,17965,10,3,9,0,0.52,0,12,17965.0
CUST1682,36,Female,Employed,Savings,116,1,502657,12,12,11,0,0.75,0,23,502657.0
CUST1099,39,Female,Employed,Savings,123,3,131252,8,9,10,1,0.54,1,19,43750.67
CUST2690,26,Male,Employed,Current,144,1,143707,14,11,13,0,0.5,0,24,143707.0
CUST2688,29,Male,Self-employed,Savings,130,1,244501,11,6,9,0,0.71,0,15,244501.0
CUST0147,34,Male,Self-employed,Savings,141,3,39109,16,8,12,0,0.64,0,20,13036.33
CUST2800,19,Male,Employed,Savings,154,1,106808,14,10,8,0,0.78,1,18,106808.0
CUST1730,34,Male,Self-employed,Savings,88,1,13100,13,6,9,0,0.6,0,15,13100.0
CUST1657,52,Female,Self-employed,Current,54,2,36096,19,8,10,0,0.66,0,18,18048.0
CUST2345,31,Male,Unemployed,Savings,76,2,98711,16,9,10,0,0.95,0,19,49355.5
CUST1751,35,Male,Employed,Savings,177,2,27262,13,9,7,0,0.82,0,16,13631.0
CUST1797,24,Female,Unemployed,Current,128,1,48496,10,4,15,0,0.77,0,19,48496.0
CUST2170,32,Male,Employed,Current,77,1,595294,16,9,15,0,0.56,0,24,595294.0
CUST1286,40,Female,Employed,Savings,158,2,100549,16,5,8,0,0.95,0,13,50274.5
CUST0626,43,Male,Unemployed,Savings,70,2,11478,11,6,11,0,0.84,1,17,5739.0
CUST2331,37,Female,Self-employed,Current,32,2,235167,19,10,7,0,0.57,0,17,117583.5
CUST0140,33,Male,Unemployed,Current,96,1,113562,14,10,12,0,0.9,1,22,113562.0
CUST0975,23,Female,Employed,Fixed Deposit,81,3,123092,15,5,10,0,0.56,0,15,41030.67
CUST0610,35,Female,Employed,Current,78,1,400827,7,12,7,0,0.66,0,19,400827.0
CUST1934,38,Male,Self-employed,Current,87,1,33210,15,7,12,0,0.78,0,19,33210.0
CUST1154,31,Male,Employed,Savings,73,2,72810,20,6,7,0,0.94,0,13,36405.0
CUST0655,37,Female,Employed,Savings,179,2,128763,22,10,15,0,0.83,0,25,64381.5
CUST1403,31,Male,Employed,Current,137,3,111393,8,3,8,0,0.93,0,11,37131.0
CUST1653,29,Female,Employed,Savings,24,1,328842,14,3,14,0,0.79,0,17,328842.0
CUST0987,24,Male,Employed,Current,128,2,45495,13,13,11,0,0.74,1,24,22747.5
CUST1923,31,Female,Self-employed,Savings,155,2,129599,16,7,14,0,0.79,0,21,64799.5
CUST0802,28,Male,Unemployed,Savings,162,1,493028,13,8,13,0,0.87,0,21,493028.0
CUST2619,18,Female,Employed,Savings,17,3,22118,14,7,8,0,0.99,0,15,7372.67
CUST0030,21,Male,Self-employed,Current,100,1,243651,12,11,6,0,0.93,1,17,243651.0
CUST1929,49,Male,Employed,Current,82,1,83301,12,5,8,0,0.77,1,13,83301.0
CUST2112,31,Male,Employed,Savings,38,1,144603,10,8,11,0,0.9,1,19,144603.0
CUST1741,38,Female,Employed,Savings,175,2,266149,10,8,8,0,0.73,0,16,133074.5
CUST1883,43,Female,Employed,Savings,47,1,136069,19,3,14,0,0.85,0,17,136069.0
CUST2770,34,Male,Employed,Savings,76,3,283800,15,10,11,0,0.87,0,21,94600.0
CUST0623,47,Female,Self-employed,Savings,64,1,404320,27,4,7,0,0.62,0,11,404320.0
CUST2348,43,Female,Employed,Savings,157,1,120420,16,11,3,0,0.73,0,14,120420.0
CUST2165,55,Female,Employed,Savings,161,1,27152,12,10,12,1,0.73,0,22,27152.0
CUST0969,44,Female,Self-employed,Savings,175,2,120852,21,8,9,0,0.88,0,17,60426.0
CUST1251,35,Male,Employed,Savings,98,3,87379,7,7,15,0,0.88,0,22,29126.33
CUST0493,23,Female,Employed,Savings,139,3,10674,14,6,6,0,0.74,1,12,3558.0
CUST1850,46,Female,Employed,Savings,18,1,58641,15,16,8,0,0.85,0,24,58641.0
CUST1993,32,Female,Employed,Savings,82,2,6507,15,7,6,0,0.67,0,13,3253.5
CUST1278,40,Male,Employed,Savings,49,1,88628,12,4,11,0,0.9,1,15,88628.0
CUST2480,52,Male,Employed,Savings,101,3,61956,13,4,12,0,0.56,0,16,20652.0
CUST0965,43,Female,Self-employed,Savings,156,2,189174,11,10,11,0,0.98,1,21,94587.0
CUST0040,20,Female,Employed,Current,68,1,139846,15,6,8,0,0.69,0,14,139846.0
CUST1244,50,Female,Unemployed,Savings,110,4,173229,14,5,8,1,0.64,1,13,43307.25
CUST0318,42,Female,Employed,Current,110,1,225996,23,12,10,0,0.65,0,22,225996.0
CUST2258,34,Female,Self-employed,Savings,79,3,163332,20,6,7,0,0.55,0,13,54444.0
CUST2950,28,Female,Self-employed,Current,69,1,70391,14,6,7,0,0.84,0,13,70391.0
CUST0104,35,Female,Self-employed,Savings,75,3,118232,17,10,8,0,0.56,1,18,39410.67
CUST0491,22,Female,Self-employed,Savings,29,4,132344,17,12,10,0,0.68,0,22,33086.0
CUST2300,18,Male,Employed,Savings,23,2,8804,14,8,6,1,0.94,0,14,4402.0
CUST1370,27,Female,Employed,Savings,57,4,55487,11,7,7,2,0.63,0,14,13871.75
CUST0678,35,Male,Self-employed,Savings,104,1,1060248,14,10,11,1,0.6,1,21,1060248.0
CUST1551,23,Male,Employed,Fixed Deposit,118,2,126966,20,11,11,0,0.99,0,22,63483.0
CUST0689,18,Female,Employed,Savings,22,3,83032,20,9,12,0,0.89,1,21,27677.33
CUST2203,41,Male,Self-employed,Savings,51,1,8752,16,5,3,0,1.0,1,8,8752.0
CUST1337,35,Female,Self-employed,Current,60,3,52122,12,4,7,1,0.82,0,11,17374.0
CUST1110,18,Female,Employed,Savings,121,1,74495,18,7,14,0,0.54,0,21,74495.0
CUST2038,43,Female,Unemployed,Savings,67,1,31217,23,14,11,0,0.55,0,25,31217.0
CUST1522,26,Female,Employed,Savings,109,2,48738,10,10,13,0,0.6,0,23,24369.0
CUST0985,47,Female,Self-employed,Savings,26,1,95163,16,6,8,1,0.64,1,14,95163.0
CUST0748,36,Male,Self-employed,Fixed Deposit,63,2,69191,16,8,8,0,0.83,0,16,34595.5
CUST2307,37,Male,Unemployed,Savings,34,2,487379,16,6,12,0,0.86,1,18,243689.5
CUST1600,38,Female,Unemployed,Savings,118,2,265145,11,12,14,0,0.68,0,26,132572.5
CUST1194,34,Male,Employed,Savings,57,1,103029,12,9,8,0,0.8,1,17,103029.0
CUST0159,42,Female,Self-employed,Savings,167,1,7015,13,6,9,1,0.95,0,15,7015.0
CUST0494,54,Female,Employed,Current,62,4,101692,15,7,13,1,0.54,1,20,25423.0
CUST2169,38,Female,Unemployed,Savings,94,3,203463,17,7,6,0,0.93,0,13,67821.0
CUST0621,34,Female,Employed,Savings,164,1,112198,14,9,10,0,0.68,0,19,112198.0
CUST0154,33,Male,Employed,Savings,89,3,79551,12,14,14,0,0.74,0,28,26517.0
CUST2717,23,Male,Employed,Current,159,2,160421,17,9,10,0,0.79,0,19,80210.5
CUST0295,37,Male,Employed,Savings,121,1,8529,21,5,16,0,0.98,0,21,8529.0
CUST1941,21,Female,Employed,Savings,74,1,35653,11,8,10,0,0.91,1,18,35653.0
CUST2745,24,Male,Self-employed,Savings,146,1,526323,13,7,10,1,0.77,0,17,526323.0
CUST1787,49,Male,Employed,Current,44,4,295162,13,8,11,0,0.77,0,19,73790.5
CUST0373,20,Male,Self-employed,Savings,63,2,435985,18,4,2,0,0.58,1,6,217992.5
CUST2570,56,Male,Self-employed,Savings,106,3,431575,15,6,14,0,0.84,0,20,143858.33
CUST0720,42,Female,Self-employed,Savings,158,1,125226,14,6,4,0,0.91,0,10,125226.0
CUST2163,40,Female,Employed,Current,29,2,113400,19,9,12,0,0.93,1,21,56700.0
CUST0883,33,Female,Self-employed,Savings,76,4,502558,12,13,11,0,0.56,0,24,125639.5
CUST2590,52,Female,Employed,Savings,80,1,54579,15,7,6,0,0.86,0,13,54579.0
CUST1574,31,Female,Self-employed,Savings,60,4,87643,8,10,17,0,0.64,0,27,21910.75
CUST1789,29,Female,Unemployed,Savings,135,2,54515,18,9,8,0,0.93,0,17,27257.5
CUST2799,30,Female,Employed,Savings,99,1,10204,14,7,9,0,0.74,0,16,10204.0
CUST1572,39,Female,Employed,Savings,130,1,138239,15,11,12,0,0.73,0,23,138239.0
CUST2314,39,Male,Employed,Savings,138,2,103061,17,11,9,0,0.55,0,20,51530.5
CUST1829,36,Male,Self-employed,Savings,62,1,46597,13,10,7,0,0.55,1,17,46597.0
CUST0708,18,Male,Unemployed,Current,94,1,53129,23,10,10,0,0.54,1,20,53129.0
CUST0867,24,Male,Self-employed,Fixed Deposit,13,1,46407,16,7,12,0,0.94,1,19,46407.0
CUST0647,18,Female,Employed,Savings,34,3,97270,15,10,12,0,0.58,1,22,32423.33
CUST2571,23,Female,Employed,Savings,82,1,88708,14,7,10,0,0.79,0,17,88708.0
CUST2678,53,Female,Self-employed,Fixed Deposit,70,1,10991,17,11,14,0,0.88,0,25,10991.0
CUST0239,50,Female,Employed,Current,126,3,259188,7,11,12,0,0.55,1,23,86396.0
CUST2946,28,Female,Employed,Savings,174,2,17240,4,10,8,0,0.65,0,18,8620.0
CUST2921,47,Male,Unemployed,Savings,169,3,165903,16,8,17,0,0.71,1,25,55301.0
CUST1931,34,Female,Employed,Fixed Deposit,125,1,155354,18,10,7,0,0.72,0,17,155354.0
CUST2903,33,Male,Employed,Savings,94,1,285803,13,9,8,0,0.58,1,17,285803.0
CUST2344,46,Female,Employed,Savings,100,2,598144,16,7,6,0,0.61,0,13,299072.0
CUST1448,34,Female,Self-employed,Savings,114,1,87389,12,11,9,1,0.78,0,20,87389.0
CUST1030,47,Female,Self-employed,Savings,51,3,33354,11,6,14,0,0.53,0,20,11118.0
CUST0489,39,Female,Employed,Savings,164,2,150414,18,7,5,0,0.71,0,12,75207.0
CUST1513,35,Male,Employed,Savings,142,1,14847,18,5,9,0,0.59,0,14,14847.0
CUST2224,30,Male,Unemployed,Current,57,2,178264,16,17,8,0,0.71,1,25,89132.0
CUST0705,33,Male,Unemployed,Savings,175,2,107951,18,7,8,1,0.84,0,15,53975.5
CUST1290,35,Male,Employed,Savings,20,1,794436,14,6,6,0,0.54,0,12,794436.0
CUST0642,41,Male,Employed,Savings,21,1,129478,6,8,15,0,0.9,0,23,129478.0
CUST0365,36,Male,Employed,Savings,82,1,93419,11,4,9,1,0.79,1,13,93419.0
CUST0959,37,Female,Self-employed,Current,96,1,26075,15,14,4,0,0.88,1,18,26075.0
CUST0743,22,Female,Employed,Savings,121,1,147727,13,16,8,0,0.59,0,24,147727.0
CUST2934,33,Female,Employed,Savings,160,1,388720,15,6,9,0,0.91,0,15,388720.0
CUST1423,34,Female,Employed,Savings,15,2,149985,15,8,8,1,0.92,0,16,74992.5
CUST2758,31,Male,Self-employed,Current,156,2,86522,16,5,7,0,0.85,0,12,43261.0
CUST2109,31,Female,Unemployed,Savings,51,3,140548,7,6,9,1,0.65,0,15,46849.33
CUST1506,35,Female,Self-employed,Savings,116,3,50078,22,9,7,1,0.96,0,16,16692.67
CUST2993,40,Female,Employed,Savings,64,2,141675,14,7,12,0,0.79,0,19,70837.5
CUST0697,49,Male,Employed,Fixed Deposit,73,2,16840,14,7,8,0,0.85,0,15,8420.0
CUST2634,33,Female,Employed,Current,149,1,192140,18,7,11,0,0.95,0,18,192140.0
CUST2764,32,Male,Self-employed,Fixed Deposit,122,3,108560,13,5,9,0,0.58,1,14,36186.67
CUST1160,56,Female,Self-employed,Current,177,1,1004198,14,7,12,0,0.52,0,19,1004198.0
CUST0136,31,Female,Employed,Current,150,1,1326,13,3,3,0,0.83,1,6,1326.0
CUST2044,29,Male,Employed,Current,158,2,101675,16,4,11,0,0.73,0,15,50837.5
CUST2665,40,Male,Employed,Savings,21,1,105401,15,8,8,0,0.83,0,16,105401.0
CUST0783,40,Male,Employed,Fixed Deposit,141,2,68078,19,8,12,0,0.68,0,20,34039.0
CUST1873,43,Male,Unemployed,Savings,173,4,89119,14,8,7,0,0.58,0,15,22279.75
CUST2779,63,Female,Self-employed,Savings,82,2,129030,18,10,6,1,0.59,0,16,64515.0
CUST2722,47,Female,Self-employed,Fixed Deposit,56,1,14761,18,10,10,1,0.51,1,20,14761.0
CUST1179,44,Male,Unemployed,Savings,29,3,396694,14,6,10,0,0.75,0,16,132231.33
CUST0455,38,Male,Self-employed,Current,31,1,227967,12,5,5,0,0.55,0,10,227967.0
CUST2523,31,Female,Self-employed,Savings,98,2,210121,15,9,8,1,0.55,0,17,105060.5
CUST2573,36,Female,Employed,Savings,129,3,45456,16,10,9,0,0.83,0,19,15152.0
CUST1984,25,Female,Unemployed,Current,15,1,2969,20,8,6,1,0.78,0,14,2969.0
CUST2741,43,Female,Self-employed,Savings,60,2,18454,13,10,8,0,0.93,1,18,9227.0
CUST1920,41,Female,Employed,Savings,66,4,327156,23,10,8,0,0.74,0,18,81789.0
CUST0181,48,Male,Self-employed,Savings,120,2,364945,22,9,12,1,0.59,0,21,182472.5
CUST1489,32,Male,Unemployed,Savings,134,1,70112,14,13,7,0,0.52,0,20,70112.0
CUST0396,25,Male,Employed,Current,114,1,25791,17,6,6,0,0.9,0,12,25791.0
CUST1424,33,Female,Employed,Savings,35,1,485927,16,5,9,0,0.65,0,14,485927.0
CUST2186,37,Female,Employed,Savings,148,1,41146,10,9,8,0,0.78,0,17,41146.0
CUST0431,43,Female,Self-employed,Savings,61,2,22305,17,8,11,0,0.98,1,19,11152.5
CUST0262,38,Female,Employed,Savings,161,1,70365,14,10,10,0,0.73,0,20,70365.0
CUST0282,29,Male,Employed,Current,62,1,106752,22,9,7,0,0.81,1,16,106752.0
CUST0875,25,Male,Employed,Savings,120,1,99299,17,6,7,1,0.57,0,13,99299.0
CUST0351,39,Male,Employed,Savings,134,3,15329,15,9,11,0,0.9,1,20,5109.67
CUST1776,41,Male,Employed,Savings,68,4,86793,20,7,3,0,0.89,1,10,21698.25
CUST2892,22,Female,Self-employed,Savings,76,1,304930,14,4,11,0,0.87,0,15,304930.0
CUST2859,43,Male,Self-employed,Current,111,3,51529,15,9,16,0,0.88,1,25,17176.33
CUST0280,44,Male,Self-employed,Current,128,1,82011,8,7,10,3,0.59,1,17,82011.0
CUST2760,42,Male,Employed,Savings,73,2,168346,15,11,10,1,0.95,1,21,84173.0
CUST2625,44,Male,Employed,Current,169,1,190355,17,10,15,0,0.82,0,25,190355.0
CUST2030,26,Female,Employed,Current,142,3,24708,15,7,14,1,0.93,1,21,8236.0
CUST0318,26,Female,Employed,Savings,106,1,216853,16,5,11,0,0.63,0,16,216853.0
CUST2122,48,Male,Employed,Savings,125,1,86728,7,10,15,0,0.82,0,25,86728.0
CUST2204,42,Male,Employed,Current,145,2,21382,15,3,5,0,0.91,0,8,10691.0
CUST2199,32,Female,Self-employed,Current,71,1,481388,13,10,6,0,0.63,0,16,481388.0
CUST0271,41,Female,Employed,Savings,149,3,236923,14,8,7,0,0.88,0,15,78974.33
CUST2215,53,Female,Employed,Savings,131,2,774003,14,4,11,0,0.79,0,15,387001.5
CUST2781,37,Male,Self-employed,Savings,82,3,524447,16,8,7,0,0.6,1,15,174815.67
CUST2871,31,Male,Employed,Savings,144,1,3376,12,7,11,1,0.64,1,18,3376.0
CUST2646,29,Female,Unemployed,Fixed Deposit,108,2,51199,12,12,7,1,0.77,1,19,25599.5
CUST1936,23,Male,Employed,Savings,155,4,5975,18,7,10,0,0.64,0,17,1493.75
CUST1887,37,Female,Self-employed,Savings,24,3,61942,14,13,14,0,0.93,0,27,20647.33
CUST2764,40,Female,Employed,Current,179,1,140523,13,10,7,0,0.82,1,17,140523.0
CUST1795,37,Male,Employed,Current,45,1,14295,14,8,5,1,0.7,1,13,14295.0
CUST1907,39,Female,Self-employed,Savings,118,1,274232,14,9,8,0,0.92,0,17,274232.0
CUST2024,33,Male,Employed,Savings,97,1,211203,13,12,9,0,0.66,0,21,211203.0
CUST0572,40,Male,Employed,Current,126,1,152068,11,10,10,0,0.84,1,20,152068.0
CUST2299,27,Female,Self-employed,Savings,45,1,81208,18,13,10,1,0.53,1,23,81208.0
CUST2033,33,Female,Employed,Current,67,1,88846,18,9,7,0,0.92,1,16,88846.0
CUST0970,35,Female,Employed,Savings,133,1,106154,23,6,6,0,0.83,0,12,106154.0
CUST1797,48,Male,Employed,Savings,106,2,306378,17,7,14,1,0.61,0,21,153189.0
CUST1001,18,Female,Self-employed,Savings,76,3,203053,16,12,11,0,0.68,0,23,67684.33
CUST2572,58,Female,Employed,Savings,71,2,197285,16,10,6,0,0.53,1,16,98642.5
CUST1880,28,Male,Self-employed,Current,159,1,18090,21,8,15,0,0.66,1,23,18090.0
CUST2684,46,Male,Self-employed,Savings,60,1,383493,21,7,9,0,0.53,0,16,383493.0
CUST2656,32,Female,Employed,Savings,111,3,109687,25,7,5,0,0.93,0,12,36562.33
CUST0193,32,Male,Employed,Savings,39,4,113649,19,5,11,1,0.91,0,16,28412.25
CUST2955,34,Male,Self-employed,Savings,110,3,265666,14,8,5,0,0.96,0,13,88555.33
CUST1575,18,Male,Unemployed,Savings,95,1,258112,17,10,9,0,0.99,0,19,258112.0
CUST2523,64,Female,Employed,Current,94,1,26274,12,12,16,0,0.98,1,28,26274.0
CUST2520,38,Female,Self-employed,Savings,22,2,40700,15,7,12,0,0.89,0,19,20350.0
CUST0005,42,Female,Employed,Current,31,4,215997,7,13,11,0,0.94,0,24,53999.25
CUST2473,29,Male,Employed,Current,110,2,56666,16,7,7,0,0.99,0,14,28333.0
CUST1562,28,Female,Self-employed,Savings,119,1,6664,11,4,16,1,0.52,1,20,6664.0
CUST2037,49,Female,Self-employed,Current,69,3,127548,17,12,8,1,1.0,0,20,42516.0
CUST0815,43,Male,Self-employed,Current,156,3,66313,19,8,15,0,0.84,0,23,22104.33
CUST1606,46,Female,Unemployed,Current,71,4,183753,12,4,4,0,0.93,1,8,45938.25
CUST0220,32,Female,Employed,Savings,134,3,88942,24,5,16,0,0.77,0,21,29647.33
CUST1862,22,Female,Self-employed,Savings,29,3,300294,6,11,18,1,0.89,1,29,100098.0
CUST2935,29,Female,Employed,Fixed Deposit,168,1,79926,18,9,13,1,0.84,0,22,79926.0
CUST1028,52,Female,Self-employed,Savings,39,2,8417,15,8,6,1,0.66,0,14,4208.5
CUST0192,19,Female,Employed,Savings,126,1,77413,15,8,8,1,0.77,1,16,77413.0
CUST2939,53,Male,Self-employed,Current,94,1,26185,23,13,12,0,0.68,1,25,26185.0
CUST1081,30,Male,Employed,Current,59,3,453176,14,8,7,0,0.73,1,15,151058.67
CUST2627,19,Female,Employed,Current,33,2,22779,19,10,13,0,0.96,0,23,11389.5
CUST2773,24,Female,Employed,Savings,139,2,216543,16,5,11,0,0.79,1,16,108271.5
CUST1405,38,Male,Employed,Savings,154,3,51066,26,12,8,0,0.64,0,20,17022.0
CUST1610,32,Male,Employed,Savings,116,1,74756,18,4,8,0,0.72,0,12,74756.0
CUST0613,18,Female,Self-employed,Savings,48,1,68025,16,8,5,0,0.51,1,13,68025.0
CUST2265,31,Male,Employed,Current,59,3,106284,19,10,12,0,0.89,0,22,35428.0
CUST2150,51,Male,Self-employed,Savings,178,1,24531,8,9,13,0,0.85,0,22,24531.0
CUST1857,32,Female,Self-employed,Savings,158,1,243967,17,5,10,1,0.82,1,15,243967.0
CUST0002,28,Female,Unemployed,Savings,38,2,53883,14,6,4,0,0.85,1,10,26941.5
CUST1710,42,Female,Employed,Savings,132,3,554470,13,12,4,0,0.7,1,16,184823.33
CUST0275,32,Male,Employed,Savings,97,1,358038,12,9,9,0,0.71,1,18,358038.0
CUST2337,18,Male,Employed,Current,72,4,35327,16,10,18,0,0.5,0,28,8831.75
CUST1111,37,Female,Employed,Current,25,3,17308,15,7,9,0,0.64,1,16,5769.33
CUST0899,49,Male,Employed,Current,92,1,178311,14,9,8,0,0.65,0,17,178311.0
CUST0192,27,Male,Employed,Savings,37,1,275590,20,7,13,0,0.75,0,20,275590.0
CUST0728,52,Female,Employed,Current,25,3,226104,16,12,16,0,0.9,0,28,75368.0
CUST0829,31,Female,Employed,Savings,29,2,169859,17,7,7,0,0.68,1,14,84929.5
CUST2875,29,Male,Self-employed,Current,129,1,237067,13,10,10,1,0.57,0,20,237067.0
CUST1344,24,Female,Self-employed,Fixed Deposit,142,2,314683,15,3,8,0,0.75,0,11,157341.5
CUST2272,41,Female,Employed,Savings,57,2,310898,11,7,7,0,0.64,1,14,155449.0
CUST1805,24,Female,Self-employed,Fixed Deposit,45,2,87955,11,7,11,0,0.55,0,18,43977.5
CUST0585,21,Female,Employed,Current,69,2,237656,15,7,11,0,0.94,0,18,118828.0
CUST1792,32,Male,Self-employed,Current,109,1,263451,10,10,6,0,0.76,0,16,263451.0
CUST0785,18,Female,Employed,Savings,22,1,57682,15,13,7,0,0.71,1,20,57682.0
CUST2031,26,Male,Employed,Fixed Deposit,178,2,103449,13,8,9,0,0.77,0,17,51724.5
CUST0974,54,Female,Employed,Current,49,3,205623,14,9,12,0,0.86,0,21,68541.0
CUST2545,35,Male,Unemployed,Current,132,1,6547,13,12,9,0,0.79,1,21,6547.0
CUST0369,44,Female,Employed,Savings,77,2,6373,8,6,8,0,0.72,1,14,3186.5
CUST2911,19,Male,Employed,Savings,41,2,39222,20,7,12,0,0.82,1,19,19611.0
CUST0949,18,Female,Employed,Current,69,2,51481,14,13,6,0,0.83,1,19,25740.5
CUST1544,45,Male,Self-employed,Savings,52,2,4632,21,5,13,0,0.89,0,18,2316.0
CUST1701,36,Female,Employed,Current,160,3,113203,20,7,6,0,0.58,0,13,37734.33
CUST0780,51,Male,Unemployed,Savings,21,3,287958,14,9,7,0,0.61,0,16,95986.0
CUST2036,45,Male,Employed,Savings,39,1,330203,22,7,9,0,0.97,0,16,330203.0
CUST0340,18,Female,Employed,Current,79,1,171118,18,7,10,0,0.95,0,17,171118.0
CUST2617,47,Female,Unemployed,Current,146,1,317088,13,6,16,0,0.62,1,22,317088.0
CUST1842,25,Male,Employed,Current,58,1,130009,10,7,8,0,0.97,1,15,130009.0
CUST0179,34,Female,Self-employed,Savings,140,1,127132,10,7,4,0,0.71,0,11,127132.0
CUST2723,38,Male,Employed,Current,118,2,50072,12,6,12,0,0.82,1,18,25036.0
CUST0133,28,Male,Employed,Current,22,3,35965,9,4,10,1,0.75,1,14,11988.33
CUST0456,27,Female,Employed,Savings,29,2,48961,15,11,9,0,0.86,0,20,24480.5
CUST0108,35,Female,Employed,Savings,50,1,361888,17,5,5,0,0.53,1,10,361888.0
CUST1061,38,Male,Employed,Current,161,1,176513,13,9,13,0,0.96,0,22,176513.0
CUST0666,19,Female,Employed,Current,93,1,80165,12,12,13,0,0.67,0,25,80165.0
CUST0828,53,Male,Self-employed,Savings,56,3,199727,5,6,11,0,0.52,0,17,66575.67
CUST2415,48,Female,Employed,Savings,176,4,355891,9,3,14,0,0.89,0,17,88972.75
CUST0184,32,Female,Employed,Current,30,1,555207,8,12,15,0,0.97,1,27,555207.0
CUST2026,18,Male,Employed,Savings,107,1,59500,17,10,7,1,0.73,0,17,59500.0
CUST2518,45,Female,Employed,Savings,25,2,202341,17,8,10,0,0.87,0,18,101170.5
CUST2591,55,Male,Employed,Current,42,1,102470,18,9,3,1,0.54,1,12,102470.0
CUST0820,24,Female,Employed,Savings,104,1,217168,8,7,9,0,0.93,1,16,217168.0
CUST0777,37,Male,Employed,Savings,178,3,250074,12,7,5,0,0.53,0,12,83358.0
CUST1717,20,Male,Employed,Current,166,1,89670,14,5,10,0,0.91,0,15,89670.0
CUST0785,30,Female,Employed,Savings,148,3,258095,14,6,7,0,0.81,0,13,86031.67
CUST0361,41,Female,Employed,Current,107,1,19743,15,9,15,0,0.88,0,24,19743.0
CUST1386,21,Male,Self-employed,Savings,104,1,7261,17,7,16,1,0.66,0,23,7261.0
CUST2405,24,Female,Unemployed,Savings,79,3,140780,15,7,13,1,0.88,0,20,46926.67
CUST1981,31,Female,Unemployed,Savings,24,2,252091,24,8,6,0,0.75,1,14,126045.5
CUST1483,30,Female,Unemployed,Savings,97,1,97816,14,11,14,0,0.85,0,25,97816.0
CUST0976,35,Male,Employed,Savings,84,3,150294,19,8,11,0,0.53,0,19,50098.0
CUST2203,34,Female,Employed,Current,89,2,260945,20,5,12,1,0.79,0,17,130472.5
CUST1308,18,Male,Employed,Savings,103,3,40633,14,9,8,0,0.53,0,17,13544.33
CUST1247,22,Male,Employed,Savings,179,1,100045,16,12,12,0,0.98,0,24,100045.0
CUST1165,36,Female,Self-employed,Fixed Deposit,76,2,104910,16,6,7,0,0.51,0,13,52455.0
CUST1839,40,Female,Self-employed,Savings,153,3,71304,17,4,14,0,0.52,1,18,23768.0
CUST0231,49,Male,Self-employed,Savings,165,3,82822,13,8,11,0,0.68,0,19,27607.33
CUST0223,41,Male,Self-employed,Savings,32,2,65206,18,4,7,1,0.98,0,11,32603.0
CUST1226,35,Male,Self-employed,Current,141,1,105751,13,9,8,0,0.87,0,17,105751.0
CUST2397,41,Female,Employed,Fixed Deposit,123,2,215897,16,13,7,0,0.6,0,20,107948.5
CUST0988,24,Female,Employed,Savings,151,4,307155,18,6,12,0,0.62,0,18,76788.75
CUST1545,18,Female,Self-employed,Savings,91,1,256045,13,8,5,1,0.98,0,13,256045.0
CUST2638,33,Female,Self-employed,Savings,19,4,225987,19,11,12,0,0.55,0,23,56496.75
CUST0816,32,Female,Employed,Savings,41,3,110469,14,9,9,1,0.54,0,18,36823.0
CUST1093,27,Male,Unemployed,Savings,36,2,107991,13,9,11,1,0.53,1,20,53995.5
CUST1229,18,Female,Self-employed,Savings,44,1,17401,10,6,7,0,0.56,0,13,17401.0
CUST0456,21,Male,Self-employed,Current,36,4,208780,15,6,9,0,0.8,1,15,52195.0
CUST2631,50,Female,Employed,Savings,90,1,110319,13,8,12,0,0.93,0,20,110319.0
CUST0827,24,Female,Unemployed,Current,41,4,10850,15,9,10,0,0.51,0,19,2712.5
CUST2880,35,Male,Employed,Savings,33,1,23422,16,9,7,0,0.83,1,16,23422.0
CUST1581,32,Male,Employed,Savings,151,1,61216,15,7,7,0,0.66,0,14,61216.0
CUST2873,52,Male,Self-employed,Savings,150,3,339312,18,9,9,0,0.71,0,18,113104.0
CUST0558,36,Male,Employed,Current,70,1,64893,10,3,8,1,0.64,0,11,64893.0
CUST2637,55,Female,Employed,Savings,36,2,35764,18,10,8,0,0.87,0,18,17882.0
CUST0953,45,Female,Employed,Current,151,1,60042,12,4,7,0,0.94,0,11,60042.0
CUST2677,20,Male,Self-employed,Savings,158,1,121092,15,5,6,0,0.99,0,11,121092.0
CUST2989,36,Female,Self-employed,Savings,117,2,14253,13,13,5,0,0.81,1,18,7126.5
CUST1518,40,Male,Employed,Savings,137,4,12543,12,7,12,0,0.83,1,19,3135.75
CUST0978,29,Male,Unemployed,Savings,15,4,42635,11,13,6,0,0.64,0,19,10658.75
CUST1428,31,Female,Employed,Current,81,3,61642,13,7,5,0,0.56,1,12,20547.33
CUST2016,35,Male,Employed,Current,85,2,206353,17,9,13,0,0.65,0,22,103176.5
CUST1195,18,Female,Employed,Savings,110,1,298142,15,4,11,0,0.65,0,15,298142.0
CUST1992,18,Female,Self-employed,Savings,93,4,266711,12,8,10,0,0.61,0,18,66677.75
CUST1928,28,Female,Unemployed,Savings,94,4,214347,15,6,8,0,0.74,0,14,53586.75
CUST2191,39,Female,Employed,Savings,115,2,60398,22,10,12,0,0.58,0,22,30199.0
CUST0277,46,Male,Unemployed,Savings,132,2,89365,17,9,12,0,0.82,0,21,44682.5
CUST2226,18,Female,Unemployed,Current,133,1,83589,21,7,14,0,0.91,0,21,83589.0
CUST1385,33,Female,Employed,Savings,160,4,40456,13,3,10,0,0.85,0,13,10114.0
CUST2897,26,Female,Self-employed,Savings,161,2,233400,17,5,7,1,0.74,0,12,116700.0
CUST0493,29,Male,Employed,Savings,37,3,115328,10,4,15,0,0.89,0,19,38442.67
CUST2593,45,Female,Employed,Savings,56,1,190605,14,9,5,0,0.7,1,14,190605.0
CUST0317,55,Female,Employed,Savings,174,2,109395,11,1,7,0,0.53,0,8,54697.5
CUST1781,32,Male,Unemployed,Fixed Deposit,140,1,57683,18,11,10,0,0.83,0,21,57683.0
CUST1943,35,Male,Self-employed,Savings,140,3,149774,17,7,9,0,0.77,0,16,49924.67
CUST2502,18,Female,Self-employed,Savings,160,4,73276,10,7,12,0,0.65,0,19,18319.0
CUST0337,35,Male,Employed,Current,137,3,28623,17,9,12,0,0.81,0,21,9541.0
CUST2332,42,Male,Employed,Savings,133,1,246638,15,12,10,0,0.82,0,22,246638.0
CUST1126,40,Female,Employed,Current,72,2,177371,11,9,8,1,0.89,1,17,88685.5
CUST0266,22,Male,Self-employed,Savings,52,1,2794,15,10,12,0,1.0,1,22,2794.0
CUST1949,37,Female,Unemployed,Savings,15,3,522783,18,8,8,0,0.61,0,16,174261.0
CUST0471,22,Female,Employed,Savings,28,1,168133,14,11,8,1,0.88,1,19,168133.0
CUST2562,36,Male,Self-employed,Savings,74,4,371843,16,5,14,0,0.5,0,19,92960.75
CUST2780,38,Female,Employed,Savings,73,2,111006,12,9,16,0,0.7,0,25,55503.0
CUST2951,25,Female,Employed,Savings,45,2,15115,13,11,5,0,0.53,0,16,7557.5
CUST0850,21,Male,Self-employed,Savings,68,1,11341,22,11,8,2,0.79,0,19,11341.0
CUST2089,36,Female,Employed,Current,37,1,107970,14,9,12,0,0.86,0,21,107970.0
CUST2049,36,Male,Employed,Current,171,4,70905,13,9,15,0,0.75,0,24,17726.25
CUST0267,36,Male,Employed,Savings,86,2,126205,18,12,9,0,0.89,0,21,63102.5
CUST0370,54,Male,Employed,Current,164,4,39430,15,3,12,0,0.92,0,15,9857.5
CUST0526,29,Male,Employed,Savings,46,2,88962,7,4,3,1,0.61,1,7,44481.0
CUST1032,29,Female,Employed,Current,61,1,167077,13,8,11,0,0.64,1,19,167077.0
CUST2312,25,Male,Self-employed,Savings,86,1,118259,18,7,11,0,0.84,0,18,118259.0
CUST0711,62,Male,Employed,Fixed Deposit,59,2,57492,16,6,8,0,0.9,0,14,28746.0
CUST2036,28,Male,Self-employed,Savings,15,4,534265,13,7,5,0,0.59,0,12,133566.25
CUST0063,48,Male,Employed,Savings,69,3,1697,18,13,5,0,0.68,0,18,565.67
CUST2738,23,Female,Self-employed,Savings,154,3,169002,21,7,13,0,0.78,1,20,56334.0
CUST0329,49,Female,Unemployed,Savings,179,2,29182,18,13,10,0,0.81,0,23,14591.0
CUST2365,38,Male,Employed,Current,154,1,32357,14,7,6,0,0.87,1,13,32357.0
CUST2027,27,Female,Employed,Savings,23,1,315491,14,1,11,0,0.95,0,12,315491.0
CUST2992,38,Male,Unemployed,Savings,140,4,179258,14,2,7,1,1.0,0,9,44814.5
CUST0549,46,Female,Employed,Savings,32,2,54071,13,6,8,0,0.6,1,14,27035.5
CUST2104,44,Female,Employed,Current,20,1,299527,8,9,10,0,0.86,0,19,299527.0
CUST2100,37,Male,Employed,Savings,68,1,195560,16,3,6,0,0.53,0,9,195560.0
CUST2121,31,Female,Employed,Savings,125,1,30643,8,4,10,0,0.8,1,14,30643.0
CUST1155,25,Male,Self-employed,Fixed Deposit,32,2,182770,13,5,11,0,0.82,1,16,91385.0
CUST2082,24,Female,Employed,Savings,155,1,50928,15,4,13,1,0.76,0,17,50928.0
CUST0099,41,Female,Employed,Current,36,2,165552,12,6,9,0,0.98,1,15,82776.0
CUST2984,31,Male,Self-employed,Fixed Deposit,143,2,41512,13,7,10,0,0.95,0,17,20756.0
CUST0442,40,Male,Employed,Current,67,2,57402,17,10,14,0,0.99,1,24,28701.0
CUST2144,43,Male,Employed,Savings,42,1,17278,17,12,10,0,0.56,0,22,17278.0
CUST0774,44,Male,Employed,Fixed Deposit,98,3,110741,12,9,6,0,0.98,0,15,36913.67
CUST1128,53,Male,Self-employed,Savings,15,1,117727,12,8,5,1,0.91,0,13,117727.0
CUST0719,31,Male,Employed,Savings,156,1,145010,12,11,9,1,0.7,0,20,145010.0
CUST1873,32,Female,Employed,Savings,44,1,334943,10,13,10,1,0.65,0,23,334943.0
CUST0991,28,Male,Self-employed,Savings,179,2,120305,9,3,4,0,0.72,0,7,60152.5
CUST0020,48,Male,Employed,Savings,46,2,18252,14,9,9,0,0.72,0,18,9126.0
CUST0915,31,Male,Self-employed,Savings,99,2,35739,20,10,9,0,0.67,1,19,17869.5
CUST1123,34,Male,Employed,Current,49,2,17479,16,3,14,1,0.59,1,17,8739.5
CUST1399,29,Male,Self-employed,Savings,154,3,42497,7,10,9,1,0.85,0,19,14165.67
CUST1936,32,Male,Employed,Current,84,2,24278,13,8,14,0,0.91,0,22,12139.0
CUST1885,38,Female,Employed,Savings,28,1,33929,21,5,8,0,0.81,0,13,33929.0
CUST2699,26,Female,Employed,Savings,28,3,2569,21,8,9,0,0.88,0,17,856.33
CUST0581,44,Male,Self-employed,Savings,98,3,191957,18,5,10,0,0.69,0,15,63985.67
CUST0204,23,Male,Self-employed,Savings,132,1,508823,10,8,7,0,0.62,0,15,508823.0
CUST0796,28,Female,Employed,Savings,174,2,5541,15,10,11,0,0.97,0,21,2770.5
CUST2359,26,Male,Unemployed,Savings,126,1,146819,10,9,6,0,0.69,1,15,146819.0
CUST1469,47,Male,Unemployed,Current,26,2,392633,11,5,5,0,0.92,0,10,196316.5
CUST2069,35,Male,Employed,Current,76,1,221122,14,11,9,0,0.79,0,20,221122.0
CUST0096,37,Female,Self-employed,Savings,73,4,139293,12,10,12,0,0.63,0,22,34823.25
CUST2175,49,Male,Unemployed,Current,167,2,358750,13,8,7,0,0.83,0,15,179375.0
CUST2186,43,Female,Self-employed,Savings,34,3,43682,19,8,9,0,0.57,0,17,14560.67
CUST0788,34,Male,Employed,Current,46,1,142198,15,12,11,0,0.67,0,23,142198.0
CUST0303,25,Male,Employed,Fixed Deposit,91,3,257952,15,6,9,0,0.59,0,15,85984.0
CUST1202,38,Male,Self-employed,Savings,134,1,12411,10,9,11,0,0.76,0,20,12411.0
CUST0331,31,Female,Self-employed,Current,163,4,71547,11,11,9,1,0.63,0,20,17886.75
CUST0284,43,Female,Employed,Current,83,1,73975,17,14,9,0,0.82,0,23,73975.0
CUST0082,24,Female,Unemployed,Current,114,1,5309,14,7,16,0,0.57,0,23,5309.0
CUST2242,28,Male,Employed,Savings,119,1,17085,13,12,15,0,0.86,0,27,17085.0
CUST1268,64,Male,Employed,Current,137,2,41321,17,9,8,0,0.94,0,17,20660.5
CUST2743,48,Female,Employed,Savings,154,4,51429,19,10,7,0,0.67,0,17,12857.25
CUST1171,24,Male,Employed,Savings,21,3,4343,18,4,13,0,0.65,0,17,1447.67
CUST2959,30,Male,Employed,Savings,148,2,93308,26,8,7,0,0.86,0,15,46654.0
CUST0220,34,Female,Employed,Savings,138,3,62278,18,9,9,1,0.89,0,18,20759.33
CUST2136,28,Female,Employed,Fixed Deposit,100,2,73221,16,8,9,0,1.0,0,17,36610.5
CUST2274,44,Female,Employed,Savings,157,3,10310,12,8,11,0,0.58,0,19,3436.67
CUST0309,37,Male,Employed,Savings,86,3,46689,11,13,10,0,0.63,0,23,15563.0
CUST1748,51,Female,Employed,Savings,130,3,68088,10,6,11,0,0.58,0,17,22696.0
CUST2022,34,Female,Employed,Savings,99,1,14958,17,16,13,0,0.57,1,29,14958.0
CUST2295,44,Male,Employed,Fixed Deposit,116,3,77982,14,9,8,0,0.8,0,17,25994.0
CUST1170,38,Female,Self-employed,Current,23,1,303694,13,4,14,0,0.61,1,18,303694.0
CUST1755,21,Female,Unemployed,Current,22,1,23849,15,11,13,0,0.86,1,24,23849.0
CUST1833,21,Female,Employed,Fixed Deposit,92,1,261628,9,7,9,0,0.52,1,16,261628.0
CUST1019,36,Male,Self-employed,Savings,130,2,149378,28,6,8,0,0.67,0,14,74689.0
CUST0587,18,Female,Employed,Savings,26,1,76893,17,7,7,0,0.73,0,14,76893.0
CUST0861,26,Male,Unemployed,Current,22,3,18166,14,9,10,0,0.78,0,19,6055.33
CUST1089,42,Female,Employed,Savings,68,3,104648,14,3,2,0,0.76,0,5,34882.67
CUST1070,42,Male,Employed,Savings,98,1,152955,16,8,12,0,0.83,0,20,152955.0
CUST1512,30,Female,Employed,Savings,120,3,130160,15,4,10,1,0.54,0,14,43386.67
CUST0163,36,Female,Employed,Savings,151,3,100649,17,10,9,1,0.53,1,19,33549.67
CUST0497,23,Female,Employed,Savings,79,1,49819,12,7,10,0,0.74,1,17,49819.0
CUST1037,34,Female,Self-employed,Savings,88,2,43493,17,7,9,0,0.89,0,16,21746.5
CUST1360,44,Female,Employed,Savings,113,4,124842,19,5,6,0,0.92,0,11,31210.5
CUST1308,48,Male,Self-employed,Savings,24,1,2298,20,4,8,0,0.66,1,12,2298.0
CUST2913,22,Male,Employed,Fixed Deposit,33,4,1059229,16,5,10,0,0.95,1,15,264807.25
CUST2021,31,Male,Self-employed,Savings,126,2,179279,17,8,12,0,0.64,0,20,89639.5
CUST0881,34,Female,Employed,Current,131,1,89323,15,8,9,0,0.73,0,17,89323.0
CUST1787,37,Female,Employed,Savings,35,3,75767,16,4,7,2,0.68,1,11,25255.67
CUST2099,22,Female,Employed,Current,172,1,53603,10,10,8,0,0.86,0,18,53603.0
CUST0068,37,Male,Self-employed,Savings,71,1,165456,17,6,8,0,0.52,1,14,165456.0
CUST0620,40,Female,Self-employed,Savings,43,1,159337,13,8,11,0,0.91,1,19,159337.0
CUST1291,51,Female,Unemployed,Savings,102,4,195534,22,7,10,1,0.79,0,17,48883.5
CUST1621,24,Female,Employed,Fixed Deposit,71,4,29432,21,8,8,0,0.69,1,16,7358.0
CUST1905,41,Female,Self-employed,Savings,20,2,156830,12,5,14,0,0.51,1,19,78415.0
CUST1966,32,Female,Self-employed,Savings,161,1,245624,19,7,12,0,0.66,0,19,245624.0
CUST1538,18,Female,Employed,Savings,161,1,191173,13,6,13,0,0.87,0,19,191173.0
CUST1101,55,Female,Unemployed,Current,172,3,144127,19,13,7,0,0.58,0,20,48042.33
CUST2619,25,Male,Employed,Savings,31,1,455440,13,9,7,0,0.86,0,16,455440.0
CUST2173,28,Female,Employed,Savings,152,3,398615,18,8,9,0,0.54,0,17,132871.67
CUST2711,32,Male,Employed,Current,93,4,237613,16,6,13,0,0.96,0,19,59403.25
CUST0276,38,Male,Employed,Current,43,1,9208,16,5,4,0,0.62,0,9,9208.0
CUST0708,36,Female,Self-employed,Current,44,1,34518,20,6,10,0,0.97,0,16,34518.0
CUST2339,20,Male,Self-employed,Savings,145,1,174719,16,6,9,0,0.88,0,15,174719.0
CUST1716,28,Female,Self-employed,Savings,53,2,113835,19,5,7,0,0.61,1,12,56917.5
CUST1107,41,Female,Self-employed,Savings,148,1,182461,18,6,8,0,0.97,0,14,182461.0
CUST0167,26,Female,Employed,Current,61,3,78674,20,6,8,0,0.93,0,14,26224.67
CUST1532,37,Male,Employed,Savings,23,2,55694,17,8,13,0,0.8,0,21,27847.0
CUST1319,36,Male,Employed,Fixed Deposit,20,4,55936,18,8,12,0,0.57,0,20,13984.0
CUST1120,44,Female,Employed,Current,60,1,15635,22,7,10,1,0.81,1,17,15635.0
CUST0352,41,Male,Employed,Current,90,1,43334,4,6,10,0,0.9,0,16,43334.0
CUST2111,39,Female,Employed,Current,135,1,51424,14,4,5,0,0.52,0,9,51424.0
CUST2107,45,Male,Unemployed,Fixed Deposit,126,1,417776,10,9,9,0,0.71,0,18,417776.0
CUST2224,38,Female,Employed,Savings,127,3,22850,19,12,9,0,0.99,0,21,7616.67
CUST2847,27,Male,Self-employed,Savings,86,1,5134,20,5,7,0,0.83,1,12,5134.0
CUST1622,32,Female,Unemployed,Savings,129,1,39954,21,10,10,0,0.51,1,20,39954.0
CUST0187,28,Female,Self-employed,Savings,18,2,17139,12,10,9,0,0.79,1,19,8569.5
CUST1205,27,Female,Self-employed,Current,27,4,81124,9,7,13,0,0.74,0,20,20281.0
CUST0341,47,Male,Employed,Fixed Deposit,98,1,15237,13,4,9,0,0.61,0,13,15237.0
CUST2479,45,Male,Self-employed,Savings,87,1,143122,12,8,12,0,0.89,1,20,143122.0
CUST2810,39,Female,Self-employed,Current,130,4,158720,18,5,8,1,0.76,1,13,39680.0
CUST1164,35,Male,Employed,Current,123,2,678,11,12,10,0,0.86,0,22,339.0
CUST2908,35,Female,Employed,Savings,81,1,251947,15,6,7,0,0.64,1,13,251947.0
CUST2401,30,Female,Unemployed,Fixed Deposit,49,2,70335,23,10,12,1,0.6,0,22,35167.5
CUST1641,40,Female,Employed,Current,52,4,273967,17,15,14,0,0.62,0,29,68491.75
CUST1647,21,Female,Self-employed,Savings,76,1,241025,22,6,5,0,0.83,0,11,241025.0
CUST1686,23,Male,Self-employed,Savings,158,2,43420,18,8,8,0,0.55,0,16,21710.0
CUST1047,42,Female,Self-employed,Savings,49,1,189897,15,5,9,0,0.77,0,14,189897.0
CUST0122,27,Male,Employed,Savings,67,1,74852,14,8,16,0,0.97,0,24,74852.0
CUST0471,43,Female,Employed,Fixed Deposit,36,1,77018,13,7,9,0,0.55,0,16,77018.0
CUST2263,36,Female,Self-employed,Savings,71,3,222420,20,9,4,0,0.52,0,13,74140.0
CUST2537,37,Male,Employed,Savings,25,3,147473,16,8,6,0,0.9,0,14,49157.67
CUST2580,33,Male,Employed,Savings,110,3,10085,21,13,8,0,0.82,0,21,3361.67
CUST0522,30,Male,Self-employed,Savings,162,3,69290,20,9,12,0,0.99,1,21,23096.67
CUST2755,52,Male,Employed,Fixed Deposit,177,1,303780,16,8,15,0,0.67,1,23,303780.0
CUST1417,31,Male,Employed,Savings,65,2,132897,13,10,12,1,0.8,1,22,66448.5
CUST0283,60,Female,Employed,Savings,89,4,434396,13,8,8,1,0.92,0,16,108599.0
CUST0843,37,Male,Employed,Current,141,3,107708,19,5,9,1,0.78,0,14,35902.67
CUST0359,35,Female,Self-employed,Fixed Deposit,126,2,44181,10,10,10,0,0.64,1,20,22090.5
CUST1860,41,Male,Employed,Current,13,2,297748,13,17,7,0,0.89,1,24,148874.0
CUST1787,42,Male,Employed,Savings,13,4,112400,16,8,9,1,0.67,0,17,28100.0
CUST1007,19,Male,Employed,Savings,161,3,104070,16,7,7,2,0.66,0,14,34690.0
CUST0860,34,Female,Self-employed,Current,40,2,129865,19,6,6,0,0.66,0,12,64932.5
CUST1087,37,Female,Employed,Savings,47,1,332553,13,7,6,0,0.96,0,13,332553.0
CUST1697,22,Female,Self-employed,Savings,179,2,181542,14,4,5,0,0.72,0,9,90771.0
CUST0481,24,Male,Employed,Current,20,3,139294,15,7,11,0,0.63,1,18,46431.33
CUST1886,29,Female,Self-employed,Savings,50,1,332472,12,2,11,0,0.67,0,13,332472.0
CUST2071,40,Female,Employed,Savings,51,1,13858,24,8,10,0,0.67,0,18,13858.0
CUST2405,30,Female,Employed,Fixed Deposit,114,2,48288,19,6,5,0,0.59,0,11,24144.0
CUST1809,20,Male,Employed,Savings,139,2,275004,11,7,9,0,0.81,1,16,137502.0
CUST2135,18,Male,Employed,Savings,72,4,232104,8,10,14,0,0.63,0,24,58026.0
CUST1331,42,Female,Employed,Savings,63,1,11205,14,7,7,0,0.56,1,14,11205.0
CUST2576,43,Female,Employed,Savings,167,2,500,12,5,11,2,0.92,0,16,250.0
CUST1164,22,Male,Unemployed,Savings,100,1,55003,14,7,8,1,0.97,0,15,55003.0
CUST0096,25,Male,Self-employed,Current,129,1,385609,19,9,12,0,0.65,0,21,385609.0
CUST2870,36,Male,Self-employed,Savings,27,2,148514,14,8,10,0,0.65,0,18,74257.0
CUST1667,55,Female,Employed,Current,51,3,10214,18,6,9,0,0.59,0,15,3404.67
CUST0903,53,Male,Employed,Fixed Deposit,21,2,83917,11,8,10,0,0.51,0,18,41958.5
CUST1283,31,Female,Employed,Savings,25,3,510459,14,5,13,1,0.87,1,18,170153.0
CUST0821,28,Female,Self-employed,Savings,56,4,117181,14,6,10,0,0.9,0,16,29295.25
CUST2964,53,Male,Employed,Savings,39,3,59850,13,5,6,0,0.78,1,11,19950.0
CUST2044,50,Male,Employed,Current,174,1,175945,12,8,10,1,0.51,0,18,175945.0
CUST1156,19,Male,Employed,Savings,156,2,216224,13,12,12,0,0.64,0,24,108112.0
CUST1306,23,Female,Employed,Savings,70,2,368256,10,6,11,1,0.72,0,17,184128.0
CUST2676,42,Male,Employed,Savings,170,1,94499,14,11,12,1,0.53,0,23,94499.0
CUST0945,33,Female,Employed,Savings,45,1,132580,9,8,9,0,0.98,0,17,132580.0
CUST1850,18,Male,Self-employed,Savings,170,1,237173,20,7,6,0,0.59,0,13,237173.0
CUST2959,36,Male,Employed,Savings,143,4,1041,19,10,10,0,0.59,0,20,260.25
CUST0729,51,Male,Unemployed,Savings,68,3,46166,14,9,12,0,0.99,0,21,15388.67
CUST1737,35,Female,Unemployed,Fixed Deposit,146,1,28933,16,11,10,0,0.59,1,21,28933.0
CUST2539,26,Female,Employed,Savings,83,1,251819,20,7,6,0,0.55,0,13,251819.0
CUST2749,34,Male,Self-employed,Savings,24,3,110229,15,9,9,0,0.77,1,18,36743.0
CUST0750,44,Female,Employed,Fixed Deposit,86,3,482716,15,3,10,0,0.95,0,13,160905.33
CUST1055,34,Female,Unemployed,Savings,52,3,345977,10,8,7,0,0.62,0,15,115325.67
CUST1579,34,Male,Employed,Savings,109,3,92629,20,9,17,0,0.97,0,26,30876.33
CUST1655,37,Male,Employed,Savings,129,1,34278,14,12,8,0,0.94,0,20,34278.0
CUST1541,25,Female,Self-employed,Savings,84,2,63946,18,9,5,0,0.8,1,14,31973.0
CUST1048,27,Male,Unemployed,Savings,131,2,71682,12,10,12,0,0.84,0,22,35841.0
CUST2646,31,Male,Employed,Current,180,3,576850,16,9,10,0,0.53,0,19,192283.33
CUST1782,25,Female,Employed,Current,90,1,358422,16,7,13,0,0.8,0,20,358422.0
CUST0866,46,Male,Employed,Savings,69,1,32275,20,8,6,1,0.81,1,14,32275.0
CUST0932,26,Male,Employed,Current,92,1,31283,20,11,8,2,0.6,0,19,31283.0
CUST0187,34,Male,Employed,Savings,95,4,404720,11,8,8,0,0.53,1,16,101180.0
CUST1349,49,Male,Self-employed,Current,99,2,250112,19,8,16,0,0.92,1,24,125056.0
CUST0603,31,Male,Employed,Savings,139,3,113596,23,13,17,1,0.88,0,30,37865.33
CUST0019,28,Male,Employed,Savings,55,1,95628,14,7,8,1,0.52,1,15,95628.0
CUST2081,37,Female,Self-employed,Savings,99,1,110096,12,5,15,0,0.82,0,20,110096.0
CUST2506,35,Female,Employed,Savings,123,1,305347,20,5,6,0,0.66,0,11,305347.0
CUST1055,37,Male,Self-employed,Savings,87,2,51490,15,10,6,0,0.76,1,16,25745.0
CUST0804,26,Male,Employed,Savings,115,1,71568,15,8,9,0,0.76,0,17,71568.0
CUST1482,28,Male,Unemployed,Savings,65,1,15840,12,11,8,0,0.81,1,19,15840.0
CUST1308,41,Female,Self-employed,Fixed Deposit,164,1,250318,8,7,9,0,0.67,0,16,250318.0
CUST0740,18,Female,Employed,Fixed Deposit,101,2,560982,13,6,12,0,0.67,0,18,280491.0
CUST2778,47,Female,Employed,Current,130,2,111607,14,7,9,1,0.86,0,16,55803.5
CUST1366,38,Female,Employed,Fixed Deposit,77,1,98150,16,7,7,0,0.6,0,14,98150.0
CUST0814,20,Female,Employed,Savings,13,2,102779,19,4,12,1,0.84,0,16,51389.5
CUST1724,18,Male,Self-employed,Savings,25,1,42987,16,6,15,1,0.67,0,21,42987.0
CUST0072,26,Female,Employed,Current,95,1,100335,14,7,9,0,0.83,0,16,100335.0
CUST2886,39,Male,Self-employed,Current,36,1,211875,17,8,15,1,0.94,1,23,211875.0
CUST2756,32,Female,Self-employed,Savings,130,3,55305,18,6,14,0,0.64,0,20,18435.0
CUST2859,37,Female,Self-employed,Savings,128,1,135450,20,17,8,0,0.91,0,25,135450.0
CUST0103,48,Female,Employed,Savings,137,4,266260,16,6,6,0,0.72,0,12,66565.0
CUST1727,34,Female,Self-employed,Savings,152,2,237573,10,10,7,0,0.52,0,17,118786.5
CUST1448,33,Male,Unemployed,Savings,137,2,54226,9,5,12,0,0.85,0,17,27113.0
CUST1022,32,Female,Self-employed,Current,137,1,255952,15,5,13,0,0.99,1,18,255952.0
CUST0223,33,Male,Self-employed,Fixed Deposit,28,3,76440,21,9,11,0,0.75,0,20,25480.0
CUST0485,18,Female,Employed,Current,160,3,12652,21,10,7,0,0.74,0,17,4217.33
CUST0474,33,Female,Employed,Current,19,1,126192,12,9,11,1,0.67,0,20,126192.0
CUST0750,58,Female,Employed,Fixed Deposit,58,1,250265,18,14,12,0,0.62,1,26,250265.0
CUST0276,34,Male,Self-employed,Savings,111,2,180122,17,12,12,0,0.68,0,24,90061.0
CUST1543,42,Female,Self-employed,Savings,43,1,25253,15,10,6,0,0.7,1,16,25253.0
CUST1748,31,Male,Employed,Current,56,1,364783,15,14,17,0,0.56,0,31,364783.0
CUST1973,50,Male,Self-employed,Savings,37,1,899628,13,9,14,0,0.69,1,23,899628.0
CUST0561,42,Female,Employed,Savings,106,1,78899,20,8,5,0,0.91,0,13,78899.0
CUST2301,34,Male,Employed,Savings,97,4,308886,19,8,9,0,0.85,0,17,77221.5
CUST2077,32,Male,Employed,Savings,156,4,164603,9,10,14,0,0.84,1,24,41150.75
CUST0215,30,Female,Employed,Current,47,3,486558,14,9,11,1,0.92,0,20,162186.0
CUST0677,27,Male,Employed,Savings,70,3,354001,24,8,13,0,0.65,0,21,118000.33
CUST2389,40,Female,Self-employed,Savings,125,3,265199,15,5,8,0,0.67,0,13,88399.67
CUST2078,37,Male,Self-employed,Current,35,2,121403,15,12,12,0,0.79,1,24,60701.5
CUST2484,46,Female,Employed,Current,123,1,752111,12,12,14,0,0.81,0,26,752111.0
CUST0134,29,Female,Employed,Current,157,2,36059,11,11,8,0,0.84,0,19,18029.5
CUST2751,20,Male,Unemployed,Savings,48,3,75665,13,5,7,0,0.68,1,12,25221.67
CUST2979,18,Female,Unemployed,Savings,73,1,282310,16,6,5,0,0.6,0,11,282310.0
CUST1268,43,Female,Employed,Savings,143,1,211862,18,15,10,0,0.91,1,25,211862.0
CUST2047,35,Female,Employed,Savings,76,1,191548,18,10,14,0,0.56,0,24,191548.0
CUST2510,42,Female,Employed,Current,85,2,50179,14,4,10,0,0.9,0,14,25089.5
CUST0316,44,Female,Employed,Savings,155,4,33015,10,9,8,0,0.57,0,17,8253.75
CUST1878,29,Male,Employed,Fixed Deposit,156,2,143280,18,6,12,0,0.7,0,18,71640.0
CUST1028,51,Female,Unemployed,Current,148,2,238253,19,12,15,0,0.91,0,27,119126.5
CUST0615,56,Female,Unemployed,Savings,105,1,446423,12,10,10,0,0.65,0,20,446423.0
CUST0179,37,Female,Self-employed,Current,168,4,238774,13,11,14,0,0.58,0,25,59693.5
CUST1630,33,Male,Employed,Savings,119,2,177258,15,5,8,0,0.51,0,13,88629.0
CUST0422,41,Female,Employed,Savings,14,4,178533,14,5,6,0,0.77,1,11,44633.25
CUST1186,44,Female,Employed,Current,94,4,411654,10,6,13,0,0.64,1,19,102913.5
CUST0018,48,Female,Self-employed,Current,49,3,53563,14,13,7,1,0.57,0,20,17854.33
CUST2407,42,Male,Unemployed,Current,122,1,246195,23,14,13,0,0.7,0,27,246195.0
CUST2339,34,Female,Self-employed,Savings,85,2,25496,14,4,22,0,0.89,0,26,12748.0
CUST1822,39,Female,Self-employed,Savings,16,4,21476,9,8,12,0,0.54,0,20,5369.0
CUST2285,31,Female,Employed,Current,33,3,51187,18,14,10,0,0.94,1,24,17062.33
CUST1865,26,Male,Employed,Savings,126,4,144699,14,11,12,0,0.96,1,23,36174.75
CUST2336,20,Female,Self-employed,Savings,137,2,52375,14,3,9,0,0.91,0,12,26187.5
CUST2590,21,Female,Self-employed,Current,49,3,245209,15,11,11,1,0.88,0,22,81736.33
CUST2201,31,Male,Self-employed,Current,110,4,218714,14,13,14,0,0.76,0,27,54678.5
CUST0275,40,Female,Self-employed,Fixed Deposit,143,2,592896,14,7,5,0,0.9,0,12,296448.0
CUST2604,45,Male,Self-employed,Current,152,3,408546,12,7,6,0,0.58,0,13,136182.0
CUST2663,36,Female,Unemployed,Savings,134,3,120262,21,8,12,0,0.9,0,20,40087.33
CUST2005,33,Female,Employed,Savings,61,4,138508,14,2,5,0,0.69,0,7,34627.0
CUST1354,18,Male,Employed,Savings,171,2,87339,19,7,18,0,0.59,0,25,43669.5
CUST0307,33,Female,Self-employed,Current,16,3,201371,19,6,13,0,0.82,1,19,67123.67
CUST2930,26,Male,Self-employed,Savings,42,4,99947,13,3,11,0,0.59,0,14,24986.75
CUST0624,22,Female,Employed,Current,87,1,32216,11,5,9,0,0.86,0,14,32216.0
CUST2435,24,Male,Employed,Savings,130,1,108265,16,14,5,0,0.83,0,19,108265.0
CUST0688,31,Male,Employed,Savings,166,1,74641,11,7,9,0,0.52,0,16,74641.0
CUST2231,31,Male,Self-employed,Savings,171,1,33878,20,8,6,0,0.51,0,14,33878.0
CUST2678,47,Female,Employed,Savings,113,3,151352,14,6,6,2,0.71,0,12,50450.67
CUST1964,57,Female,Employed,Current,37,2,74263,18,7,11,0,0.83,0,18,37131.5
CUST2335,40,Male,Employed,Savings,73,1,513516,18,6,6,0,0.51,0,12,513516.0
CUST0436,34,Female,Self-employed,Current,76,2,93931,10,4,8,0,0.75,0,12,46965.5
CUST1121,53,Female,Unemployed,Savings,178,3,233569,14,6,6,0,0.9,0,12,77856.33
CUST1004,41,Male,Self-employed,Current,93,2,101543,11,11,15,0,0.72,0,26,50771.5
CUST0701,37,Male,Self-employed,Savings,140,1,26570,21,8,9,0,0.8,0,17,26570.0
CUST2580,47,Female,Self-employed,Fixed Deposit,151,1,1006257,19,13,12,0,0.5,1,25,1006257.0
CUST3000,39,Male,Self-employed,Savings,125,3,113126,14,6,16,0,0.64,0,22,37708.67
CUST1110,35,Female,Self-employed,Savings,95,2,116745,11,7,7,1,0.71,1,14,58372.5
CUST1196,44,Male,Employed,Current,128,1,169974,15,6,8,1,0.72,0,14,169974.0
CUST0570,27,Female,Self-employed,Savings,18,3,69874,21,4,8,0,0.63,1,12,23291.33
CUST1606,29,Female,Unemployed,Savings,167,2,251312,11,6,8,0,0.86,0,14,125656.0
CUST1098,46,Female,Employed,Savings,176,1,47102,16,10,10,1,0.65,1,20,47102.0
CUST2922,38,Male,Self-employed,Savings,128,3,12332,18,6,11,0,0.66,0,17,4110.67
CUST0903,27,Female,Self-employed,Current,88,4,19306,21,9,10,0,0.8,0,19,4826.5
CUST0107,27,Male,Self-employed,Savings,157,2,57263,16,6,8,0,0.94,0,14,28631.5
CUST0017,27,Male,Unemployed,Savings,170,1,309093,9,4,9,0,0.57,1,13,309093.0
CUST0296,38,Female,Employed,Savings,140,1,62806,20,9,8,0,0.69,0,17,62806.0
CUST1717,43,Male,Employed,Savings,136,1,107405,14,4,11,0,0.94,0,15,107405.0
CUST2213,22,Female,Self-employed,Current,74,3,363406,19,8,10,0,0.96,0,18,121135.33
CUST2255,41,Female,Self-employed,Savings,123,3,193166,13,8,8,0,0.59,0,16,64388.67
CUST0977,39,Male,Employed,Current,121,1,125218,20,9,12,0,0.56,1,21,125218.0
CUST0143,37,Female,Employed,Savings,158,1,46719,22,7,13,0,0.67,0,20,46719.0
CUST1841,29,Male,Employed,Current,145,2,154426,17,8,10,0,0.99,0,18,77213.0
CUST2385,18,Female,Employed,Current,123,4,226484,10,8,12,0,0.94,0,20,56621.0
CUST0670,28,Male,Self-employed,Savings,100,3,21704,7,8,10,0,0.51,0,18,7234.67
CUST0164,21,Female,Employed,Current,14,1,84445,15,6,7,1,0.65,0,13,84445.0
CUST1406,36,Female,Employed,Current,88,1,196677,18,7,11,0,0.57,1,18,196677.0
CUST0950,18,Male,Employed,Current,26,1,253398,18,6,13,1,0.65,0,19,253398.0
CUST2572,37,Female,Employed,Savings,81,1,92305,16,11,7,0,0.5,1,18,92305.0
CUST2331,58,Female,Employed,Current,109,1,337946,17,4,13,0,0.61,1,17,337946.0
CUST0067,47,Male,Unemployed,Savings,162,3,108661,11,6,14,0,0.8,0,20,36220.33
CUST2835,45,Female,Self-employed,Fixed Deposit,26,2,203783,21,13,11,1,0.83,1,24,101891.5
CUST2978,33,Female,Employed,Savings,99,4,29405,19,4,8,0,0.71,1,12,7351.25
CUST0536,28,Female,Employed,Savings,70,1,1748,9,9,11,0,0.84,0,20,1748.0
CUST1188,21,Male,Self-employed,Current,114,1,16771,17,14,9,0,0.55,0,23,16771.0
CUST2088,41,Female,Employed,Savings,67,2,193740,14,2,14,0,0.96,0,16,96870.0
CUST1214,43,Male,Employed,Current,53,2,97355,11,9,8,0,0.51,0,17,48677.5
CUST0150,43,Male,Self-employed,Current,114,1,314921,12,10,5,0,0.55,0,15,314921.0
CUST0629,29,Male,Employed,Current,173,4,16127,19,6,6,0,0.69,0,12,4031.75
CUST2775,31,Male,Employed,Savings,108,2,90086,11,9,12,0,0.64,0,21,45043.0
CUST2712,20,Male,Employed,Current,156,2,16387,14,9,12,0,0.74,0,21,8193.5
CUST0443,26,Male,Self-employed,Savings,42,1,214622,19,11,7,0,0.5,0,18,214622.0
CUST1792,21,Male,Employed,Fixed Deposit,97,2,483498,16,10,4,0,0.6,0,14,241749.0
CUST2678,23,Male,Unemployed,Current,66,2,69191,16,3,8,0,0.58,0,11,34595.5
CUST0432,34,Female,Employed,Fixed Deposit,122,1,104343,15,7,8,0,0.65,0,15,104343.0
CUST0845,37,Female,Self-employed,Savings,86,1,1146,21,9,11,0,0.85,1,20,1146.0
CUST2692,44,Female,Employed,Current,33,2,17009,21,5,14,0,0.54,0,19,8504.5
CUST1400,18,Male,Employed,Current,97,3,253221,10,13,6,0,0.51,0,19,84407.0
CUST1726,50,Male,Employed,Fixed Deposit,121,3,217301,15,7,8,0,0.72,1,15,72433.67
CUST1431,26,Female,Employed,Savings,103,3,224001,20,6,7,0,0.55,0,13,74667.0
CUST1815,38,Female,Employed,Savings,22,3,92128,21,9,11,0,0.73,0,20,30709.33
CUST1273,45,Male,Self-employed,Savings,169,2,163461,17,9,11,0,0.53,0,20,81730.5
CUST1526,26,Female,Employed,Savings,90,3,4491,16,7,6,1,0.51,0,13,1497.0
CUST0453,25,Male,Employed,Current,16,3,67942,9,9,10,1,0.58,1,19,22647.33
CUST1781,37,Male,Employed,Savings,22,3,10448,22,11,11,0,0.82,0,22,3482.67
CUST1779,23,Female,Employed,Savings,108,1,130868,15,7,11,0,0.69,1,18,130868.0
CUST2682,25,Female,Self-employed,Fixed Deposit,170,2,685309,16,6,10,0,0.54,0,16,342654.5
CUST0851,38,Female,Self-employed,Savings,128,1,112369,9,12,7,0,0.65,0,19,112369.0
CUST2618,42,Female,Employed,Current,80,1,7169,18,11,6,0,0.66,0,17,7169.0
CUST0871,46,Female,Self-employed,Savings,145,2,184955,25,6,8,0,0.67,0,14,92477.5
CUST2811,32,Female,Employed,Savings,28,1,40588,18,4,9,1,0.88,0,13,40588.0
CUST1552,34,Female,Self-employed,Savings,68,4,239163,19,14,15,0,0.69,0,29,59790.75
CUST0428,34,Male,Unemployed,Savings,81,2,37988,16,6,9,0,0.62,1,15,18994.0
CUST1290,34,Male,Employed,Savings,97,4,150011,15,9,11,0,0.86,0,20,37502.75
CUST0315,33,Female,Employed,Savings,117,2,65429,16,7,10,0,0.6,1,17,32714.5
CUST0392,27,Female,Self-employed,Savings,128,2,160142,16,12,8,0,0.9,0,20,80071.0
CUST2367,37,Female,Employed,Fixed Deposit,55,2,375517,16,4,7,0,0.53,0,11,187758.5
CUST0500,29,Male,Unemployed,Savings,105,2,359354,19,9,11,0,0.68,0,20,179677.0
CUST2086,35,Male,Employed,Current,72,1,75692,15,11,8,0,0.94,0,19,75692.0
CUST2279,34,Male,Employed,Current,77,1,365604,21,6,12,0,0.88,1,18,365604.0
CUST2944,22,Male,Self-employed,Savings,87,3,26240,14,13,12,1,0.87,1,25,8746.67
CUST0287,47,Male,Employed,Current,174,1,222179,18,8,11,1,0.57,1,19,222179.0
CUST0290,37,Male,Employed,Fixed Deposit,174,2,25520,15,7,5,2,0.98,0,12,12760.0
CUST1969,31,Male,Employed,Current,59,3,1941,11,8,10,0,0.77,0,18,647.0
CUST0443,40,Female,Self-employed,Savings,117,1,110887,18,12,9,0,0.74,1,21,110887.0
CUST0076,24,Female,Self-employed,Current,98,2,99088,22,7,13,0,0.93,0,20,49544.0
CUST2381,54,Female,Employed,Savings,141,2,197644,16,9,6,0,0.96,0,15,98822.0
CUST2076,40,Male,Employed,Fixed Deposit,153,1,9886,11,9,11,1,0.91,0,20,9886.0
CUST1692,32,Male,Employed,Current,62,2,5824,10,11,15,0,0.88,0,26,2912.0
CUST0382,46,Male,Self-employed,Fixed Deposit,44,3,186562,14,11,12,0,0.86,1,23,62187.33
CUST0684,37,Male,Employed,Savings,38,2,13553,13,7,10,0,0.96,0,17,6776.5
CUST0007,29,Female,Self-employed,Current,126,2,139252,14,10,6,0,0.55,0,16,69626.0
CUST2653,21,Male,Self-employed,Savings,75,1,158202,15,8,6,0,0.82,0,14,158202.0
CUST1864,35,Male,Employed,Current,52,2,8346,11,7,5,1,0.83,0,12,4173.0
CUST2508,41,Female,Self-employed,Current,117,2,186142,17,5,10,0,0.62,0,15,93071.0
CUST1582,38,Male,Employed,Current,91,2,14863,14,4,5,0,0.53,0,9,7431.5
CUST1056,21,Female,Self-employed,Fixed Deposit,44,1,42486,16,9,10,1,0.56,0,19,42486.0
CUST1119,29,Male,Unemployed,Fixed Deposit,98,2,263303,18,5,10,0,0.78,0,15,131651.5
CUST2195,35,Female,Employed,Savings,60,1,76002,18,10,13,0,0.66,0,23,76002.0
CUST0231,47,Male,Employed,Current,172,2,172960,19,10,8,0,0.83,0,18,86480.0
CUST1609,38,Male,Employed,Current,73,1,522004,18,5,7,0,0.59,0,12,522004.0
CUST1672,40,Female,Self-employed,Current,92,2,80430,16,9,6,0,0.66,1,15,40215.0
CUST2013,27,Female,Self-employed,Fixed Deposit,171,3,119349,16,5,6,0,0.91,0,11,39783.0
CUST1065,37,Male,Employed,Current,75,1,13681,17,7,13,0,0.69,0,20,13681.0
CUST2602,20,Male,Employed,Fixed Deposit,94,3,14323,15,8,6,0,0.6,1,14,4774.33
CUST2343,44,Male,Employed,Savings,149,1,10474,11,6,8,1,0.76,1,14,10474.0
CUST0667,27,Female,Self-employed,Savings,148,1,230604,13,9,11,1,0.84,0,20,230604.0
CUST2338,23,Female,Self-employed,Current,116,2,111158,15,9,12,0,0.7,0,21,55579.0
CUST2970,26,Male,Employed,Savings,48,2,331578,24,6,8,1,0.92,0,14,165789.0
CUST2240,37,Female,Employed,Savings,138,3,121211,9,9,15,0,0.58,0,24,40403.67
CUST1735,18,Female,Employed,Savings,162,3,247952,18,6,10,0,0.8,0,16,82650.67
CUST2705,31,Female,Self-employed,Current,122,4,395818,16,5,11,1,0.73,0,16,98954.5
CUST1151,26,Female,Employed,Savings,81,1,10292,10,8,6,0,0.73,1,14,10292.0
CUST0223,35,Male,Employed,Savings,44,1,126790,10,9,14,0,0.99,0,23,126790.0
CUST2468,30,Female,Employed,Savings,54,1,29674,9,10,20,0,0.82,0,30,29674.0
CUST1190,31,Female,Self-employed,Savings,21,2,119836,15,9,12,0,0.9,0,21,59918.0
CUST1017,38,Female,Employed,Current,147,3,107617,18,6,13,0,0.57,0,19,35872.33
CUST0060,42,Male,Employed,Savings,160,3,115510,16,9,7,0,0.57,1,16,38503.33
CUST1041,31,Female,Employed,Savings,61,1,93705,15,10,12,0,0.91,1,22,93705.0
CUST1007,40,Female,Employed,Current,109,2,39339,14,13,16,0,0.65,0,29,19669.5
CUST0361,18,Male,Self-employed,Current,96,1,231557,19,12,10,0,0.92,0,22,231557.0
CUST2798,28,Female,Unemployed,Fixed Deposit,17,1,84139,18,10,12,0,0.84,0,22,84139.0
CUST2536,38,Male,Self-employed,Savings,86,1,102470,12,14,7,0,0.5,0,21,102470.0
CUST0494,31,Male,Self-employed,Current,74,2,9181,14,7,12,0,0.89,1,19,4590.5
CUST0059,41,Female,Employed,Savings,133,4,103602,8,4,13,0,0.78,0,17,25900.5
CUST0154,23,Male,Employed,Current,43,2,37549,18,6,7,0,0.71,0,13,18774.5
CUST2801,43,Female,Employed,Savings,21,1,297440,14,6,10,0,0.61,1,16,297440.0
CUST2080,43,Female,Employed,Savings,83,1,54290,11,14,7,0,0.85,0,21,54290.0
CUST0218,37,Male,Employed,Savings,160,3,173716,15,9,11,0,0.63,0,20,57905.33
CUST2373,44,Female,Employed,Savings,137,1,218344,8,8,7,0,0.93,0,15,218344.0
CUST2673,33,Male,Employed,Fixed Deposit,179,3,112509,13,8,13,1,0.53,0,21,37503.0
CUST2717,38,Male,Self-employed,Current,48,3,67559,14,14,16,0,0.8,0,30,22519.67
CUST1368,24,Male,Employed,Savings,151,1,54200,19,7,13,0,0.92,0,20,54200.0
CUST2944,28,Male,Unemployed,Current,19,2,228991,12,6,9,0,0.57,0,15,114495.5
CUST1584,29,Male,Employed,Savings,117,3,84274,16,11,6,0,0.78,0,17,28091.33
CUST0341,32,Male,Employed,Savings,158,1,26598,9,10,8,0,0.9,0,18,26598.0
CUST1210,37,Female,Self-employed,Savings,67,2,144516,11,7,12,0,0.66,0,19,72258.0
CUST2528,40,Male,Employed,Savings,106,2,261266,16,9,10,1,0.92,0,19,130633.0
CUST2571,45,Male,Employed,Savings,105,1,141742,17,7,9,1,0.72,1,16,141742.0
CUST2135,32,Male,Self-employed,Savings,80,4,157321,16,4,12,0,0.73,1,16,39330.25
CUST0484,32,Male,Unemployed,Savings,85,1,36749,18,5,11,1,0.55,0,16,36749.0
CUST2198,45,Male,Employed,Current,94,2,139899,4,8,11,0,0.78,0,19,69949.5
CUST2140,18,Female,Employed,Savings,142,2,15344,15,11,9,0,0.66,0,20,7672.0
CUST1359,36,Female,Employed,Savings,97,3,362841,10,12,11,0,0.81,0,23,120947.0
CUST0097,51,Male,Unemployed,Savings,124,2,126920,17,8,8,0,0.55,0,16,63460.0
CUST2889,33,Female,Unemployed,Savings,162,1,133898,14,6,9,0,0.81,0,15,133898.0
CUST2339,37,Female,Self-employed,Current,128,2,225951,17,6,10,0,0.67,1,16,112975.5
CUST2294,22,Male,Employed,Fixed Deposit,177,1,23268,26,7,11,0,0.96,0,18,23268.0
CUST2166,32,Male,Self-employed,Savings,52,1,27402,18,9,14,0,0.71,0,23,27402.0
CUST0553,24,Male,Employed,Fixed Deposit,64,4,2315,15,8,8,2,0.79,0,16,578.75
CUST0331,41,Female,Self-employed,Savings,52,2,24651,20,9,10,1,0.69,0,19,12325.5
CUST2345,36,Male,Self-employed,Savings,110,3,55112,12,13,10,0,0.92,1,23,18370.67
CUST0272,32,Female,Employed,Savings,130,2,74664,16,4,11,0,0.54,0,15,37332.0
CUST0620,38,Female,Employed,Current,162,3,16393,10,5,15,0,0.66,0,20,5464.33
CUST0525,49,Male,Self-employed,Savings,128,3,128770,9,7,7,1,0.74,1,14,42923.33
CUST0408,28,Female,Employed,Savings,47,1,140014,14,9,6,0,0.95,0,15,140014.0
CUST1485,35,Female,Self-employed,Savings,118,2,88517,15,8,9,0,0.74,1,17,44258.5
CUST2820,24,Male,Self-employed,Savings,99,1,129983,15,7,9,0,0.99,0,16,129983.0
CUST0712,19,Male,Self-employed,Savings,163,2,79085,15,12,11,0,0.84,0,23,39542.5
CUST0894,48,Female,Employed,Current,97,3,22092,11,10,13,0,0.6,0,23,7364.0
CUST0906,50,Female,Employed,Savings,161,3,155679,14,7,16,0,0.8,0,23,51893.0
CUST0383,47,Female,Unemployed,Current,163,1,46469,21,7,10,0,0.58,0,17,46469.0
CUST0037,25,Male,Employed,Savings,100,3,187117,15,11,8,0,0.83,0,19,62372.33
CUST1810,31,Male,Employed,Savings,64,2,26336,10,10,8,0,0.54,0,18,13168.0
CUST0078,54,Male,Employed,Savings,177,4,114046,7,6,9,1,0.86,0,15,28511.5
CUST1126,43,Male,Self-employed,Savings,27,1,73214,16,4,9,1,0.52,1,13,73214.0
CUST0761,42,Female,Self-employed,Savings,28,1,22250,19,8,9,1,0.53,0,17,22250.0
CUST2963,53,Male,Employed,Savings,110,1,54490,10,12,9,0,0.62,0,21,54490.0
CUST1791,24,Male,Unemployed,Savings,88,2,368661,29,8,11,0,0.81,0,19,184330.5
CUST1830,30,Female,Employed,Current,116,3,392992,14,10,13,0,0.54,0,23,130997.33
CUST0351,30,Female,Employed,Savings,80,3,20695,13,10,10,0,0.57,0,20,6898.33
CUST2673,36,Female,Employed,Savings,76,1,218831,14,9,8,0,0.98,0,17,218831.0
CUST0138,33,Male,Self-employed,Savings,65,1,62643,16,14,10,0,0.51,0,24,62643.0
CUST2698,26,Female,Employed,Savings,153,2,412935,11,9,16,0,0.63,0,25,206467.5
CUST1999,54,Male,Employed,Savings,135,3,49095,17,13,10,0,0.84,0,23,16365.0
CUST2378,36,Female,Employed,Savings,150,3,204804,18,9,10,0,0.6,0,19,68268.0
CUST2653,18,Female,Employed,Current,146,2,11083,12,9,7,0,0.68,1,16,5541.5
CUST2379,32,Male,Employed,Savings,120,2,268301,17,4,16,0,0.66,0,20,134150.5
CUST2290,18,Male,Employed,Current,83,2,61961,30,5,7,0,0.54,1,12,30980.5
CUST1964,33,Female,Employed,Savings,65,1,92233,19,8,8,0,0.76,0,16,92233.0
CUST1341,39,Male,Employed,Current,159,1,88176,20,5,4,0,0.74,0,9,88176.0
CUST0194,35,Male,Self-employed,Savings,114,4,33874,16,8,13,1,0.75,0,21,8468.5
CUST1185,38,Male,Employed,Fixed Deposit,106,1,292428,17,13,13,0,0.6,0,26,292428.0
CUST0277,31,Male,Employed,Current,71,2,141544,8,4,8,0,0.63,0,12,70772.0
CUST1158,54,Male,Employed,Savings,15,3,68011,10,10,9,0,0.92,0,19,22670.33
CUST0195,43,Female,Employed,Savings,21,3,159153,13,3,12,0,0.77,0,15,53051.0
CUST2650,45,Male,Self-employed,Current,84,3,164907,14,9,10,1,0.69,1,19,54969.0
CUST2539,58,Male,Employed,Savings,15,2,437997,6,9,10,0,0.93,1,19,218998.5
CUST0377,34,Male,Self-employed,Savings,172,4,477057,18,4,7,0,0.79,0,11,119264.25
CUST2371,37,Female,Unemployed,Current,41,2,96807,15,7,9,0,0.82,1,16,48403.5
CUST2342,19,Male,Employed,Savings,142,2,132381,14,10,13,0,0.58,0,23,66190.5
CUST1103,34,Male,Employed,Current,163,1,390985,13,7,10,0,0.83,0,17,390985.0
CUST1474,30,Male,Employed,Savings,80,2,37740,23,10,5,0,0.84,1,15,18870.0
CUST2417,36,Female,Employed,Savings,30,2,93718,13,6,8,0,0.92,0,14,46859.0
CUST1037,34,Male,Unemployed,Current,105,3,7077,16,11,11,0,0.5,0,22,2359.0
CUST0831,32,Female,Employed,Current,114,3,25914,9,9,12,0,0.89,0,21,8638.0
CUST2143,18,Female,Self-employed,Savings,164,2,57862,22,9,6,0,0.62,0,15,28931.0
CUST1432,47,Female,Employed,Savings,56,2,144377,11,10,16,1,0.92,0,26,72188.5
CUST0326,41,Male,Employed,Savings,179,2,273308,24,13,11,0,0.54,0,24,136654.0
CUST2882,18,Male,Employed,Savings,13,1,707803,16,9,5,0,0.86,1,14,707803.0
CUST1164,35,Male,Self-employed,Savings,13,2,5380,17,6,10,0,0.85,0,16,2690.0
CUST1882,49,Female,Employed,Savings,32,2,198735,12,3,7,0,0.79,0,10,99367.5
CUST0250,53,Female,Self-employed,Savings,139,1,81412,19,14,10,0,0.97,0,24,81412.0
CUST1833,60,Male,Self-employed,Savings,180,2,5052,14,8,10,1,0.85,1,18,2526.0
CUST1664,29,Female,Employed,Savings,40,2,75646,16,7,15,0,0.93,0,22,37823.0
CUST1257,45,Female,Employed,Current,116,4,214266,10,4,10,0,0.82,0,14,53566.5
CUST1836,27,Male,Employed,Fixed Deposit,13,3,303243,7,8,12,0,0.74,0,20,101081.0
CUST1212,41,Female,Self-employed,Savings,142,2,215767,14,3,16,1,0.99,0,19,107883.5
CUST2731,38,Female,Unemployed,Current,108,3,25144,21,8,12,0,0.65,0,20,8381.33
CUST1961,48,Male,Employed,Savings,109,2,18395,18,8,12,1,0.52,1,20,9197.5
CUST1134,38,Female,Employed,Savings,95,2,80786,18,9,17,0,0.67,0,26,40393.0
CUST1720,33,Female,Employed,Current,62,4,159327,16,5,6,1,0.68,0,11,39831.75
CUST2369,40,Female,Employed,Savings,29,2,114585,16,12,6,0,0.89,0,18,57292.5
CUST0418,24,Male,Employed,Fixed Deposit,38,1,291629,17,4,7,0,0.86,0,11,291629.0
CUST2738,42,Male,Self-employed,Current,13,2,47154,9,5,10,0,0.91,0,15,23577.0
CUST2599,31,Male,Employed,Current,34,3,221120,11,9,7,0,0.59,0,16,73706.67
CUST1180,40,Male,Employed,Current,153,1,1065053,17,8,11,0,0.84,0,19,1065053.0
CUST1349,37,Female,Unemployed,Savings,111,4,2815,20,7,12,0,0.78,0,19,703.75
CUST0943,38,Male,Employed,Savings,133,1,447550,23,12,9,0,0.7,0,21,447550.0
CUST0413,28,Male,Unemployed,Current,113,2,24837,16,6,13,1,0.71,0,19,12418.5
CUST2742,34,Male,Employed,Savings,95,1,41151,17,6,6,0,0.75,1,12,41151.0
CUST0021,31,Female,Employed,Savings,88,1,159302,21,6,8,1,0.74,1,14,159302.0
CUST1548,41,Female,Employed,Savings,117,4,9140,16,6,13,1,0.66,0,19,2285.0
CUST1433,23,Male,Employed,Savings,115,4,582421,14,6,9,0,0.71,0,15,145605.25
CUST1153,23,Female,Unemployed,Savings,160,1,66214,23,6,5,0,0.53,0,11,66214.0
CUST2714,35,Female,Employed,Current,38,1,37165,16,9,6,0,0.63,1,15,37165.0
CUST0398,45,Male,Employed,Current,101,1,110102,22,5,12,0,0.94,0,17,110102.0
CUST1482,49,Male,Self-employed,Current,56,2,67978,15,7,11,0,0.71,0,18,33989.0
CUST0688,24,Male,Employed,Savings,50,1,18114,21,12,7,0,0.91,1,19,18114.0
CUST0270,36,Female,Self-employed,Fixed Deposit,44,1,126686,13,12,11,2,0.7,0,23,126686.0
CUST2509,36,Male,Unemployed,Current,162,3,40490,14,5,11,0,0.51,0,16,13496.67
CUST1032,34,Female,Employed,Savings,32,2,206585,17,7,9,0,0.78,0,16,103292.5
CUST2907,23,Female,Self-employed,Fixed Deposit,161,1,47870,12,11,7,0,0.91,0,18,47870.0
CUST2063,41,Male,Employed,Savings,119,2,50624,15,9,7,0,0.84,0,16,25312.0
CUST1335,18,Female,Unemployed,Savings,86,2,268725,19,10,7,0,0.52,1,17,134362.5
CUST2773,42,Male,Employed,Current,55,1,238335,13,10,15,1,0.97,0,25,238335.0
CUST0025,19,Male,Unemployed,Current,24,3,69157,19,4,11,0,0.89,0,15,23052.33
CUST2938,32,Male,Self-employed,Savings,163,4,41661,14,4,10,0,0.84,0,14,10415.25
CUST0054,34,Female,Employed,Savings,54,1,8519,16,6,9,0,0.54,1,15,8519.0
CUST1229,28,Female,Self-employed,Savings,106,2,500,21,16,13,0,0.97,0,29,250.0
CUST0552,29,Male,Employed,Savings,50,3,22964,16,6,11,0,0.63,1,17,7654.67
CUST2376,40,Male,Unemployed,Current,24,3,641230,14,8,8,0,0.93,0,16,213743.33
CUST1447,48,Female,Self-employed,Savings,73,2,233335,17,7,9,0,0.94,0,16,116667.5
CUST1709,35,Female,Employed,Savings,101,1,27808,19,6,12,0,0.67,0,18,27808.0
CUST1359,29,Female,Employed,Current,93,2,65270,16,8,7,0,0.67,1,15,32635.0
CUST1896,28,Male,Employed,Savings,55,1,199451,14,7,10,0,0.76,0,17,199451.0
CUST1114,42,Female,Employed,Savings,73,2,10488,17,12,10,0,0.54,1,22,5244.0
CUST2584,30,Female,Unemployed,Current,145,2,51338,15,8,5,0,0.92,0,13,25669.0
CUST0172,20,Female,Employed,Savings,48,1,53969,11,5,15,0,0.51,0,20,53969.0
CUST1888,35,Female,Employed,Current,33,1,386882,14,11,12,0,0.82,0,23,386882.0
CUST1360,44,Male,Unemployed,Current,74,1,81741,16,9,11,0,0.86,0,20,81741.0
CUST0197,40,Female,Unemployed,Current,26,3,102896,15,5,10,0,0.89,1,15,34298.67
CUST2180,52,Female,Employed,Current,121,1,181949,22,7,5,0,0.7,1,12,181949.0
CUST1690,60,Female,Self-employed,Current,175,3,67526,14,10,8,0,0.65,0,18,22508.67
CUST0697,41,Female,Employed,Savings,50,2,68531,20,7,9,0,0.72,0,16,34265.5
CUST1614,33,Female,Employed,Current,23,1,615316,8,9,8,1,0.59,1,17,615316.0
CUST0470,48,Female,Employed,Current,111,3,27273,11,9,15,0,0.84,1,24,9091.0
CUST2718,42,Female,Self-employed,Savings,37,1,148245,15,8,12,0,0.6,1,20,148245.0
CUST1963,56,Male,Employed,Current,45,2,326581,20,6,3,0,0.75,0,9,163290.5
CUST0056,38,Female,Self-employed,Savings,77,3,136069,19,8,11,0,0.71,0,19,45356.33
CUST2655,33,Male,Employed,Savings,109,1,404242,17,8,7,0,0.61,0,15,404242.0
CUST2890,43,Male,Employed,Current,40,1,151375,22,8,15,0,0.95,0,23,151375.0
CUST0083,37,Female,Employed,Savings,18,2,113979,14,8,13,0,0.65,1,21,56989.5
CUST0096,39,Male,Employed,Savings,47,2,27007,15,12,8,0,0.65,1,20,13503.5
CUST1157,48,Male,Self-employed,Savings,106,3,85842,13,8,9,0,0.77,0,17,28614.0
CUST1682,22,Male,Employed,Savings,55,1,69618,16,5,10,1,0.6,0,15,69618.0
CUST0646,29,Male,Employed,Savings,160,3,178846,21,7,12,0,0.85,1,19,59615.33
CUST0832,28,Male,Self-employed,Savings,112,2,175797,15,5,12,1,0.76,1,17,87898.5
CUST0719,26,Female,Employed,Savings,120,1,37061,14,8,10,0,0.77,1,18,37061.0
CUST1887,36,Female,Self-employed,Fixed Deposit,170,2,76138,20,11,11,0,0.98,0,22,38069.0
CUST0929,42,Female,Employed,Savings,36,4,125116,15,5,12,0,0.68,1,17,31279.0
CUST2426,48,Male,Employed,Savings,179,1,3100,17,11,8,0,0.78,0,19,3100.0
CUST2398,28,Male,Employed,Fixed Deposit,83,3,175701,20,9,13,0,0.77,1,22,58567.0
CUST2589,39,Male,Self-employed,Current,99,2,197325,19,4,10,0,0.96,0,14,98662.5
CUST1982,38,Male,Employed,Fixed Deposit,68,1,418775,11,6,10,0,0.5,0,16,418775.0
CUST2280,38,Male,Self-employed,Savings,101,1,270363,16,10,13,0,0.62,1,23,270363.0
CUST1429,27,Female,Self-employed,Current,57,2,70444,6,9,12,0,0.78,1,21,35222.0
CUST0281,24,Female,Employed,Savings,31,2,654622,11,7,5,0,0.54,0,12,327311.0
CUST1129,18,Male,Employed,Current,83,4,42487,15,8,13,0,0.6,0,21,10621.75
CUST2418,52,Female,Self-employed,Current,159,4,30446,18,12,21,0,0.8,0,33,7611.5
CUST1096,34,Male,Self-employed,Savings,91,2,134433,22,9,8,0,0.89,1,17,67216.5
CUST0790,32,Male,Employed,Savings,164,1,25944,17,9,11,0,0.55,0,20,25944.0
CUST1022,49,Female,Employed,Current,50,2,72368,12,7,11,0,0.86,1,18,36184.0
CUST1750,56,Female,Unemployed,Current,58,2,285118,14,5,10,0,0.59,1,15,142559.0
CUST1074,28,Female,Employed,Current,174,4,161008,18,12,11,0,0.98,0,23,40252.0
CUST1492,23,Male,Employed,Savings,83,2,46609,15,4,7,0,0.64,0,11,23304.5
CUST2084,34,Male,Employed,Savings,44,1,41094,17,5,5,0,0.52,1,10,41094.0
CUST1193,20,Male,Employed,Current,100,1,77121,23,8,6,0,0.56,0,14,77121.0
CUST1099,29,Female,Self-employed,Savings,163,1,116315,24,16,8,0,0.67,1,24,116315.0
CUST2360,34,Female,Unemployed,Fixed Deposit,91,1,11367,13,14,12,1,0.86,0,26,11367.0
CUST0671,30,Male,Employed,Savings,126,1,138363,10,7,13,0,0.69,0,20,138363.0
CUST1802,52,Female,Employed,Savings,157,3,106279,16,11,8,1,0.69,1,19,35426.33
CUST2721,37,Female,Self-employed,Savings,44,2,359183,13,10,9,0,0.84,1,19,179591.5
CUST1163,36,Female,Employed,Fixed Deposit,170,2,686685,8,5,12,0,0.67,1,17,343342.5
CUST0834,52,Male,Employed,Savings,146,2,262224,11,5,8,0,0.53,0,13,131112.0
CUST2952,50,Female,Employed,Current,178,1,108595,16,3,8,0,0.61,0,11,108595.0
CUST2166,32,Female,Self-employed,Current,60,3,46971,15,4,9,0,0.86,1,13,15657.0
CUST0791,35,Female,Employed,Fixed Deposit,82,1,105730,15,7,9,1,0.94,0,16,105730.0
CUST2925,25,Male,Employed,Current,124,3,126063,15,8,8,0,0.82,0,16,42021.0
CUST0042,21,Male,Employed,Current,120,2,4425,13,8,5,0,0.97,0,13,2212.5
CUST2527,42,Female,Employed,Savings,71,2,221898,20,6,6,0,0.58,1,12,110949.0
CUST0180,33,Female,Employed,Savings,21,4,285222,19,7,17,0,0.97,1,24,71305.5
CUST2483,41,Male,Employed,Savings,64,2,467281,24,7,7,0,0.66,0,14,233640.5
CUST0260,33,Male,Employed,Savings,22,3,357622,15,6,8,0,0.54,0,14,119207.33
CUST0173,20,Male,Employed,Current,125,3,221836,12,14,10,0,0.76,0,24,73945.33
CUST0931,24,Male,Self-employed,Fixed Deposit,33,2,29441,18,9,8,0,0.55,1,17,14720.5
CUST1202,27,Male,Employed,Current,21,2,291604,21,8,12,0,0.77,1,20,145802.0
CUST1568,21,Male,Self-employed,Current,32,1,149856,15,6,9,0,0.72,1,15,149856.0
CUST1988,19,Male,Self-employed,Savings,171,4,451164,13,11,10,0,0.78,1,21,112791.0
CUST1746,29,Female,Employed,Current,27,2,21182,16,11,12,0,0.59,1,23,10591.0
CUST1516,38,Male,Employed,Current,124,3,14378,15,14,12,0,0.52,0,26,4792.67
CUST0017,32,Female,Employed,Savings,91,3,82442,20,10,12,0,0.98,0,22,27480.67
CUST2795,30,Female,Self-employed,Fixed Deposit,46,2,119208,14,10,13,0,0.51,0,23,59604.0
CUST2250,34,Male,Employed,Savings,115,1,75229,14,7,15,0,0.93,0,22,75229.0
CUST1007,36,Male,Employed,Savings,173,2,429077,15,2,14,0,0.61,0,16,214538.5
CUST1620,44,Male,Self-employed,Current,146,1,100654,15,10,14,0,0.88,0,24,100654.0
CUST0831,36,Male,Self-employed,Savings,150,1,119590,20,6,11,0,0.84,0,17,119590.0
CUST2960,34,Male,Employed,Savings,85,2,46021,19,6,13,0,0.51,0,19,23010.5
CUST0287,31,Female,Self-employed,Savings,155,4,271404,10,11,7,0,0.55,0,18,67851.0
CUST2670,25,Female,Unemployed,Savings,112,2,93489,14,7,12,0,0.93,0,19,46744.5
CUST0070,34,Female,Employed,Fixed Deposit,94,1,130650,10,7,9,1,0.82,0,16,130650.0
CUST1364,50,Female,Employed,Savings,33,2,124395,14,17,10,0,0.67,1,27,62197.5
CUST2560,37,Male,Employed,Current,147,2,101403,18,7,8,0,0.75,0,15,50701.5
CUST1997,18,Male,Employed,Savings,145,1,144778,15,10,11,0,0.85,0,21,144778.0
CUST0395,22,Male,Employed,Current,75,1,18271,18,11,7,0,0.75,0,18,18271.0
CUST2434,42,Male,Self-employed,Savings,66,3,183375,10,11,12,0,0.97,1,23,61125.0
CUST0357,18,Female,Employed,Savings,82,1,91429,14,9,5,0,0.91,0,14,91429.0
CUST1437,42,Female,Employed,Savings,88,1,4740,9,8,12,0,0.95,1,20,4740.0
CUST1667,38,Female,Self-employed,Current,57,2,134816,13,13,8,0,0.84,0,21,67408.0
CUST0121,28,Male,Employed,Current,102,2,65205,19,9,8,0,0.68,0,17,32602.5
CUST0388,29,Female,Employed,Current,129,3,83034,14,8,14,0,0.77,0,22,27678.0
CUST2963,22,Female,Employed,Savings,48,4,74364,23,10,16,0,0.52,0,26,18591.0
CUST2427,23,Female,Self-employed,Savings,55,1,222305,14,5,9,0,0.96,0,14,222305.0
CUST1135,31,Female,Self-employed,Savings,25,1,129035,21,7,11,0,0.72,1,18,129035.0
CUST2373,20,Female,Unemployed,Current,119,3,259432,16,3,10,0,0.75,1,13,86477.33
CUST1042,32,Male,Self-employed,Savings,31,1,14078,17,10,7,1,0.82,0,17,14078.0
CUST2008,29,Male,Employed,Current,36,2,88142,17,4,6,1,0.64,1,10,44071.0
CUST1912,37,Male,Self-employed,Savings,145,3,24288,8,9,10,0,0.88,1,19,8096.0
CUST2781,40,Male,Employed,Savings,81,2,133192,8,8,8,0,0.67,1,16,66596.0
CUST1720,38,Female,Employed,Savings,163,1,25189,15,6,5,0,0.65,0,11,25189.0
CUST0907,41,Female,Employed,Savings,85,3,252544,13,10,8,0,0.93,0,18,84181.33
CUST0479,37,Male,Employed,Savings,27,3,294992,15,5,15,1,0.85,0,20,98330.67
CUST0163,29,Female,Self-employed,Savings,168,1,110186,8,9,8,2,0.78,0,17,110186.0
CUST2219,33,Female,Employed,Savings,166,3,237242,14,12,11,0,0.89,0,23,79080.67
CUST1650,49,Male,Employed,Savings,16,4,130785,17,9,12,0,0.51,1,21,32696.25
CUST0948,51,Male,Self-employed,Savings,118,3,210723,15,14,12,1,0.6,0,26,70241.0
CUST1217,40,Female,Self-employed,Savings,165,1,22497,19,4,11,0,0.7,1,15,22497.0
CUST1862,25,Male,Employed,Savings,13,3,47267,12,3,10,0,0.96,0,13,15755.67
CUST0026,38,Male,Employed,Current,96,2,394850,14,5,15,0,0.63,0,20,197425.0
CUST0252,47,Female,Self-employed,Fixed Deposit,80,1,358283,12,4,9,0,0.91,0,13,358283.0
CUST0772,24,Female,Employed,Savings,45,1,149847,17,14,8,0,0.88,0,22,149847.0
CUST0338,46,Male,Employed,Fixed Deposit,24,2,93371,13,10,10,0,0.65,1,20,46685.5
CUST1908,20,Female,Employed,Current,37,3,69865,15,7,10,0,0.82,0,17,23288.33
CUST2155,48,Female,Self-employed,Current,20,2,126912,8,5,8,0,0.67,1,13,63456.0
CUST2518,35,Female,Employed,Current,57,1,159653,12,8,16,0,0.67,1,24,159653.0
CUST0302,42,Female,Employed,Fixed Deposit,13,4,211300,11,10,13,0,0.68,0,23,52825.0
CUST1438,34,Female,Employed,Savings,104,2,167506,16,7,13,0,0.89,0,20,83753.0
CUST0582,27,Female,Employed,Savings,46,4,19586,15,11,11,0,0.9,1,22,4896.5
CUST0964,48,Male,Employed,Fixed Deposit,169,2,154264,22,8,6,0,0.58,0,14,77132.0
CUST0012,39,Male,Employed,Current,135,1,722572,15,13,11,0,0.69,0,24,722572.0
CUST2416,30,Female,Employed,Savings,148,2,131360,19,3,15,0,0.68,0,18,65680.0
CUST2229,22,Male,Self-employed,Fixed Deposit,27,3,14383,23,9,12,0,0.72,0,21,4794.33
CUST2506,38,Female,Employed,Savings,136,1,144711,16,6,14,0,0.67,0,20,144711.0
CUST1588,31,Male,Self-employed,Current,178,2,15530,16,2,11,0,0.98,0,13,7765.0
CUST1927,42,Female,Unemployed,Savings,86,1,315171,13,12,8,0,0.78,0,20,315171.0
CUST2375,45,Male,Self-employed,Fixed Deposit,28,4,555735,13,12,11,0,0.79,0,23,138933.75
CUST1639,54,Male,Employed,Savings,156,2,34066,16,8,16,0,0.51,0,24,17033.0
CUST0727,35,Male,Self-employed,Current,41,1,100914,11,11,4,0,0.89,1,15,100914.0
CUST0872,37,Female,Self-employed,Savings,37,4,296178,10,8,13,0,0.76,1,21,74044.5
CUST0931,31,Male,Employed,Current,34,2,208295,17,3,16,0,0.63,0,19,104147.5
CUST1926,28,Female,Self-employed,Current,168,1,382681,16,2,15,1,0.51,0,17,382681.0
CUST1449,18,Male,Self-employed,Savings,137,1,44175,20,5,10,0,0.66,0,15,44175.0
CUST2847,23,Female,Self-employed,Current,155,2,45391,13,15,8,0,0.86,0,23,22695.5
CUST0642,41,Male,Self-employed,Savings,16,3,112190,20,10,6,0,0.65,1,16,37396.67
CUST2683,51,Male,Self-employed,Savings,139,3,441804,14,4,11,0,0.75,0,15,147268.0
CUST2936,42,Female,Employed,Savings,102,3,167623,21,10,12,1,0.7,0,22,55874.33
CUST0286,43,Female,Employed,Current,133,1,140978,16,4,11,0,0.73,0,15,140978.0
CUST0639,52,Male,Employed,Fixed Deposit,132,1,218887,11,7,10,1,0.93,0,17,218887.0
CUST1544,18,Female,Employed,Savings,62,3,187293,8,6,10,0,0.65,1,16,62431.0
CUST0574,32,Female,Self-employed,Fixed Deposit,132,3,369415,12,6,10,0,0.76,0,16,123138.33
CUST1963,42,Female,Employed,Current,78,1,58462,18,9,11,1,0.69,0,20,58462.0
CUST1770,40,Female,Employed,Savings,60,3,267934,16,10,12,0,0.98,0,22,89311.33
CUST2004,34,Male,Employed,Current,136,1,48461,13,11,13,0,0.53,0,24,48461.0
CUST0813,66,Male,Employed,Savings,85,2,69809,22,7,8,0,0.65,0,15,34904.5
CUST2665,45,Female,Self-employed,Savings,148,3,17247,15,5,12,0,0.62,0,17,5749.0
CUST2661,31,Male,Employed,Current,165,1,140954,13,12,8,0,0.51,0,20,140954.0
CUST0489,37,Male,Employed,Current,125,1,182503,17,13,14,0,0.56,0,27,182503.0
CUST1089,43,Female,Employed,Savings,170,3,421299,20,5,7,1,0.5,0,12,140433.0
CUST1161,40,Male,Employed,Current,61,1,80711,13,8,8,0,0.78,0,16,80711.0
CUST0362,35,Female,Employed,Savings,55,3,132128,13,4,6,0,0.92,1,10,44042.67
CUST2630,37,Female,Employed,Savings,50,4,73526,14,8,10,0,0.66,0,18,18381.5
CUST0187,40,Female,Employed,Savings,155,1,86717,14,7,19,0,0.61,0,26,86717.0
CUST2507,29,Female,Unemployed,Savings,103,2,102750,16,4,10,0,0.6,0,14,51375.0
CUST0900,43,Female,Employed,Savings,124,3,50733,10,11,11,0,0.59,0,22,16911.0
CUST0523,31,Female,Employed,Savings,62,2,91258,14,5,9,0,0.78,0,14,45629.0
CUST1420,41,Male,Employed,Savings,55,2,151175,17,5,7,0,0.71,1,12,75587.5
CUST1113,24,Male,Employed,Savings,70,2,222456,12,14,10,0,0.92,1,24,111228.0
CUST1627,44,Female,Employed,Savings,138,3,417598,18,0,12,0,0.64,0,12,139199.33
CUST1424,48,Male,Unemployed,Savings,157,3,6889,20,7,7,0,0.79,1,14,2296.33
CUST0789,30,Female,Employed,Savings,172,1,450751,18,12,8,0,0.58,0,20,450751.0
CUST0251,19,Female,Self-employed,Savings,49,2,261332,13,4,12,0,0.62,0,16,130666.0
CUST0799,38,Male,Employed,Savings,71,3,168239,11,10,8,0,0.74,0,18,56079.67
CUST1170,37,Female,Employed,Savings,152,4,42519,16,9,8,0,0.53,0,17,10629.75
CUST2466,19,Male,Self-employed,Savings,93,3,109940,14,13,15,0,0.91,0,28,36646.67
CUST0658,41,Female,Employed,Current,107,3,178846,8,7,14,0,0.82,0,21,59615.33
CUST1864,18,Female,Self-employed,Savings,55,1,193695,13,5,14,0,0.71,0,19,193695.0
CUST2717,27,Female,Employed,Current,53,1,84383,15,11,7,0,0.53,0,18,84383.0
CUST1317,51,Male,Employed,Savings,98,1,269913,12,3,6,0,0.92,1,9,269913.0
CUST1193,43,Female,Employed,Savings,68,2,4305,17,9,8,0,0.54,1,17,2152.5
CUST1518,36,Female,Self-employed,Savings,116,2,70720,10,13,12,0,0.69,0,25,35360.0
CUST2661,18,Female,Self-employed,Current,93,2,276686,15,5,9,0,0.66,0,14,138343.0
CUST2751,36,Female,Employed,Current,147,2,3420,15,1,9,1,0.54,0,10,1710.0
CUST1883,24,Female,Employed,Fixed Deposit,69,3,76603,16,7,4,0,0.58,1,11,25534.33
CUST0489,35,Female,Self-employed,Current,63,1,65253,14,5,11,0,0.61,0,16,65253.0
CUST0260,36,Female,Self-employed,Current,33,1,205034,11,9,15,0,0.5,0,24,205034.0
CUST2421,32,Female,Self-employed,Current,60,1,20415,16,11,14,0,0.66,0,25,20415.0
CUST1740,33,Male,Self-employed,Savings,13,4,81992,19,9,14,1,0.59,1,23,20498.0
CUST1010,30,Female,Employed,Savings,174,4,139822,19,9,9,0,0.58,1,18,34955.5
CUST0672,36,Female,Employed,Current,75,2,137992,17,6,11,0,0.51,0,17,68996.0
CUST0843,28,Male,Self-employed,Savings,175,2,146496,21,9,6,0,0.83,0,15,73248.0
CUST0730,41,Female,Employed,Savings,92,1,112744,17,10,12,0,0.97,0,22,112744.0
CUST1932,25,Female,Unemployed,Savings,35,2,102543,16,7,7,0,0.82,0,14,51271.5
CUST0988,22,Female,Employed,Savings,83,3,13818,10,8,8,0,0.61,1,16,4606.0
CUST2688,34,Male,Employed,Savings,99,2,668229,14,10,14,0,0.73,0,24,334114.5
CUST0735,30,Male,Self-employed,Savings,144,1,268582,20,12,6,0,0.87,0,18,268582.0
CUST0255,39,Male,Employed,Savings,163,4,5364,12,4,10,0,0.86,1,14,1341.0
CUST0527,20,Female,Employed,Savings,64,2,108577,14,6,12,0,0.96,0,18,54288.5
CUST1274,38,Female,Employed,Savings,45,1,57342,12,13,8,1,0.53,0,21,57342.0
CUST1436,45,Male,Employed,Savings,27,2,71544,18,9,4,0,0.73,0,13,35772.0
CUST1342,26,Male,Self-employed,Savings,133,2,160202,15,10,12,0,0.55,0,22,80101.0
CUST1723,43,Female,Employed,Fixed Deposit,70,1,16898,14,9,5,0,0.76,0,14,16898.0
CUST2455,43,Male,Employed,Current,171,3,85680,20,8,11,0,0.53,0,19,28560.0
CUST0923,41,Female,Unemployed,Savings,85,3,2756,16,13,10,0,0.95,0,23,918.67
CUST2487,24,Male,Self-employed,Savings,33,1,40266,13,11,8,0,0.83,0,19,40266.0
CUST2645,32,Male,Unemployed,Fixed Deposit,47,2,201637,15,5,6,1,0.84,0,11,100818.5
CUST2467,38,Male,Employed,Savings,77,1,298593,15,10,5,0,0.51,0,15,298593.0
CUST0627,21,Female,Employed,Current,33,2,49527,13,9,16,0,0.74,1,25,24763.5
CUST1494,27,Female,Unemployed,Savings,126,2,53638,10,8,13,0,0.54,0,21,26819.0
CUST2801,40,Female,Employed,Fixed Deposit,159,1,247422,16,8,12,0,0.74,0,20,247422.0
CUST1179,46,Male,Self-employed,Savings,159,2,11351,12,5,13,0,0.94,0,18,5675.5
CUST0207,38,Female,Self-employed,Savings,121,1,52993,10,9,14,0,0.59,0,23,52993.0
CUST0005,30,Male,Employed,Current,132,1,205192,17,7,14,0,0.7,0,21,205192.0
CUST2578,29,Male,Employed,Savings,85,2,364813,13,5,13,0,0.66,1,18,182406.5
CUST1464,54,Female,Employed,Savings,177,2,89370,13,4,14,0,0.64,0,18,44685.0
CUST2206,32,Male,Employed,Fixed Deposit,57,2,35227,20,12,6,0,0.91,0,18,17613.5
CUST1994,42,Female,Employed,Current,162,1,163887,13,9,18,0,0.52,1,27,163887.0
CUST0933,24,Male,Employed,Current,108,2,372865,19,5,8,2,0.9,0,13,186432.5
CUST0451,25,Female,Unemployed,Savings,72,1,5967,13,6,11,1,0.81,0,17,5967.0
CUST2251,31,Female,Employed,Savings,65,2,23860,11,12,9,0,0.79,0,21,11930.0
CUST2558,39,Male,Employed,Current,29,2,32623,13,2,11,0,0.94,1,13,16311.5
CUST2381,44,Female,Employed,Savings,34,3,62840,15,5,12,1,0.6,1,17,20946.67
CUST1107,35,Female,Self-employed,Savings,30,1,445971,14,7,11,0,0.9,1,18,445971.0
CUST0292,40,Female,Employed,Savings,168,2,219299,18,5,8,0,0.89,0,13,109649.5
CUST0315,34,Male,Employed,Savings,27,1,25449,21,8,9,0,0.7,0,17,25449.0
CUST1631,38,Female,Self-employed,Savings,13,3,245903,10,6,10,1,0.78,1,16,81967.67
CUST1041,21,Female,Self-employed,Fixed Deposit,24,1,71967,14,2,7,0,0.6,1,9,71967.0
CUST0976,36,Male,Employed,Current,89,1,42812,15,8,15,0,0.89,0,23,42812.0
CUST0617,33,Female,Employed,Fixed Deposit,47,1,31686,15,7,7,1,0.51,1,14,31686.0
CUST1678,33,Female,Employed,Savings,178,1,3857,17,4,6,0,0.73,0,10,3857.0
CUST0139,29,Female,Unemployed,Current,153,1,68655,13,10,15,0,0.72,0,25,68655.0
CUST0054,52,Female,Unemployed,Savings,87,2,329260,12,5,5,0,0.68,0,10,164630.0
CUST2181,27,Female,Employed,Savings,128,1,39243,13,11,7,1,0.79,1,18,39243.0
CUST2347,32,Female,Self-employed,Current,42,4,76737,15,13,15,0,0.88,0,28,19184.25
CUST0268,27,Female,Employed,Savings,65,2,116211,14,6,7,0,0.94,0,13,58105.5
CUST0163,32,Female,Employed,Current,166,2,38339,19,9,9,1,0.82,0,18,19169.5
CUST1551,40,Male,Self-employed,Savings,82,1,339344,19,5,12,0,0.72,1,17,339344.0
CUST2833,33,Female,Employed,Savings,31,1,134575,12,15,9,1,0.84,0,24,134575.0
CUST2812,32,Female,Self-employed,Savings,83,1,170694,20,6,5,0,0.56,0,11,170694.0
CUST2631,24,Male,Employed,Savings,93,3,44035,9,6,11,0,1.0,0,17,14678.33
CUST1402,33,Female,Employed,Savings,108,1,364481,18,8,11,1,0.87,0,19,364481.0
CUST0914,38,Male,Self-employed,Savings,127,2,26025,20,2,10,0,0.65,0,12,13012.5
CUST1291,38,Male,Employed,Current,56,1,30034,18,8,14,0,0.59,0,22,30034.0
CUST0148,30,Female,Employed,Savings,66,3,51959,19,9,9,0,0.88,0,18,17319.67
CUST1713,58,Female,Employed,Current,126,1,75451,12,9,12,0,0.55,0,21,75451.0
CUST2199,32,Female,Employed,Current,75,4,27697,13,11,9,0,0.55,0,20,6924.25
CUST0123,19,Female,Employed,Savings,136,4,181162,14,11,7,0,0.84,0,18,45290.5
CUST1199,29,Male,Self-employed,Savings,13,2,175891,14,15,4,1,0.52,0,19,87945.5
CUST0740,45,Male,Employed,Savings,54,2,100967,15,4,6,1,0.64,1,10,50483.5
CUST0114,27,Female,Employed,Current,165,2,210671,18,9,10,1,0.84,0,19,105335.5
CUST0666,34,Male,Employed,Savings,162,3,72865,21,11,14,0,1.0,0,25,24288.33
CUST0739,31,Male,Self-employed,Savings,148,1,127733,14,7,12,0,0.96,0,19,127733.0
CUST2980,48,Male,Unemployed,Savings,171,1,129624,10,6,16,0,0.64,0,22,129624.0
CUST2827,18,Female,Unemployed,Savings,116,3,81144,10,6,8,0,0.67,0,14,27048.0
CUST2777,35,Female,Self-employed,Savings,135,1,131285,9,8,10,0,0.76,0,18,131285.0
CUST2476,33,Male,Employed,Savings,153,1,86400,18,4,9,0,0.91,0,13,86400.0
CUST1869,49,Female,Self-employed,Savings,76,2,243083,14,7,14,0,0.71,0,21,121541.5
CUST2002,34,Female,Employed,Current,50,1,59497,18,11,12,0,0.97,0,23,59497.0
CUST0107,45,Female,Employed,Savings,90,3,420360,19,13,8,0,0.81,0,21,140120.0
CUST2504,37,Male,Employed,Savings,152,3,76984,12,5,15,0,0.79,0,20,25661.33
CUST1360,27,Male,Employed,Current,171,3,84280,16,7,11,0,0.82,0,18,28093.33
CUST1103,39,Male,Unemployed,Savings,163,3,64076,12,4,12,0,0.88,0,16,21358.67
CUST0661,24,Male,Self-employed,Current,135,1,176217,26,4,11,0,0.83,0,15,176217.0
CUST1332,23,Female,Employed,Current,170,4,20093,18,6,10,0,0.74,0,16,5023.25
CUST2042,47,Male,Employed,Savings,67,1,108007,15,15,9,0,0.99,0,24,108007.0
CUST2887,37,Male,Self-employed,Current,57,2,3008,18,3,11,0,0.72,0,14,1504.0
CUST1055,19,Female,Employed,Current,97,1,89731,13,8,10,0,0.63,0,18,89731.0
CUST0543,41,Female,Employed,Current,71,4,327374,18,6,13,1,0.6,0,19,81843.5
CUST0434,38,Female,Employed,Fixed Deposit,60,1,134796,26,6,14,0,0.89,0,20,134796.0
CUST1258,26,Male,Self-employed,Savings,153,3,87280,18,13,15,0,0.86,0,28,29093.33
CUST2320,32,Male,Employed,Savings,122,4,8881,18,12,12,0,0.99,0,24,2220.25
CUST0649,29,Female,Employed,Current,98,2,141269,13,9,10,0,0.84,0,19,70634.5
CUST2761,42,Female,Employed,Savings,59,1,16607,13,8,12,0,0.74,0,20,16607.0
CUST2457,32,Male,Employed,Savings,47,2,141006,16,10,8,0,0.59,1,18,70503.0
CUST2226,18,Female,Employed,Savings,140,1,120207,13,6,12,0,0.63,1,18,120207.0
CUST0923,27,Female,Self-employed,Savings,46,3,61548,14,5,9,0,0.65,0,14,20516.0
CUST1088,42,Male,Self-employed,Savings,23,2,235317,13,6,8,0,0.9,1,14,117658.5
CUST2982,53,Male,Self-employed,Fixed Deposit,29,2,239206,8,10,22,2,0.97,1,32,119603.0
CUST0162,43,Male,Employed,Current,36,1,445441,10,7,10,0,0.76,1,17,445441.0
CUST1564,25,Female,Self-employed,Savings,72,2,323459,14,2,12,0,0.77,1,14,161729.5
CUST2797,37,Male,Employed,Current,118,2,362486,13,10,13,0,0.94,1,23,181243.0
CUST1017,31,Female,Self-employed,Savings,22,1,550769,12,10,7,0,0.87,1,17,550769.0
CUST2819,29,Male,Self-employed,Current,34,2,113706,16,9,20,0,0.79,1,29,56853.0
CUST1736,24,Male,Employed,Savings,98,2,34394,15,3,5,0,0.93,1,8,17197.0
CUST0131,27,Male,Employed,Savings,147,1,39638,13,5,5,0,0.87,0,10,39638.0
CUST2318,43,Male,Unemployed,Current,16,1,43212,7,12,5,0,0.63,0,17,43212.0
CUST2801,54,Male,Employed,Savings,150,1,223110,16,15,10,0,0.72,0,25,223110.0
CUST0123,23,Female,Employed,Savings,74,3,1120,14,8,11,0,0.69,0,19,373.33
CUST1869,28,Male,Employed,Current,109,1,89959,15,7,14,0,0.87,1,21,89959.0
CUST1154,56,Male,Self-employed,Savings,134,4,15068,10,8,10,1,0.82,1,18,3767.0
CUST1326,30,Male,Employed,Current,179,2,211683,15,10,13,0,0.93,0,23,105841.5
CUST1394,27,Male,Employed,Savings,31,2,275961,10,3,9,0,0.92,1,12,137980.5
CUST2278,30,Female,Employed,Savings,106,1,368374,12,6,11,1,0.64,1,17,368374.0
CUST2576,59,Male,Self-employed,Savings,173,1,15926,15,6,16,0,0.79,1,22,15926.0
CUST2049,39,Male,Employed,Savings,80,3,95042,12,9,20,0,0.53,1,29,31680.67
CUST0291,32,Male,Employed,Current,110,1,142781,11,9,15,0,0.96,0,24,142781.0
CUST1184,46,Female,Self-employed,Current,158,2,44345,23,6,7,0,0.85,0,13,22172.5
CUST0951,34,Male,Employed,Current,158,1,66899,15,3,11,0,0.79,1,14,66899.0
CUST1911,42,Female,Unemployed,Savings,99,1,160727,18,9,8,0,0.9,1,17,160727.0
CUST1043,24,Male,Employed,Savings,175,2,51536,13,9,7,0,0.63,1,16,25768.0
CUST2234,30,Male,Unemployed,Current,146,1,791417,6,8,8,0,0.99,1,16,791417.0
CUST0524,39,Male,Employed,Savings,28,2,17698,9,11,12,0,0.67,1,23,8849.0
CUST2898,21,Male,Self-employed,Savings,35,3,6133,10,8,6,0,0.52,0,14,2044.33
CUST1604,18,Female,Employed,Savings,174,1,41869,15,9,12,1,0.92,1,21,41869.0
CUST1646,32,Female,Self-employed,Savings,85,3,160983,17,9,4,0,0.66,0,13,53661.0
CUST2975,55,Female,Self-employed,Savings,19,2,13693,15,9,8,0,0.91,1,17,6846.5
CUST0317,27,Female,Unemployed,Current,20,3,76073,16,10,5,0,0.74,1,15,25357.67
CUST0590,21,Male,Employed,Savings,92,3,21515,21,6,6,0,0.56,0,12,7171.67
CUST2606,34,Male,Self-employed,Savings,75,1,97650,17,10,12,0,0.61,0,22,97650.0
CUST0159,47,Male,Employed,Savings,101,1,432205,9,8,9,0,0.58,0,17,432205.0
CUST1203,26,Female,Self-employed,Savings,157,1,111844,25,9,9,0,0.58,0,18,111844.0
CUST2421,41,Female,Employed,Savings,136,1,75203,12,9,11,0,0.82,0,20,75203.0
CUST1962,32,Female,Employed,Savings,176,3,172395,21,11,12,0,0.59,0,23,57465.0
CUST1199,18,Female,Employed,Fixed Deposit,158,1,114746,22,8,13,0,0.92,0,21,114746.0
CUST0209,34,Female,Employed,Savings,38,1,249696,12,10,10,1,0.7,1,20,249696.0
CUST0529,38,Female,Employed,Savings,168,3,37314,9,10,7,1,0.98,0,17,12438.0
CUST1954,33,Female,Employed,Savings,23,2,86723,22,8,11,0,0.79,1,19,43361.5
CUST2531,36,Male,Employed,Current,80,4,186359,13,7,12,0,0.72,0,19,46589.75
CUST1713,26,Female,Employed,Savings,164,2,237402,17,11,6,1,0.59,0,17,118701.0
CUST1779,28,Male,Self-employed,Savings,176,1,30044,13,10,11,0,0.83,0,21,30044.0
CUST0835,48,Male,Employed,Current,164,3,325609,12,7,9,0,0.79,0,16,108536.33
CUST2448,22,Female,Self-employed,Fixed Deposit,106,2,118449,11,11,11,0,0.8,0,22,59224.5
CUST1685,27,Male,Self-employed,Fixed Deposit,173,1,94851,13,5,8,0,0.72,0,13,94851.0
CUST1962,35,Male,Employed,Savings,58,2,245963,12,4,11,0,0.86,0,15,122981.5
CUST2350,22,Male,Self-employed,Current,25,1,126017,9,5,6,0,0.94,0,11,126017.0
CUST2537,32,Female,Employed,Current,142,4,74516,19,7,4,0,0.51,0,11,18629.0
CUST2851,30,Male,Employed,Current,173,1,13468,20,9,8,0,0.9,0,17,13468.0
CUST1089,31,Male,Self-employed,Current,150,1,329420,20,9,10,0,0.67,0,19,329420.0
CUST2033,20,Male,Self-employed,Current,34,4,37740,17,11,9,1,0.94,0,20,9435.0
CUST0870,60,Female,Employed,Current,50,2,180753,17,7,7,0,0.91,0,14,90376.5
CUST1226,30,Male,Self-employed,Savings,50,3,11981,18,9,15,2,0.68,1,24,3993.67
CUST2407,59,Male,Self-employed,Savings,111,1,64420,19,12,11,0,0.53,1,23,64420.0
CUST1239,26,Female,Employed,Fixed Deposit,99,2,564840,11,5,4,1,0.58,0,9,282420.0
CUST0754,40,Male,Self-employed,Savings,111,2,344165,22,9,10,0,0.53,0,19,172082.5
CUST2813,29,Female,Self-employed,Savings,94,2,77388,21,5,12,0,0.93,0,17,38694.0
CUST2581,29,Male,Employed,Current,86,2,128910,20,8,9,1,0.98,0,17,64455.0
CUST2468,35,Female,Employed,Current,173,1,18759,12,5,6,0,0.9,0,11,18759.0
CUST2841,40,Female,Self-employed,Savings,35,1,54023,16,10,10,0,0.77,0,20,54023.0
CUST1356,32,Male,Employed,Current,127,2,199614,20,4,15,0,0.9,0,19,99807.0
CUST0055,28,Female,Employed,Current,63,1,243192,8,6,10,0,0.94,0,16,243192.0
CUST1280,33,Female,Employed,Savings,92,2,167800,12,10,16,0,0.68,0,26,83900.0
CUST1557,18,Male,Employed,Current,18,2,227823,17,7,12,0,0.91,0,19,113911.5
CUST1113,33,Male,Employed,Savings,135,1,108421,15,10,12,0,0.66,0,22,108421.0
CUST2200,30,Male,Self-employed,Savings,139,1,65412,12,6,12,0,0.76,0,18,65412.0
CUST0603,35,Male,Employed,Savings,129,2,79410,17,7,12,0,0.53,0,19,39705.0
CUST1587,19,Female,Self-employed,Current,63,1,161699,14,12,8,0,0.95,0,20,161699.0
CUST1062,41,Male,Employed,Savings,25,1,60814,14,9,7,1,0.6,1,16,60814.0
CUST0819,34,Male,Employed,Savings,51,3,67244,24,6,11,0,0.67,0,17,22414.67
CUST2546,24,Female,Self-employed,Current,162,1,105351,15,9,11,0,0.89,0,20,105351.0
CUST2012,48,Female,Unemployed,Savings,95,3,27676,18,6,9,0,0.57,0,15,9225.33
CUST1467,34,Male,Self-employed,Current,61,3,136808,7,10,7,1,0.76,0,17,45602.67
CUST0910,18,Female,Employed,Savings,122,2,257033,7,3,10,0,0.56,1,13,128516.5
CUST0986,50,Male,Self-employed,Savings,178,2,208157,15,12,8,0,0.95,0,20,104078.5
CUST2859,37,Male,Employed,Savings,133,1,159580,13,6,7,0,0.53,1,13,159580.0
CUST1841,51,Male,Self-employed,Savings,143,1,176611,11,6,6,0,0.56,0,12,176611.0
CUST0680,42,Female,Employed,Savings,63,3,258694,11,11,12,2,0.78,0,23,86231.33
CUST2845,36,Female,Employed,Savings,152,3,167273,19,5,12,1,0.97,0,17,55757.67
CUST1019,38,Male,Employed,Current,55,2,45699,13,14,7,1,0.92,1,21,22849.5
CUST2809,30,Female,Employed,Savings,61,2,31327,12,5,4,0,0.74,0,9,15663.5
CUST2375,44,Female,Employed,Fixed Deposit,164,1,172296,16,14,5,0,0.73,1,19,172296.0
CUST1412,37,Male,Employed,Current,66,1,177483,16,9,9,1,0.86,0,18,177483.0
CUST0972,29,Female,Employed,Savings,26,1,99482,16,18,12,0,0.63,1,30,99482.0
CUST0444,40,Female,Self-employed,Current,145,3,494858,8,11,7,0,0.85,0,18,164952.67
CUST0666,26,Male,Unemployed,Current,44,2,166991,13,8,10,0,0.86,0,18,83495.5
CUST1980,42,Female,Self-employed,Fixed Deposit,57,2,299336,17,8,9,0,0.75,0,17,149668.0
CUST0673,43,Male,Employed,Current,115,1,261200,19,9,15,0,0.61,0,24,261200.0
CUST2726,25,Female,Employed,Current,88,3,52350,13,5,6,0,0.58,1,11,17450.0
CUST0162,47,Male,Self-employed,Savings,54,1,511355,12,12,12,1,0.72,1,24,511355.0
CUST0938,31,Female,Employed,Current,155,2,63403,14,10,12,0,0.56,1,22,31701.5
CUST1658,50,Female,Employed,Savings,109,3,4161,22,14,8,0,0.98,0,22,1387.0
CUST2866,39,Male,Employed,Current,85,1,34828,20,10,17,0,0.85,0,27,34828.0
CUST2657,20,Male,Self-employed,Savings,167,2,19961,13,14,11,0,0.86,0,25,9980.5
CUST0472,42,Female,Employed,Savings,100,2,76755,15,7,14,0,0.71,0,21,38377.5
CUST2808,27,Male,Self-employed,Savings,39,1,180719,10,4,13,0,0.85,0,17,180719.0
CUST1526,30,Male,Self-employed,Savings,114,1,79620,17,11,5,0,0.84,0,16,79620.0
CUST0162,39,Female,Self-employed,Fixed Deposit,61,1,31379,18,9,5,1,0.54,0,14,31379.0
CUST0469,45,Female,Self-employed,Savings,80,1,129389,18,4,7,0,0.77,1,11,129389.0
CUST1962,30,Male,Employed,Savings,144,1,17247,12,7,16,0,0.74,1,23,17247.0
CUST0843,36,Female,Employed,Savings,64,3,124707,15,7,7,1,0.78,1,14,41569.0
CUST1438,19,Male,Self-employed,Savings,154,2,151547,16,8,7,0,0.97,0,15,75773.5
CUST1501,18,Male,Employed,Savings,84,3,124556,15,10,12,0,0.55,0,22,41518.67
CUST2786,18,Male,Employed,Current,169,3,10289,14,10,9,0,0.98,1,19,3429.67
CUST1468,27,Male,Unemployed,Current,78,2,167940,12,6,8,0,0.78,0,14,83970.0
CUST2743,45,Male,Self-employed,Savings,119,1,309845,18,10,9,0,0.86,1,19,309845.0
CUST1358,26,Male,Unemployed,Current,57,4,104277,20,7,16,0,0.63,0,23,26069.25
CUST0132,25,Male,Self-employed,Savings,32,1,228013,18,7,8,1,0.76,0,15,228013.0
CUST1785,32,Female,Unemployed,Current,124,2,351504,13,13,9,0,0.8,0,22,175752.0
CUST2994,24,Male,Employed,Current,132,4,129309,15,10,13,0,0.8,1,23,32327.25
CUST1700,41,Male,Employed,Savings,22,1,198777,12,3,9,0,0.54,1,12,198777.0
CUST0125,37,Male,Unemployed,Savings,107,3,161854,18,6,10,1,0.84,0,16,53951.33
CUST2385,42,Female,Employed,Savings,46,1,269627,10,11,11,0,0.57,0,22,269627.0
CUST0435,26,Female,Employed,Savings,103,1,62481,19,13,7,0,0.95,0,20,62481.0
CUST1658,34,Female,Employed,Savings,49,3,34740,18,11,7,0,0.99,0,18,11580.0
CUST0065,35,Female,Self-employed,Savings,67,2,59258,10,7,12,0,0.95,0,19,29629.0
CUST0910,39,Female,Employed,Savings,168,2,85951,13,8,5,0,0.65,0,13,42975.5
CUST1733,36,Male,Employed,Savings,152,2,87348,17,6,10,0,0.84,0,16,43674.0
CUST1615,42,Female,Employed,Savings,24,2,22011,14,10,8,0,0.51,0,18,11005.5
CUST0988,39,Female,Employed,Savings,145,3,83941,14,9,11,0,0.58,1,20,27980.33
CUST2278,34,Male,Employed,Savings,47,3,163610,14,7,7,1,0.82,0,14,54536.67
CUST0956,31,Male,Employed,Savings,140,2,174390,18,7,8,0,0.51,0,15,87195.0
CUST2900,43,Female,Employed,Savings,163,2,12770,17,5,7,0,0.81,0,12,6385.0
CUST0873,52,Male,Employed,Savings,52,1,11692,15,12,10,0,0.93,1,22,11692.0
CUST1684,50,Female,Self-employed,Current,43,1,124079,13,12,15,0,0.72,1,27,124079.0
CUST2232,34,Male,Employed,Current,104,1,304012,10,10,7,0,0.87,0,17,304012.0
CUST2464,30,Male,Employed,Savings,122,1,219789,14,9,10,0,0.82,0,19,219789.0
CUST2035,37,Female,Employed,Savings,151,1,131639,13,4,16,0,0.87,0,20,131639.0
CUST1842,32,Female,Self-employed,Savings,151,1,32010,20,8,8,1,0.71,0,16,32010.0
CUST0036,32,Male,Employed,Current,77,3,49147,10,10,12,0,0.6,0,22,16382.33
CUST0299,31,Female,Employed,Savings,104,3,173433,11,7,4,0,0.55,0,11,57811.0
CUST2594,34,Male,Employed,Savings,179,2,176150,16,9,12,0,0.98,0,21,88075.0
CUST2403,33,Female,Unemployed,Current,124,1,82114,21,6,11,0,0.79,0,17,82114.0
CUST0517,42,Male,Employed,Savings,141,1,41901,7,10,14,0,0.97,0,24,41901.0
CUST2853,40,Female,Employed,Savings,25,4,32016,11,5,9,0,0.79,0,14,8004.0
CUST2052,19,Female,Employed,Current,111,1,6155,19,7,13,0,0.64,0,20,6155.0
CUST1762,28,Female,Employed,Fixed Deposit,108,2,179341,12,4,8,1,0.9,0,12,89670.5
CUST2422,31,Female,Self-employed,Fixed Deposit,145,1,48715,14,13,9,0,0.52,0,22,48715.0
CUST2269,44,Female,Self-employed,Current,32,4,128623,18,9,11,0,0.96,0,20,32155.75
CUST0599,35,Male,Unemployed,Savings,41,2,80403,16,14,11,0,0.63,0,25,40201.5
CUST1482,40,Female,Employed,Savings,64,2,225296,10,8,16,0,0.64,1,24,112648.0
CUST2882,34,Male,Employed,Savings,85,2,59457,7,11,11,0,0.88,0,22,29728.5
CUST0567,31,Female,Employed,Savings,23,4,132875,17,10,9,0,0.5,0,19,33218.75
CUST2657,42,Male,Employed,Savings,164,1,91853,15,7,15,1,0.55,0,22,91853.0
CUST1224,58,Male,Self-employed,Savings,177,2,109638,11,5,11,0,0.73,0,16,54819.0
CUST1618,35,Female,Employed,Current,37,1,113835,15,4,7,1,0.55,1,11,113835.0
CUST1542,18,Male,Self-employed,Savings,109,2,178705,14,2,11,0,0.76,0,13,89352.5
CUST0694,25,Female,Self-employed,Savings,29,1,145894,16,11,15,0,0.63,1,26,145894.0
CUST1193,33,Female,Employed,Fixed Deposit,133,1,292234,13,7,5,0,0.71,0,12,292234.0
CUST2687,19,Male,Unemployed,Savings,81,2,28247,16,7,6,0,0.61,0,13,14123.5
CUST1783,38,Female,Self-employed,Savings,173,1,169597,10,3,9,1,0.7,0,12,169597.0
CUST0398,29,Male,Self-employed,Fixed Deposit,163,4,38118,13,5,7,0,0.57,0,12,9529.5
CUST0217,42,Female,Employed,Fixed Deposit,81,1,212061,15,7,8,1,0.53,1,15,212061.0
CUST1357,44,Female,Self-employed,Savings,133,4,199762,19,8,6,0,0.86,0,14,49940.5
CUST0999,18,Female,Employed,Current,169,1,95522,22,8,6,0,0.92,0,14,95522.0
CUST2788,41,Female,Employed,Savings,28,3,154651,12,11,12,0,0.96,1,23,51550.33
CUST1289,45,Female,Self-employed,Current,173,1,89639,15,6,12,1,0.55,0,18,89639.0
CUST1641,28,Female,Unemployed,Savings,84,2,195482,18,8,5,0,0.98,1,13,97741.0
CUST1612,26,Female,Employed,Savings,57,1,98964,18,13,14,0,0.86,0,27,98964.0
CUST0809,18,Male,Self-employed,Savings,137,1,130816,24,6,15,0,0.6,0,21,130816.0
CUST1161,45,Male,Employed,Savings,41,1,90889,17,11,11,0,0.78,0,22,90889.0
CUST2463,56,Male,Unemployed,Current,117,2,316420,17,7,5,0,0.63,1,12,158210.0
CUST0905,34,Female,Unemployed,Current,29,1,1619,19,10,9,0,0.95,0,19,1619.0
CUST2298,46,Female,Self-employed,Savings,140,1,224263,19,10,14,1,0.51,0,24,224263.0
CUST0124,47,Male,Employed,Current,64,3,265915,18,8,8,0,0.84,0,16,88638.33
CUST0490,36,Female,Employed,Savings,57,2,406865,10,6,9,0,0.71,0,15,203432.5
CUST0482,35,Male,Employed,Savings,99,4,148196,15,12,5,0,0.63,0,17,37049.0
CUST2490,56,Female,Self-employed,Savings,17,1,169860,11,6,10,0,0.9,0,16,169860.0
CUST0165,31,Male,Self-employed,Savings,19,1,111940,15,7,11,0,0.86,1,18,111940.0
CUST0362,23,Male,Employed,Savings,176,4,101991,14,8,11,0,0.65,0,19,25497.75
CUST0706,47,Female,Employed,Current,45,4,136484,20,9,10,0,0.83,0,19,34121.0
CUST1300,29,Male,Employed,Savings,163,1,2681,14,12,15,0,0.78,0,27,2681.0
CUST0614,20,Female,Employed,Current,158,2,129654,19,10,14,0,0.59,0,24,64827.0
CUST1855,32,Female,Employed,Savings,86,3,339414,12,6,7,0,0.56,0,13,113138.0
CUST1380,27,Male,Employed,Current,33,2,357762,14,4,7,0,0.58,0,11,178881.0
CUST0212,25,Female,Self-employed,Current,141,1,46758,15,3,14,0,0.91,0,17,46758.0
CUST0746,58,Female,Employed,Savings,116,1,545197,17,7,5,0,0.54,1,12,545197.0
CUST0980,35,Male,Employed,Savings,66,4,7208,8,15,11,0,0.79,0,26,1802.0
CUST1266,41,Male,Employed,Savings,140,2,8387,17,6,11,0,0.95,0,17,4193.5
CUST1296,18,Male,Self-employed,Current,115,2,54610,14,9,9,0,0.59,1,18,27305.0
CUST0528,18,Male,Self-employed,Current,137,2,141742,19,8,14,0,0.62,0,22,70871.0
CUST0788,40,Male,Self-employed,Current,72,1,80433,11,9,13,0,0.95,1,22,80433.0
CUST2286,42,Male,Employed,Savings,71,1,3909,16,11,12,0,0.62,0,23,3909.0
CUST0370,31,Male,Self-employed,Savings,133,2,36365,20,6,5,0,0.53,1,11,18182.5
CUST0777,30,Female,Self-employed,Savings,14,2,325836,16,8,10,0,0.7,0,18,162918.0
CUST1768,48,Female,Employed,Savings,81,2,279132,11,11,11,1,0.79,0,22,139566.0
CUST0601,38,Male,Employed,Current,162,3,1463,13,10,10,0,0.8,0,20,487.67
CUST1226,40,Female,Unemployed,Savings,122,1,129683,17,3,10,0,0.77,0,13,129683.0
CUST1114,42,Female,Self-employed,Current,111,4,265891,12,14,11,0,0.8,0,25,66472.75
CUST1456,34,Female,Self-employed,Fixed Deposit,68,3,12299,9,10,10,0,0.9,0,20,4099.67
CUST1534,37,Male,Self-employed,Current,63,2,92772,14,5,9,1,0.86,1,14,46386.0
CUST2944,25,Male,Employed,Savings,15,1,292627,19,7,11,0,0.69,0,18,292627.0
CUST1739,44,Female,Unemployed,Current,51,1,40303,17,11,15,0,0.84,1,26,40303.0
CUST0079,29,Male,Employed,Savings,71,2,35725,17,6,12,0,0.91,0,18,17862.5
CUST0903,25,Male,Self-employed,Current,153,2,16646,15,9,11,1,0.98,0,20,8323.0
CUST1372,31,Female,Unemployed,Savings,66,2,21746,8,9,13,0,0.66,0,22,10873.0
CUST1980,27,Female,Self-employed,Current,62,1,138353,27,9,10,0,0.52,0,19,138353.0
CUST2867,46,Male,Self-employed,Savings,128,2,354258,29,11,13,0,0.76,0,24,177129.0
CUST1682,29,Male,Employed,Current,64,2,458059,19,8,7,0,0.85,0,15,229029.5
CUST0537,59,Female,Self-employed,Savings,56,3,165438,12,13,21,1,0.99,0,34,55146.0
CUST0018,33,Female,Employed,Savings,138,3,8780,7,8,9,0,0.58,0,17,2926.67
CUST0993,44,Male,Unemployed,Savings,75,4,80291,15,9,11,0,0.82,0,20,20072.75
CUST0371,29,Male,Employed,Current,21,2,356775,16,9,10,0,0.66,0,19,178387.5
CUST1663,37,Female,Employed,Savings,88,3,226410,15,9,13,0,0.96,0,22,75470.0
CUST2692,46,Male,Employed,Savings,88,2,193856,11,6,9,0,0.57,1,15,96928.0
CUST0275,49,Male,Self-employed,Savings,147,3,296292,15,8,9,0,0.51,1,17,98764.0
CUST0164,33,Male,Employed,Savings,45,1,35277,12,10,18,0,0.83,0,28,35277.0
CUST1652,19,Female,Employed,Savings,32,3,44026,8,6,11,1,0.79,0,17,14675.33
CUST1607,32,Male,Employed,Current,94,3,339247,10,10,11,0,0.93,1,21,113082.33
CUST2081,32,Female,Employed,Savings,115,1,136952,15,8,10,0,0.75,1,18,136952.0
CUST1776,35,Female,Employed,Savings,58,1,201792,15,8,8,0,0.67,1,16,201792.0
CUST2024,46,Male,Employed,Savings,77,3,25453,17,11,12,0,0.85,1,23,8484.33
CUST0269,25,Male,Employed,Current,60,1,248654,19,3,9,0,0.59,1,12,248654.0
CUST2147,19,Female,Employed,Savings,161,3,225514,8,11,14,0,0.79,0,25,75171.33
CUST0032,43,Female,Unemployed,Savings,176,4,463170,21,6,9,0,0.5,0,15,115792.5
CUST0772,35,Male,Employed,Current,167,1,1735,16,4,11,0,0.77,0,15,1735.0
CUST0729,39,Male,Self-employed,Savings,156,4,386910,14,6,8,0,0.68,0,14,96727.5
CUST2011,28,Female,Unemployed,Savings,149,4,302297,15,6,7,0,0.91,0,13,75574.25
CUST1331,33,Female,Employed,Current,109,1,278192,13,6,7,0,0.61,0,13,278192.0
CUST1356,56,Female,Self-employed,Savings,175,4,4331,18,13,14,0,0.57,0,27,1082.75
CUST1278,52,Male,Employed,Savings,115,2,28026,12,9,10,0,0.88,1,19,14013.0
CUST0368,35,Male,Employed,Current,175,1,12649,11,6,13,1,0.6,0,19,12649.0
CUST0372,46,Female,Employed,Savings,33,1,397650,9,9,12,0,0.76,0,21,397650.0
CUST2533,29,Female,Self-employed,Current,174,2,89285,11,8,6,0,0.51,0,14,44642.5
CUST1794,31,Male,Employed,Savings,102,1,554987,11,8,11,0,0.77,1,19,554987.0
CUST1863,34,Female,Self-employed,Savings,67,2,52267,16,14,5,0,0.93,0,19,26133.5
CUST1344,21,Female,Employed,Savings,157,3,395772,19,5,11,0,0.8,0,16,131924.0
CUST0543,35,Male,Self-employed,Savings,99,4,80713,14,5,17,0,0.65,0,22,20178.25
CUST1083,37,Male,Self-employed,Savings,81,2,39993,10,7,4,1,0.72,1,11,19996.5
CUST0686,24,Female,Employed,Current,115,3,290747,14,11,15,1,0.78,1,26,96915.67
CUST0761,20,Female,Employed,Savings,166,2,49888,12,6,5,0,0.61,0,11,24944.0
CUST1168,65,Male,Employed,Savings,34,2,108628,17,6,7,0,0.7,0,13,54314.0
CUST0222,30,Female,Unemployed,Current,49,1,46220,19,4,8,1,0.88,0,12,46220.0
CUST0295,40,Female,Employed,Savings,91,1,162094,12,11,10,0,0.6,0,21,162094.0
CUST0636,30,Female,Employed,Savings,26,3,215754,11,10,9,0,0.94,1,19,71918.0
CUST0612,50,Male,Employed,Fixed Deposit,116,2,26114,18,9,8,0,0.85,0,17,13057.0
CUST0586,31,Female,Employed,Savings,51,3,138697,12,5,19,0,0.89,0,24,46232.33
CUST2553,40,Female,Employed,Savings,174,1,228073,15,7,6,0,0.67,0,13,228073.0
CUST0733,42,Male,Self-employed,Savings,68,3,76716,13,6,13,0,0.78,1,19,25572.0
CUST1636,30,Male,Self-employed,Savings,86,1,283255,19,9,9,0,0.53,0,18,283255.0
CUST2344,29,Female,Employed,Savings,40,2,40457,12,13,5,0,0.82,1,18,20228.5
CUST1164,48,Male,Self-employed,Savings,59,2,866872,10,10,13,0,0.75,0,23,433436.0
CUST1565,22,Female,Self-employed,Current,157,3,72752,22,4,14,0,0.78,0,18,24250.67
CUST2817,43,Male,Employed,Fixed Deposit,120,3,110425,14,7,16,0,0.6,0,23,36808.33
CUST1219,28,Male,Employed,Savings,127,2,169925,15,9,7,0,0.88,0,16,84962.5
CUST2808,33,Female,Self-employed,Savings,28,1,305709,12,16,16,0,0.78,0,32,305709.0
CUST2780,49,Male,Employed,Savings,176,1,266222,18,10,14,2,0.89,0,24,266222.0
CUST1026,19,Female,Self-employed,Savings,143,4,102986,20,7,16,0,0.66,0,23,25746.5
CUST1736,42,Male,Employed,Savings,173,1,315483,13,8,11,0,0.9,0,19,315483.0
CUST0735,38,Male,Unemployed,Savings,51,2,239549,16,7,5,0,0.6,0,12,119774.5
CUST2018,38,Male,Employed,Savings,55,2,10397,13,7,11,0,0.71,0,18,5198.5
CUST1716,38,Male,Self-employed,Current,161,3,858962,12,7,8,1,0.75,0,15,286320.67
CUST1841,32,Male,Employed,Fixed Deposit,40,1,15330,16,7,9,0,0.67,0,16,15330.0
CUST2724,37,Male,Employed,Savings,107,1,263990,17,8,11,0,0.78,1,19,263990.0
CUST1272,32,Male,Employed,Fixed Deposit,144,3,529724,21,5,7,1,0.7,0,12,176574.67
CUST0583,37,Male,Employed,Savings,14,1,56995,17,9,6,0,0.62,0,15,56995.0
CUST2138,29,Female,Self-employed,Savings,73,4,80389,15,12,11,0,0.69,1,23,20097.25
CUST1725,38,Male,Employed,Current,128,1,15586,14,7,13,0,0.56,0,20,15586.0
CUST0506,50,Female,Unemployed,Savings,165,2,225402,9,5,9,0,0.9,1,14,112701.0
CUST1714,26,Female,Employed,Savings,97,4,264092,14,9,10,0,0.91,0,19,66023.0
CUST2933,30,Female,Employed,Savings,68,2,69335,9,10,12,0,0.8,0,22,34667.5
CUST2290,29,Female,Employed,Savings,72,2,89038,18,6,9,0,0.6,0,15,44519.0
CUST0272,47,Female,Self-employed,Savings,170,3,327982,23,10,11,0,0.51,0,21,109327.33
CUST0408,32,Female,Self-employed,Savings,137,4,164912,16,6,7,0,0.75,0,13,41228.0
CUST1921,45,Female,Unemployed,Savings,38,1,139556,17,4,7,1,0.96,0,11,139556.0
CUST2438,34,Male,Employed,Savings,85,1,139281,19,8,11,0,0.88,0,19,139281.0
CUST0707,29,Female,Unemployed,Fixed Deposit,175,1,433425,16,12,10,0,0.81,0,22,433425.0
CUST1862,43,Female,Employed,Savings,109,1,19399,17,8,6,0,0.57,0,14,19399.0
CUST0123,29,Female,Self-employed,Savings,90,3,95901,20,10,8,1,0.8,0,18,31967.0
CUST1680,30,Female,Self-employed,Current,143,1,222295,9,12,13,1,0.59,0,25,222295.0
CUST2082,30,Male,Self-employed,Savings,53,1,44719,15,4,8,1,0.74,1,12,44719.0
CUST1083,45,Female,Self-employed,Fixed Deposit,161,2,44900,12,10,14,0,0.81,1,24,22450.0
CUST1734,56,Male,Employed,Savings,58,4,266915,12,7,7,0,0.96,1,14,66728.75
CUST1815,22,Female,Unemployed,Fixed Deposit,69,2,64178,18,2,12,0,0.62,1,14,32089.0
CUST2177,26,Female,Self-employed,Savings,157,2,181594,16,5,8,0,0.62,0,13,90797.0
CUST2774,25,Male,Employed,Savings,40,2,145342,14,7,8,0,0.52,0,15,72671.0
CUST1604,22,Female,Employed,Current,143,4,199894,19,7,11,0,0.99,0,18,49973.5
CUST2031,31,Male,Unemployed,Current,24,3,500,21,8,11,0,0.59,1,19,166.67
CUST2910,30,Female,Employed,Savings,59,1,40417,11,4,14,0,0.84,1,18,40417.0
CUST2590,41,Female,Unemployed,Savings,104,3,251372,13,8,10,1,0.73,0,18,83790.67
CUST0916,18,Female,Employed,Savings,105,3,108837,12,7,4,0,0.55,1,11,36279.0
CUST2368,48,Male,Self-employed,Savings,116,2,1598,18,2,12,1,0.92,1,14,799.0
CUST0842,36,Female,Self-employed,Savings,28,2,86877,18,11,9,1,0.87,0,20,43438.5
CUST1516,44,Female,Employed,Current,86,4,95289,18,4,15,0,0.62,0,19,23822.25
CUST1721,34,Female,Self-employed,Current,157,1,41403,18,7,12,1,0.82,0,19,41403.0
CUST2894,35,Female,Employed,Savings,165,2,51797,9,8,7,0,0.57,0,15,25898.5
CUST1345,32,Male,Employed,Fixed Deposit,57,2,118351,15,8,10,0,0.98,0,18,59175.5
CUST1447,29,Female,Unemployed,Savings,101,2,187120,15,6,9,1,0.63,0,15,93560.0
CUST1675,45,Female,Employed,Savings,16,3,69154,17,3,9,1,0.82,0,12,23051.33
CUST1014,36,Female,Employed,Current,70,1,54232,16,4,11,1,0.88,0,15,54232.0
CUST2471,23,Female,Self-employed,Savings,149,1,47166,17,6,10,1,0.81,0,16,47166.0
CUST1309,39,Female,Employed,Current,150,3,67519,11,8,7,0,0.52,0,15,22506.33
CUST2990,26,Male,Self-employed,Current,98,2,90081,7,10,8,1,0.82,1,18,45040.5
CUST1243,18,Female,Employed,Current,137,1,29922,15,7,14,0,0.62,1,21,29922.0
CUST0754,34,Male,Unemployed,Current,133,1,9919,21,4,7,0,0.67,0,11,9919.0
CUST0069,34,Female,Employed,Savings,128,4,16827,18,7,16,1,0.73,0,23,4206.75
CUST2262,40,Female,Self-employed,Current,72,2,149227,6,4,10,0,0.67,1,14,74613.5
CUST1198,49,Male,Employed,Savings,150,1,286720,17,6,9,0,0.66,0,15,286720.0
CUST0812,44,Female,Unemployed,Savings,94,2,98711,10,11,14,0,0.56,1,25,49355.5
CUST2600,27,Female,Employed,Savings,73,2,79368,17,6,8,0,0.97,0,14,39684.0
CUST1184,41,Male,Self-employed,Current,55,3,490369,7,6,9,0,0.51,0,15,163456.33
CUST0583,36,Male,Employed,Savings,166,2,18271,13,6,4,1,0.58,0,10,9135.5
CUST2262,40,Male,Employed,Fixed Deposit,147,2,53034,22,6,6,1,0.78,1,12,26517.0
CUST1380,31,Male,Self-employed,Savings,60,1,68552,9,12,11,0,0.62,1,23,68552.0
CUST2789,45,Male,Self-employed,Current,83,1,144914,19,5,7,0,0.83,0,12,144914.0
CUST1803,36,Male,Self-employed,Current,56,2,169398,17,9,11,0,0.82,0,20,84699.0
CUST1192,42,Male,Employed,Current,138,1,179860,12,12,12,0,0.99,0,24,179860.0
CUST1072,29,Male,Unemployed,Fixed Deposit,52,1,62134,12,11,8,0,0.8,0,19,62134.0
CUST1553,30,Female,Unemployed,Savings,70,2,55863,16,8,18,0,0.71,0,26,27931.5
CUST1902,36,Male,Employed,Savings,147,1,379103,13,11,9,0,0.51,0,20,379103.0
CUST2187,55,Female,Self-employed,Savings,49,3,237374,14,8,7,0,0.73,1,15,79124.67
CUST0241,35,Male,Employed,Fixed Deposit,32,4,287619,20,8,9,0,0.99,0,17,71904.75
CUST1738,18,Male,Self-employed,Savings,13,3,149138,16,8,9,0,0.95,0,17,49712.67
CUST1842,30,Male,Self-employed,Savings,169,1,7024,19,12,4,0,0.82,0,16,7024.0
CUST1166,25,Male,Employed,Current,36,4,30108,17,6,13,0,0.54,0,19,7527.0
CUST0224,40,Female,Self-employed,Current,112,1,15335,16,6,6,0,0.97,0,12,15335.0
CUST0256,32,Male,Employed,Current,52,1,42287,13,12,16,0,0.89,0,28,42287.0
CUST0132,41,Male,Employed,Savings,47,1,122028,18,7,8,1,0.65,0,15,122028.0
CUST0315,44,Female,Employed,Savings,111,2,78501,11,10,12,0,0.97,0,22,39250.5
CUST0636,26,Female,Self-employed,Savings,142,2,140225,16,7,8,1,0.59,0,15,70112.5
CUST2091,46,Female,Self-employed,Current,13,3,181509,11,7,9,0,0.9,0,16,60503.0
CUST2075,28,Female,Employed,Current,68,2,16082,17,8,12,0,0.88,0,20,8041.0
CUST0745,31,Female,Self-employed,Current,88,3,198894,14,7,12,1,0.68,0,19,66298.0
CUST2866,18,Female,Employed,Savings,65,1,18678,12,11,10,1,0.79,0,21,18678.0
CUST1265,31,Female,Unemployed,Current,126,1,72882,18,10,7,1,0.66,0,17,72882.0
CUST1868,18,Female,Employed,Current,21,3,477436,12,6,13,1,0.69,0,19,159145.33
CUST1289,20,Male,Self-employed,Current,60,1,1106,15,9,14,0,0.86,1,23,1106.0
CUST1424,37,Male,Employed,Current,39,3,45259,14,9,12,0,0.9,1,21,15086.33
CUST2686,38,Male,Employed,Savings,98,1,40306,11,11,9,0,0.52,0,20,40306.0
CUST0796,42,Female,Self-employed,Savings,21,4,729955,13,6,9,1,0.79,1,15,182488.75
CUST2428,28,Male,Unemployed,Savings,129,1,431219,15,10,15,1,0.6,0,25,431219.0
CUST2125,40,Female,Employed,Savings,94,2,292693,24,9,9,1,0.69,1,18,146346.5
CUST2519,30,Female,Employed,Current,106,3,269701,16,9,12,0,0.5,0,21,89900.33
CUST1548,41,Male,Employed,Current,121,3,25957,15,18,4,0,0.99,1,22,8652.33
CUST2392,18,Female,Employed,Savings,149,1,185858,5,7,11,0,0.57,0,18,185858.0
CUST1812,31,Female,Employed,Savings,139,1,139352,7,13,13,0,0.97,0,26,139352.0
CUST2753,35,Female,Self-employed,Current,89,1,5739,17,10,6,1,0.7,1,16,5739.0
CUST1785,40,Male,Employed,Savings,14,3,31092,19,9,10,1,0.93,0,19,10364.0
CUST1716,26,Female,Employed,Fixed Deposit,153,4,100067,17,11,12,0,0.97,0,23,25016.75
CUST0912,32,Female,Employed,Current,48,1,9147,19,15,6,1,0.79,0,21,9147.0
CUST2851,36,Male,Employed,Savings,16,1,122259,16,5,6,0,0.93,0,11,122259.0
CUST0783,44,Male,Unemployed,Savings,103,3,103735,15,9,7,0,0.99,0,16,34578.33
CUST1753,43,Male,Employed,Savings,164,2,57425,15,10,7,0,0.96,0,17,28712.5
CUST2813,33,Male,Self-employed,Current,155,2,86389,17,12,12,1,0.65,0,24,43194.5
CUST1553,38,Male,Employed,Savings,137,3,392942,11,7,19,1,0.82,0,26,130980.67
CUST0926,38,Female,Self-employed,Savings,137,1,43886,14,10,9,1,0.95,1,19,43886.0
CUST0362,27,Female,Self-employed,Savings,138,1,33445,14,11,16,0,0.93,0,27,33445.0
CUST0525,59,Male,Employed,Savings,176,2,37171,17,11,10,0,0.9,0,21,18585.5
CUST1637,37,Female,Employed,Savings,173,1,7895,19,13,7,0,0.62,1,20,7895.0
CUST2740,40,Male,Unemployed,Current,174,3,27002,16,11,12,0,0.6,0,23,9000.67
CUST0287,22,Female,Self-employed,Savings,139,2,179296,17,9,10,0,0.93,0,19,89648.0
CUST1773,33,Female,Self-employed,Savings,178,2,20696,7,3,11,0,0.57,0,14,10348.0
CUST0109,43,Male,Employed,Current,161,3,14589,23,3,15,0,0.66,0,18,4863.0
CUST0845,40,Male,Employed,Savings,150,1,255382,16,12,12,0,0.94,0,24,255382.0
CUST0719,33,Male,Self-employed,Savings,140,1,366295,11,7,9,0,0.68,0,16,366295.0
CUST1286,40,Female,Employed,Savings,117,1,233420,21,8,18,0,0.89,1,26,233420.0
CUST0193,39,Female,Employed,Savings,142,2,18744,20,4,15,0,0.97,1,19,9372.0
CUST2122,45,Female,Self-employed,Savings,152,3,128372,9,9,10,0,0.93,1,19,42790.67
CUST2091,40,Male,Employed,Savings,110,3,238972,16,7,10,0,0.52,0,17,79657.33
CUST1556,23,Male,Employed,Savings,84,3,63996,21,5,7,0,0.62,1,12,21332.0
CUST1490,32,Male,Employed,Savings,100,1,94161,11,5,13,1,0.67,0,18,94161.0
CUST1167,31,Female,Employed,Savings,98,2,257481,13,11,9,0,0.91,0,20,128740.5
CUST0474,50,Female,Employed,Current,71,1,23198,14,7,8,0,0.72,0,15,23198.0
CUST0551,33,Male,Self-employed,Savings,23,1,208218,16,15,14,0,0.58,0,29,208218.0
CUST2435,28,Male,Self-employed,Current,176,3,20126,20,8,12,1,0.96,1,20,6708.67
CUST1880,55,Female,Self-employed,Savings,45,3,32549,16,7,8,0,0.55,1,15,10849.67
CUST1299,34,Male,Employed,Savings,135,2,625762,17,5,6,0,0.62,0,11,312881.0
CUST1445,40,Male,Employed,Savings,112,4,135335,22,8,8,0,0.8,0,16,33833.75
CUST0822,24,Male,Employed,Savings,152,2,30379,15,6,6,0,0.56,0,12,15189.5
CUST0263,41,Male,Unemployed,Savings,15,1,123200,19,5,12,0,0.61,0,17,123200.0
CUST2268,29,Male,Employed,Current,122,1,7741,15,6,15,1,0.85,0,21,7741.0
CUST2053,34,Female,Employed,Current,160,3,232512,16,5,8,0,0.68,0,13,77504.0
CUST0152,27,Male,Employed,Savings,71,2,363425,11,9,8,0,0.68,0,17,181712.5
CUST2744,18,Female,Employed,Current,56,1,355295,14,11,7,0,0.84,0,18,355295.0
CUST2730,21,Female,Employed,Current,48,1,136628,12,8,12,0,0.71,1,20,136628.0
CUST0116,43,Male,Employed,Savings,100,1,8847,12,7,12,0,0.58,1,19,8847.0
CUST0027,29,Male,Self-employed,Current,50,4,92117,5,8,7,0,0.51,0,15,23029.25
CUST2239,25,Male,Employed,Savings,37,3,5512,14,6,6,0,0.95,0,12,1837.33
CUST1300,34,Male,Unemployed,Savings,145,2,129457,17,6,6,2,0.89,0,12,64728.5
CUST1417,41,Female,Self-employed,Savings,146,3,64101,21,8,9,1,0.84,0,17,21367.0
CUST2117,32,Female,Self-employed,Savings,72,3,344301,15,8,11,0,0.68,1,19,114767.0
CUST2741,25,Female,Employed,Savings,65,2,128177,15,8,8,1,0.88,0,16,64088.5
CUST2081,41,Male,Employed,Current,137,1,105576,10,8,11,0,0.59,0,19,105576.0
CUST2100,36,Male,Self-employed,Current,99,2,34913,11,13,9,0,0.56,0,22,17456.5
CUST0875,49,Female,Employed,Savings,27,1,45982,10,7,7,0,0.63,1,14,45982.0
CUST0513,34,Female,Employed,Fixed Deposit,48,1,182854,19,5,5,0,0.82,0,10,182854.0
CUST1133,45,Male,Employed,Savings,66,2,292511,11,8,9,1,0.61,1,17,146255.5
CUST0882,31,Female,Employed,Savings,169,2,52449,13,6,11,1,0.99,0,17,26224.5
CUST2596,44,Male,Self-employed,Current,137,2,44512,20,8,11,0,0.99,1,19,22256.0
CUST2810,36,Male,Self-employed,Current,170,1,9898,16,10,10,1,0.58,1,20,9898.0
CUST2752,30,Female,Employed,Current,35,1,420357,12,1,14,0,0.51,1,15,420357.0
CUST2448,37,Male,Employed,Savings,167,3,178256,15,6,8,0,0.62,0,14,59418.67
CUST2108,52,Female,Employed,Current,140,1,69390,11,5,10,0,0.73,0,15,69390.0
CUST1448,45,Male,Self-employed,Savings,49,1,41140,7,6,9,0,0.87,1,15,41140.0
CUST1789,31,Male,Self-employed,Current,112,2,15840,20,12,9,0,0.98,1,21,7920.0
CUST0374,35,Female,Employed,Current,108,3,30848,12,6,8,0,0.75,0,14,10282.67
CUST2674,43,Female,Employed,Current,93,2,128496,10,5,10,0,0.94,0,15,64248.0
CUST0427,20,Female,Self-employed,Current,157,2,11752,16,10,12,0,0.77,1,22,5876.0
CUST1169,37,Female,Employed,Savings,99,1,208444,17,14,14,0,0.64,0,28,208444.0
CUST1296,37,Male,Unemployed,Savings,79,1,209642,17,6,9,0,0.62,0,15,209642.0
CUST0264,47,Female,Self-employed,Fixed Deposit,145,1,363601,20,10,5,0,0.72,0,15,363601.0
CUST2245,41,Female,Unemployed,Savings,153,2,207287,13,8,9,0,0.84,0,17,103643.5
CUST1631,44,Female,Employed,Current,23,1,22670,15,9,11,2,0.58,0,20,22670.0
CUST2287,60,Male,Self-employed,Current,29,2,85470,8,4,13,0,0.77,1,17,42735.0
CUST1431,36,Male,Unemployed,Savings,130,4,652490,6,8,12,1,0.72,0,20,163122.5
CUST0527,44,Male,Self-employed,Savings,54,4,49227,12,7,13,0,0.75,1,20,12306.75
CUST2981,47,Male,Employed,Savings,41,4,58523,13,9,13,0,0.8,1,22,14630.75
CUST0297,22,Male,Employed,Savings,22,2,116072,14,1,5,0,0.68,1,6,58036.0
CUST1999,34,Male,Employed,Savings,120,3,71178,11,11,5,1,0.79,0,16,23726.0
CUST2407,31,Female,Employed,Fixed Deposit,43,2,178808,18,9,9,0,0.5,0,18,89404.0
CUST2008,27,Male,Employed,Savings,21,1,382613,19,11,10,0,0.79,1,21,382613.0
CUST1353,27,Female,Employed,Savings,148,2,411246,15,8,12,0,0.76,1,20,205623.0
CUST2507,29,Male,Employed,Savings,83,1,129511,14,4,14,1,0.79,1,18,129511.0
CUST0714,29,Male,Employed,Savings,117,1,87838,15,15,9,0,0.61,0,24,87838.0
CUST2865,44,Female,Employed,Savings,32,3,204698,20,3,9,0,0.54,0,12,68232.67
CUST0234,42,Female,Employed,Current,100,3,3570,20,9,8,1,0.84,0,17,1190.0
CUST2855,34,Male,Employed,Current,23,4,499672,22,2,16,0,0.71,1,18,124918.0
CUST2449,35,Male,Self-employed,Savings,134,1,20199,10,4,13,0,0.6,0,17,20199.0
CUST0675,22,Female,Unemployed,Current,126,3,3909,9,5,13,0,0.9,0,18,1303.0
CUST1106,37,Male,Self-employed,Fixed Deposit,159,1,124934,20,6,9,0,0.91,0,15,124934.0
CUST0701,42,Male,Employed,Current,171,2,2745,11,9,12,0,0.58,0,21,1372.5
CUST1069,38,Male,Self-employed,Current,179,3,40386,20,5,11,0,0.69,0,16,13462.0
CUST0671,31,Female,Employed,Savings,123,2,2325,10,6,7,0,0.52,0,13,1162.5
CUST2435,40,Female,Employed,Current,33,2,90746,20,13,14,0,0.99,1,27,45373.0
CUST1049,33,Male,Self-employed,Savings,39,2,33427,15,6,6,1,0.66,0,12,16713.5
CUST1227,29,Male,Employed,Fixed Deposit,137,1,47302,17,6,12,0,0.56,1,18,47302.0
CUST2026,35,Female,Employed,Savings,142,3,192956,19,6,6,0,0.6,0,12,64318.67
CUST1913,37,Male,Employed,Fixed Deposit,86,1,59204,12,9,7,0,0.69,1,16,59204.0
CUST2745,35,Female,Self-employed,Savings,152,3,8943,13,8,10,0,0.74,0,18,2981.0
CUST1780,47,Female,Employed,Savings,106,1,247714,13,13,15,0,0.5,0,28,247714.0
CUST2683,44,Male,Employed,Savings,46,1,39295,23,9,9,0,0.77,0,18,39295.0
CUST0890,43,Female,Employed,Savings,171,1,52301,21,9,15,1,0.95,0,24,52301.0
CUST1763,28,Female,Self-employed,Savings,143,3,392955,15,7,11,0,0.87,0,18,130985.0
CUST1444,44,Male,Self-employed,Fixed Deposit,153,1,323067,8,11,16,0,0.77,0,27,323067.0
CUST1802,36,Female,Self-employed,Savings,154,2,2475,11,13,13,0,0.81,0,26,1237.5
CUST0913,39,Female,Self-employed,Savings,130,2,51690,15,4,8,0,0.83,0,12,25845.0
CUST0462,31,Female,Employed,Savings,85,1,12024,11,9,10,0,0.87,1,19,12024.0
CUST0180,30,Male,Unemployed,Savings,108,1,576341,17,14,10,0,0.76,0,24,576341.0
CUST0846,32,Female,Employed,Savings,50,1,90635,18,8,18,0,0.79,0,26,90635.0
CUST0113,52,Male,Employed,Savings,116,4,557072,15,8,7,0,0.98,0,15,139268.0
CUST1381,49,Male,Employed,Current,71,1,32630,20,11,11,0,0.67,1,22,32630.0
CUST2078,31,Female,Employed,Savings,63,2,241772,12,13,16,0,0.59,1,29,120886.0
CUST2339,30,Male,Unemployed,Current,139,2,126990,9,7,11,0,0.64,0,18,63495.0
CUST0206,47,Female,Self-employed,Current,134,1,28105,17,6,11,0,0.87,0,17,28105.0
CUST1553,35,Female,Employed,Savings,24,1,103072,19,9,10,0,0.94,0,19,103072.0
CUST0779,38,Male,Employed,Savings,143,1,39564,13,7,7,0,0.92,0,14,39564.0
CUST1537,34,Male,Employed,Current,52,1,770567,23,12,10,0,0.64,0,22,770567.0
CUST0841,47,Female,Employed,Savings,118,2,102834,9,9,11,0,0.68,0,20,51417.0
CUST2107,38,Female,Employed,Savings,71,1,38716,9,11,5,0,0.61,1,16,38716.0
CUST2499,33,Female,Self-employed,Savings,137,3,349554,25,9,14,0,0.76,1,23,116518.0
CUST0436,44,Male,Employed,Savings,13,1,225207,11,11,11,1,0.79,0,22,225207.0
CUST0428,44,Female,Employed,Current,55,1,43751,12,8,10,0,0.99,0,18,43751.0
CUST1430,40,Female,Employed,Savings,134,2,3956,21,4,6,0,0.58,0,10,1978.0
CUST1961,50,Male,Employed,Savings,70,1,104262,11,6,11,0,0.77,0,17,104262.0
CUST0862,31,Male,Unemployed,Savings,174,1,6684,22,8,8,1,0.94,0,16,6684.0
CUST2633,33,Female,Self-employed,Savings,162,2,88512,14,8,6,0,0.52,0,14,44256.0
CUST2063,31,Female,Employed,Savings,20,2,727478,15,6,13,0,0.73,0,19,363739.0
CUST1416,44,Male,Employed,Savings,177,4,104047,17,13,7,0,0.92,0,20,26011.75
CUST2864,35,Male,Unemployed,Fixed Deposit,29,4,2898,16,5,13,0,0.83,0,18,724.5
CUST2650,33,Female,Employed,Savings,125,2,178759,19,6,11,0,0.5,0,17,89379.5
CUST1899,18,Male,Employed,Current,151,1,53555,19,10,9,0,0.81,0,19,53555.0
CUST0239,36,Female,Employed,Savings,149,1,37151,14,4,6,1,0.91,0,10,37151.0
CUST1255,33,Female,Self-employed,Current,146,1,47240,11,6,11,0,0.98,1,17,47240.0
CUST0318,63,Female,Employed,Current,137,4,446607,9,9,15,0,0.9,0,24,111651.75
CUST0151,43,Male,Self-employed,Current,59,3,60437,19,6,16,0,0.66,0,22,20145.67
CUST0799,41,Male,Employed,Current,161,1,500,17,9,3,1,0.57,1,12,500.0
CUST0496,35,Male,Employed,Current,93,1,500,13,11,17,0,0.52,0,28,500.0
CUST2842,39,Female,Self-employed,Savings,26,1,11551,14,9,14,0,0.74,1,23,11551.0
CUST2033,44,Female,Unemployed,Savings,149,3,64217,15,8,8,2,0.99,0,16,21405.67
CUST1114,33,Female,Unemployed,Current,97,4,68439,15,8,15,0,0.66,0,23,17109.75
CUST0936,29,Female,Employed,Savings,166,2,239390,18,6,11,0,0.78,0,17,119695.0
CUST2051,29,Female,Employed,Current,167,2,284381,10,10,4,0,0.93,0,14,142190.5
CUST0144,33,Male,Employed,Current,151,1,36430,26,6,8,0,0.53,1,14,36430.0
CUST1627,35,Female,Self-employed,Savings,96,1,63105,19,5,6,0,0.59,0,11,63105.0
CUST1744,49,Male,Employed,Current,52,1,78805,17,12,9,0,0.8,1,21,78805.0
CUST2403,40,Female,Self-employed,Current,58,3,87539,16,10,10,0,0.88,0,20,29179.67
CUST1114,44,Female,Self-employed,Current,134,3,352062,15,8,12,1,0.72,0,20,117354.0
CUST1873,24,Male,Employed,Savings,28,1,177643,20,9,9,1,0.6,0,18,177643.0
CUST0415,40,Female,Employed,Savings,137,1,353892,19,7,14,0,0.62,0,21,353892.0
CUST2065,27,Male,Employed,Savings,118,1,44756,17,8,12,0,0.91,0,20,44756.0
CUST0578,38,Male,Employed,Savings,52,4,32853,23,8,6,0,0.84,0,14,8213.25
CUST1760,22,Male,Employed,Savings,158,1,7026,23,7,9,0,0.68,0,16,7026.0
CUST1662,35,Male,Employed,Savings,121,1,13066,20,7,11,0,0.91,1,18,13066.0
CUST2089,34,Male,Unemployed,Savings,139,2,121337,17,6,10,0,0.84,1,16,60668.5
CUST1048,41,Female,Employed,Current,55,1,32599,12,7,13,0,0.8,0,20,32599.0
CUST1151,55,Female,Employed,Fixed Deposit,62,1,120316,15,11,3,0,0.92,0,14,120316.0
CUST0541,18,Male,Self-employed,Savings,32,1,142714,11,7,12,0,0.73,1,19,142714.0
CUST1301,47,Male,Employed,Savings,156,4,56271,12,11,17,0,0.75,0,28,14067.75
CUST1883,28,Male,Employed,Savings,110,1,57221,13,8,10,0,0.69,0,18,57221.0
CUST0754,36,Male,Employed,Current,34,3,63316,16,12,10,2,0.53,0,22,21105.33
CUST2779,46,Female,Employed,Current,92,3,108219,14,10,8,0,0.95,0,18,36073.0
CUST1162,50,Male,Employed,Current,169,2,55213,16,12,10,0,0.82,0,22,27606.5
CUST0948,50,Male,Self-employed,Savings,167,2,27821,20,10,13,1,0.99,0,23,13910.5
CUST2706,53,Female,Employed,Current,125,1,101907,16,7,3,0,0.78,0,10,101907.0
CUST1122,18,Female,Unemployed,Savings,178,4,186379,18,8,7,0,1.0,1,15,46594.75
CUST0132,29,Female,Employed,Current,84,2,89354,16,5,9,0,0.83,0,14,44677.0
CUST2217,32,Female,Employed,Savings,74,4,95609,19,9,11,0,0.77,1,20,23902.25
CUST1860,41,Male,Self-employed,Current,33,2,80080,8,10,8,0,0.9,0,18,40040.0
CUST1676,26,Male,Employed,Savings,69,2,47500,23,8,6,0,0.77,1,14,23750.0
CUST1821,30,Male,Employed,Current,178,2,335922,14,9,12,0,0.54,0,21,167961.0
CUST1202,35,Female,Employed,Savings,173,3,66485,15,6,12,0,0.52,0,18,22161.67
CUST0715,18,Female,Employed,Savings,95,3,60263,17,3,14,0,0.68,0,17,20087.67
CUST2535,34,Male,Employed,Savings,57,1,463266,13,14,8,0,0.57,0,22,463266.0
CUST2779,45,Male,Self-employed,Savings,136,2,39371,18,5,9,1,0.99,1,14,19685.5
CUST2078,25,Male,Employed,Current,102,1,3978,18,4,6,0,0.82,0,10,3978.0
CUST2058,34,Female,Employed,Savings,15,3,84562,13,19,9,0,0.99,0,28,28187.33
CUST0087,46,Female,Self-employed,Current,74,2,103110,21,11,8,0,0.67,1,19,51555.0
CUST0690,18,Female,Employed,Current,37,1,5954,27,11,12,1,0.7,1,23,5954.0
CUST1286,43,Female,Employed,Savings,156,3,73083,23,7,12,0,0.88,0,19,24361.0
CUST0721,34,Female,Self-employed,Savings,33,1,151065,5,11,4,0,0.87,0,15,151065.0
CUST2536,22,Male,Self-employed,Savings,128,2,66870,9,8,4,0,0.85,1,12,33435.0
CUST0896,28,Female,Self-employed,Fixed Deposit,41,2,101447,19,6,4,1,0.8,0,10,50723.5
CUST1447,26,Male,Employed,Savings,140,2,108021,16,7,8,0,0.98,0,15,54010.5
CUST2763,37,Male,Employed,Savings,58,3,43726,10,5,12,0,0.95,1,17,14575.33
CUST0858,51,Female,Employed,Savings,117,1,4733,10,7,15,0,0.94,1,22,4733.0
CUST0984,37,Male,Employed,Current,120,2,270173,8,14,11,0,0.54,0,25,135086.5
CUST1834,30,Male,Self-employed,Fixed Deposit,78,1,210001,12,8,15,0,0.78,0,23,210001.0
CUST0467,32,Female,Employed,Current,53,4,113581,11,8,12,0,0.66,1,20,28395.25
CUST0303,40,Male,Employed,Fixed Deposit,18,2,1337,11,6,11,0,0.54,1,17,668.5
CUST1162,36,Male,Self-employed,Current,39,1,25437,14,4,12,0,0.65,0,16,25437.0
CUST1394,41,Female,Self-employed,Savings,126,1,119949,17,7,6,0,0.86,0,13,119949.0
CUST0929,36,Male,Employed,Current,65,1,67558,15,6,9,0,0.98,1,15,67558.0
CUST2463,35,Female,Unemployed,Fixed Deposit,52,4,697,16,11,15,0,0.84,0,26,174.25
CUST2710,23,Male,Unemployed,Current,36,3,352929,14,15,13,0,0.68,0,28,117643.0
CUST2932,23,Male,Employed,Savings,95,3,275666,14,8,15,0,0.71,0,23,91888.67
CUST0727,25,Male,Self-employed,Savings,93,4,256604,16,7,11,0,0.61,1,18,64151.0
CUST0669,35,Male,Employed,Fixed Deposit,28,1,182114,13,10,7,0,0.74,1,17,182114.0
CUST1694,34,Female,Employed,Current,41,1,454356,11,8,12,0,0.63,0,20,454356.0
CUST1993,56,Female,Self-employed,Savings,112,2,271476,13,12,9,0,0.59,0,21,135738.0
CUST0743,47,Female,Self-employed,Savings,61,2,343241,18,5,8,0,0.95,0,13,171620.5
CUST2946,47,Female,Employed,Current,50,3,81463,17,4,11,0,0.59,1,15,27154.33
CUST1690,42,Female,Self-employed,Current,167,1,146153,13,11,10,1,0.88,0,21,146153.0
CUST0636,32,Female,Employed,Savings,166,2,70563,16,9,8,0,0.69,0,17,35281.5
CUST1424,39,Male,Employed,Current,19,3,118763,18,9,6,0,0.93,1,15,39587.67
CUST1837,34,Female,Self-employed,Savings,85,3,5679,21,5,9,0,0.7,0,14,1893.0
CUST1275,26,Female,Employed,Fixed Deposit,50,1,124131,13,11,9,0,0.99,0,20,124131.0
CUST2417,38,Male,Employed,Savings,149,1,206351,12,4,12,1,0.69,1,16,206351.0
CUST1575,27,Female,Employed,Savings,165,1,240751,8,13,9,0,0.75,0,22,240751.0
CUST2358,59,Female,Employed,Current,61,2,31385,19,6,6,0,0.86,0,12,15692.5
CUST2765,32,Male,Employed,Savings,172,2,42794,7,11,10,0,0.84,0,21,21397.0
CUST1959,35,Female,Self-employed,Savings,132,2,317058,9,6,8,1,0.71,0,14,158529.0
CUST0760,23,Female,Self-employed,Savings,98,4,8542,21,5,11,0,0.72,0,16,2135.5
CUST0894,22,Male,Self-employed,Current,131,1,41567,8,8,10,0,0.64,0,18,41567.0
CUST1699,42,Male,Employed,Current,55,3,103171,12,10,17,0,0.53,0,27,34390.33
CUST1073,40,Female,Unemployed,Current,156,1,35810,19,5,8,0,0.66,0,13,35810.0
CUST0472,48,Male,Employed,Savings,40,3,686830,13,11,6,0,0.93,0,17,228943.33
CUST1604,27,Female,Self-employed,Current,68,2,64776,8,6,9,1,0.87,1,15,32388.0
CUST2752,30,Male,Employed,Current,87,1,112496,22,6,11,0,0.72,0,17,112496.0
CUST1883,58,Male,Employed,Current,115,3,15376,21,7,7,0,0.56,1,14,5125.33
CUST1488,43,Female,Employed,Fixed Deposit,51,1,763803,15,8,7,0,0.68,0,15,763803.0
CUST0840,35,Female,Employed,Savings,44,3,41813,13,8,7,0,0.87,1,15,13937.67
CUST1091,31,Male,Employed,Savings,162,3,167572,8,10,11,0,0.83,1,21,55857.33
CUST2965,30,Female,Unemployed,Current,96,1,7555,21,13,15,0,0.61,1,28,7555.0
CUST2423,28,Male,Employed,Savings,115,2,78778,15,9,8,0,0.68,0,17,39389.0
CUST2349,43,Male,Employed,Savings,109,2,167655,12,10,10,0,0.53,0,20,83827.5
CUST1354,33,Female,Self-employed,Savings,128,3,20683,15,5,9,0,0.52,0,14,6894.33
CUST2747,24,Male,Employed,Savings,79,1,186853,4,10,10,0,0.65,0,20,186853.0
CUST1028,53,Female,Employed,Current,94,4,13925,8,8,9,0,0.61,0,17,3481.25
CUST0660,39,Male,Employed,Savings,136,3,4593,15,7,14,0,0.9,1,21,1531.0
CUST2987,28,Male,Employed,Savings,148,3,57645,18,4,8,0,0.98,0,12,19215.0
CUST2148,34,Female,Employed,Savings,78,1,59860,10,5,6,0,0.78,1,11,59860.0
CUST1121,27,Female,Self-employed,Savings,103,2,355790,13,6,10,0,0.87,0,16,177895.0
CUST1262,31,Female,Employed,Savings,65,1,18691,16,9,17,0,0.85,0,26,18691.0
CUST2318,27,Male,Self-employed,Current,118,2,85880,15,13,7,0,0.66,0,20,42940.0
CUST2519,44,Male,Self-employed,Current,150,3,174889,12,5,4,1,0.85,0,9,58296.33
CUST0949,43,Male,Self-employed,Current,99,1,21028,17,4,14,0,0.78,0,18,21028.0
CUST0215,44,Female,Employed,Savings,42,1,201632,14,7,15,1,0.94,1,22,201632.0
CUST2751,32,Male,Self-employed,Savings,67,1,535643,13,8,12,0,0.96,0,20,535643.0
CUST2807,29,Female,Self-employed,Current,88,3,153082,16,15,9,0,0.96,0,24,51027.33
CUST2208,18,Male,Employed,Current,60,1,109053,7,4,14,0,0.74,0,18,109053.0
CUST2385,42,Female,Employed,Fixed Deposit,140,1,232401,14,11,15,0,0.67,0,26,232401.0
CUST1775,26,Male,Self-employed,Savings,64,3,99108,11,2,12,0,0.96,0,14,33036.0
CUST0213,52,Male,Employed,Savings,126,1,531353,9,11,7,0,0.76,0,18,531353.0
CUST1488,33,Male,Self-employed,Savings,180,2,36095,18,9,7,0,0.67,1,16,18047.5
CUST0364,36,Male,Employed,Savings,144,1,59706,20,7,11,0,0.7,0,18,59706.0
CUST2109,45,Male,Employed,Current,54,3,18977,17,1,9,0,0.97,0,10,6325.67
CUST0834,28,Female,Self-employed,Savings,100,1,140661,19,9,8,0,0.84,0,17,140661.0
CUST2544,39,Female,Self-employed,Current,52,2,449379,15,7,5,0,0.83,0,12,224689.5
CUST1788,47,Female,Employed,Savings,120,3,46738,16,8,6,1,0.82,0,14,15579.33
CUST1315,37,Male,Self-employed,Current,59,3,315427,15,18,8,0,0.8,1,26,105142.33
CUST0898,53,Female,Self-employed,Savings,174,4,136253,14,12,15,0,0.62,0,27,34063.25
CUST2411,31,Male,Employed,Savings,64,3,68865,13,3,8,0,0.85,0,11,22955.0
CUST0161,43,Male,Employed,Savings,131,1,48135,10,5,7,0,0.83,0,12,48135.0
CUST0394,42,Male,Employed,Savings,138,1,391131,18,6,8,1,0.84,0,14,391131.0
CUST0723,37,Female,Unemployed,Savings,123,3,102215,16,13,8,0,1.0,0,21,34071.67
CUST0926,48,Male,Employed,Current,97,3,279846,14,9,5,0,0.54,1,14,93282.0
CUST0058,34,Male,Employed,Current,58,3,40682,8,5,8,0,0.84,0,13,13560.67
CUST0353,33,Female,Employed,Savings,20,2,17563,15,15,11,0,0.57,1,26,8781.5
CUST2111,36,Female,Employed,Fixed Deposit,19,1,5407,19,8,7,0,0.94,0,15,5407.0
CUST1938,42,Male,Self-employed,Savings,111,1,312359,16,8,14,1,1.0,0,22,312359.0
CUST0132,26,Male,Employed,Current,172,3,40240,11,14,9,0,0.65,0,23,13413.33
CUST0958,22,Male,Employed,Savings,61,3,28876,14,9,10,0,0.8,0,19,9625.33
CUST2199,25,Female,Employed,Current,51,1,21399,14,9,11,0,0.67,1,20,21399.0
CUST0258,30,Female,Employed,Current,141,3,46425,16,13,11,0,0.9,0,24,15475.0
CUST1834,44,Male,Self-employed,Savings,130,1,55599,20,12,11,0,0.85,0,23,55599.0
CUST0928,39,Female,Self-employed,Savings,70,1,24746,20,9,7,0,0.92,0,16,24746.0
CUST2144,36,Male,Unemployed,Current,16,2,533968,16,10,5,0,0.54,0,15,266984.0
CUST0224,43,Male,Unemployed,Savings,50,1,64796,19,8,13,0,0.78,1,21,64796.0
CUST0061,46,Female,Self-employed,Current,98,1,401267,16,10,10,0,0.61,0,20,401267.0
CUST0193,19,Female,Unemployed,Savings,138,2,158256,14,7,14,1,0.57,1,21,79128.0
CUST1619,34,Male,Unemployed,Fixed Deposit,129,1,63776,15,7,10,0,0.62,0,17,63776.0
CUST2088,33,Female,Employed,Savings,42,2,322583,13,8,5,0,1.0,1,13,161291.5
CUST0092,48,Female,Employed,Current,134,1,335393,18,5,12,0,0.76,1,17,335393.0
CUST0414,31,Female,Self-employed,Savings,178,3,148524,12,2,7,0,0.8,0,9,49508.0
CUST1751,36,Female,Employed,Savings,35,2,24780,16,6,14,0,0.93,0,20,12390.0
CUST2593,46,Male,Self-employed,Current,13,2,182570,19,6,17,1,0.63,0,23,91285.0
CUST1840,49,Male,Employed,Savings,80,2,59060,14,2,7,1,0.55,0,9,29530.0
CUST0327,43,Male,Self-employed,Fixed Deposit,26,1,65229,23,10,13,0,0.53,0,23,65229.0
CUST0760,34,Male,Self-employed,Fixed Deposit,106,1,36090,12,8,9,0,0.83,0,17,36090.0
CUST2790,38,Female,Employed,Current,62,4,73845,14,3,9,0,0.64,0,12,18461.25
CUST0279,18,Female,Self-employed,Savings,55,2,240952,16,9,14,1,0.66,0,23,120476.0
CUST0686,21,Female,Self-employed,Savings,73,2,13725,9,4,7,0,0.98,0,11,6862.5
CUST2301,46,Male,Employed,Savings,157,2,133329,15,7,17,1,0.99,0,24,66664.5
CUST2634,43,Male,Employed,Savings,136,3,68230,17,7,11,0,0.78,0,18,22743.33
CUST1950,46,Female,Unemployed,Savings,13,4,417040,15,7,5,0,0.99,0,12,104260.0
CUST2251,42,Male,Employed,Fixed Deposit,175,4,179109,17,9,8,0,0.6,0,17,44777.25
CUST1862,33,Female,Self-employed,Current,157,2,171296,7,6,16,0,0.6,0,22,85648.0
CUST1605,41,Male,Employed,Savings,106,4,158816,9,8,12,1,0.94,0,20,39704.0
CUST2999,48,Female,Self-employed,Savings,105,3,105766,13,9,14,0,0.91,0,23,35255.33
CUST2960,27,Male,Self-employed,Savings,87,1,177032,17,12,10,0,0.86,1,22,177032.0
CUST2991,39,Female,Employed,Current,104,2,217729,16,16,14,0,0.55,1,30,108864.5
CUST1722,22,Male,Employed,Current,165,2,90811,20,6,9,0,0.5,0,15,45405.5
CUST0705,18,Male,Self-employed,Current,34,1,19669,15,5,8,0,0.83,0,13,19669.0
CUST0306,20,Male,Self-employed,Savings,177,1,171771,20,9,7,0,0.73,0,16,171771.0
CUST1066,18,Male,Self-employed,Savings,129,2,6574,12,7,9,0,0.54,0,16,3287.0
CUST2961,26,Female,Employed,Savings,44,2,151040,24,9,15,0,0.54,0,24,75520.0
CUST2738,22,Female,Self-employed,Savings,166,2,165074,17,4,20,0,0.9,0,24,82537.0
CUST0532,33,Female,Employed,Savings,38,4,179922,16,6,11,1,0.74,1,17,44980.5
CUST1942,31,Female,Employed,Current,142,1,154822,17,8,9,0,0.78,0,17,154822.0
CUST1752,50,Female,Employed,Savings,110,1,8472,13,10,8,1,0.68,1,18,8472.0
CUST1593,38,Male,Employed,Savings,143,2,123577,19,12,8,0,0.76,0,20,61788.5
CUST2758,27,Female,Self-employed,Current,137,2,39423,23,1,8,0,0.93,0,9,19711.5
CUST2009,34,Female,Employed,Savings,138,2,130818,20,7,9,1,0.94,0,16,65409.0
CUST1432,35,Male,Employed,Savings,74,1,290644,15,6,14,0,0.91,0,20,290644.0
CUST0307,34,Female,Employed,Savings,154,4,148090,19,4,13,0,0.6,1,17,37022.5
CUST0666,57,Female,Self-employed,Current,130,4,95231,23,5,5,0,0.61,0,10,23807.75
CUST2324,45,Female,Unemployed,Savings,59,2,325228,14,13,8,1,0.82,0,21,162614.0
CUST2189,41,Female,Employed,Savings,168,1,37895,13,6,5,0,0.54,0,11,37895.0
CUST2764,30,Male,Self-employed,Savings,68,4,1892,15,8,13,0,0.61,1,21,473.0
CUST0098,50,Male,Employed,Current,155,3,24256,19,6,7,0,0.64,0,13,8085.33
CUST0471,43,Male,Unemployed,Fixed Deposit,120,2,157116,17,5,6,0,0.76,0,11,78558.0
CUST1085,18,Male,Employed,Current,35,1,15047,12,10,12,0,0.67,0,22,15047.0
CUST2748,28,Female,Self-employed,Savings,166,1,78638,24,8,12,0,0.6,0,20,78638.0
CUST2822,18,Male,Employed,Savings,37,3,231831,16,6,13,0,0.74,0,19,77277.0
CUST1104,31,Male,Employed,Savings,36,3,312560,19,9,8,1,0.77,1,17,104186.67
CUST2521,36,Male,Employed,Savings,81,1,405193,19,5,13,0,0.81,0,18,405193.0
CUST0474,24,Male,Employed,Savings,132,1,13042,21,13,11,0,0.62,0,24,13042.0
CUST1833,48,Female,Self-employed,Savings,88,1,157008,13,10,7,0,0.6,0,17,157008.0
CUST0051,30,Female,Employed,Current,113,1,255073,17,10,9,0,0.87,0,19,255073.0
CUST1634,31,Female,Employed,Current,23,1,361594,16,8,10,0,0.83,1,18,361594.0
CUST1086,19,Female,Self-employed,Savings,80,2,500,16,11,9,0,0.68,0,20,250.0
CUST2560,35,Male,Unemployed,Current,165,2,46622,17,8,14,1,0.55,0,22,23311.0
CUST0181,29,Female,Employed,Savings,179,2,128657,11,10,12,1,0.9,0,22,64328.5
CUST2279,31,Female,Employed,Savings,165,3,213366,15,6,11,0,0.88,1,17,71122.0
CUST1682,33,Female,Employed,Current,32,1,289745,24,6,9,0,0.54,0,15,289745.0
CUST0350,46,Female,Self-employed,Savings,116,1,109792,15,9,13,1,0.78,1,22,109792.0
CUST1489,28,Male,Employed,Fixed Deposit,39,3,198263,15,16,5,0,0.86,0,21,66087.67
CUST1184,29,Female,Employed,Current,173,1,149400,15,9,12,0,0.56,0,21,149400.0
CUST2541,36,Male,Employed,Savings,169,2,152444,12,12,6,0,0.66,0,18,76222.0
CUST2298,38,Female,Self-employed,Savings,53,2,172997,18,9,7,0,0.79,1,16,86498.5
CUST0590,18,Male,Employed,Savings,86,1,70247,13,8,7,0,0.71,0,15,70247.0
CUST0916,21,Male,Employed,Savings,166,3,13597,14,3,14,0,0.76,0,17,4532.33
CUST1346,35,Female,Self-employed,Savings,97,1,78761,9,7,8,0,0.68,0,15,78761.0
CUST0117,44,Male,Self-employed,Current,78,1,342785,14,10,11,1,0.72,0,21,342785.0
CUST0934,37,Female,Self-employed,Savings,91,2,314082,17,7,12,0,0.9,0,19,157041.0
CUST0732,29,Female,Self-employed,Current,109,2,98654,16,3,7,0,0.98,1,10,49327.0
CUST2923,33,Male,Self-employed,Savings,64,1,36709,12,14,6,0,0.52,1,20,36709.0
CUST1003,45,Female,Employed,Savings,80,1,65055,17,13,10,0,0.72,0,23,65055.0
CUST2795,43,Female,Self-employed,Current,23,4,252069,12,8,5,0,0.86,1,13,63017.25
CUST1725,23,Male,Employed,Savings,54,4,90659,10,11,14,0,0.77,0,25,22664.75
CUST0669,45,Female,Employed,Savings,108,1,177211,15,9,13,0,0.91,0,22,177211.0
CUST2887,28,Female,Unemployed,Current,74,1,357385,13,15,12,0,0.84,0,27,357385.0
CUST0359,41,Female,Employed,Savings,95,3,16676,12,7,9,0,0.82,0,16,5558.67
CUST2823,34,Male,Self-employed,Fixed Deposit,164,2,17171,20,10,8,0,0.84,0,18,8585.5
CUST0787,33,Female,Employed,Savings,121,2,48149,20,15,12,0,0.66,0,27,24074.5
CUST2911,41,Male,Employed,Savings,108,1,176549,17,10,18,0,0.61,0,28,176549.0
CUST0688,35,Male,Employed,Savings,97,3,34757,18,4,11,0,0.53,0,15,11585.67
CUST1694,27,Female,Unemployed,Current,121,1,919,15,4,12,0,1.0,0,16,919.0
CUST2027,45,Male,Unemployed,Savings,49,1,54138,13,4,8,0,0.7,0,12,54138.0
CUST2198,32,Female,Employed,Current,114,1,517073,12,5,9,0,0.71,0,14,517073.0
CUST1884,35,Male,Employed,Savings,75,2,9743,17,5,9,0,1.0,0,14,4871.5
CUST0513,26,Male,Employed,Current,124,1,25390,21,12,2,0,0.64,0,14,25390.0
CUST1884,39,Female,Self-employed,Current,144,3,44052,16,10,8,0,0.55,0,18,14684.0
CUST2356,23,Female,Self-employed,Fixed Deposit,145,2,104104,17,8,9,0,0.59,0,17,52052.0
CUST0229,40,Male,Self-employed,Savings,25,3,116921,17,8,9,0,0.76,0,17,38973.67
CUST0211,44,Male,Self-employed,Current,51,1,296696,12,4,11,1,0.57,1,15,296696.0
CUST0578,43,Male,Employed,Current,121,1,38996,13,6,12,0,0.63,0,18,38996.0
CUST1913,19,Female,Unemployed,Current,75,2,127833,21,6,8,1,0.83,0,14,63916.5
CUST0577,40,Female,Unemployed,Savings,47,1,4516,16,4,14,0,0.66,1,18,4516.0
CUST2463,28,Male,Self-employed,Fixed Deposit,125,1,918939,11,5,9,2,0.53,0,14,918939.0
CUST2313,36,Male,Self-employed,Savings,76,1,480395,16,6,7,0,0.93,0,13,480395.0
CUST2562,48,Female,Employed,Savings,143,2,94419,15,12,11,0,0.59,0,23,47209.5
CUST0569,20,Female,Employed,Savings,149,3,37689,14,11,8,1,0.84,0,19,12563.0
CUST2750,44,Male,Self-employed,Current,29,1,30757,14,10,5,0,0.71,0,15,30757.0
CUST0938,18,Male,Self-employed,Savings,102,4,168177,15,7,9,1,0.92,0,16,42044.25
CUST2036,21,Female,Employed,Savings,167,1,19300,10,5,10,0,0.55,0,15,19300.0
CUST0066,37,Female,Employed,Current,145,1,411766,14,4,13,0,0.81,0,17,411766.0
CUST1050,51,Male,Employed,Savings,180,1,65423,12,8,8,0,0.84,0,16,65423.0
CUST0119,29,Male,Employed,Current,78,1,303607,14,4,10,0,0.68,1,14,303607.0
CUST1236,26,Female,Employed,Savings,17,2,285623,17,8,8,0,0.77,1,16,142811.5
CUST2413,35,Male,Employed,Fixed Deposit,34,3,112500,13,7,7,0,0.86,0,14,37500.0
CUST1005,45,Female,Self-employed,Savings,162,3,338500,18,6,7,0,0.61,0,13,112833.33
CUST2624,44,Male,Self-employed,Savings,160,3,158550,12,9,8,0,0.83,1,17,52850.0
CUST2636,45,Female,Self-employed,Current,152,4,79034,12,5,9,0,0.54,0,14,19758.5
CUST0870,34,Female,Self-employed,Savings,114,1,122148,13,6,4,0,0.93,0,10,122148.0
CUST2029,35,Male,Employed,Current,163,1,64953,17,7,8,0,0.6,0,15,64953.0
CUST1244,46,Male,Self-employed,Savings,16,1,47924,9,8,17,0,0.69,0,25,47924.0
CUST1407,25,Male,Employed,Savings,63,1,261941,14,8,10,0,0.84,0,18,261941.0
CUST1822,32,Male,Employed,Current,23,4,83712,22,12,12,0,0.96,0,24,20928.0
CUST1623,34,Male,Employed,Savings,111,3,632171,17,10,7,0,0.69,0,17,210723.67
CUST0112,41,Female,Employed,Current,112,3,143954,15,5,6,0,0.53,0,11,47984.67
CUST1827,39,Male,Employed,Fixed Deposit,138,1,87517,15,3,13,0,0.62,1,16,87517.0
CUST2550,53,Female,Self-employed,Savings,121,4,223279,23,11,10,0,0.52,1,21,55819.75
CUST0855,32,Female,Employed,Current,99,2,120168,17,8,12,0,0.97,0,20,60084.0
CUST1230,54,Female,Employed,Savings,176,3,68511,14,6,13,0,0.72,0,19,22837.0
CUST0438,49,Male,Self-employed,Savings,54,2,259660,13,9,13,0,1.0,0,22,129830.0
CUST0873,38,Male,Self-employed,Savings,159,4,334603,19,6,7,0,0.68,0,13,83650.75
CUST2847,37,Male,Employed,Fixed Deposit,79,3,160472,16,11,15,0,0.78,1,26,53490.67
CUST2846,18,Male,Employed,Current,27,4,128950,15,6,15,0,0.74,0,21,32237.5
CUST1564,20,Female,Unemployed,Savings,42,1,20295,12,11,11,0,0.83,0,22,20295.0
CUST0720,27,Female,Employed,Savings,122,3,288836,15,5,8,0,0.74,0,13,96278.67
CUST2070,36,Male,Employed,Savings,109,1,97283,23,5,7,1,0.72,0,12,97283.0
CUST0567,48,Male,Employed,Fixed Deposit,70,1,20656,19,10,14,0,0.97,0,24,20656.0
CUST2965,25,Female,Unemployed,Current,120,1,67724,13,8,7,0,0.95,0,15,67724.0
CUST1696,38,Male,Employed,Savings,92,2,49299,16,5,12,0,0.6,0,17,24649.5
CUST0885,18,Female,Self-employed,Current,138,1,251104,23,10,9,0,0.79,0,19,251104.0
CUST1475,60,Female,Self-employed,Savings,141,4,141443,15,7,8,0,0.92,0,15,35360.75
CUST2062,33,Female,Self-employed,Current,157,3,430064,13,7,9,0,0.64,0,16,143354.67
CUST0822,18,Female,Employed,Current,123,3,511984,22,10,12,0,0.56,0,22,170661.33
CUST1133,45,Male,Unemployed,Fixed Deposit,87,3,44828,20,7,7,0,0.72,0,14,14942.67
CUST0478,47,Male,Employed,Current,172,3,146073,15,10,5,0,0.91,0,15,48691.0
CUST0526,43,Female,Employed,Savings,155,1,79069,13,6,6,0,0.75,0,12,79069.0
CUST0274,44,Female,Employed,Savings,97,1,133435,17,7,9,0,1.0,0,16,133435.0
CUST2026,33,Female,Self-employed,Savings,150,3,265449,8,11,12,0,0.5,0,23,88483.0
CUST0376,33,Male,Employed,Savings,113,1,148238,15,6,9,0,0.81,1,15,148238.0
CUST0798,18,Female,Employed,Current,91,2,85404,15,11,6,0,0.74,0,17,42702.0
CUST0114,54,Male,Employed,Savings,126,1,114343,8,7,9,0,0.53,0,16,114343.0
CUST1369,47,Female,Self-employed,Current,108,1,11860,21,12,9,1,0.63,0,21,11860.0
CUST0336,42,Female,Unemployed,Savings,117,1,202336,15,9,16,0,0.54,0,25,202336.0
CUST2317,22,Female,Self-employed,Current,51,3,110752,15,5,10,0,0.57,0,15,36917.33
CUST0428,44,Female,Employed,Savings,166,1,16951,18,7,8,0,0.6,0,15,16951.0
CUST1653,34,Male,Employed,Current,136,1,8210,8,9,14,0,0.67,0,23,8210.0
CUST0730,47,Male,Employed,Savings,77,3,221094,24,6,12,0,0.74,0,18,73698.0
CUST1887,55,Female,Employed,Savings,124,1,154753,18,7,6,0,0.61,0,13,154753.0
CUST0169,30,Female,Employed,Savings,41,1,22557,19,7,16,1,0.6,0,23,22557.0
CUST1696,40,Male,Employed,Savings,108,1,57524,14,9,8,0,0.66,0,17,57524.0
CUST0906,49,Male,Employed,Savings,69,1,40737,16,7,10,1,0.64,0,17,40737.0
CUST2522,46,Male,Employed,Savings,180,1,56342,10,5,11,0,0.86,0,16,56342.0
CUST2548,36,Female,Unemployed,Current,124,2,117094,7,7,9,0,0.96,0,16,58547.0
CUST1661,29,Male,Employed,Fixed Deposit,30,3,79846,13,6,10,0,0.93,0,16,26615.33
CUST2818,41,Female,Unemployed,Savings,52,2,382668,23,11,12,0,0.93,0,23,191334.0
CUST0326,42,Female,Employed,Current,43,1,77234,11,7,8,0,0.86,0,15,77234.0
CUST2105,27,Female,Self-employed,Fixed Deposit,60,1,314245,17,11,3,0,0.94,0,14,314245.0
CUST0760,19,Male,Self-employed,Current,102,3,73156,18,1,13,0,0.73,0,14,24385.33
CUST1474,41,Female,Employed,Savings,166,2,102605,11,4,17,0,0.6,0,21,51302.5
CUST2002,27,Male,Employed,Savings,166,1,88094,12,6,9,1,0.55,0,15,88094.0
CUST1042,35,Male,Employed,Fixed Deposit,107,1,186990,14,10,7,1,0.72,0,17,186990.0
CUST0640,45,Female,Employed,Savings,128,1,4894,16,8,11,1,0.6,1,19,4894.0
CUST2574,38,Female,Employed,Savings,62,2,119548,15,2,13,0,0.59,0,15,59774.0
CUST0568,33,Female,Employed,Savings,19,2,153549,21,9,9,0,0.51,0,18,76774.5
CUST1970,28,Male,Employed,Savings,95,1,63860,15,4,7,0,0.71,0,11,63860.0
CUST2406,36,Female,Employed,Savings,117,1,112002,18,11,10,1,0.88,0,21,112002.0
CUST0674,33,Male,Unemployed,Savings,34,1,132166,20,6,9,0,0.77,1,15,132166.0
CUST2258,43,Female,Self-employed,Savings,42,1,11381,18,4,10,0,0.66,0,14,11381.0
CUST1342,45,Female,Employed,Savings,20,3,256595,13,9,16,0,0.75,0,25,85531.67
CUST2934,21,Female,Employed,Current,108,4,73898,17,6,16,0,0.85,0,22,18474.5
CUST1816,40,Female,Employed,Savings,80,2,327570,16,8,15,0,0.91,0,23,163785.0
CUST0457,31,Female,Employed,Current,35,4,206690,16,14,13,0,0.56,0,27,51672.5
CUST0809,41,Female,Employed,Savings,157,1,147011,28,10,9,0,0.98,0,19,147011.0
CUST1025,18,Male,Self-employed,Current,73,2,296693,14,8,11,0,0.61,0,19,148346.5
CUST1344,61,Male,Employed,Fixed Deposit,79,1,162468,13,7,6,0,0.87,0,13,162468.0
CUST0505,35,Female,Employed,Savings,85,2,303427,20,9,13,0,0.99,0,22,151713.5
CUST0674,33,Male,Self-employed,Savings,37,2,158873,12,9,15,0,0.64,0,24,79436.5
CUST0754,38,Female,Self-employed,Savings,156,2,3590,6,7,13,0,0.64,0,20,1795.0
CUST1629,26,Female,Employed,Savings,169,2,168785,17,9,7,0,0.66,0,16,84392.5
CUST2214,35,Female,Employed,Current,150,2,143174,12,10,16,0,0.54,0,26,71587.0
CUST0145,39,Male,Employed,Current,102,2,42812,21,12,15,0,0.85,0,27,21406.0
CUST2914,32,Female,Employed,Savings,96,1,147540,21,3,9,1,0.73,0,12,147540.0
CUST2306,44,Female,Unemployed,Current,165,1,138531,18,9,12,0,0.61,1,21,138531.0
CUST1894,30,Male,Self-employed,Savings,139,1,41326,16,14,13,1,0.53,0,27,41326.0
CUST2144,41,Male,Self-employed,Savings,152,3,342040,12,10,12,0,0.82,0,22,114013.33
CUST2830,32,Female,Self-employed,Savings,131,1,114840,19,7,13,0,0.79,0,20,114840.0
CUST0763,18,Male,Self-employed,Savings,111,3,71040,18,8,8,0,0.95,0,16,23680.0
CUST0897,38,Male,Employed,Fixed Deposit,154,3,514936,17,9,13,0,0.62,0,22,171645.33
CUST2745,36,Female,Employed,Savings,107,2,371222,19,9,6,0,0.72,0,15,185611.0
CUST0612,35,Male,Employed,Savings,17,4,28535,13,9,11,0,0.7,1,20,7133.75
CUST2836,47,Female,Employed,Fixed Deposit,113,2,93195,17,7,7,0,0.78,0,14,46597.5
CUST1869,35,Female,Self-employed,Current,86,2,81114,12,6,12,0,0.59,0,18,40557.0
CUST1839,30,Female,Unemployed,Savings,173,3,65046,11,5,10,0,0.8,0,15,21682.0
CUST2087,30,Male,Employed,Fixed Deposit,111,1,261342,14,9,9,0,0.57,0,18,261342.0
CUST1465,45,Male,Self-employed,Current,130,4,250699,9,6,5,0,0.51,1,11,62674.75
CUST2780,35,Female,Employed,Savings,82,1,247944,9,10,7,0,0.73,0,17,247944.0
CUST0278,36,Male,Self-employed,Savings,28,1,44141,23,13,14,0,0.95,1,27,44141.0
CUST1406,26,Female,Self-employed,Fixed Deposit,64,1,125911,15,13,10,0,0.73,0,23,125911.0
CUST0697,36,Female,Self-employed,Current,70,1,8673,16,10,10,0,0.93,0,20,8673.0
CUST2980,26,Male,Self-employed,Fixed Deposit,97,3,166921,11,3,7,1,0.69,0,10,55640.33
CUST1763,18,Male,Employed,Savings,165,4,254102,15,10,12,0,0.8,0,22,63525.5
CUST0081,26,Female,Employed,Current,28,3,140710,18,7,7,0,0.65,0,14,46903.33
CUST1350,20,Male,Employed,Savings,79,1,101076,19,1,13,0,0.95,1,14,101076.0
CUST0674,23,Male,Employed,Savings,150,1,57668,23,7,7,1,0.8,0,14,57668.0
CUST0573,28,Male,Employed,Savings,51,1,63549,22,13,9,0,0.55,0,22,63549.0
CUST1102,31,Female,Self-employed,Savings,73,3,175617,14,15,8,0,0.63,1,23,58539.0
CUST0136,30,Male,Employed,Savings,126,1,88560,12,7,11,0,0.69,0,18,88560.0
CUST2728,24,Female,Employed,Savings,18,1,173049,19,9,8,0,0.59,1,17,173049.0
CUST1158,45,Female,Employed,Current,53,4,164193,11,5,10,0,0.55,1,15,41048.25
CUST2202,43,Female,Employed,Fixed Deposit,120,1,246734,23,13,13,0,0.66,0,26,246734.0
CUST1035,23,Male,Unemployed,Current,102,4,107799,18,5,10,0,0.97,0,15,26949.75
CUST1401,38,Female,Unemployed,Savings,62,1,28146,15,8,8,0,0.66,0,16,28146.0
CUST2196,29,Female,Unemployed,Current,162,1,203210,17,12,15,0,0.55,0,27,203210.0
CUST0664,33,Male,Employed,Savings,53,3,73832,12,10,13,0,0.67,0,23,24610.67
CUST2391,47,Female,Employed,Current,78,1,112964,18,15,11,0,0.84,1,26,112964.0
CUST1146,36,Male,Employed,Fixed Deposit,139,2,326205,11,8,11,0,0.88,1,19,163102.5
CUST0753,39,Male,Self-employed,Savings,17,1,118271,13,2,8,0,0.61,0,10,118271.0
CUST2692,40,Male,Employed,Savings,29,2,224654,13,14,8,0,0.59,0,22,112327.0
CUST2880,40,Female,Employed,Current,111,1,315864,14,4,12,1,0.81,0,16,315864.0
CUST0867,24,Male,Unemployed,Savings,141,4,2194,20,14,9,0,0.92,0,23,548.5
CUST2945,39,Male,Employed,Savings,82,1,358162,23,5,8,0,0.82,1,13,358162.0
CUST0336,43,Female,Employed,Current,28,2,59107,17,5,7,0,0.91,0,12,29553.5
CUST1506,25,Male,Employed,Fixed Deposit,164,3,293997,17,5,10,0,0.97,0,15,97999.0
CUST2386,30,Female,Employed,Fixed Deposit,95,1,133440,7,9,7,0,0.56,0,16,133440.0
CUST2571,18,Female,Self-employed,Savings,62,1,241627,12,9,10,2,0.66,0,19,241627.0
CUST0569,38,Male,Employed,Current,66,2,30058,16,12,11,0,0.87,0,23,15029.0
CUST2721,34,Male,Employed,Savings,30,1,217175,13,4,5,0,0.79,1,9,217175.0
CUST1165,24,Male,Employed,Savings,146,2,146772,13,9,9,0,0.74,0,18,73386.0
CUST2561,30,Male,Employed,Savings,27,2,47896,19,9,9,1,0.56,0,18,23948.0
CUST0191,21,Female,Employed,Current,88,2,75355,20,6,6,0,0.95,1,12,37677.5
CUST1140,44,Female,Employed,Current,69,1,92715,9,9,10,0,0.97,0,19,92715.0
CUST2624,27,Male,Employed,Savings,45,3,21551,15,12,14,0,0.53,1,26,7183.67
CUST1274,40,Female,Employed,Current,167,1,27133,19,9,7,0,0.72,0,16,27133.0
CUST1315,32,Male,Employed,Savings,59,3,63553,25,6,10,0,0.6,0,16,21184.33
CUST1044,39,Female,Employed,Savings,123,1,426638,8,5,7,0,0.88,0,12,426638.0
CUST2892,29,Male,Self-employed,Current,70,2,78336,13,10,6,1,0.56,0,16,39168.0
CUST0343,44,Male,Employed,Savings,55,2,29312,11,6,12,0,0.85,0,18,14656.0
CUST2946,34,Female,Employed,Savings,149,2,41497,18,8,10,0,0.75,0,18,20748.5
CUST2628,40,Female,Employed,Fixed Deposit,53,3,5511,19,10,11,0,0.82,0,21,1837.0
CUST2042,40,Female,Unemployed,Savings,102,2,326017,25,6,12,0,0.67,0,18,163008.5
CUST1477,36,Male,Self-employed,Current,176,2,9996,11,7,9,0,0.77,0,16,4998.0
CUST0083,39,Female,Employed,Current,24,3,11933,8,14,10,0,0.68,0,24,3977.67
CUST2496,29,Female,Self-employed,Savings,83,2,23751,8,7,7,0,0.51,0,14,11875.5
CUST0319,18,Female,Employed,Savings,102,3,241294,20,7,11,0,0.82,0,18,80431.33
CUST0291,44,Female,Employed,Fixed Deposit,157,2,15522,11,9,11,0,0.89,0,20,7761.0
CUST1058,36,Female,Self-employed,Savings,173,3,165817,12,6,20,0,0.55,0,26,55272.33
CUST1000,27,Male,Employed,Savings,153,2,634091,15,6,3,0,0.95,1,9,317045.5
CUST1364,26,Female,Self-employed,Savings,83,1,485101,15,6,10,0,0.84,0,16,485101.0
CUST2714,34,Female,Employed,Savings,16,2,907310,14,9,8,0,0.78,0,17,453655.0
CUST0959,18,Female,Employed,Fixed Deposit,23,2,224162,19,7,10,0,0.71,0,17,112081.0
CUST1337,48,Male,Employed,Savings,110,1,178406,20,6,18,0,0.51,0,24,178406.0
CUST1399,33,Female,Unemployed,Savings,147,1,178180,22,7,11,0,0.73,0,18,178180.0
CUST0005,36,Male,Employed,Savings,114,2,79788,16,11,12,0,0.94,1,23,39894.0
CUST2021,39,Female,Self-employed,Fixed Deposit,94,1,132402,16,7,9,0,0.65,0,16,132402.0
CUST0534,18,Male,Employed,Savings,167,1,14033,17,8,10,0,0.92,0,18,14033.0
CUST2564,51,Female,Self-employed,Savings,50,2,292263,13,11,8,0,0.92,1,19,146131.5
CUST0864,52,Female,Employed,Savings,67,2,115805,13,4,13,0,0.81,1,17,57902.5
CUST1423,19,Female,Employed,Current,113,1,227960,15,7,8,0,0.89,0,15,227960.0
CUST2691,22,Female,Employed,Savings,139,3,156330,12,9,17,1,0.56,0,26,52110.0
CUST2265,38,Male,Employed,Savings,28,2,97126,17,12,10,0,0.53,0,22,48563.0
CUST0246,42,Female,Employed,Savings,22,3,204084,11,10,6,0,0.9,1,16,68028.0
CUST2219,18,Female,Employed,Fixed Deposit,126,2,34369,16,7,9,0,0.84,0,16,17184.5
CUST0244,61,Male,Self-employed,Current,139,1,279485,15,6,15,1,0.98,0,21,279485.0
CUST2594,25,Female,Employed,Savings,144,1,194283,13,9,13,0,0.8,0,22,194283.0
CUST1330,33,Female,Employed,Current,24,1,13067,20,9,12,0,0.87,0,21,13067.0
CUST1027,31,Female,Self-employed,Fixed Deposit,36,1,253636,12,8,12,0,0.65,0,20,253636.0
CUST2690,29,Male,Employed,Savings,168,2,1644080,13,10,7,0,0.51,1,17,822040.0
CUST1574,36,Male,Unemployed,Savings,71,1,273186,19,9,9,0,0.93,0,18,273186.0
CUST1717,49,Female,Employed,Fixed Deposit,59,2,11108,18,8,13,1,0.66,0,21,5554.0
CUST0331,48,Female,Employed,Current,110,2,8707,10,11,15,0,0.72,0,26,4353.5
CUST0127,21,Male,Employed,Savings,22,1,43547,17,9,9,0,0.8,0,18,43547.0
CUST0716,30,Female,Employed,Savings,166,2,118682,13,10,13,0,0.68,0,23,59341.0
CUST0402,52,Female,Employed,Savings,112,3,187792,15,4,12,0,0.99,0,16,62597.33
CUST2590,51,Female,Self-employed,Current,28,1,154484,15,12,14,0,0.76,0,26,154484.0
CUST1927,25,Male,Employed,Savings,57,3,3704,10,7,7,1,0.98,0,14,1234.67
CUST1805,54,Male,Employed,Savings,160,2,243350,12,8,8,0,0.92,0,16,121675.0
CUST1611,25,Male,Self-employed,Savings,92,1,92984,18,5,14,0,0.77,1,19,92984.0
CUST1016,29,Male,Employed,Current,124,1,160744,17,9,9,1,0.53,0,18,160744.0
CUST1749,37,Female,Employed,Current,138,1,299113,17,2,13,0,0.53,0,15,299113.0
CUST1006,33,Male,Employed,Current,39,2,327140,17,4,11,0,0.86,1,15,163570.0
CUST0266,18,Female,Employed,Savings,30,1,117161,18,6,7,2,0.68,0,13,117161.0
CUST1168,23,Female,Employed,Savings,170,3,154080,14,12,8,0,0.62,0,20,51360.0
CUST1261,43,Male,Employed,Current,57,4,327802,18,4,10,0,0.51,1,14,81950.5
CUST0693,18,Male,Employed,Current,89,1,12075,18,3,9,0,0.57,1,12,12075.0
CUST2433,39,Male,Employed,Savings,64,2,297368,16,12,4,0,0.52,0,16,148684.0
CUST0057,21,Male,Employed,Savings,69,1,120476,14,10,13,0,0.66,0,23,120476.0
CUST0163,33,Female,Employed,Savings,76,2,43768,12,10,11,0,0.74,0,21,21884.0
CUST0094,35,Male,Employed,Current,142,3,192000,12,7,13,0,0.6,0,20,64000.0
CUST1104,48,Male,Employed,Savings,127,1,105152,14,14,14,0,0.76,0,28,105152.0
CUST1098,30,Female,Self-employed,Savings,109,1,149526,11,9,7,0,0.55,1,16,149526.0
CUST1089,30,Female,Self-employed,Savings,21,3,98934,17,6,16,0,0.81,0,22,32978.0
CUST0572,31,Male,Employed,Savings,63,3,396288,16,2,8,0,0.95,0,10,132096.0
CUST2713,40,Female,Self-employed,Savings,46,2,110344,19,5,10,0,0.72,0,15,55172.0
CUST2486,28,Male,Employed,Savings,13,1,342902,15,7,10,1,0.76,0,17,342902.0
CUST0930,42,Male,Self-employed,Savings,177,1,25806,8,6,8,1,0.58,0,14,25806.0
CUST0805,31,Male,Self-employed,Current,20,1,81671,15,7,19,0,0.63,1,26,81671.0
CUST1349,40,Male,Self-employed,Current,66,1,123244,20,6,18,0,0.64,1,24,123244.0
CUST1651,31,Male,Employed,Fixed Deposit,167,2,2520,11,8,10,0,0.8,0,18,1260.0
CUST0758,51,Female,Self-employed,Current,120,3,193802,13,7,11,2,0.66,0,18,64600.67
CUST0750,45,Female,Self-employed,Savings,37,1,129951,18,12,11,0,0.67,1,23,129951.0
CUST1095,33,Male,Employed,Savings,155,1,4666,9,10,4,0,0.81,0,14,4666.0
CUST0034,18,Female,Employed,Current,93,1,72651,10,9,12,0,0.52,0,21,72651.0
CUST2750,48,Female,Self-employed,Savings,65,1,74546,11,5,7,0,0.83,0,12,74546.0
CUST0750,33,Female,Self-employed,Savings,151,2,44563,12,7,9,0,0.89,1,16,22281.5
CUST0292,22,Male,Employed,Fixed Deposit,121,2,80525,13,7,9,0,0.67,0,16,40262.5
CUST2412,36,Male,Employed,Savings,81,2,64259,17,7,7,0,0.73,0,14,32129.5
CUST2024,35,Female,Unemployed,Current,63,2,300908,10,4,14,0,0.95,0,18,150454.0
CUST2963,30,Male,Employed,Current,103,1,76828,12,12,8,0,0.86,0,20,76828.0
CUST0609,45,Female,Employed,Savings,149,1,6611,11,11,11,0,0.8,0,22,6611.0
CUST0733,27,Male,Self-employed,Current,127,3,70938,20,9,9,0,0.56,0,18,23646.0
CUST1556,37,Male,Self-employed,Current,14,2,73480,15,4,10,0,0.75,0,14,36740.0
CUST0342,22,Male,Self-employed,Savings,90,1,68563,13,7,12,0,0.62,0,19,68563.0
CUST2315,39,Male,Employed,Savings,110,1,239567,13,9,9,0,0.76,1,18,239567.0
CUST0306,38,Male,Employed,Savings,59,2,145717,16,8,15,0,0.59,0,23,72858.5
CUST1091,31,Male,Self-employed,Current,154,1,814914,11,8,3,0,0.74,0,11,814914.0
CUST2685,42,Female,Employed,Savings,54,1,61090,20,11,7,0,0.64,1,18,61090.0
CUST2584,47,Female,Unemployed,Savings,180,2,398293,22,8,11,0,0.78,1,19,199146.5
CUST1470,40,Male,Employed,Fixed Deposit,119,2,170206,12,6,4,0,0.51,1,10,85103.0
CUST1860,31,Male,Employed,Fixed Deposit,171,3,153691,14,8,8,0,0.55,0,16,51230.33
CUST2849,57,Female,Self-employed,Savings,85,2,98691,18,11,14,0,0.72,0,25,49345.5
CUST2445,30,Male,Self-employed,Current,114,1,129610,17,7,10,2,0.89,0,17,129610.0
CUST0885,23,Female,Self-employed,Current,64,1,107685,19,9,9,0,0.9,1,18,107685.0
CUST0309,28,Female,Self-employed,Current,74,2,282374,18,8,12,1,0.74,0,20,141187.0
CUST0607,48,Female,Employed,Fixed Deposit,161,2,145791,15,3,6,0,0.66,1,9,72895.5
CUST1211,31,Male,Unemployed,Savings,123,4,95312,18,8,11,0,0.81,0,19,23828.0
CUST1094,40,Male,Employed,Current,89,4,16136,11,6,5,0,0.81,0,11,4034.0
CUST1855,28,Male,Employed,Current,64,1,260171,14,4,12,0,0.83,0,16,260171.0
CUST0316,30,Male,Self-employed,Current,25,1,474770,14,12,12,1,0.67,0,24,474770.0
CUST1334,63,Female,Employed,Fixed Deposit,73,1,738875,14,8,10,0,0.54,1,18,738875.0
CUST0511,27,Male,Employed,Current,145,2,35682,17,5,13,1,0.54,1,18,17841.0
CUST0149,38,Male,Employed,Savings,50,1,78182,15,5,13,0,0.88,0,18,78182.0
CUST0340,44,Female,Employed,Current,109,3,39980,13,10,6,0,0.89,1,16,13326.67
CUST1967,24,Female,Employed,Savings,90,1,42340,16,5,7,1,0.62,0,12,42340.0
CUST0261,39,Male,Employed,Savings,151,2,80421,13,8,9,0,0.74,0,17,40210.5
CUST0560,45,Male,Employed,Savings,111,2,31562,16,7,16,0,0.68,0,23,15781.0
CUST2465,35,Female,Self-employed,Savings,126,3,10250,19,7,8,0,0.86,0,15,3416.67
CUST2058,27,Female,Self-employed,Current,165,4,186541,14,5,14,0,0.95,0,19,46635.25
CUST0271,33,Female,Employed,Savings,78,4,14424,13,8,11,0,0.77,0,19,3606.0
CUST1272,39,Male,Employed,Savings,50,1,4299,14,7,8,0,1.0,0,15,4299.0
CUST1757,30,Female,Employed,Current,168,1,118211,10,21,9,0,0.81,0,30,118211.0
CUST0373,42,Male,Employed,Savings,104,3,158115,27,5,9,0,0.56,1,14,52705.0
CUST2430,33,Male,Unemployed,Current,85,1,26833,13,8,15,0,0.64,1,23,26833.0
CUST0559,28,Female,Employed,Savings,156,2,62545,10,8,7,0,0.52,0,15,31272.5
CUST2677,50,Female,Self-employed,Savings,177,3,132798,13,9,8,1,0.85,0,17,44266.0
CUST2399,21,Female,Employed,Savings,149,4,163918,17,13,13,0,0.81,0,26,40979.5
CUST2363,38,Male,Self-employed,Savings,167,2,54548,12,10,7,0,0.75,0,17,27274.0
CUST1801,32,Female,Self-employed,Current,44,2,11437,14,6,12,0,0.85,0,18,5718.5
CUST2101,34,Female,Self-employed,Current,107,4,285923,14,11,12,0,0.62,0,23,71480.75
CUST2047,34,Female,Employed,Savings,116,1,33502,16,6,10,0,0.74,0,16,33502.0
CUST2977,29,Female,Employed,Savings,144,1,37311,5,3,13,0,0.84,0,16,37311.0
CUST1032,30,Male,Self-employed,Savings,168,1,101057,16,7,11,0,0.76,0,18,101057.0
CUST1493,44,Male,Employed,Savings,84,3,210466,8,10,9,1,0.65,0,19,70155.33
CUST2929,45,Female,Unemployed,Current,91,2,35599,16,11,7,0,0.94,0,18,17799.5
CUST2076,44,Female,Employed,Savings,68,3,23292,16,11,6,0,0.86,0,17,7764.0
CUST0338,57,Male,Self-employed,Savings,91,3,496641,16,10,10,0,0.62,0,20,165547.0
CUST0608,63,Male,Self-employed,Savings,70,4,285196,14,2,4,0,0.86,0,6,71299.0
CUST0627,31,Female,Employed,Current,169,1,415815,6,9,11,1,0.74,0,20,415815.0
CUST1974,18,Female,Unemployed,Savings,23,1,80379,10,10,8,0,0.74,1,18,80379.0
CUST1189,40,Female,Employed,Current,25,1,20757,16,7,9,0,0.88,0,16,20757.0
CUST2948,28,Male,Employed,Current,157,1,43993,15,2,8,1,0.75,0,10,43993.0
CUST1760,39,Male,Employed,Savings,13,4,95965,14,10,15,0,0.74,0,25,23991.25
CUST1128,24,Female,Unemployed,Savings,109,2,27377,10,9,12,0,0.99,0,21,13688.5
CUST0016,40,Male,Employed,Savings,25,1,250438,16,11,21,0,0.5,1,32,250438.0
CUST1054,23,Male,Employed,Savings,158,1,143940,21,4,10,0,0.96,0,14,143940.0
CUST1924,54,Female,Employed,Savings,162,2,170345,15,4,8,0,0.58,0,12,85172.5
CUST2954,26,Female,Employed,Savings,52,1,43018,12,14,8,0,0.75,1,22,43018.0
CUST2329,26,Male,Self-employed,Current,176,1,47623,11,4,9,0,0.51,0,13,47623.0
CUST2288,39,Female,Unemployed,Savings,47,2,235612,11,8,15,0,0.67,1,23,117806.0
CUST0531,30,Male,Unemployed,Current,83,2,327648,16,11,7,1,0.92,1,18,163824.0
CUST2840,42,Male,Employed,Savings,72,3,202794,20,5,8,0,0.84,0,13,67598.0
CUST0230,48,Female,Employed,Savings,150,1,303513,14,6,8,0,0.63,1,14,303513.0
CUST2617,52,Male,Employed,Fixed Deposit,45,2,91586,11,8,11,0,0.8,1,19,45793.0
CUST2067,37,Female,Employed,Savings,146,1,88270,9,11,4,0,0.74,1,15,88270.0
CUST0483,24,Male,Self-employed,Current,116,2,252622,18,13,11,0,0.53,0,24,126311.0
CUST1408,28,Male,Employed,Current,168,3,88655,13,7,13,0,0.83,0,20,29551.67
CUST2062,36,Female,Employed,Savings,167,1,64428,18,8,13,1,0.96,0,21,64428.0
CUST1202,31,Female,Unemployed,Current,66,1,123849,17,7,9,0,0.84,1,16,123849.0
CUST0938,40,Female,Self-employed,Current,127,2,223571,13,5,12,1,0.52,1,17,111785.5
CUST1775,21,Male,Employed,Savings,44,3,210935,17,5,13,0,0.56,0,18,70311.67
CUST0652,31,Female,Self-employed,Fixed Deposit,163,1,5571,15,10,10,0,0.77,0,20,5571.0
CUST2003,27,Female,Employed,Savings,156,3,575347,15,14,14,0,0.83,0,28,191782.33
CUST1839,18,Female,Employed,Savings,37,2,84268,16,11,11,0,0.54,1,22,42134.0
CUST2860,30,Female,Employed,Savings,70,1,260363,11,6,10,1,0.87,1,16,260363.0
CUST2438,37,Male,Employed,Current,62,1,410995,12,6,11,0,0.56,0,17,410995.0
CUST1260,44,Male,Employed,Savings,104,1,10722,10,5,10,0,0.53,0,15,10722.0
CUST0642,35,Female,Employed,Savings,18,4,51980,16,9,9,0,0.67,0,18,12995.0
CUST0363,45,Male,Unemployed,Current,74,4,139308,12,11,7,0,0.71,0,18,34827.0
CUST2131,26,Male,Employed,Fixed Deposit,156,3,308538,20,8,10,0,0.55,0,18,102846.0
CUST1134,35,Female,Employed,Savings,47,1,163819,11,4,6,0,0.95,1,10,163819.0
CUST2077,48,Female,Employed,Savings,107,2,45303,12,6,7,0,0.9,0,13,22651.5
CUST0881,43,Female,Self-employed,Savings,167,2,76781,12,6,12,0,0.85,0,18,38390.5
CUST0856,23,Male,Employed,Current,178,1,295105,17,7,10,0,0.95,0,17,295105.0
CUST2793,41,Female,Unemployed,Savings,21,1,60732,15,7,10,0,0.86,0,17,60732.0
CUST1235,39,Male,Self-employed,Savings,171,4,381795,15,11,12,0,0.97,0,23,95448.75
CUST1792,42,Female,Employed,Savings,165,2,131195,10,4,12,0,0.61,0,16,65597.5
CUST2034,57,Female,Self-employed,Current,86,1,183461,10,8,7,0,0.6,0,15,183461.0
CUST2641,27,Male,Self-employed,Savings,155,2,147709,18,11,10,1,0.78,0,21,73854.5
CUST0987,38,Male,Self-employed,Current,112,2,92697,10,6,8,1,0.96,0,14,46348.5
CUST0651,43,Male,Employed,Current,43,2,260429,19,8,6,2,0.82,0,14,130214.5
CUST0032,33,Female,Employed,Savings,152,3,254061,19,7,10,1,0.74,1,17,84687.0
CUST0616,31,Female,Self-employed,Savings,138,1,52462,14,11,12,0,0.72,0,23,52462.0
CUST1615,38,Female,Employed,Savings,32,3,96215,11,8,11,0,0.99,1,19,32071.67
CUST2127,43,Female,Employed,Fixed Deposit,114,3,18660,15,6,8,0,0.6,1,14,6220.0
CUST1495,23,Female,Employed,Savings,151,2,564460,24,4,13,0,0.53,0,17,282230.0
CUST0584,33,Male,Self-employed,Savings,107,1,13512,12,10,11,0,0.94,1,21,13512.0
CUST1137,32,Female,Unemployed,Current,87,1,278751,12,6,15,1,0.54,1,21,278751.0
CUST0231,36,Female,Employed,Current,63,1,106244,10,4,17,0,0.6,1,21,106244.0
CUST0438,51,Female,Self-employed,Savings,104,1,21706,16,6,9,0,0.67,1,15,21706.0
CUST1004,27,Female,Self-employed,Savings,134,3,235795,13,4,11,0,0.57,0,15,78598.33
CUST0786,34,Male,Unemployed,Current,141,1,193489,6,6,12,0,0.7,0,18,193489.0
CUST0422,20,Female,Employed,Savings,155,1,40626,11,6,12,1,0.96,0,18,40626.0
CUST1778,29,Male,Self-employed,Savings,53,4,91602,10,9,13,0,0.55,0,22,22900.5
CUST2708,33,Male,Self-employed,Current,108,1,477963,17,10,19,0,0.79,0,29,477963.0
CUST0754,31,Male,Employed,Savings,138,3,94647,20,9,11,0,0.92,0,20,31549.0
CUST2390,29,Male,Unemployed,Savings,157,2,282956,20,14,13,1,0.78,1,27,141478.0
CUST1198,39,Female,Employed,Savings,66,2,370479,16,10,21,0,0.98,0,31,185239.5
CUST0462,34,Male,Employed,Savings,113,4,422330,15,10,17,0,0.66,0,27,105582.5
CUST2912,28,Female,Self-employed,Current,22,3,43852,17,7,7,0,0.56,0,14,14617.33
CUST2438,24,Male,Self-employed,Current,29,1,127593,23,4,5,0,0.82,0,9,127593.0
CUST2243,42,Male,Unemployed,Savings,145,1,38614,18,7,15,0,0.5,1,22,38614.0
CUST1026,24,Female,Employed,Savings,130,4,9489,18,6,13,0,0.78,0,19,2372.25
CUST0904,43,Male,Self-employed,Savings,49,2,174540,18,4,8,0,0.65,0,12,87270.0
CUST0671,34,Male,Employed,Current,50,1,108531,18,13,10,0,0.6,0,23,108531.0
CUST1844,39,Female,Self-employed,Fixed Deposit,40,2,15929,18,10,6,0,0.88,0,16,7964.5
CUST2073,19,Female,Employed,Savings,131,2,37003,10,11,12,0,0.93,0,23,18501.5
CUST0374,35,Male,Employed,Current,158,2,42373,15,2,4,0,0.65,0,6,21186.5
CUST2909,37,Male,Employed,Savings,163,4,305313,15,8,9,0,0.72,0,17,76328.25
CUST0796,53,Male,Unemployed,Savings,24,1,34585,9,10,6,0,0.7,0,16,34585.0
CUST2482,45,Male,Self-employed,Current,138,1,80891,10,6,3,0,0.79,0,9,80891.0
CUST1117,31,Female,Self-employed,Savings,34,1,112080,9,8,11,0,0.62,1,19,112080.0
CUST0641,57,Male,Self-employed,Current,28,1,111297,13,14,12,0,0.57,1,26,111297.0
CUST1823,22,Male,Unemployed,Savings,57,1,147641,12,5,9,0,0.69,1,14,147641.0
CUST1625,39,Male,Unemployed,Savings,80,3,17423,15,4,8,1,0.66,0,12,5807.67
CUST2664,38,Male,Employed,Savings,130,1,50764,21,10,8,2,0.91,0,18,50764.0
CUST0767,46,Female,Employed,Savings,124,2,70492,12,11,4,0,0.94,0,15,35246.0
CUST0020,40,Male,Employed,Current,80,1,205030,21,6,13,0,0.61,0,19,205030.0
CUST1372,34,Male,Employed,Savings,135,3,277014,13,6,8,0,0.65,0,14,92338.0
CUST2997,22,Male,Employed,Current,64,2,95544,10,11,17,0,0.8,0,28,47772.0
CUST0005,47,Female,Employed,Savings,66,1,165365,16,7,12,0,0.57,0,19,165365.0
CUST1289,35,Male,Self-employed,Savings,131,3,2363,14,8,8,0,0.69,0,16,787.67
CUST0686,29,Male,Employed,Current,180,1,63992,13,4,15,0,0.67,1,19,63992.0
CUST1629,44,Male,Employed,Current,133,1,15332,12,7,9,0,0.57,0,16,15332.0
CUST2926,43,Female,Employed,Savings,70,3,4776,13,4,10,0,0.95,0,14,1592.0
CUST0759,38,Male,Employed,Savings,132,1,16203,16,11,6,0,0.82,0,17,16203.0
CUST2018,18,Female,Self-employed,Current,109,1,64585,19,9,10,0,0.94,1,19,64585.0
CUST1612,40,Female,Employed,Current,96,1,6408,13,10,8,0,0.66,0,18,6408.0
CUST1354,20,Female,Unemployed,Savings,77,3,326426,17,10,11,0,0.63,0,21,108808.67
CUST1129,29,Female,Employed,Fixed Deposit,68,1,83427,18,8,12,0,0.93,0,20,83427.0
CUST2570,46,Male,Self-employed,Savings,146,3,269855,12,7,7,0,1.0,0,14,89951.67
CUST2890,37,Female,Employed,Savings,84,1,122842,13,6,10,1,0.9,0,16,122842.0
CUST1753,38,Male,Employed,Current,43,3,262706,16,8,7,0,0.88,1,15,87568.67
CUST2302,31,Female,Self-employed,Savings,64,3,17079,7,16,8,0,0.58,0,24,5693.0
CUST1226,41,Male,Self-employed,Savings,38,3,224526,12,6,15,0,0.88,0,21,74842.0
CUST1370,37,Male,Employed,Savings,71,2,381780,19,9,9,0,0.73,1,18,190890.0
CUST0967,24,Female,Employed,Current,20,3,358187,19,13,11,0,0.99,0,24,119395.67
CUST0401,18,Male,Self-employed,Savings,155,3,31947,12,10,11,0,0.82,0,21,10649.0
CUST1073,35,Male,Employed,Savings,60,4,9217,12,8,10,1,0.87,1,18,2304.25
CUST0361,18,Male,Self-employed,Current,155,2,4173,11,8,9,0,0.97,0,17,2086.5
CUST0032,30,Female,Employed,Current,87,1,63375,21,10,8,0,0.99,1,18,63375.0
CUST2598,34,Male,Self-employed,Current,174,1,133123,23,10,4,0,0.7,0,14,133123.0
CUST0675,60,Male,Employed,Current,79,1,77928,13,12,14,0,0.98,0,26,77928.0
CUST1280,18,Male,Employed,Current,132,1,2774,23,9,11,0,0.56,0,20,2774.0
CUST0900,45,Female,Self-employed,Savings,24,1,77200,16,6,9,0,0.64,0,15,77200.0
CUST0167,28,Male,Self-employed,Savings,44,1,113981,14,3,10,0,0.89,0,13,113981.0
CUST2180,18,Male,Self-employed,Savings,52,3,267964,17,7,9,0,0.98,1,16,89321.33
CUST2788,22,Female,Employed,Current,32,4,29173,18,6,8,0,0.97,0,14,7293.25
CUST1943,41,Male,Self-employed,Current,31,1,110460,18,7,14,0,0.6,0,21,110460.0
CUST2175,36,Male,Employed,Savings,142,3,20784,14,5,8,0,1.0,0,13,6928.0
CUST1249,31,Male,Self-employed,Fixed Deposit,61,1,424610,15,9,8,0,0.89,0,17,424610.0
CUST0967,34,Male,Employed,Savings,86,3,30760,20,9,8,0,0.88,0,17,10253.33
CUST2216,20,Male,Employed,Savings,41,3,8738,20,5,1,0,0.56,0,6,2912.67
CUST2734,44,Male,Employed,Savings,102,2,800160,11,9,8,0,0.53,1,17,400080.0
CUST1573,47,Male,Employed,Savings,133,2,189116,13,6,10,1,0.56,1,16,94558.0
CUST0897,42,Female,Unemployed,Fixed Deposit,78,3,187594,15,9,9,0,0.54,0,18,62531.33
CUST1251,23,Male,Employed,Savings,19,1,210808,15,7,9,0,0.6,0,16,210808.0
CUST1351,32,Male,Employed,Savings,29,4,554093,8,7,12,1,0.86,0,19,138523.25
CUST1409,41,Male,Self-employed,Savings,53,3,16088,14,6,9,0,0.52,0,15,5362.67
CUST2270,40,Male,Unemployed,Savings,18,4,8170,17,5,10,0,0.79,0,15,2042.5
CUST2555,18,Male,Employed,Savings,27,2,17167,14,4,9,1,0.61,0,13,8583.5
CUST0967,20,Male,Employed,Current,103,4,37612,15,6,8,0,0.96,0,14,9403.0
CUST0432,27,Male,Self-employed,Current,170,2,273860,7,7,10,0,0.58,0,17,136930.0
CUST1869,18,Male,Self-employed,Savings,82,4,139214,14,5,11,1,0.62,0,16,34803.5
CUST1410,43,Male,Employed,Current,58,1,6622,12,5,5,0,0.57,1,10,6622.0
CUST0342,31,Male,Self-employed,Current,43,3,10612,13,9,5,0,1.0,0,14,3537.33
CUST1613,44,Male,Self-employed,Current,113,3,77391,11,8,6,0,0.95,1,14,25797.0
CUST0570,33,Male,Self-employed,Savings,83,1,8711,12,9,13,0,0.6,0,22,8711.0
CUST2768,48,Male,Employed,Savings,47,1,864192,19,6,7,0,0.77,0,13,864192.0
CUST0109,18,Female,Employed,Savings,95,1,2910,12,10,7,1,0.83,0,17,2910.0
CUST1063,28,Female,Employed,Savings,20,2,217610,18,9,20,0,0.72,1,29,108805.0
CUST2653,44,Male,Employed,Savings,33,2,15606,17,5,9,0,0.92,1,14,7803.0
CUST1857,38,Male,Self-employed,Savings,167,3,219706,14,5,7,0,0.99,1,12,73235.33
CUST0359,32,Male,Employed,Current,114,2,184175,20,7,7,0,0.51,0,14,92087.5
CUST1294,50,Female,Employed,Savings,44,1,186200,18,10,10,1,0.9,0,20,186200.0
CUST0183,31,Male,Self-employed,Savings,77,2,10529,12,11,12,0,0.61,0,23,5264.5
CUST1340,61,Male,Employed,Fixed Deposit,163,3,527703,20,6,6,0,0.69,0,12,175901.0
CUST1249,35,Female,Employed,Savings,33,2,46122,12,3,13,1,0.83,1,16,23061.0
CUST1762,27,Female,Self-employed,Savings,106,3,89779,15,7,10,0,0.76,0,17,29926.33
CUST0333,33,Female,Employed,Savings,58,2,38901,18,6,17,0,0.76,0,23,19450.5
CUST0624,42,Female,Employed,Savings,92,1,240247,15,8,8,0,0.76,1,16,240247.0
CUST2605,48,Male,Employed,Current,124,3,161918,16,6,13,0,0.91,0,19,53972.67
CUST2499,45,Female,Employed,Fixed Deposit,166,2,424522,12,9,6,0,0.56,0,15,212261.0
CUST0923,26,Male,Unemployed,Current,86,1,71475,13,11,13,1,0.75,0,24,71475.0
CUST2557,18,Female,Employed,Savings,86,1,44078,12,9,11,0,0.75,0,20,44078.0
CUST0017,41,Female,Employed,Savings,65,1,78324,11,6,10,1,0.71,0,16,78324.0
CUST1689,36,Female,Employed,Savings,38,2,111067,14,6,8,0,0.76,1,14,55533.5
CUST2324,52,Female,Self-employed,Savings,122,1,153288,11,9,10,0,0.76,0,19,153288.0
CUST0334,49,Female,Employed,Savings,57,1,117609,14,6,10,1,0.51,1,16,117609.0
CUST0651,33,Female,Self-employed,Fixed Deposit,125,2,49348,17,6,8,0,1.0,0,14,24674.0
CUST1668,35,Male,Employed,Savings,103,2,3565,11,9,11,0,0.59,0,20,1782.5
CUST0954,33,Female,Employed,Savings,132,3,110719,17,1,9,0,0.93,0,10,36906.33
CUST2292,50,Female,Employed,Savings,102,1,375999,17,6,12,0,0.53,0,18,375999.0
CUST1399,42,Male,Employed,Savings,111,3,46622,13,7,11,0,0.99,0,18,15540.67
CUST1070,28,Female,Employed,Savings,21,1,256567,9,8,13,0,0.98,1,21,256567.0
CUST2966,36,Female,Employed,Fixed Deposit,31,1,97801,15,7,12,0,0.75,1,19,97801.0
CUST2279,18,Male,Employed,Savings,49,2,118940,20,8,7,0,0.74,1,15,59470.0
CUST2552,28,Male,Self-employed,Savings,31,1,38673,11,9,13,0,0.78,0,22,38673.0
CUST0067,30,Female,Employed,Current,65,3,190495,9,3,12,0,0.73,1,15,63498.33
CUST1896,29,Female,Self-employed,Current,129,3,54547,15,10,8,0,0.68,0,18,18182.33
CUST2944,43,Male,Self-employed,Fixed Deposit,97,1,106411,7,12,10,0,0.55,0,22,106411.0
CUST1655,20,Male,Employed,Savings,114,1,90185,16,7,16,0,0.86,0,23,90185.0
CUST2647,32,Female,Employed,Current,57,1,518130,16,5,18,0,0.88,0,23,518130.0
CUST0354,38,Female,Employed,Savings,36,2,8317,17,7,14,0,0.97,1,21,4158.5
CUST2496,36,Female,Employed,Savings,77,1,33634,10,15,6,1,0.7,1,21,33634.0
CUST1489,29,Male,Employed,Savings,111,1,60587,32,7,5,0,0.61,0,12,60587.0
CUST2955,47,Female,Employed,Current,128,2,127974,13,6,10,0,0.82,0,16,63987.0
CUST0583,62,Male,Employed,Savings,146,3,216407,12,6,6,0,0.75,0,12,72135.67
CUST2076,35,Female,Employed,Savings,97,2,12335,11,10,19,0,0.88,0,29,6167.5
CUST1205,36,Male,Employed,Savings,80,1,190054,12,7,7,0,0.64,0,14,190054.0
CUST0881,49,Female,Employed,Savings,42,3,191604,16,9,5,0,0.68,1,14,63868.0
CUST2944,42,Female,Employed,Savings,52,1,63250,12,11,11,0,0.88,0,22,63250.0
CUST1186,41,Male,Employed,Current,176,1,204868,18,7,8,0,0.96,0,15,204868.0
CUST2741,23,Female,Unemployed,Savings,146,2,9432,16,12,10,0,0.63,1,22,4716.0
CUST2502,31,Male,Self-employed,Fixed Deposit,59,2,256418,14,7,6,0,0.86,0,13,128209.0
CUST0588,22,Male,Self-employed,Savings,24,1,36137,16,9,12,0,0.55,0,21,36137.0
CUST1293,25,Male,Unemployed,Savings,133,1,229840,20,9,9,1,0.83,0,18,229840.0
CUST0652,25,Female,Self-employed,Savings,157,2,377163,14,3,3,0,0.89,0,6,188581.5
CUST2172,19,Female,Self-employed,Current,105,2,195479,14,9,5,1,0.73,0,14,97739.5
CUST0552,38,Female,Self-employed,Savings,153,2,178741,18,6,11,1,0.65,0,17,89370.5
CUST2472,31,Male,Employed,Current,56,2,20881,15,8,7,0,0.66,1,15,10440.5
CUST0612,38,Female,Unemployed,Fixed Deposit,153,2,123533,17,8,12,0,0.57,0,20,61766.5
CUST2393,23,Male,Employed,Current,86,4,35118,11,10,12,0,0.93,1,22,8779.5
CUST2016,43,Male,Employed,Savings,19,2,78872,8,7,10,0,0.86,1,17,39436.0
CUST1604,38,Female,Self-employed,Savings,124,3,56148,16,10,13,1,0.64,0,23,18716.0
CUST0481,42,Female,Employed,Savings,80,1,100365,15,10,5,0,0.93,1,15,100365.0
CUST1712,27,Female,Self-employed,Savings,135,1,73604,16,13,5,0,0.81,0,18,73604.0
CUST2355,25,Female,Employed,Current,123,1,406100,16,7,12,0,0.94,0,19,406100.0
CUST0880,19,Female,Self-employed,Savings,125,4,518888,17,7,9,0,0.52,1,16,129722.0
CUST1325,29,Male,Self-employed,Current,19,3,74872,13,5,6,0,0.6,0,11,24957.33
CUST1599,27,Female,Employed,Current,115,1,359167,10,6,7,0,0.66,0,13,359167.0
CUST0318,36,Female,Employed,Fixed Deposit,128,2,775,23,6,5,0,0.97,1,11,387.5
CUST2571,33,Male,Self-employed,Savings,25,4,29821,9,4,14,0,1.0,0,18,7455.25
CUST0234,40,Male,Employed,Current,155,1,171347,14,9,13,0,0.87,1,22,171347.0
CUST0503,41,Male,Self-employed,Savings,136,4,28379,14,11,12,0,0.65,0,23,7094.75
CUST0795,35,Male,Self-employed,Current,127,2,20440,11,5,13,0,0.63,0,18,10220.0
CUST0720,42,Male,Employed,Savings,162,3,249027,21,11,14,0,0.88,0,25,83009.0
CUST0886,48,Male,Employed,Savings,143,1,225984,15,4,7,0,0.6,0,11,225984.0
CUST1898,41,Male,Employed,Savings,119,2,94164,8,8,8,0,0.76,0,16,47082.0
CUST1005,45,Male,Employed,Savings,86,1,33365,14,8,13,0,0.59,0,21,33365.0
CUST2138,50,Male,Unemployed,Savings,121,1,204534,12,14,7,1,0.53,1,21,204534.0
CUST0634,35,Male,Employed,Savings,148,2,22576,15,10,12,0,0.6,0,22,11288.0
CUST1996,40,Male,Unemployed,Current,122,2,169485,14,4,9,0,0.77,0,13,84742.5
CUST0765,36,Female,Employed,Current,19,3,38280,15,7,3,0,0.68,0,10,12760.0
CUST0819,29,Male,Employed,Current,106,2,576579,11,10,6,0,0.55,0,16,288289.5
CUST0547,41,Male,Self-employed,Fixed Deposit,119,1,145671,17,9,8,0,0.56,1,17,145671.0
CUST0215,27,Female,Unemployed,Current,125,3,213160,19,8,10,0,0.94,0,18,71053.33
CUST2148,29,Male,Employed,Current,101,2,298048,18,6,11,0,0.72,0,17,149024.0
CUST2109,32,Male,Self-employed,Current,112,2,45764,9,10,8,0,0.86,0,18,22882.0
CUST2343,28,Female,Employed,Current,103,1,211772,16,7,12,0,0.86,0,19,211772.0
CUST0447,32,Male,Self-employed,Current,25,1,224370,12,10,12,0,0.82,0,22,224370.0
CUST1989,59,Female,Employed,Savings,158,1,543605,21,8,11,0,0.54,0,19,543605.0
CUST1505,27,Female,Self-employed,Current,56,4,61085,15,8,16,0,0.65,1,24,15271.25
CUST0420,61,Female,Employed,Current,44,1,28064,10,10,12,0,0.55,0,22,28064.0
CUST1489,29,Male,Employed,Fixed Deposit,105,3,52812,13,11,11,0,0.61,0,22,17604.0
CUST1170,37,Male,Self-employed,Current,137,1,300251,11,4,8,0,0.86,0,12,300251.0
CUST2028,48,Male,Employed,Savings,148,2,148029,16,7,5,0,0.99,0,12,74014.5
CUST0381,47,Female,Employed,Savings,78,1,222594,13,12,11,0,0.76,1,23,222594.0
CUST2249,45,Female,Employed,Savings,79,4,113973,14,8,14,0,0.73,1,22,28493.25
CUST0831,26,Female,Self-employed,Current,158,1,25659,21,5,13,0,0.52,0,18,25659.0
CUST0514,22,Male,Self-employed,Fixed Deposit,109,2,204331,15,10,3,0,0.85,1,13,102165.5
CUST1900,49,Female,Employed,Savings,134,4,183783,17,9,7,0,0.52,1,16,45945.75
CUST2138,34,Female,Employed,Current,55,3,21033,22,7,10,0,0.5,0,17,7011.0
CUST1093,38,Female,Employed,Current,75,1,267538,12,6,11,1,0.52,0,17,267538.0
CUST2236,40,Female,Employed,Current,174,2,478150,18,13,12,1,0.91,1,25,239075.0
CUST2976,18,Male,Self-employed,Current,152,2,24488,12,9,11,0,0.59,0,20,12244.0
CUST0393,34,Female,Employed,Current,59,4,25878,15,11,14,0,0.67,1,25,6469.5
CUST0149,44,Male,Self-employed,Savings,135,1,70301,17,9,8,1,0.85,0,17,70301.0
CUST1646,40,Male,Self-employed,Fixed Deposit,36,2,65011,14,9,11,0,0.64,0,20,32505.5
CUST2646,48,Female,Employed,Current,175,1,108143,9,11,9,0,0.68,0,20,108143.0
CUST1512,31,Male,Self-employed,Savings,70,1,104853,16,9,10,1,0.51,0,19,104853.0
CUST1874,34,Female,Self-employed,Savings,176,4,193400,13,12,11,0,0.69,0,23,48350.0
CUST1547,32,Male,Employed,Savings,134,2,72787,11,8,10,0,0.99,1,18,36393.5
CUST2876,30,Male,Employed,Savings,161,1,11407,11,11,12,0,1.0,0,23,11407.0
CUST2267,25,Male,Employed,Savings,167,3,78954,19,6,8,0,0.78,0,14,26318.0
CUST2057,32,Female,Employed,Current,118,2,89733,16,5,8,0,0.84,1,13,44866.5
CUST2058,20,Male,Employed,Savings,27,1,447142,16,8,9,0,0.74,1,17,447142.0
CUST1106,30,Male,Self-employed,Savings,159,4,14592,10,3,11,2,0.71,0,14,3648.0
CUST2403,22,Female,Unemployed,Savings,68,2,215344,12,9,9,0,0.98,0,18,107672.0
CUST2644,58,Male,Employed,Current,24,2,123727,11,8,8,1,0.97,1,16,61863.5
CUST0744,38,Female,Employed,Savings,32,1,189107,16,6,12,0,0.74,0,18,189107.0
CUST0539,44,Female,Employed,Savings,164,1,174048,19,10,8,0,0.63,0,18,174048.0
CUST2850,20,Male,Employed,Savings,115,4,70829,12,6,13,1,0.95,0,19,17707.25
CUST0403,30,Female,Unemployed,Fixed Deposit,117,1,69864,17,6,9,1,0.53,0,15,69864.0
CUST2135,47,Female,Unemployed,Savings,180,2,10231,13,8,8,0,0.87,0,16,5115.5
CUST2867,46,Male,Employed,Savings,114,2,27149,11,8,13,0,0.54,0,21,13574.5
CUST1693,27,Female,Unemployed,Savings,54,1,56495,12,6,7,0,0.72,0,13,56495.0
CUST0604,18,Male,Self-employed,Current,98,2,450160,11,13,6,0,0.68,1,19,225080.0
CUST0180,31,Female,Employed,Savings,16,1,377538,12,9,10,0,0.5,0,19,377538.0
CUST0696,32,Female,Unemployed,Fixed Deposit,39,1,10064,7,9,8,0,0.97,1,17,10064.0
CUST0333,43,Female,Employed,Savings,120,1,127874,19,15,9,0,0.56,1,24,127874.0
CUST0625,29,Female,Employed,Fixed Deposit,59,1,173519,11,7,11,1,0.97,0,18,173519.0
CUST2130,19,Female,Employed,Savings,88,1,31588,17,8,9,0,0.68,0,17,31588.0
CUST0404,42,Female,Employed,Savings,144,2,108231,13,6,11,0,0.56,0,17,54115.5
CUST1967,28,Female,Unemployed,Current,39,1,6471,23,9,10,0,0.82,0,19,6471.0
CUST0666,38,Female,Employed,Current,105,3,75770,12,7,11,0,0.56,1,18,25256.67
CUST2147,33,Female,Employed,Current,67,1,72938,11,11,12,1,0.51,0,23,72938.0
CUST1286,31,Female,Employed,Savings,107,2,352851,11,5,10,0,0.92,0,15,176425.5
CUST2907,38,Female,Employed,Current,129,3,387098,13,9,10,0,0.76,0,19,129032.67
CUST2505,40,Female,Employed,Savings,35,2,78759,12,6,9,0,0.6,0,15,39379.5
CUST1637,26,Male,Self-employed,Savings,133,3,45056,12,8,10,0,0.63,1,18,15018.67
CUST1909,32,Female,Unemployed,Savings,88,2,71788,17,7,15,0,0.68,0,22,35894.0
CUST1411,46,Female,Employed,Savings,99,3,83059,16,10,14,1,0.96,0,24,27686.33
CUST0469,32,Female,Employed,Current,83,2,11800,14,6,8,0,0.7,0,14,5900.0
CUST0196,20,Male,Employed,Savings,16,3,33013,7,3,12,0,0.58,1,15,11004.33
CUST2143,23,Female,Self-employed,Savings,91,1,17601,19,7,17,1,0.81,0,24,17601.0
CUST2833,43,Male,Self-employed,Savings,23,3,7431,20,10,8,1,0.51,0,18,2477.0
CUST2752,30,Male,Self-employed,Savings,97,2,69266,14,10,14,0,0.97,0,24,34633.0
CUST2192,37,Male,Employed,Current,16,2,464471,15,10,12,0,0.83,1,22,232235.5
CUST0300,50,Male,Employed,Savings,122,2,402795,11,7,11,1,0.78,0,18,201397.5
CUST2454,47,Male,Self-employed,Savings,34,2,12177,16,9,10,0,1.0,0,19,6088.5
CUST2131,36,Female,Employed,Current,43,2,172774,19,7,9,0,0.81,0,16,86387.0
CUST2304,32,Male,Employed,Savings,124,2,168877,14,7,11,0,0.73,1,18,84438.5
CUST0171,38,Male,Self-employed,Fixed Deposit,53,2,84121,10,9,12,1,0.67,0,21,42060.5
CUST1920,29,Male,Employed,Current,79,2,18884,14,7,12,0,0.71,0,19,9442.0
CUST2432,37,Female,Self-employed,Savings,79,2,30488,14,5,12,0,0.78,0,17,15244.0
CUST1489,45,Male,Employed,Savings,49,2,59192,17,8,11,1,0.63,1,19,29596.0
CUST1147,29,Male,Self-employed,Savings,36,3,18964,13,13,14,0,0.5,1,27,6321.33
CUST0291,45,Female,Unemployed,Savings,60,3,166185,14,7,14,0,0.55,0,21,55395.0
CUST0108,44,Male,Employed,Savings,117,1,465499,21,4,10,1,0.78,0,14,465499.0
CUST0153,42,Male,Employed,Savings,140,4,371095,12,9,12,1,0.71,1,21,92773.75
CUST0370,30,Male,Employed,Current,150,1,62705,14,9,6,0,0.63,0,15,62705.0
CUST1815,44,Male,Employed,Savings,38,1,102409,17,9,16,0,0.69,1,25,102409.0
CUST1994,40,Female,Employed,Savings,71,1,25764,16,11,11,0,0.59,0,22,25764.0
CUST1464,18,Female,Self-employed,Current,130,1,11327,11,10,7,0,0.73,1,17,11327.0
CUST2898,38,Female,Employed,Savings,31,2,77231,10,11,6,1,0.59,0,17,38615.5
CUST1323,40,Female,Employed,Savings,95,4,151791,12,7,11,1,0.76,1,18,37947.75
CUST2309,38,Male,Unemployed,Current,109,1,210383,15,14,14,0,0.67,0,28,210383.0
CUST1957,34,Male,Employed,Fixed Deposit,82,3,67152,20,6,10,0,0.74,0,16,22384.0
CUST0713,41,Female,Employed,Savings,148,4,30501,18,11,8,0,0.51,0,19,7625.25
CUST0413,30,Male,Self-employed,Current,60,3,444445,10,9,6,1,0.73,0,15,148148.33
CUST2603,48,Male,Employed,Savings,118,1,42436,13,4,8,0,0.7,0,12,42436.0
CUST0794,39,Male,Employed,Savings,85,2,77492,9,10,15,0,0.67,1,25,38746.0
CUST0476,30,Male,Employed,Savings,98,1,152918,12,9,10,0,0.7,0,19,152918.0
CUST1870,44,Female,Employed,Savings,131,2,49485,20,9,8,0,0.96,0,17,24742.5
CUST2700,48,Male,Employed,Savings,180,4,116164,17,6,11,0,0.58,0,17,29041.0
CUST0789,27,Female,Self-employed,Savings,38,2,491433,14,10,9,1,1.0,0,19,245716.5
CUST0458,26,Male,Employed,Current,127,2,56458,16,6,10,0,0.88,1,16,28229.0
CUST2373,27,Female,Unemployed,Savings,145,2,500459,16,12,3,0,0.55,0,15,250229.5
CUST2648,18,Female,Employed,Current,136,4,329830,13,6,13,0,0.72,1,19,82457.5
CUST0594,33,Female,Employed,Savings,68,1,542510,10,10,8,0,0.9,0,18,542510.0
CUST1866,19,Male,Employed,Savings,24,4,71794,13,11,10,0,0.59,1,21,17948.5
CUST0886,47,Female,Employed,Savings,82,1,159862,14,4,7,0,0.6,0,11,159862.0
CUST1544,39,Male,Employed,Current,154,1,48627,12,5,12,0,0.71,0,17,48627.0
CUST1312,32,Male,Employed,Savings,71,1,301057,19,12,6,1,0.52,0,18,301057.0
CUST0375,25,Male,Employed,Savings,143,1,189856,17,8,3,0,0.97,0,11,189856.0
CUST0837,42,Female,Unemployed,Savings,94,2,8610,15,6,15,0,0.9,0,21,4305.0
CUST0552,40,Male,Self-employed,Fixed Deposit,87,1,312082,11,12,16,0,0.93,0,28,312082.0
CUST1882,32,Female,Self-employed,Savings,106,3,121732,11,8,14,0,0.56,0,22,40577.33
CUST2241,51,Female,Employed,Current,164,4,81358,17,7,11,1,0.96,0,18,20339.5
CUST2604,18,Female,Employed,Savings,36,1,481733,16,13,8,0,0.97,1,21,481733.0
CUST0170,35,Male,Employed,Savings,112,4,342669,10,9,15,0,0.78,0,24,85667.25
CUST2192,37,Female,Employed,Savings,93,1,160473,19,8,7,0,0.57,0,15,160473.0
CUST1248,41,Male,Employed,Savings,48,3,65846,16,5,15,1,0.63,1,20,21948.67
CUST2495,25,Female,Employed,Fixed Deposit,91,4,75748,12,3,17,0,0.81,0,20,18937.0
CUST1857,44,Female,Self-employed,Current,110,4,45769,15,7,15,0,0.75,0,22,11442.25
CUST0915,31,Male,Self-employed,Savings,131,1,197504,15,6,15,0,0.9,0,21,197504.0
CUST1747,43,Male,Employed,Savings,159,1,381770,15,4,9,0,0.7,0,13,381770.0
CUST1436,30,Female,Employed,Current,96,1,77724,16,12,9,0,0.66,0,21,77724.0
CUST1238,24,Female,Self-employed,Current,141,2,135971,16,6,14,0,0.66,0,20,67985.5
CUST0610,22,Male,Employed,Savings,40,3,696184,12,6,10,0,0.69,1,16,232061.33
CUST0173,47,Female,Employed,Savings,116,3,44944,16,9,5,1,0.62,1,14,14981.33
CUST1325,22,Female,Self-employed,Current,88,1,121093,15,9,12,0,0.7,0,21,121093.0
CUST2458,27,Female,Employed,Savings,130,2,230149,13,7,18,0,0.84,0,25,115074.5
CUST1448,21,Male,Self-employed,Savings,33,1,123576,20,11,11,0,0.71,1,22,123576.0
CUST1325,38,Male,Self-employed,Current,163,1,34900,13,12,10,0,0.77,1,22,34900.0
CUST0345,29,Female,Self-employed,Savings,79,1,192232,20,13,4,0,0.51,0,17,192232.0
CUST1437,26,Female,Employed,Fixed Deposit,82,2,49113,17,5,7,0,0.57,1,12,24556.5
CUST2514,47,Female,Employed,Savings,100,2,43384,9,5,9,1,0.9,1,14,21692.0
CUST2959,37,Male,Self-employed,Savings,177,3,218468,17,5,7,1,0.95,0,12,72822.67
CUST2167,39,Female,Self-employed,Fixed Deposit,99,1,514000,9,6,6,0,0.7,0,12,514000.0
CUST2789,51,Male,Unemployed,Current,58,1,101894,17,5,7,1,0.74,0,12,101894.0
CUST0885,20,Female,Employed,Fixed Deposit,56,3,536133,10,7,11,0,0.77,1,18,178711.0
CUST1849,39,Male,Self-employed,Savings,158,3,592620,17,8,10,0,0.57,0,18,197540.0
CUST2424,50,Female,Employed,Savings,154,1,20151,12,5,6,0,0.65,1,11,20151.0
CUST2823,60,Male,Employed,Savings,72,2,59072,18,9,11,1,0.88,0,20,29536.0
CUST1256,37,Male,Unemployed,Current,172,2,213615,10,9,11,1,0.81,0,20,106807.5
CUST1083,38,Female,Unemployed,Savings,119,1,7337,15,5,9,0,0.66,0,14,7337.0
CUST1834,39,Male,Self-employed,Current,22,2,131642,11,8,9,0,0.8,0,17,65821.0
CUST1654,25,Female,Unemployed,Current,91,1,187326,11,9,4,0,0.66,0,13,187326.0
CUST2051,49,Female,Employed,Savings,59,3,186910,12,8,14,0,0.97,0,22,62303.33
CUST2684,50,Female,Employed,Savings,119,1,3107,13,10,7,0,0.68,1,17,3107.0
CUST0326,49,Male,Self-employed,Savings,139,4,99214,18,8,10,1,0.94,0,18,24803.5
CUST1105,39,Male,Employed,Savings,93,1,238017,14,6,9,0,0.72,0,15,238017.0
CUST2047,18,Female,Employed,Current,148,2,105373,13,5,14,0,0.82,0,19,52686.5
CUST0767,35,Male,Self-employed,Savings,104,4,12052,10,13,7,0,0.82,0,20,3013.0
CUST0112,41,Female,Self-employed,Current,97,1,36353,16,11,10,1,0.89,0,21,36353.0
CUST1730,43,Female,Employed,Savings,84,1,51583,10,9,13,0,0.73,0,22,51583.0
CUST2379,38,Female,Employed,Savings,88,1,11956,15,7,17,0,0.95,0,24,11956.0
CUST1073,49,Male,Employed,Current,90,4,277660,13,8,9,0,0.56,1,17,69415.0
CUST1533,43,Male,Self-employed,Fixed Deposit,68,1,115720,13,9,7,0,0.54,0,16,115720.0
CUST2275,35,Female,Employed,Savings,149,2,243645,11,6,12,1,0.97,1,18,121822.5
CUST0935,29,Female,Employed,Current,178,1,12357,23,12,18,0,0.83,0,30,12357.0
CUST1199,26,Male,Employed,Savings,156,2,34287,10,7,8,0,0.6,0,15,17143.5
CUST0098,49,Female,Employed,Savings,107,2,374452,22,5,10,0,0.98,0,15,187226.0
CUST2594,38,Male,Employed,Savings,171,4,25783,25,8,12,0,0.68,0,20,6445.75
CUST0738,49,Male,Employed,Savings,28,2,154909,12,13,6,0,0.95,1,19,77454.5
CUST1308,18,Female,Employed,Current,180,3,6908,11,14,10,0,0.85,0,24,2302.67
CUST2185,28,Male,Employed,Current,97,1,116256,15,2,14,0,0.58,0,16,116256.0
CUST2414,18,Male,Self-employed,Current,132,1,35909,16,5,7,0,0.75,0,12,35909.0
CUST0185,41,Female,Employed,Savings,138,1,37331,22,5,11,0,0.53,0,16,37331.0
CUST0229,43,Male,Self-employed,Savings,63,2,175325,19,10,11,0,0.57,1,21,87662.5
CUST1350,27,Male,Self-employed,Current,16,2,69458,11,10,15,0,0.78,1,25,34729.0
CUST1668,45,Male,Employed,Savings,116,3,39175,7,19,11,0,0.79,0,30,13058.33
CUST0335,47,Male,Self-employed,Fixed Deposit,48,2,103910,11,14,12,1,0.88,0,26,51955.0
CUST1331,47,Male,Employed,Savings,17,4,181239,19,2,8,1,0.77,0,10,45309.75
CUST1119,27,Female,Employed,Current,74,2,6711,9,9,9,0,0.82,1,18,3355.5
CUST2698,32,Female,Employed,Fixed Deposit,100,3,7585,21,7,10,2,0.57,1,17,2528.33
CUST2131,47,Female,Self-employed,Savings,165,4,78365,14,8,6,0,0.89,1,14,19591.25
CUST0894,35,Female,Employed,Savings,74,1,139552,18,4,15,1,0.64,1,19,139552.0
CUST0328,51,Female,Self-employed,Savings,70,2,85084,8,11,8,0,0.85,1,19,42542.0
CUST2563,47,Male,Employed,Current,74,4,46482,23,4,11,0,0.89,0,15,11620.5
CUST0903,46,Male,Employed,Savings,22,4,123013,11,5,17,1,0.61,0,22,30753.25
CUST1833,25,Male,Self-employed,Current,180,2,139546,19,9,10,0,0.96,0,19,69773.0
CUST1668,43,Male,Employed,Savings,165,3,53146,9,6,14,0,0.5,0,20,17715.33
CUST0653,36,Female,Self-employed,Savings,115,2,5851,17,4,10,0,0.81,1,14,2925.5
CUST1447,26,Male,Employed,Current,104,1,31174,16,9,11,0,0.72,0,20,31174.0
CUST2828,36,Male,Self-employed,Current,107,2,81047,13,9,11,1,0.78,1,20,40523.5
CUST1015,39,Male,Employed,Fixed Deposit,101,1,55065,15,13,8,0,0.52,0,21,55065.0
CUST0013,40,Female,Employed,Current,132,2,514442,14,11,10,0,0.77,1,21,257221.0
CUST1403,32,Female,Self-employed,Current,160,1,98539,12,1,17,0,0.56,0,18,98539.0
CUST0135,55,Female,Unemployed,Fixed Deposit,17,2,105369,14,2,12,0,0.86,0,14,52684.5
CUST0511,40,Female,Unemployed,Current,75,1,49028,15,10,6,0,0.73,1,16,49028.0
CUST1712,24,Female,Employed,Savings,131,2,40412,9,9,7,0,0.89,0,16,20206.0
CUST0181,36,Male,Employed,Current,65,1,173080,18,10,9,0,0.74,0,19,173080.0
CUST1468,43,Male,Employed,Savings,175,2,282758,18,9,10,0,0.62,0,19,141379.0
CUST1888,42,Male,Employed,Savings,38,2,79882,11,8,11,0,0.61,0,19,39941.0
CUST0740,35,Female,Self-employed,Current,83,1,231986,7,9,11,0,0.68,0,20,231986.0
CUST1924,31,Male,Employed,Current,153,1,218664,13,8,9,0,0.68,0,17,218664.0
CUST2098,32,Male,Employed,Fixed Deposit,129,3,205331,20,8,12,1,0.7,0,20,68443.67
CUST2786,43,Male,Employed,Savings,65,1,140150,15,6,7,0,0.63,1,13,140150.0
CUST0460,32,Female,Self-employed,Fixed Deposit,66,4,27631,14,4,14,0,0.94,0,18,6907.75
CUST1021,51,Male,Employed,Savings,136,1,183777,16,5,12,0,0.5,0,17,183777.0
CUST2721,30,Female,Self-employed,Savings,91,2,154698,24,10,11,0,0.79,0,21,77349.0
CUST1627,54,Female,Employed,Savings,112,1,165887,17,8,9,0,0.5,0,17,165887.0
CUST2719,39,Female,Unemployed,Savings,63,1,20049,23,7,8,0,0.78,1,15,20049.0
CUST1836,36,Female,Self-employed,Savings,68,3,199487,9,8,12,0,0.51,0,20,66495.67
CUST2537,21,Female,Unemployed,Savings,155,2,500,16,9,6,1,0.56,0,15,250.0
CUST2660,46,Female,Employed,Current,36,1,172824,18,6,7,0,0.73,0,13,172824.0
CUST2241,34,Male,Unemployed,Savings,98,3,290469,11,3,8,0,0.79,0,11,96823.0
CUST2866,28,Female,Self-employed,Fixed Deposit,135,2,15131,16,13,7,1,0.96,0,20,7565.5
CUST1713,24,Male,Employed,Current,86,1,156597,13,8,12,0,0.93,0,20,156597.0
CUST0201,35,Female,Employed,Savings,138,2,7845,16,10,11,0,0.6,1,21,3922.5
CUST2035,30,Female,Self-employed,Current,95,1,384450,11,3,15,0,0.64,0,18,384450.0
CUST1059,45,Male,Employed,Savings,91,2,86642,18,13,9,0,0.54,1,22,43321.0
CUST1380,39,Female,Unemployed,Savings,141,2,34666,16,5,12,0,0.69,0,17,17333.0
CUST0114,25,Female,Self-employed,Savings,32,1,19002,17,6,7,1,0.7,0,13,19002.0
CUST0781,30,Female,Employed,Savings,155,1,475105,16,7,6,0,0.79,1,13,475105.0
CUST1213,35,Male,Employed,Savings,33,2,253470,17,7,12,0,0.72,0,19,126735.0
CUST1046,38,Male,Employed,Current,134,1,2541,15,14,10,0,0.78,0,24,2541.0
CUST2979,28,Male,Employed,Savings,59,3,91109,17,11,10,1,0.71,1,21,30369.67
CUST0691,48,Male,Employed,Current,178,2,59534,17,10,12,0,0.69,0,22,29767.0
CUST1967,30,Female,Employed,Current,112,2,143503,17,6,16,0,0.7,0,22,71751.5
CUST0821,38,Female,Employed,Current,13,2,215383,14,6,9,0,0.92,0,15,107691.5
CUST1389,37,Female,Self-employed,Savings,84,1,69857,14,1,15,1,0.79,0,16,69857.0
CUST1600,27,Male,Employed,Savings,160,3,80451,23,9,14,0,0.87,1,23,26817.0
CUST0387,36,Male,Employed,Current,74,3,385522,14,8,10,0,0.98,1,18,128507.33
CUST1317,45,Male,Unemployed,Savings,31,2,115353,19,13,9,0,0.51,0,22,57676.5
CUST0963,21,Male,Employed,Savings,170,3,140011,19,5,10,0,0.6,0,15,46670.33
CUST2030,28,Male,Employed,Current,132,3,57549,20,6,7,0,0.56,0,13,19183.0
CUST1548,49,Female,Employed,Savings,160,2,97766,14,13,10,0,0.54,0,23,48883.0
CUST1139,53,Male,Self-employed,Current,171,2,724542,13,10,7,0,0.68,0,17,362271.0
CUST2340,18,Female,Unemployed,Savings,151,2,247364,19,6,8,0,0.59,0,14,123682.0
CUST2582,41,Female,Self-employed,Current,24,4,334401,14,7,10,0,0.75,0,17,83600.25
CUST1931,34,Male,Employed,Fixed Deposit,105,1,67169,11,8,12,0,0.87,0,20,67169.0
CUST1546,43,Female,Employed,Current,84,1,9780,10,10,12,1,0.5,0,22,9780.0
CUST1735,33,Male,Employed,Current,161,2,544458,15,8,11,0,0.54,0,19,272229.0
CUST2658,23,Male,Employed,Current,30,1,56366,12,11,6,0,0.78,0,17,56366.0
CUST0589,30,Male,Employed,Current,141,1,334453,19,12,7,0,0.56,0,19,334453.0
CUST2104,33,Female,Self-employed,Savings,124,1,65026,10,9,14,1,0.98,1,23,65026.0
CUST1946,27,Male,Employed,Savings,156,2,239416,18,11,16,0,0.67,0,27,119708.0
CUST1025,44,Female,Self-employed,Savings,57,2,120367,20,8,8,0,0.69,0,16,60183.5
CUST2581,35,Male,Self-employed,Savings,157,2,318979,16,9,15,1,0.76,0,24,159489.5
CUST1068,36,Female,Unemployed,Savings,78,1,87066,22,8,10,2,0.78,0,18,87066.0
CUST1165,28,Female,Self-employed,Current,51,1,25806,6,3,12,0,0.74,1,15,25806.0
CUST2622,42,Male,Employed,Current,102,1,98622,20,4,6,0,0.74,0,10,98622.0
CUST0366,34,Male,Employed,Fixed Deposit,137,3,44395,14,10,13,0,0.51,0,23,14798.33
CUST0249,45,Male,Self-employed,Fixed Deposit,24,2,56067,20,10,10,0,0.73,1,20,28033.5
CUST2514,31,Male,Employed,Fixed Deposit,140,2,61757,17,8,8,0,0.94,0,16,30878.5
CUST2409,31,Female,Employed,Savings,111,2,322549,12,9,11,0,0.71,0,20,161274.5
CUST0600,34,Female,Employed,Savings,41,2,75967,13,8,6,0,0.76,1,14,37983.5
CUST0346,24,Female,Employed,Fixed Deposit,158,3,223761,14,6,8,0,0.7,1,14,74587.0
CUST0730,49,Female,Employed,Savings,68,1,90276,14,5,15,0,0.51,1,20,90276.0
CUST1974,52,Male,Self-employed,Current,167,3,42615,20,5,9,0,0.78,0,14,14205.0
CUST0444,29,Male,Self-employed,Current,72,1,224605,18,11,5,0,0.58,0,16,224605.0
CUST1421,39,Female,Employed,Savings,77,1,73465,11,16,8,0,0.75,0,24,73465.0
CUST2505,37,Female,Self-employed,Savings,171,1,221884,13,11,10,1,0.6,0,21,221884.0
CUST1250,33,Male,Employed,Fixed Deposit,93,3,134516,11,10,12,0,0.63,0,22,44838.67
CUST2598,38,Male,Self-employed,Savings,137,4,9129,15,6,10,0,0.73,0,16,2282.25
CUST0961,38,Female,Employed,Savings,119,3,67320,21,10,12,0,0.98,1,22,22440.0
CUST2220,30,Female,Employed,Savings,73,4,191034,20,12,8,0,0.64,1,20,47758.5
CUST2405,33,Male,Employed,Savings,176,1,515571,13,2,15,0,0.79,0,17,515571.0
CUST2120,40,Male,Unemployed,Savings,107,2,46516,15,3,14,1,0.68,0,17,23258.0
CUST2648,25,Male,Self-employed,Savings,133,2,118932,14,12,9,0,0.59,1,21,59466.0
CUST0020,50,Male,Employed,Savings,66,2,13767,14,5,10,0,0.83,0,15,6883.5
CUST1521,36,Female,Employed,Current,110,1,35372,10,5,14,0,0.92,1,19,35372.0
CUST0521,45,Female,Self-employed,Fixed Deposit,79,2,7643,9,5,14,0,0.68,0,19,3821.5
CUST1345,29,Female,Self-employed,Savings,92,2,226045,12,12,11,0,0.99,0,23,113022.5
CUST1506,31,Female,Employed,Savings,35,2,1173274,24,11,14,1,0.93,0,25,586637.0
CUST1474,37,Female,Unemployed,Savings,158,4,166150,13,5,9,0,0.62,0,14,41537.5
CUST0436,38,Male,Employed,Savings,174,1,489505,17,12,10,0,0.96,1,22,489505.0
CUST0478,40,Male,Employed,Current,28,1,142698,13,6,8,1,0.87,0,14,142698.0
CUST2945,40,Female,Employed,Savings,179,3,148172,17,13,10,0,0.93,0,23,49390.67
CUST2000,26,Male,Self-employed,Savings,68,3,11720,16,8,11,0,0.79,1,19,3906.67
CUST0149,43,Female,Employed,Savings,29,1,253071,10,14,7,0,0.67,0,21,253071.0
CUST0480,33,Female,Self-employed,Savings,35,3,29413,13,12,12,0,0.96,1,24,9804.33
CUST1607,38,Male,Unemployed,Current,127,1,22068,20,6,14,0,0.82,0,20,22068.0
CUST1071,18,Female,Employed,Fixed Deposit,32,1,202371,18,6,15,0,0.52,0,21,202371.0
CUST2983,36,Male,Employed,Savings,99,1,94671,17,12,11,0,0.61,1,23,94671.0
CUST0908,35,Male,Self-employed,Savings,107,1,91098,17,11,14,0,0.76,1,25,91098.0
CUST1741,45,Female,Self-employed,Savings,117,2,737096,21,5,8,0,0.92,0,13,368548.0
CUST0116,31,Male,Employed,Savings,74,2,68505,20,9,10,0,0.62,1,19,34252.5
CUST2309,49,Female,Employed,Savings,101,2,96195,12,9,15,0,0.93,1,24,48097.5
CUST2018,31,Male,Employed,Savings,132,3,53922,18,8,11,0,0.51,1,19,17974.0
CUST1267,35,Male,Employed,Savings,164,2,34938,14,4,7,0,0.57,0,11,17469.0
CUST1236,29,Male,Employed,Current,23,3,50352,14,7,9,0,0.62,0,16,16784.0
CUST2689,41,Female,Employed,Current,97,4,413434,11,8,12,0,0.61,0,20,103358.5
CUST1668,42,Female,Employed,Current,171,1,70871,12,9,13,0,0.84,0,22,70871.0
CUST0942,39,Female,Self-employed,Savings,42,2,360567,13,5,16,0,0.77,0,21,180283.5
CUST0025,27,Male,Self-employed,Savings,28,1,161861,17,8,14,0,0.69,1,22,161861.0
CUST0420,25,Female,Unemployed,Current,168,4,30294,16,10,11,1,0.66,0,21,7573.5
CUST1654,35,Male,Employed,Savings,152,2,76725,23,13,7,1,0.62,0,20,38362.5
CUST2058,28,Female,Employed,Savings,93,3,14397,15,6,9,0,0.5,1,15,4799.0
CUST1842,30,Female,Employed,Current,149,3,3579,17,6,9,0,0.87,0,15,1193.0
CUST1464,46,Female,Employed,Savings,73,1,130629,16,11,12,0,0.84,1,23,130629.0
CUST1665,41,Male,Employed,Current,148,1,23142,21,3,6,0,0.56,0,9,23142.0
CUST1498,54,Male,Self-employed,Fixed Deposit,154,1,196803,18,8,5,0,0.63,0,13,196803.0
CUST2008,41,Female,Self-employed,Savings,117,2,349643,15,13,11,0,0.63,1,24,174821.5
CUST2325,35,Female,Self-employed,Savings,71,3,105647,13,10,7,1,0.79,0,17,35215.67
CUST2640,22,Male,Self-employed,Fixed Deposit,16,1,13276,14,10,8,0,0.52,0,18,13276.0
CUST0700,44,Male,Employed,Current,122,2,16384,10,11,13,0,0.79,0,24,8192.0
CUST1078,27,Male,Employed,Savings,20,1,304595,15,7,7,0,0.68,0,14,304595.0
CUST2178,48,Male,Employed,Savings,26,1,34022,12,12,6,0,0.61,0,18,34022.0
CUST0990,56,Male,Employed,Current,79,1,9379,14,14,9,0,0.79,0,23,9379.0
CUST2842,26,Male,Unemployed,Current,21,1,179922,14,10,15,1,0.56,0,25,179922.0
CUST2510,26,Male,Employed,Current,78,1,127222,16,5,5,0,0.69,1,10,127222.0
CUST2376,44,Female,Self-employed,Fixed Deposit,72,2,77759,20,10,7,0,0.62,0,17,38879.5
CUST1853,34,Male,Employed,Savings,107,4,212834,17,5,10,1,0.61,0,15,53208.5
CUST2655,45,Female,Employed,Savings,56,1,458025,15,9,7,0,0.86,0,16,458025.0
CUST0484,43,Female,Self-employed,Current,81,1,248166,8,7,10,1,0.97,0,17,248166.0
CUST2879,35,Female,Employed,Fixed Deposit,157,2,218110,17,8,8,0,0.92,0,16,109055.0
CUST1934,27,Female,Unemployed,Savings,101,3,46683,18,12,7,1,0.54,1,19,15561.0
CUST2283,48,Male,Employed,Current,17,1,62528,17,7,9,0,0.93,0,16,62528.0
CUST1261,28,Male,Employed,Savings,34,1,23390,13,5,10,0,0.8,0,15,23390.0
CUST1309,45,Male,Employed,Savings,130,1,23631,11,8,11,0,0.61,0,19,23631.0
CUST2194,43,Male,Employed,Current,137,1,29497,25,5,9,0,0.52,0,14,29497.0
CUST0609,18,Male,Employed,Savings,78,1,13108,20,12,7,0,0.73,0,19,13108.0
CUST2584,18,Male,Employed,Savings,121,1,73156,16,9,5,0,0.96,0,14,73156.0
CUST0735,27,Female,Self-employed,Savings,99,2,6666,15,11,12,0,0.63,0,23,3333.0
CUST1521,51,Male,Employed,Savings,149,1,61274,16,5,13,1,0.85,0,18,61274.0
CUST2053,30,Male,Self-employed,Savings,83,3,74416,21,14,7,0,0.58,0,21,24805.33
CUST1506,32,Male,Employed,Fixed Deposit,15,4,45585,20,11,12,0,0.58,1,23,11396.25
CUST1598,30,Male,Employed,Current,67,4,111280,19,9,4,0,0.83,0,13,27820.0
CUST1982,18,Female,Employed,Current,157,1,33096,10,4,5,0,0.66,0,9,33096.0
CUST2200,44,Male,Employed,Savings,46,3,31710,16,7,6,0,0.97,0,13,10570.0
CUST2860,37,Male,Employed,Savings,144,1,85907,14,7,9,0,0.75,0,16,85907.0
CUST0922,22,Male,Employed,Savings,147,3,156105,17,9,6,0,0.63,1,15,52035.0
CUST0981,48,Male,Employed,Current,74,1,314734,10,4,8,0,0.93,0,12,314734.0
CUST1689,41,Female,Employed,Savings,137,2,99076,20,6,5,0,0.82,0,11,49538.0
CUST0821,41,Male,Employed,Savings,110,1,10813,10,8,6,0,0.92,1,14,10813.0
CUST0358,43,Male,Unemployed,Savings,111,2,20176,12,6,8,0,0.64,1,14,10088.0
CUST1175,36,Female,Employed,Current,109,1,3943,19,2,9,0,0.66,0,11,3943.0
CUST1582,42,Male,Employed,Savings,15,2,51332,14,11,14,0,0.68,0,25,25666.0
CUST2017,36,Male,Employed,Current,30,2,60712,7,7,10,0,0.58,1,17,30356.0
CUST0426,46,Female,Employed,Current,108,4,15985,13,6,10,0,0.64,0,16,3996.25
CUST2217,41,Male,Employed,Current,172,1,94572,14,12,10,0,0.9,0,22,94572.0
CUST1224,42,Female,Self-employed,Savings,175,2,42170,23,9,8,0,0.98,1,17,21085.0
CUST1578,42,Female,Employed,Savings,147,2,120526,13,2,12,0,0.58,1,14,60263.0
CUST2643,32,Female,Employed,Fixed Deposit,162,4,126890,16,5,10,1,0.52,0,15,31722.5
CUST0179,41,Female,Employed,Current,116,1,94556,19,7,6,0,0.99,0,13,94556.0
CUST1959,46,Female,Employed,Savings,168,1,342317,21,12,4,0,0.54,0,16,342317.0
CUST0162,39,Male,Employed,Savings,80,1,81358,11,7,9,0,0.69,0,16,81358.0
CUST2663,26,Female,Self-employed,Savings,21,1,54611,19,4,11,0,0.87,0,15,54611.0
CUST1153,30,Female,Self-employed,Fixed Deposit,76,1,13720,12,5,10,0,0.58,0,15,13720.0
CUST2268,29,Male,Self-employed,Savings,122,1,7321,15,7,10,0,0.74,1,17,7321.0
CUST0382,44,Male,Employed,Savings,138,2,7589,16,11,7,0,0.85,0,18,3794.5
CUST2762,39,Male,Employed,Savings,115,3,11780,19,8,13,0,0.66,1,21,3926.67
CUST0637,30,Male,Employed,Savings,37,2,91290,18,11,11,0,0.7,0,22,45645.0
CUST2304,39,Male,Employed,Current,76,3,15417,17,4,6,0,0.9,0,10,5139.0
CUST1579,37,Female,Employed,Fixed Deposit,59,2,84742,15,8,13,0,0.81,1,21,42371.0
CUST0032,34,Female,Employed,Fixed Deposit,118,2,134452,14,8,11,0,0.81,0,19,67226.0
CUST2511,19,Female,Employed,Savings,138,1,46941,18,8,13,0,0.94,0,21,46941.0
CUST0950,63,Male,Employed,Savings,18,2,1144,15,8,11,0,0.6,1,19,572.0
CUST1522,28,Male,Employed,Savings,47,3,271495,25,7,7,0,0.77,0,14,90498.33
CUST0077,33,Female,Employed,Savings,97,1,98616,13,10,11,0,0.94,0,21,98616.0
CUST2986,28,Female,Self-employed,Current,120,3,160368,8,8,8,0,0.84,0,16,53456.0
CUST2323,42,Male,Employed,Savings,179,2,380612,13,9,6,0,0.93,0,15,190306.0
CUST0927,40,Female,Self-employed,Current,23,3,47114,20,7,7,1,0.82,0,14,15704.67
CUST1730,31,Male,Employed,Savings,30,1,141155,19,9,9,0,0.7,0,18,141155.0
CUST0829,32,Female,Employed,Savings,103,2,29515,12,9,14,0,0.62,1,23,14757.5
CUST0995,18,Male,Employed,Savings,79,1,25421,15,13,11,1,1.0,0,24,25421.0
CUST2391,49,Male,Unemployed,Savings,96,1,148390,10,6,9,0,0.63,1,15,148390.0
CUST1205,29,Female,Unemployed,Fixed Deposit,15,1,25793,17,14,8,0,0.62,0,22,25793.0
CUST0273,32,Female,Self-employed,Savings,50,1,127084,18,11,12,0,0.55,1,23,127084.0
CUST2692,41,Male,Employed,Current,111,3,17542,16,7,7,1,0.58,0,14,5847.33
CUST0997,29,Female,Self-employed,Savings,27,3,34058,12,10,13,0,0.67,1,23,11352.67
CUST1212,30,Female,Unemployed,Savings,55,3,87951,15,7,11,0,0.79,1,18,29317.0
CUST1618,18,Female,Employed,Savings,80,1,133108,7,10,11,0,0.83,0,21,133108.0
CUST1437,32,Female,Employed,Savings,171,1,540044,22,10,8,0,0.75,0,18,540044.0
CUST1166,21,Female,Unemployed,Current,92,1,173417,13,9,12,0,0.97,0,21,173417.0
CUST1330,43,Male,Employed,Current,51,1,513002,16,7,9,0,0.69,1,16,513002.0
CUST0257,34,Male,Self-employed,Savings,113,4,16999,14,10,8,1,0.75,1,18,4249.75
CUST0631,35,Female,Self-employed,Current,43,2,150824,13,5,8,0,0.69,1,13,75412.0
CUST2095,52,Female,Employed,Savings,121,4,3789,19,16,7,0,0.78,0,23,947.25
CUST0617,18,Female,Employed,Savings,175,3,319616,17,3,13,0,0.62,0,16,106538.67
CUST2599,32,Male,Employed,Savings,96,2,71234,13,10,13,0,0.64,1,23,35617.0
CUST2865,33,Male,Unemployed,Fixed Deposit,64,1,58314,13,7,4,0,0.8,0,11,58314.0
CUST1663,43,Male,Employed,Savings,70,4,96891,18,3,6,0,0.81,1,9,24222.75
CUST1799,25,Female,Self-employed,Savings,167,1,392806,12,10,8,0,0.51,0,18,392806.0
CUST1977,31,Male,Unemployed,Current,135,2,19778,12,3,15,0,0.52,1,18,9889.0
CUST1584,29,Female,Unemployed,Savings,118,3,334853,12,6,17,1,0.5,0,23,111617.67
CUST0289,38,Male,Employed,Savings,104,1,119832,10,9,9,0,0.99,0,18,119832.0
CUST1009,35,Female,Self-employed,Savings,35,1,5544,15,10,9,1,0.75,1,19,5544.0
CUST2866,40,Female,Self-employed,Fixed Deposit,72,1,25783,15,8,9,0,0.74,0,17,25783.0
CUST0909,30,Female,Self-employed,Savings,97,1,24038,22,10,13,0,0.64,0,23,24038.0
CUST0082,32,Female,Employed,Current,128,4,106674,15,10,11,0,0.65,0,21,26668.5
CUST1403,33,Male,Employed,Current,15,2,662440,16,3,9,0,0.79,0,12,331220.0
CUST0838,33,Male,Unemployed,Savings,104,2,161253,16,10,8,0,0.54,0,18,80626.5
CUST1637,23,Female,Employed,Savings,125,1,100802,17,8,7,1,0.65,0,15,100802.0
CUST1655,52,Female,Self-employed,Savings,86,3,108207,13,12,12,0,0.99,0,24,36069.0
CUST1173,48,Female,Self-employed,Savings,15,2,33735,17,7,8,0,0.68,0,15,16867.5
CUST2898,34,Female,Self-employed,Current,49,1,166876,15,11,4,0,0.86,1,15,166876.0
CUST1749,36,Male,Employed,Current,176,3,93486,18,8,9,0,0.79,0,17,31162.0
CUST1084,28,Female,Self-employed,Current,74,3,405124,13,7,12,0,0.53,0,19,135041.33
CUST2440,38,Female,Self-employed,Current,13,2,190161,17,9,14,0,0.6,0,23,95080.5
CUST1070,21,Female,Employed,Savings,16,3,151055,13,8,7,0,0.73,1,15,50351.67
CUST2533,40,Female,Self-employed,Fixed Deposit,48,3,120162,12,11,9,1,0.91,1,20,40054.0
CUST2107,18,Female,Employed,Fixed Deposit,77,1,233873,17,3,12,0,0.55,0,15,233873.0
CUST0314,25,Female,Employed,Savings,21,2,127221,17,7,5,0,0.68,0,12,63610.5
CUST1391,55,Male,Self-employed,Current,59,1,21296,13,10,12,0,0.63,1,22,21296.0
CUST1684,34,Male,Employed,Current,47,2,38991,11,5,12,0,0.52,0,17,19495.5
CUST1913,32,Male,Employed,Savings,31,4,216317,12,4,11,1,0.65,0,15,54079.25
CUST0090,34,Female,Employed,Savings,48,3,48908,8,8,12,0,0.66,0,20,16302.67
CUST0974,30,Male,Employed,Fixed Deposit,34,3,91146,16,8,8,0,0.99,1,16,30382.0
CUST2790,44,Female,Employed,Savings,26,1,36626,21,5,8,0,0.52,0,13,36626.0
CUST2291,33,Male,Employed,Current,141,2,338693,13,8,9,0,0.79,0,17,169346.5
CUST1324,42,Female,Employed,Current,47,2,374515,24,10,15,1,0.9,1,25,187257.5
CUST2838,53,Male,Employed,Current,111,4,15207,18,11,7,0,0.56,0,18,3801.75
CUST2509,51,Male,Employed,Savings,171,1,107279,16,6,5,0,0.83,0,11,107279.0
CUST2531,30,Male,Self-employed,Savings,77,3,120275,17,11,7,0,0.57,0,18,40091.67
CUST2450,35,Male,Unemployed,Savings,120,1,108231,21,10,5,0,0.58,0,15,108231.0
CUST2113,43,Female,Employed,Savings,72,1,123444,13,12,9,0,0.75,0,21,123444.0
CUST1284,27,Female,Self-employed,Savings,123,1,29102,19,5,10,0,0.95,0,15,29102.0
CUST2315,25,Male,Self-employed,Current,105,3,473735,14,13,8,0,0.84,1,21,157911.67
CUST1850,38,Male,Employed,Current,176,2,6412,14,11,12,0,0.75,1,23,3206.0
CUST0781,49,Female,Employed,Savings,27,4,51714,20,7,13,0,0.66,0,20,12928.5
CUST0511,32,Female,Self-employed,Savings,86,1,710081,16,12,7,1,0.67,0,19,710081.0
CUST2015,37,Female,Employed,Current,124,2,148805,11,9,9,0,0.96,0,18,74402.5
CUST2949,18,Female,Employed,Savings,125,1,76845,14,7,7,0,0.56,0,14,76845.0
CUST2220,46,Female,Employed,Savings,97,1,534744,13,8,10,0,0.83,0,18,534744.0
CUST1893,39,Male,Unemployed,Current,120,1,172570,17,7,12,0,0.93,1,19,172570.0
CUST0277,25,Male,Employed,Current,54,2,99842,16,10,11,0,0.95,1,21,49921.0
CUST1079,29,Female,Self-employed,Savings,94,3,130856,14,5,12,0,0.59,1,17,43618.67
CUST0752,57,Female,Employed,Savings,50,3,616280,9,7,10,0,0.72,0,17,205426.67
CUST2429,54,Female,Self-employed,Current,156,3,84365,14,6,4,0,0.54,1,10,28121.67
CUST1466,43,Male,Employed,Savings,139,2,48465,11,7,12,1,0.87,0,19,24232.5
CUST0986,27,Male,Self-employed,Savings,118,4,113736,16,9,11,0,0.76,0,20,28434.0
CUST1954,31,Male,Self-employed,Current,145,2,69785,24,7,12,1,0.72,0,19,34892.5
CUST0271,44,Female,Unemployed,Savings,32,1,4188,8,7,15,0,0.7,0,22,4188.0
CUST0142,34,Female,Self-employed,Savings,41,1,374036,15,5,15,0,0.78,1,20,374036.0
CUST1532,50,Female,Self-employed,Savings,148,1,215611,13,5,14,0,0.94,0,19,215611.0
CUST2490,46,Male,Employed,Current,127,1,11588,15,10,5,0,0.64,0,15,11588.0
CUST2028,20,Female,Self-employed,Savings,77,1,15174,20,5,10,0,0.74,0,15,15174.0
CUST1053,27,Male,Self-employed,Current,108,3,130970,13,5,9,0,0.82,0,14,43656.67
CUST1234,26,Male,Employed,Current,61,3,4577,18,7,9,0,0.98,0,16,1525.67
CUST1101,43,Male,Unemployed,Current,21,1,186622,18,9,11,0,0.66,1,20,186622.0
CUST1552,28,Male,Employed,Current,79,3,296033,23,3,13,0,0.69,0,16,98677.67
CUST2517,25,Male,Employed,Fixed Deposit,139,2,53036,17,13,17,1,0.67,1,30,26518.0
CUST2736,32,Female,Self-employed,Savings,28,3,223102,15,8,13,0,0.69,0,21,74367.33
CUST1702,27,Male,Employed,Savings,115,3,187939,15,10,5,0,0.71,0,15,62646.33
CUST2702,27,Male,Unemployed,Savings,95,3,4719,16,7,9,0,0.68,0,16,1573.0
CUST0442,25,Male,Employed,Savings,71,1,145686,12,5,13,0,0.92,0,18,145686.0
CUST2656,18,Female,Employed,Savings,66,3,248754,8,5,11,0,0.92,0,16,82918.0
CUST2412,50,Male,Employed,Current,16,3,344960,22,5,12,1,0.97,1,17,114986.67
CUST1003,48,Male,Unemployed,Savings,145,2,142192,14,11,12,0,0.89,0,23,71096.0
CUST1991,30,Male,Employed,Savings,26,3,152203,13,9,14,0,0.53,0,23,50734.33
CUST2178,47,Female,Self-employed,Savings,172,1,33002,18,4,8,0,0.71,0,12,33002.0
CUST1925,32,Female,Employed,Savings,83,1,43413,7,9,8,1,0.71,0,17,43413.0
CUST1777,38,Male,Employed,Savings,79,3,56265,8,12,10,1,0.8,0,22,18755.0
CUST0561,24,Male,Employed,Savings,138,1,1299,14,5,7,0,0.61,0,12,1299.0
CUST2140,43,Male,Self-employed,Current,83,1,125866,11,5,7,0,0.93,0,12,125866.0
CUST0178,20,Male,Employed,Current,72,2,157140,17,8,13,0,0.75,1,21,78570.0
CUST0630,21,Male,Employed,Savings,97,1,70899,11,7,15,0,0.99,1,22,70899.0
CUST2318,48,Female,Self-employed,Savings,176,1,190119,14,9,5,0,0.93,0,14,190119.0
CUST0546,18,Male,Self-employed,Savings,131,1,34552,15,6,6,0,0.91,0,12,34552.0
CUST2313,40,Male,Self-employed,Current,169,2,239737,12,6,8,0,0.94,0,14,119868.5
CUST0030,44,Female,Self-employed,Savings,145,2,208931,21,4,11,0,0.94,0,15,104465.5
CUST2267,49,Male,Employed,Savings,82,3,215544,15,8,12,1,0.95,0,20,71848.0
CUST2448,55,Male,Employed,Savings,103,3,100724,23,9,10,0,0.76,0,19,33574.67
CUST0385,21,Female,Unemployed,Current,13,1,338038,20,10,10,0,0.87,1,20,338038.0
CUST1101,45,Male,Employed,Current,160,1,678316,10,11,5,1,0.94,0,16,678316.0
CUST0960,21,Female,Employed,Savings,178,1,75978,14,5,10,0,0.81,0,15,75978.0
CUST2241,34,Female,Employed,Fixed Deposit,74,2,158882,17,9,14,0,0.96,0,23,79441.0
CUST2444,45,Female,Employed,Savings,46,1,566,16,4,15,0,0.78,0,19,566.0
CUST2513,36,Female,Employed,Current,135,1,149399,10,1,3,0,0.72,0,4,149399.0
CUST1048,53,Male,Employed,Savings,55,4,56403,15,13,5,1,0.84,0,18,14100.75
CUST0632,28,Male,Employed,Savings,47,1,48513,18,8,8,0,0.59,1,16,48513.0
CUST2660,41,Female,Self-employed,Savings,174,3,200454,17,5,11,0,0.79,0,16,66818.0
CUST2483,27,Male,Employed,Fixed Deposit,169,3,30646,10,9,11,0,0.98,1,20,10215.33
CUST0570,43,Female,Employed,Current,71,1,176498,8,8,10,0,0.57,0,18,176498.0
CUST0423,27,Female,Employed,Current,130,3,282576,16,5,8,0,0.65,1,13,94192.0
CUST1479,49,Male,Employed,Current,25,1,36680,13,6,13,0,0.78,1,19,36680.0
CUST2025,46,Male,Employed,Savings,19,1,34578,16,6,13,0,0.8,0,19,34578.0
CUST0520,34,Male,Unemployed,Savings,108,1,96833,8,9,6,1,0.95,0,15,96833.0
CUST0018,42,Male,Employed,Fixed Deposit,90,3,9347,11,9,6,0,0.57,1,15,3115.67
CUST0315,48,Female,Employed,Savings,111,1,571970,9,8,16,0,0.67,0,24,571970.0
CUST2559,21,Female,Self-employed,Fixed Deposit,62,2,252576,17,9,11,1,0.59,0,20,126288.0
CUST2118,41,Female,Self-employed,Savings,130,2,374937,12,7,4,0,0.51,0,11,187468.5
CUST2778,21,Female,Unemployed,Fixed Deposit,48,1,159587,16,8,8,0,0.91,0,16,159587.0
CUST2625,31,Male,Employed,Current,16,3,433430,12,9,11,0,0.88,1,20,144476.67
CUST1677,50,Female,Employed,Savings,152,1,3657,8,7,8,0,0.61,0,15,3657.0
CUST0262,42,Female,Self-employed,Savings,137,4,92926,11,8,14,0,0.6,0,22,23231.5
CUST2314,53,Male,Employed,Savings,45,1,119227,18,8,16,0,0.7,0,24,119227.0
CUST1773,41,Male,Self-employed,Savings,163,1,119770,17,4,5,0,0.66,0,9,119770.0
CUST0676,44,Male,Employed,Savings,123,2,75642,16,9,9,0,0.58,0,18,37821.0
CUST1333,18,Female,Self-employed,Savings,34,1,211118,20,7,12,0,0.71,1,19,211118.0
CUST0924,38,Male,Unemployed,Savings,36,2,83915,14,11,10,1,0.77,0,21,41957.5
CUST1007,32,Male,Employed,Savings,176,1,4280,17,8,9,0,0.75,0,17,4280.0
CUST2045,29,Male,Employed,Savings,157,2,55447,14,8,10,0,0.51,0,18,27723.5
CUST1691,40,Male,Self-employed,Current,169,2,7414,10,8,9,0,0.64,0,17,3707.0
CUST2584,35,Female,Employed,Fixed Deposit,110,1,52974,16,13,12,0,0.61,1,25,52974.0
CUST2138,44,Male,Employed,Savings,110,1,72135,14,7,16,0,0.66,0,23,72135.0
CUST2689,28,Male,Self-employed,Savings,113,1,749979,16,11,10,0,0.81,0,21,749979.0
CUST0849,36,Female,Employed,Current,49,2,161723,14,8,8,0,0.96,0,16,80861.5
CUST1209,22,Male,Self-employed,Savings,67,3,322180,14,6,8,0,0.8,0,14,107393.33
CUST0390,23,Male,Self-employed,Savings,84,1,10512,23,12,15,0,0.54,0,27,10512.0
CUST1044,42,Male,Employed,Savings,129,2,147479,14,6,10,0,0.7,0,16,73739.5
CUST1105,62,Male,Employed,Current,124,3,1367,16,10,11,0,0.72,0,21,455.67
CUST2675,35,Female,Self-employed,Savings,90,2,298164,16,7,10,1,0.6,0,17,149082.0
CUST1037,41,Male,Self-employed,Savings,23,2,254365,13,6,8,0,0.74,0,14,127182.5
CUST1593,47,Female,Employed,Fixed Deposit,51,2,168483,9,10,7,0,0.76,1,17,84241.5
CUST0733,40,Female,Self-employed,Savings,164,2,207618,15,10,9,0,0.76,1,19,103809.0
CUST2724,25,Female,Employed,Fixed Deposit,102,3,89693,19,8,12,0,0.79,0,20,29897.67
CUST2498,18,Male,Employed,Current,30,3,541182,18,6,8,0,0.71,0,14,180394.0
CUST2778,40,Male,Employed,Savings,174,2,45253,9,9,6,0,0.96,1,15,22626.5
CUST2118,34,Male,Unemployed,Current,119,2,267315,12,5,7,1,0.56,0,12,133657.5
CUST1217,31,Male,Employed,Current,131,3,208898,18,6,8,0,0.52,0,14,69632.67
CUST0925,37,Male,Self-employed,Savings,108,1,50953,18,7,10,0,0.57,0,17,50953.0
CUST0238,24,Male,Self-employed,Savings,76,2,659107,13,9,5,0,0.61,0,14,329553.5
CUST1430,24,Female,Self-employed,Current,33,3,193515,15,8,11,0,0.81,1,19,64505.0
CUST2289,46,Female,Self-employed,Savings,47,1,235731,10,11,7,1,0.87,0,18,235731.0
CUST0101,46,Male,Employed,Savings,130,4,83583,19,8,10,0,0.82,0,18,20895.75
CUST1700,33,Male,Employed,Savings,124,2,61447,15,7,10,0,0.54,1,17,30723.5
CUST1000,48,Female,Employed,Current,154,1,54604,16,9,7,0,0.95,0,16,54604.0
CUST2703,42,Female,Employed,Savings,74,1,131732,12,8,18,1,0.54,0,26,131732.0
CUST2469,38,Female,Employed,Current,83,1,25498,12,5,14,0,0.62,0,19,25498.0
CUST0382,18,Male,Self-employed,Current,58,3,398678,12,9,8,0,0.92,0,17,132892.67
CUST1700,46,Female,Employed,Savings,38,1,132480,16,11,6,0,0.86,0,17,132480.0
CUST0403,51,Male,Employed,Fixed Deposit,40,1,121668,12,6,7,0,0.84,0,13,121668.0
CUST1981,37,Male,Employed,Savings,144,1,690939,16,11,17,1,0.84,0,28,690939.0
CUST2945,34,Female,Employed,Fixed Deposit,65,1,24253,16,4,12,0,0.56,0,16,24253.0
CUST0691,36,Male,Employed,Savings,113,1,105584,8,13,13,0,0.9,1,26,105584.0
CUST1935,36,Female,Employed,Current,52,3,11038,17,6,16,0,0.98,0,22,3679.33
CUST2487,21,Female,Self-employed,Savings,159,3,43853,20,8,7,0,0.65,0,15,14617.67
CUST1074,27,Female,Unemployed,Current,137,4,43909,13,11,5,0,0.85,0,16,10977.25
CUST1488,47,Female,Employed,Fixed Deposit,150,1,176689,13,6,11,0,0.68,1,17,176689.0
CUST1966,34,Female,Employed,Current,127,1,20679,12,5,8,0,0.69,0,13,20679.0
CUST2001,32,Male,Employed,Savings,153,1,147177,16,10,9,0,0.58,0,19,147177.0
CUST0105,42,Male,Employed,Savings,151,4,178040,14,11,6,0,0.52,1,17,44510.0
CUST2127,47,Male,Self-employed,Savings,83,1,10890,19,10,14,0,0.55,1,24,10890.0
CUST0795,27,Male,Employed,Savings,114,3,310139,15,4,11,1,0.82,1,15,103379.67
CUST1675,36,Male,Employed,Current,117,3,43522,18,11,5,0,0.99,0,16,14507.33
CUST0663,29,Female,Self-employed,Fixed Deposit,23,1,85985,11,6,12,0,0.58,0,18,85985.0
CUST0830,38,Female,Employed,Current,101,1,31590,15,8,8,0,0.9,0,16,31590.0
CUST2384,50,Female,Self-employed,Savings,103,3,364846,19,19,9,0,0.62,0,28,121615.33
CUST0055,47,Male,Self-employed,Savings,112,1,207586,18,7,8,0,0.66,0,15,207586.0
CUST1334,38,Male,Employed,Current,98,2,66930,14,8,10,0,0.74,1,18,33465.0
CUST0715,34,Male,Self-employed,Current,147,4,103500,13,7,7,0,0.66,0,14,25875.0
CUST2573,29,Female,Self-employed,Savings,95,3,157929,13,10,6,0,0.68,0,16,52643.0
CUST2068,18,Female,Employed,Current,115,2,103193,6,8,12,0,0.91,0,20,51596.5
CUST0659,25,Female,Self-employed,Savings,102,2,147008,18,3,12,0,0.69,1,15,73504.0
CUST2971,37,Female,Employed,Savings,92,2,144288,9,5,10,1,0.83,0,15,72144.0
CUST0253,21,Female,Employed,Current,150,2,3426,13,4,9,1,0.5,0,13,1713.0
CUST0910,40,Male,Employed,Current,66,4,13398,17,6,8,0,1.0,0,14,3349.5
CUST1313,40,Male,Self-employed,Current,66,1,142232,13,6,7,0,0.7,0,13,142232.0
CUST2401,27,Male,Employed,Savings,135,1,184818,13,7,13,0,0.58,0,20,184818.0
CUST1705,37,Male,Employed,Current,28,3,500,16,10,7,0,0.62,1,17,166.67
CUST1297,41,Male,Employed,Savings,167,4,135851,14,7,5,0,0.99,0,12,33962.75
CUST0957,23,Female,Employed,Savings,172,2,49117,18,10,11,0,0.71,1,21,24558.5
CUST1674,18,Female,Employed,Savings,90,1,313576,19,14,16,0,0.63,0,30,313576.0
CUST0088,42,Male,Employed,Current,38,4,171327,17,9,6,1,0.63,0,15,42831.75
CUST0678,47,Female,Self-employed,Savings,57,2,34344,12,7,5,0,0.84,0,12,17172.0
CUST1710,55,Female,Employed,Savings,14,1,113614,16,15,12,0,0.78,1,27,113614.0
CUST2172,40,Female,Self-employed,Savings,141,1,339263,24,5,7,0,0.96,0,12,339263.0
CUST2728,20,Male,Employed,Savings,36,3,30909,19,6,9,0,0.69,1,15,10303.0
CUST1682,24,Male,Unemployed,Current,121,4,143517,17,10,9,0,0.88,0,19,35879.25
CUST2384,30,Female,Employed,Current,24,2,145631,18,7,9,0,0.9,0,16,72815.5
CUST2271,43,Female,Self-employed,Savings,77,3,209404,7,10,10,0,0.55,0,20,69801.33
CUST2182,38,Female,Employed,Savings,165,1,36930,12,14,8,0,0.72,0,22,36930.0
CUST2640,33,Female,Employed,Savings,114,2,55556,16,5,6,0,0.65,0,11,27778.0
CUST2552,26,Male,Employed,Savings,47,4,342986,26,11,9,0,0.68,1,20,85746.5
CUST2167,42,Female,Employed,Savings,69,2,584346,15,5,8,0,0.55,0,13,292173.0
CUST1956,45,Female,Unemployed,Current,57,2,49543,15,11,7,0,0.6,0,18,24771.5
CUST2220,22,Male,Unemployed,Savings,26,2,101856,8,6,10,0,0.75,0,16,50928.0
CUST1163,44,Female,Employed,Savings,142,1,10868,15,7,9,0,0.89,0,16,10868.0
CUST0002,22,Female,Employed,Savings,162,1,262482,9,7,15,0,0.57,1,22,262482.0
CUST2940,39,Female,Self-employed,Fixed Deposit,92,1,10885,15,8,8,0,0.58,1,16,10885.0
CUST2725,47,Male,Self-employed,Fixed Deposit,158,1,133312,18,9,6,1,0.52,0,15,133312.0
CUST0797,28,Male,Employed,Savings,65,1,36238,20,9,11,0,0.73,0,20,36238.0
CUST0156,44,Male,Self-employed,Current,69,3,125701,13,11,15,0,1.0,0,26,41900.33
CUST2313,31,Male,Employed,Savings,40,1,126449,10,8,10,2,0.95,1,18,126449.0
CUST1223,38,Male,Self-employed,Savings,142,4,254249,16,12,13,0,0.96,0,25,63562.25
CUST2460,58,Male,Employed,Savings,67,2,75963,15,8,8,0,0.52,1,16,37981.5
CUST0563,27,Female,Self-employed,Savings,17,3,343728,8,5,10,1,0.77,0,15,114576.0
CUST0768,31,Female,Employed,Savings,91,4,16912,15,8,12,0,0.89,0,20,4228.0
CUST2439,31,Female,Employed,Savings,121,2,359786,9,9,12,0,0.93,1,21,179893.0
CUST0638,43,Male,Employed,Fixed Deposit,30,2,22535,12,7,12,0,0.8,0,19,11267.5
CUST1149,23,Female,Unemployed,Savings,40,1,115025,8,12,15,0,0.68,0,27,115025.0
CUST1476,29,Female,Employed,Savings,50,3,55321,19,9,13,0,0.55,0,22,18440.33
CUST0970,43,Female,Employed,Savings,56,3,31873,17,8,9,0,0.59,1,17,10624.33
CUST2857,36,Male,Employed,Savings,71,3,2926,14,9,12,0,0.6,0,21,975.33
CUST2616,60,Female,Unemployed,Savings,143,2,3669,11,8,13,0,0.63,0,21,1834.5
CUST2919,37,Male,Employed,Fixed Deposit,68,2,291486,20,12,11,0,0.51,0,23,145743.0
CUST2585,28,Female,Employed,Current,25,2,36585,13,4,9,2,0.53,0,13,18292.5
CUST1462,25,Female,Self-employed,Savings,118,1,28472,16,3,10,0,0.52,0,13,28472.0
CUST0018,48,Male,Employed,Savings,177,4,24170,14,7,6,0,0.52,0,13,6042.5
CUST1246,27,Male,Employed,Savings,24,1,188774,17,5,11,0,0.65,0,16,188774.0
CUST2567,37,Male,Employed,Current,123,2,90730,15,8,9,0,0.95,0,17,45365.0
CUST0686,29,Female,Employed,Savings,91,3,11331,14,10,11,2,0.53,0,21,3777.0
CUST1478,47,Female,Unemployed,Current,150,1,283719,20,8,11,0,0.78,0,19,283719.0
CUST1587,42,Female,Self-employed,Current,66,2,69796,16,11,13,0,0.96,0,24,34898.0
CUST2050,36,Female,Employed,Savings,136,3,8176,13,9,16,0,0.92,0,25,2725.33
CUST0694,50,Male,Self-employed,Savings,45,3,332535,20,9,10,0,0.91,1,19,110845.0
CUST1535,19,Male,Employed,Savings,169,3,674946,14,7,6,0,0.98,0,13,224982.0
CUST1452,34,Male,Employed,Fixed Deposit,94,1,121087,8,3,11,0,0.53,0,14,121087.0
CUST0689,22,Female,Employed,Savings,115,1,224885,8,9,11,0,0.9,0,20,224885.0
CUST0301,37,Male,Employed,Current,45,4,127492,14,4,8,0,0.55,1,12,31873.0
CUST2375,44,Female,Self-employed,Current,143,1,69211,22,8,12,0,0.78,0,20,69211.0
CUST1627,39,Male,Employed,Current,160,1,173803,16,4,9,0,0.95,0,13,173803.0
CUST2608,26,Female,Employed,Current,104,2,158759,10,4,9,0,0.65,0,13,79379.5
CUST0724,32,Female,Employed,Savings,106,1,681034,15,7,11,0,0.68,0,18,681034.0
CUST2126,31,Male,Employed,Current,166,1,3702,12,8,14,0,0.57,0,22,3702.0
CUST0193,33,Male,Employed,Savings,121,1,17752,14,7,9,0,0.87,1,16,17752.0
CUST2056,42,Male,Employed,Savings,136,1,201397,14,5,14,0,0.67,0,19,201397.0
CUST2624,25,Female,Employed,Savings,138,4,33983,18,5,17,0,0.7,0,22,8495.75
CUST2131,30,Female,Employed,Savings,152,1,102968,17,12,10,0,0.97,0,22,102968.0
CUST0366,49,Female,Employed,Current,19,4,94927,14,8,12,0,0.59,1,20,23731.75
CUST2410,43,Male,Employed,Savings,63,3,142431,11,5,9,1,0.99,0,14,47477.0
CUST0549,43,Female,Unemployed,Savings,30,2,89987,9,8,11,0,0.57,0,19,44993.5
CUST1678,48,Female,Employed,Current,122,1,9426,11,8,13,2,0.89,0,21,9426.0
CUST2272,38,Male,Employed,Savings,65,4,71176,11,7,13,1,0.51,0,20,17794.0
CUST0689,44,Female,Employed,Savings,64,1,394691,21,12,10,0,0.88,0,22,394691.0
CUST1868,30,Male,Employed,Savings,52,2,96097,11,12,12,0,0.67,1,24,48048.5
CUST0800,24,Male,Employed,Fixed Deposit,25,3,252875,23,2,8,0,0.55,0,10,84291.67
CUST2149,25,Female,Employed,Savings,76,2,422265,14,7,14,2,0.56,1,21,211132.5
CUST1738,27,Male,Self-employed,Savings,121,4,498991,21,9,11,0,0.52,0,20,124747.75
CUST0874,19,Female,Unemployed,Savings,61,3,827896,15,7,12,0,0.73,0,19,275965.33
CUST1335,45,Female,Unemployed,Current,133,1,46206,9,6,10,0,0.52,0,16,46206.0
CUST2932,28,Male,Self-employed,Current,112,4,89486,10,4,8,1,0.63,0,12,22371.5
CUST2859,18,Female,Employed,Current,144,3,402024,13,10,9,2,0.89,0,19,134008.0
CUST2590,24,Male,Employed,Savings,170,3,13791,11,11,7,0,0.66,0,18,4597.0
CUST0036,23,Female,Employed,Savings,22,4,334089,19,6,9,0,0.64,1,15,83522.25
CUST0305,18,Male,Self-employed,Current,87,2,227313,15,6,7,0,0.78,0,13,113656.5
CUST1623,39,Male,Employed,Fixed Deposit,80,2,1950,8,15,11,1,0.82,0,26,975.0
CUST1225,37,Male,Employed,Fixed Deposit,127,4,127170,10,5,6,0,0.73,0,11,31792.5
CUST2871,18,Female,Employed,Savings,100,1,59072,13,12,5,1,0.78,1,17,59072.0
CUST1235,51,Male,Employed,Current,160,4,73691,10,7,9,0,0.88,0,16,18422.75
CUST2747,28,Male,Self-employed,Savings,28,1,204539,11,5,12,0,0.51,1,17,204539.0
CUST1735,30,Male,Employed,Savings,96,1,211489,24,11,12,1,0.76,0,23,211489.0
CUST1845,30,Female,Unemployed,Current,145,4,177048,16,8,8,0,0.98,0,16,44262.0
CUST2964,18,Female,Self-employed,Current,147,1,219582,14,7,12,1,0.56,0,19,219582.0
CUST2580,38,Female,Self-employed,Savings,91,3,162918,22,11,11,1,0.85,0,22,54306.0
CUST1318,33,Male,Employed,Savings,134,1,23981,21,9,7,0,0.61,0,16,23981.0
CUST1736,32,Female,Self-employed,Savings,95,2,527805,10,8,7,1,0.53,0,15,263902.5
CUST1132,42,Male,Employed,Current,71,3,101354,9,6,10,0,0.8,1,16,33784.67
CUST1918,38,Female,Employed,Savings,129,1,62123,14,4,9,0,0.84,0,13,62123.0
CUST1674,29,Female,Employed,Savings,63,1,74910,15,12,9,1,0.7,0,21,74910.0
CUST2086,32,Male,Self-employed,Savings,155,1,23152,12,11,6,0,0.76,0,17,23152.0
CUST0149,19,Female,Employed,Current,162,1,91141,12,6,9,1,0.52,0,15,91141.0
CUST0668,63,Male,Employed,Current,143,3,97611,16,8,6,0,0.5,1,14,32537.0
CUST1371,24,Male,Unemployed,Current,105,1,31960,9,8,10,0,0.59,0,18,31960.0
CUST2901,28,Male,Self-employed,Savings,21,1,13953,20,10,14,0,0.99,1,24,13953.0
CUST2056,51,Female,Employed,Savings,71,2,7648,16,13,10,0,0.86,0,23,3824.0
CUST0785,38,Male,Self-employed,Savings,147,3,150711,13,5,9,0,0.72,1,14,50237.0
CUST2344,22,Female,Self-employed,Current,135,4,17084,17,12,8,0,0.82,0,20,4271.0
CUST1900,40,Male,Employed,Savings,87,1,104866,18,7,12,0,0.69,0,19,104866.0
CUST0460,29,Female,Unemployed,Savings,132,1,356387,15,11,5,0,0.64,0,16,356387.0
CUST0124,33,Male,Employed,Current,145,2,54726,13,10,9,0,0.6,0,19,27363.0
CUST1936,44,Male,Unemployed,Current,105,1,258167,13,13,5,0,0.88,0,18,258167.0
CUST1232,25,Male,Employed,Savings,140,3,23349,14,5,8,0,0.53,0,13,7783.0
CUST0414,26,Female,Employed,Current,49,2,125448,15,5,9,0,0.85,0,14,62724.0
CUST2657,36,Female,Self-employed,Current,119,2,145992,17,6,7,0,0.69,0,13,72996.0
CUST2423,22,Female,Employed,Current,133,1,213714,5,6,10,0,0.86,0,16,213714.0
CUST1904,35,Female,Self-employed,Savings,47,2,129049,17,5,6,0,0.73,0,11,64524.5
CUST0170,19,Male,Employed,Current,72,3,163918,20,11,9,0,0.81,1,20,54639.33
CUST1725,27,Female,Employed,Savings,140,3,30411,16,6,9,0,0.85,0,15,10137.0
CUST1967,55,Male,Self-employed,Fixed Deposit,59,2,7970,15,10,12,2,0.85,0,22,3985.0
CUST0891,41,Female,Self-employed,Savings,70,3,48619,16,5,12,0,0.69,0,17,16206.33
CUST1031,33,Female,Employed,Savings,157,1,649111,14,8,12,0,0.57,0,20,649111.0
CUST0227,23,Male,Employed,Current,160,2,34057,13,6,8,0,0.55,0,14,17028.5
CUST1071,43,Female,Unemployed,Current,68,2,52512,17,8,8,0,0.86,0,16,26256.0
CUST0781,24,Female,Employed,Savings,69,2,344858,17,11,6,0,0.83,0,17,172429.0
CUST1171,30,Female,Self-employed,Savings,108,2,205203,16,4,12,0,0.52,0,16,102601.5
CUST1774,24,Male,Self-employed,Current,68,3,128525,16,9,10,0,0.58,0,19,42841.67
CUST2113,29,Male,Employed,Fixed Deposit,65,2,50294,12,9,4,1,0.67,0,13,25147.0
CUST0159,43,Male,Employed,Current,104,3,121197,22,10,9,0,0.67,1,19,40399.0
CUST0792,50,Male,Employed,Savings,130,2,48741,20,3,6,0,0.51,0,9,24370.5
CUST2339,37,Male,Employed,Savings,80,3,591350,11,9,18,0,0.82,0,27,197116.67
CUST0001,35,Male,Employed,Savings,145,1,60741,13,14,7,0,0.6,0,21,60741.0
CUST1472,22,Male,Employed,Savings,171,1,428353,18,4,6,1,0.87,0,10,428353.0
CUST1481,38,Female,Self-employed,Savings,137,4,304675,15,9,9,0,0.65,1,18,76168.75
CUST2382,34,Female,Unemployed,Current,25,1,103629,15,6,4,0,0.5,0,10,103629.0
CUST0496,41,Female,Self-employed,Current,172,3,391510,10,9,7,1,0.66,0,16,130503.33
CUST0077,25,Male,Employed,Savings,57,4,241140,18,12,11,0,0.68,0,23,60285.0
CUST0729,52,Female,Self-employed,Savings,124,2,291322,15,6,8,0,0.95,1,14,145661.0
CUST2385,39,Male,Employed,Savings,125,2,128330,18,8,11,0,0.57,0,19,64165.0
CUST2857,36,Male,Employed,Savings,163,3,400055,13,5,7,0,0.79,1,12,133351.67
CUST1384,36,Female,Employed,Savings,77,1,129000,20,10,8,0,0.53,0,18,129000.0
CUST0112,38,Male,Employed,Savings,151,1,43047,17,7,5,0,0.85,0,12,43047.0
CUST0851,44,Female,Self-employed,Savings,19,2,55709,15,10,7,0,0.88,1,17,27854.5
CUST1324,26,Male,Employed,Current,57,1,485195,17,6,11,0,0.69,1,17,485195.0
CUST0018,30,Male,Self-employed,Current,42,1,47755,13,11,12,0,0.95,0,23,47755.0
CUST0306,40,Female,Employed,Savings,49,2,254759,10,8,8,0,0.85,0,16,127379.5
CUST1970,31,Female,Employed,Current,73,1,96287,11,14,9,0,0.98,0,23,96287.0
CUST0502,33,Female,Employed,Savings,62,2,26050,15,4,11,0,0.75,0,15,13025.0
CUST1676,27,Male,Employed,Savings,29,1,21050,18,3,5,0,0.91,0,8,21050.0
CUST1857,27,Female,Employed,Current,148,4,145579,14,10,10,0,0.9,0,20,36394.75
CUST1832,41,Female,Unemployed,Savings,110,3,32277,13,5,13,0,0.6,0,18,10759.0
CUST1106,45,Female,Employed,Current,76,1,157687,11,10,7,0,0.68,0,17,157687.0
CUST0035,23,Male,Employed,Savings,25,4,36859,18,10,5,0,0.58,0,15,9214.75
CUST0913,28,Male,Unemployed,Fixed Deposit,30,2,150233,9,7,12,0,0.56,1,19,75116.5
CUST1088,28,Male,Self-employed,Savings,72,1,49935,13,5,8,0,0.74,0,13,49935.0
CUST2005,33,Male,Self-employed,Fixed Deposit,89,1,113301,10,6,10,0,0.58,0,16,113301.0
CUST0410,37,Male,Employed,Savings,87,3,40884,21,10,9,2,0.75,0,19,13628.0
CUST1993,41,Male,Employed,Savings,126,4,52103,13,7,10,0,0.91,0,17,13025.75
CUST2418,62,Female,Employed,Savings,76,3,179442,20,7,8,0,0.65,0,15,59814.0
CUST0281,18,Female,Employed,Current,45,2,95397,14,5,14,1,0.7,0,19,47698.5
CUST1914,18,Male,Self-employed,Current,19,1,126522,10,9,8,0,0.93,0,17,126522.0
CUST0875,38,Male,Employed,Savings,73,1,17363,13,7,13,1,0.96,1,20,17363.0
CUST1694,50,Female,Employed,Current,120,2,46802,21,9,10,0,0.95,0,19,23401.0
CUST1407,19,Female,Employed,Savings,41,1,29549,15,8,12,0,0.77,0,20,29549.0
CUST2512,34,Female,Employed,Savings,136,2,98593,16,9,14,0,0.54,0,23,49296.5
CUST1690,47,Male,Employed,Savings,46,3,151765,12,7,3,0,0.84,1,10,50588.33
CUST0026,44,Female,Employed,Current,175,3,157079,15,9,9,1,0.78,0,18,52359.67
CUST2795,36,Female,Unemployed,Savings,87,1,51986,11,8,5,0,0.89,0,13,51986.0
CUST0708,35,Male,Employed,Fixed Deposit,159,1,298621,11,11,4,0,0.55,1,15,298621.0
CUST1831,41,Female,Self-employed,Current,20,2,352190,13,10,13,0,0.74,0,23,176095.0
CUST2590,33,Female,Employed,Savings,167,2,60801,9,11,8,0,0.54,0,19,30400.5
CUST2028,52,Female,Employed,Current,146,2,26226,11,9,13,0,0.76,0,22,13113.0
CUST0998,29,Female,Unemployed,Fixed Deposit,21,3,78374,15,10,12,0,0.75,1,22,26124.67
CUST1524,28,Male,Employed,Savings,143,1,102307,11,5,7,0,0.5,0,12,102307.0
CUST2372,44,Female,Unemployed,Current,55,1,23901,13,7,15,0,0.57,0,22,23901.0
CUST2497,39,Female,Unemployed,Savings,123,4,484314,11,9,10,0,0.63,0,19,121078.5
CUST2630,48,Female,Self-employed,Savings,171,1,8238,9,13,10,0,0.67,1,23,8238.0
CUST0831,18,Male,Self-employed,Current,85,4,45882,11,10,10,0,0.62,0,20,11470.5
CUST1855,31,Male,Employed,Current,131,2,4744,18,10,8,1,0.55,0,18,2372.0
CUST1921,31,Male,Employed,Fixed Deposit,25,1,123834,10,7,10,0,0.79,0,17,123834.0
CUST1848,45,Female,Employed,Savings,118,2,37589,16,7,11,0,0.53,0,18,18794.5
CUST1023,21,Male,Self-employed,Savings,146,1,109583,13,6,14,0,0.78,0,20,109583.0
CUST0856,36,Male,Self-employed,Fixed Deposit,74,1,84765,13,7,7,2,0.67,0,14,84765.0
CUST2145,46,Male,Employed,Current,95,3,1683,19,9,15,0,0.67,0,24,561.0
CUST2125,42,Female,Unemployed,Savings,93,2,26378,15,8,9,0,0.91,1,17,13189.0
CUST0244,30,Female,Self-employed,Savings,30,1,368654,21,9,14,0,0.67,0,23,368654.0
CUST0526,25,Female,Employed,Savings,47,1,129615,10,7,9,0,0.93,1,16,129615.0
CUST2254,26,Male,Employed,Savings,102,1,55914,17,9,9,1,0.51,0,18,55914.0
CUST2280,42,Female,Self-employed,Current,132,3,174482,11,7,10,0,0.98,0,17,58160.67
CUST0964,25,Male,Employed,Savings,93,2,553750,8,12,7,0,0.94,0,19,276875.0
CUST0339,43,Female,Self-employed,Savings,161,1,32531,15,10,13,0,0.57,0,23,32531.0
CUST1922,35,Male,Employed,Savings,175,2,268159,24,8,15,0,0.96,0,23,134079.5
CUST2817,23,Female,Employed,Current,95,4,53345,12,7,7,0,0.66,1,14,13336.25
CUST1585,37,Male,Self-employed,Savings,26,2,267540,15,12,8,0,0.56,1,20,133770.0
CUST0844,46,Female,Self-employed,Savings,131,1,4599,16,13,10,0,0.96,0,23,4599.0
CUST0624,39,Female,Unemployed,Current,153,1,120218,11,5,13,0,0.53,1,18,120218.0
CUST1683,45,Female,Employed,Current,168,2,316239,11,10,6,0,0.96,0,16,158119.5
CUST2824,36,Male,Employed,Savings,19,2,69617,14,13,3,0,0.66,0,16,34808.5
CUST1360,18,Male,Self-employed,Current,31,2,60883,22,12,10,0,0.95,1,22,30441.5
CUST0575,45,Male,Self-employed,Savings,171,1,32744,19,13,8,0,0.66,0,21,32744.0
CUST2864,19,Female,Employed,Current,63,2,77317,16,7,9,0,0.76,1,16,38658.5
CUST2071,21,Female,Employed,Savings,29,2,195898,11,7,6,0,0.55,0,13,97949.0
CUST0852,40,Female,Self-employed,Savings,78,3,154542,19,10,9,0,0.66,0,19,51514.0
CUST2789,39,Female,Employed,Current,22,2,116464,16,8,16,0,0.54,0,24,58232.0
CUST1956,38,Male,Unemployed,Fixed Deposit,60,2,64304,10,6,6,0,0.75,0,12,32152.0
CUST0861,45,Female,Employed,Current,19,3,202455,14,11,17,0,0.89,0,28,67485.0
CUST2863,29,Female,Employed,Savings,99,2,150549,11,7,7,1,0.77,0,14,75274.5
CUST2115,24,Female,Employed,Savings,54,2,136222,12,8,5,1,0.62,0,13,68111.0
CUST1542,50,Male,Self-employed,Savings,167,2,84523,15,8,10,0,0.73,0,18,42261.5
CUST2132,32,Female,Self-employed,Savings,107,1,50370,13,10,11,0,0.94,1,21,50370.0
CUST0288,35,Female,Self-employed,Current,103,1,23354,15,11,5,0,0.61,0,16,23354.0
CUST2570,47,Female,Employed,Current,54,1,12520,14,7,10,0,0.5,0,17,12520.0
CUST1721,31,Male,Employed,Savings,47,1,57357,20,8,9,1,0.62,0,17,57357.0
CUST0838,31,Male,Employed,Savings,132,4,34850,13,7,14,0,0.59,0,21,8712.5
CUST0812,27,Female,Self-employed,Savings,82,2,82802,24,10,10,0,0.59,0,20,41401.0
CUST0531,43,Female,Unemployed,Savings,23,2,58355,23,7,14,0,0.98,0,21,29177.5
CUST2862,26,Male,Self-employed,Savings,97,1,10574,11,6,6,0,0.96,0,12,10574.0
CUST1023,18,Female,Unemployed,Savings,142,2,5557,19,11,11,0,0.96,1,22,2778.5
CUST1791,24,Male,Employed,Savings,21,4,5707,20,7,6,0,0.59,0,13,1426.75
CUST2464,34,Male,Employed,Savings,172,1,52431,15,9,10,0,0.65,0,19,52431.0
CUST0974,26,Female,Self-employed,Savings,75,2,225734,12,6,19,0,0.96,1,25,112867.0
CUST0398,38,Male,Employed,Savings,145,2,36854,19,4,7,0,0.77,0,11,18427.0
CUST0979,38,Female,Self-employed,Savings,40,2,262766,19,7,7,0,0.55,1,14,131383.0
CUST2201,19,Female,Employed,Fixed Deposit,78,1,98394,16,8,10,0,0.93,0,18,98394.0
CUST2228,32,Female,Employed,Savings,122,3,258611,15,7,7,0,0.62,0,14,86203.67
CUST2864,44,Male,Employed,Savings,77,2,435952,16,15,4,0,0.75,0,19,217976.0
CUST2741,39,Female,Unemployed,Current,78,2,375096,14,9,16,0,0.87,0,25,187548.0
CUST0297,36,Male,Employed,Savings,68,3,27927,19,11,12,0,0.57,1,23,9309.0
CUST0491,18,Female,Self-employed,Savings,157,1,4230,11,7,9,1,0.8,0,16,4230.0
CUST0440,36,Female,Employed,Savings,42,4,35739,21,6,9,0,0.98,1,15,8934.75
CUST0089,49,Male,Employed,Current,66,3,92332,9,14,8,1,0.65,1,22,30777.33
CUST0549,48,Female,Employed,Fixed Deposit,171,4,150174,14,3,13,0,0.9,0,16,37543.5
CUST0508,30,Male,Self-employed,Savings,36,1,78321,16,10,8,2,0.54,0,18,78321.0
CUST0903,44,Male,Self-employed,Savings,161,2,45379,15,7,12,0,0.93,0,19,22689.5
CUST0981,44,Female,Employed,Savings,117,3,76125,13,12,10,1,0.86,1,22,25375.0
CUST2322,49,Female,Employed,Fixed Deposit,169,1,540384,9,6,16,1,0.56,0,22,540384.0
CUST0186,21,Female,Employed,Savings,155,3,1693,9,8,9,0,0.82,0,17,564.33
CUST1081,43,Male,Self-employed,Savings,169,1,2384,13,13,11,2,0.93,0,24,2384.0
CUST2023,18,Female,Employed,Savings,87,2,203622,19,7,14,0,0.97,0,21,101811.0
CUST2967,46,Female,Unemployed,Current,32,1,60401,20,12,5,0,0.68,1,17,60401.0
CUST0520,48,Female,Employed,Savings,44,3,135076,18,9,7,0,0.71,0,16,45025.33
CUST2699,37,Female,Employed,Savings,149,2,575916,16,8,7,0,0.85,1,15,287958.0
CUST2890,18,Female,Employed,Savings,73,2,76420,16,10,10,0,0.6,0,20,38210.0
CUST0874,46,Female,Employed,Savings,131,1,110834,25,7,19,1,0.55,0,26,110834.0
CUST1412,44,Female,Employed,Savings,99,2,162973,12,7,11,0,0.78,0,18,81486.5
CUST2741,48,Male,Self-employed,Current,39,4,138175,15,13,5,2,0.96,0,18,34543.75
CUST2561,33,Female,Self-employed,Savings,44,3,128372,18,8,8,0,0.58,0,16,42790.67
CUST1435,34,Male,Employed,Savings,82,3,30661,12,7,9,0,0.81,1,16,10220.33
CUST1056,48,Female,Employed,Fixed Deposit,60,3,75835,15,9,11,0,0.56,0,20,25278.33
CUST1685,41,Male,Employed,Savings,74,3,62420,16,9,15,0,0.83,0,24,20806.67
CUST1467,24,Male,Self-employed,Savings,126,1,16949,16,10,8,0,0.84,0,18,16949.0
CUST1487,41,Male,Employed,Current,162,3,106106,10,7,5,0,0.86,0,12,35368.67
CUST0058,39,Female,Self-employed,Savings,123,1,72943,9,9,4,0,0.78,0,13,72943.0
CUST2079,42,Female,Employed,Savings,124,3,82579,12,12,5,0,0.79,0,17,27526.33
CUST0517,40,Male,Self-employed,Savings,144,4,99098,16,8,9,0,0.95,0,17,24774.5
CUST2575,40,Male,Unemployed,Savings,20,4,75608,11,4,6,0,0.67,1,10,18902.0
CUST0064,42,Male,Employed,Savings,108,3,23304,14,6,9,0,0.93,0,15,7768.0
CUST1241,32,Male,Employed,Current,121,2,153750,18,7,16,0,0.75,0,23,76875.0
CUST0257,49,Female,Unemployed,Current,37,1,37555,16,11,3,0,0.53,0,14,37555.0
CUST1245,26,Male,Self-employed,Current,146,3,43408,24,9,8,0,0.92,0,17,14469.33
CUST1061,40,Female,Employed,Savings,69,4,27493,26,12,13,0,0.92,0,25,6873.25
CUST1475,18,Male,Employed,Fixed Deposit,26,1,133812,14,6,9,0,0.86,1,15,133812.0
CUST0269,36,Male,Employed,Fixed Deposit,31,1,173082,8,8,9,1,0.7,1,17,173082.0
CUST0875,35,Female,Employed,Savings,19,3,74478,20,7,8,0,0.53,0,15,24826.0
CUST1632,30,Male,Self-employed,Savings,29,3,122717,16,16,8,1,0.98,0,24,40905.67
CUST2542,19,Male,Unemployed,Savings,77,2,107696,21,12,12,0,0.88,0,24,53848.0
CUST1361,18,Male,Employed,Current,43,2,240395,13,6,9,0,0.54,1,15,120197.5
CUST2427,34,Male,Unemployed,Savings,153,3,818,14,11,10,0,0.67,0,21,272.67
CUST1808,18,Male,Employed,Savings,44,1,58014,9,6,12,0,0.6,1,18,58014.0
CUST2848,34,Male,Unemployed,Savings,165,1,48341,21,7,9,0,0.97,0,16,48341.0
CUST2651,45,Female,Employed,Current,86,3,74868,18,10,9,0,0.73,0,19,24956.0
CUST2399,43,Male,Self-employed,Savings,84,1,59463,18,6,9,0,0.92,0,15,59463.0
CUST1420,29,Female,Unemployed,Fixed Deposit,128,3,73500,21,12,18,0,0.62,0,30,24500.0
CUST1782,45,Female,Employed,Savings,45,4,20183,18,11,13,1,0.64,0,24,5045.75
CUST1087,55,Female,Self-employed,Savings,147,1,23354,14,10,11,0,0.63,0,21,23354.0
CUST0579,42,Female,Employed,Savings,68,4,91353,11,5,11,0,0.99,0,16,22838.25
CUST0181,40,Male,Employed,Current,138,1,460184,13,12,10,0,0.82,0,22,460184.0
CUST1676,28,Male,Employed,Savings,54,3,140258,16,8,10,0,0.6,0,18,46752.67
CUST1929,26,Female,Employed,Savings,57,4,127647,14,11,15,0,0.95,0,26,31911.75
CUST1169,34,Female,Employed,Current,50,2,83953,17,6,6,0,0.51,0,12,41976.5
CUST2037,43,Female,Employed,Savings,80,2,17767,20,11,12,0,0.65,0,23,8883.5
CUST2534,26,Female,Employed,Savings,126,4,177483,12,5,8,0,0.53,0,13,44370.75
CUST2537,27,Female,Unemployed,Savings,19,1,43987,12,9,13,0,0.65,0,22,43987.0
CUST0129,30,Male,Employed,Savings,99,4,106640,12,8,8,1,0.61,1,16,26660.0
CUST1623,34,Female,Employed,Savings,179,4,136064,14,6,5,0,0.8,0,11,34016.0
CUST2933,23,Female,Employed,Savings,31,1,165323,12,3,7,1,0.64,1,10,165323.0
CUST0771,50,Male,Unemployed,Current,56,2,260385,10,9,7,0,0.64,0,16,130192.5
CUST2038,41,Male,Self-employed,Savings,169,1,17660,11,14,9,1,0.54,0,23,17660.0
CUST0199,38,Female,Self-employed,Current,32,1,247037,11,6,5,0,0.89,1,11,247037.0
CUST0038,19,Female,Employed,Savings,117,2,54131,12,8,12,0,0.55,0,20,27065.5
CUST1263,18,Male,Self-employed,Current,149,1,475331,16,9,10,0,0.98,0,19,475331.0
CUST1656,42,Female,Employed,Savings,168,1,40179,17,7,11,0,0.68,0,18,40179.0
CUST2194,41,Male,Employed,Savings,79,3,105881,18,5,7,0,0.74,0,12,35293.67
CUST0030,44,Female,Employed,Savings,70,1,122079,18,7,6,1,0.85,0,13,122079.0
CUST0569,36,Female,Employed,Current,22,4,140965,25,3,11,1,0.64,1,14,35241.25
CUST0240,19,Male,Employed,Savings,103,1,229724,22,10,8,0,0.96,0,18,229724.0
CUST0507,34,Female,Employed,Savings,66,4,7963,22,7,7,0,0.75,0,14,1990.75
CUST0128,51,Male,Self-employed,Current,98,3,102182,15,9,9,0,0.94,1,18,34060.67
CUST0151,29,Female,Employed,Savings,157,1,108545,22,8,9,0,0.62,0,17,108545.0
CUST0863,24,Female,Unemployed,Savings,81,3,255663,9,5,10,0,0.74,0,15,85221.0
CUST2866,18,Male,Employed,Current,50,3,32038,12,4,11,0,0.94,1,15,10679.33
CUST2919,38,Female,Unemployed,Savings,94,2,272835,15,5,11,0,0.91,0,16,136417.5
CUST2858,42,Male,Self-employed,Savings,96,1,162839,9,6,8,0,0.67,0,14,162839.0
CUST0230,44,Female,Employed,Savings,178,1,69496,11,9,9,0,0.61,1,18,69496.0
CUST2221,41,Male,Self-employed,Savings,41,2,31401,16,7,7,0,0.51,0,14,15700.5
CUST0880,45,Male,Employed,Savings,153,2,351894,14,11,10,0,0.55,0,21,175947.0
CUST2598,30,Female,Employed,Current,105,1,174793,13,8,5,0,0.64,0,13,174793.0
CUST1001,27,Male,Employed,Savings,27,4,91984,15,8,8,0,0.72,1,16,22996.0
CUST2825,43,Male,Employed,Savings,78,1,33427,13,13,8,0,0.88,0,21,33427.0
CUST0057,53,Male,Self-employed,Current,137,1,73846,14,2,10,1,0.54,0,12,73846.0
CUST1397,36,Female,Self-employed,Savings,163,2,224558,18,8,6,0,0.93,0,14,112279.0
CUST1190,44,Male,Employed,Savings,130,2,136654,17,12,18,0,0.85,0,30,68327.0
CUST1607,45,Male,Employed,Current,99,1,119297,20,15,11,0,0.88,0,26,119297.0
CUST0542,30,Female,Self-employed,Savings,25,3,15732,14,10,11,0,0.95,1,21,5244.0
CUST1216,36,Female,Self-employed,Current,163,1,23783,16,5,9,0,0.71,0,14,23783.0
CUST2425,42,Female,Self-employed,Savings,14,3,104222,11,10,11,1,0.88,1,21,34740.67
CUST0917,31,Male,Employed,Savings,79,3,3628,14,5,10,1,0.67,0,15,1209.33
CUST1346,23,Female,Self-employed,Savings,152,2,102667,12,11,9,0,0.91,1,20,51333.5
CUST0669,42,Male,Employed,Current,171,3,11043,17,12,11,0,0.65,0,23,3681.0
CUST0379,20,Female,Self-employed,Savings,150,3,74092,23,13,3,1,0.62,0,16,24697.33
CUST0475,45,Male,Employed,Current,164,1,109239,16,8,8,0,0.61,0,16,109239.0
CUST2393,30,Male,Self-employed,Current,171,4,40705,15,9,17,0,1.0,0,26,10176.25
CUST2027,37,Male,Employed,Current,164,2,21536,18,12,11,0,0.91,0,23,10768.0
CUST1528,26,Male,Self-employed,Current,148,1,449390,13,5,12,0,0.64,0,17,449390.0
CUST2085,38,Male,Employed,Current,76,1,488317,23,12,11,1,0.72,0,23,488317.0
CUST1969,42,Male,Employed,Savings,52,2,168577,14,3,12,0,0.73,0,15,84288.5
CUST0375,46,Male,Self-employed,Savings,61,3,226114,15,5,7,0,0.61,1,12,75371.33
CUST1908,41,Male,Employed,Savings,35,1,88479,13,7,9,0,0.51,0,16,88479.0
CUST0284,34,Female,Employed,Fixed Deposit,85,4,2400,19,8,11,0,0.53,0,19,600.0
CUST0604,26,Female,Employed,Savings,157,1,18403,13,8,11,0,0.84,0,19,18403.0
CUST1573,32,Male,Unemployed,Savings,85,2,94509,13,11,6,0,0.82,0,17,47254.5
CUST0124,42,Male,Unemployed,Current,151,1,157586,14,12,17,0,0.58,0,29,157586.0
CUST2646,52,Female,Unemployed,Current,41,1,412301,11,10,10,0,0.71,0,20,412301.0
CUST2436,38,Female,Unemployed,Savings,51,4,37864,19,10,11,0,0.76,1,21,9466.0
CUST1714,30,Male,Employed,Current,121,2,231850,10,8,9,0,0.79,0,17,115925.0
CUST1969,24,Male,Employed,Savings,36,2,408973,17,6,12,1,0.95,0,18,204486.5
CUST0253,32,Male,Employed,Savings,74,2,191933,9,6,11,0,0.96,0,17,95966.5
CUST0804,51,Female,Employed,Current,82,3,311046,12,13,8,0,0.71,0,21,103682.0
CUST1783,20,Female,Self-employed,Savings,72,2,66135,15,6,8,1,0.82,0,14,33067.5
CUST2037,25,Female,Self-employed,Savings,143,4,117453,14,6,14,0,0.88,0,20,29363.25
CUST1429,38,Male,Self-employed,Savings,179,3,8972,11,5,12,0,0.85,1,17,2990.67
CUST0490,18,Male,Employed,Savings,135,4,102712,14,11,8,1,0.74,0,19,25678.0
CUST1966,32,Female,Unemployed,Savings,78,1,160815,15,6,7,0,0.94,0,13,160815.0
CUST1872,33,Male,Employed,Savings,114,2,117549,16,10,8,0,0.57,0,18,58774.5
CUST2911,41,Female,Self-employed,Savings,127,2,25607,13,5,9,0,0.89,0,14,12803.5
CUST0790,63,Male,Self-employed,Current,27,3,142019,14,7,14,0,0.92,1,21,47339.67
CUST1369,25,Male,Employed,Current,45,3,28603,13,9,11,1,0.68,1,20,9534.33
CUST1936,28,Male,Employed,Savings,84,3,134791,17,9,10,1,0.95,0,19,44930.33
CUST1871,41,Female,Employed,Savings,92,1,315059,17,7,12,0,0.96,1,19,315059.0
CUST1131,19,Female,Employed,Fixed Deposit,78,4,39059,25,5,10,0,0.65,0,15,9764.75
CUST2132,35,Female,Employed,Current,77,1,12662,15,8,10,0,0.85,1,18,12662.0
CUST1952,37,Male,Employed,Savings,154,1,237641,17,10,10,0,0.7,0,20,237641.0
CUST0142,37,Female,Employed,Current,114,2,72547,14,8,10,0,0.69,0,18,36273.5
CUST1207,42,Female,Self-employed,Fixed Deposit,175,2,31300,15,7,13,0,0.55,0,20,15650.0
CUST2724,31,Male,Employed,Savings,69,4,64031,12,9,11,0,0.84,0,20,16007.75
CUST0739,37,Male,Employed,Savings,135,1,55956,13,6,15,0,0.65,0,21,55956.0
CUST1812,44,Female,Self-employed,Savings,179,2,779948,7,10,9,0,0.75,1,19,389974.0
CUST2598,41,Female,Employed,Fixed Deposit,43,1,87880,13,4,14,0,0.97,0,18,87880.0
CUST2129,36,Male,Employed,Savings,32,1,285661,11,8,15,1,0.74,0,23,285661.0
CUST1454,59,Male,Unemployed,Savings,137,1,118367,11,10,9,0,0.82,1,19,118367.0
CUST0867,32,Female,Employed,Savings,32,2,201230,17,7,6,0,0.75,0,13,100615.0
CUST2139,33,Male,Employed,Fixed Deposit,79,1,251263,11,10,9,0,0.5,0,19,251263.0
CUST1391,37,Male,Employed,Savings,171,1,245001,14,10,9,0,0.98,0,19,245001.0
CUST1405,45,Female,Employed,Savings,86,1,11934,15,12,9,0,0.75,0,21,11934.0
CUST1464,35,Male,Self-employed,Current,121,3,48838,14,8,12,0,0.72,1,20,16279.33
CUST0669,35,Female,Employed,Current,168,1,27185,19,6,10,0,0.78,0,16,27185.0
CUST0183,49,Female,Self-employed,Current,50,1,188732,14,10,8,1,0.97,0,18,188732.0
CUST0932,31,Female,Self-employed,Savings,52,3,37250,4,8,9,0,0.53,1,17,12416.67
CUST0958,38,Female,Employed,Savings,70,1,383377,19,6,11,0,0.9,1,17,383377.0
CUST0006,47,Male,Self-employed,Savings,30,1,274682,16,9,7,0,0.91,0,16,274682.0
CUST1835,49,Male,Employed,Fixed Deposit,108,3,151097,17,8,10,0,0.51,0,18,50365.67
CUST0655,41,Female,Employed,Fixed Deposit,40,4,23260,17,5,13,0,0.56,1,18,5815.0
CUST2593,32,Female,Self-employed,Savings,77,3,415938,13,3,8,0,0.69,0,11,138646.0
CUST0257,41,Female,Employed,Savings,154,1,59139,11,4,9,0,0.71,0,13,59139.0
CUST0863,29,Male,Self-employed,Current,138,3,129137,15,10,6,1,0.62,1,16,43045.67
CUST0108,35,Male,Self-employed,Savings,80,4,176706,9,10,13,0,0.97,0,23,44176.5
CUST1016,27,Male,Employed,Current,177,4,35978,21,6,8,0,0.67,0,14,8994.5
CUST1660,40,Female,Employed,Savings,59,1,177520,9,9,8,1,0.83,0,17,177520.0
CUST1275,32,Male,Employed,Current,171,1,328797,16,5,13,0,0.94,0,18,328797.0
CUST0578,33,Male,Employed,Current,153,1,500,15,7,15,0,0.51,0,22,500.0
CUST2036,49,Female,Employed,Savings,128,1,208603,12,5,11,1,0.51,0,16,208603.0
CUST0307,50,Female,Employed,Savings,141,3,423355,9,10,15,0,0.81,0,25,141118.33
CUST0396,44,Female,Employed,Savings,37,1,261061,19,7,7,1,0.78,0,14,261061.0
CUST1729,40,Male,Employed,Savings,49,2,268443,18,6,11,1,0.9,1,17,134221.5
CUST2747,42,Female,Employed,Savings,37,1,262441,17,8,9,0,0.66,1,17,262441.0
CUST2577,41,Male,Employed,Savings,105,2,283064,6,12,14,0,0.72,0,26,141532.0
CUST1403,35,Male,Self-employed,Current,130,1,721619,14,6,5,0,0.74,0,11,721619.0
CUST0647,28,Male,Employed,Current,28,2,277470,15,4,12,0,0.71,0,16,138735.0
CUST1359,33,Female,Employed,Savings,99,4,233621,14,5,8,0,0.51,0,13,58405.25
CUST1421,43,Female,Employed,Savings,44,1,72093,14,6,16,1,0.89,0,22,72093.0
CUST1982,39,Male,Employed,Current,77,1,72715,19,10,16,1,0.62,0,26,72715.0
CUST1935,37,Male,Employed,Savings,24,3,35850,24,11,9,0,0.7,0,20,11950.0
CUST1341,45,Female,Employed,Savings,51,2,188755,16,8,5,0,0.99,0,13,94377.5
CUST1422,19,Male,Employed,Current,145,3,126282,13,10,7,0,0.97,0,17,42094.0
CUST1316,40,Female,Self-employed,Current,41,2,49929,11,7,9,0,0.57,0,16,24964.5
CUST2754,38,Male,Unemployed,Savings,163,2,156395,15,6,11,0,0.86,0,17,78197.5
CUST2657,30,Female,Employed,Savings,173,1,446708,10,10,13,1,0.96,0,23,446708.0
CUST0182,36,Female,Employed,Savings,63,2,33588,17,9,12,0,0.56,1,21,16794.0
CUST0251,31,Male,Employed,Savings,152,3,275456,15,10,14,0,0.52,0,24,91818.67
CUST2327,52,Female,Employed,Current,109,1,712221,15,7,9,0,0.55,0,16,712221.0
CUST2701,38,Male,Self-employed,Current,53,1,94630,10,4,8,0,0.55,0,12,94630.0
CUST1679,34,Female,Self-employed,Fixed Deposit,87,1,181666,13,5,15,0,0.96,1,20,181666.0
CUST2703,34,Male,Self-employed,Savings,106,1,61847,15,8,9,0,0.66,0,17,61847.0
CUST0180,29,Male,Employed,Current,138,2,247562,16,11,9,0,0.92,0,20,123781.0
CUST2196,38,Female,Self-employed,Savings,107,4,383093,16,5,10,1,0.77,1,15,95773.25
CUST0790,25,Male,Self-employed,Savings,64,3,7975,18,5,10,1,0.89,0,15,2658.33
CUST0374,37,Female,Employed,Savings,98,1,120299,20,7,5,0,0.88,1,12,120299.0
CUST1339,18,Female,Self-employed,Savings,171,2,178985,10,6,19,0,0.78,0,25,89492.5
CUST1248,32,Male,Employed,Savings,179,4,73339,10,5,6,1,0.61,0,11,18334.75
CUST2200,46,Male,Employed,Current,32,1,108051,15,7,13,0,0.76,1,20,108051.0
CUST1869,31,Female,Employed,Current,177,2,182028,14,7,4,0,0.75,0,11,91014.0
CUST1034,42,Female,Employed,Savings,155,2,61976,11,11,12,2,0.72,0,23,30988.0
CUST1600,56,Male,Self-employed,Savings,25,2,65603,15,9,8,0,0.8,1,17,32801.5
CUST1094,45,Male,Employed,Savings,55,1,287764,23,11,8,1,0.84,0,19,287764.0
CUST2364,41,Male,Employed,Savings,155,2,259558,15,12,8,0,0.85,0,20,129779.0
CUST0917,43,Female,Employed,Fixed Deposit,141,3,77735,15,9,7,0,0.96,0,16,25911.67
CUST1506,21,Female,Employed,Current,80,2,42344,11,5,12,0,0.54,0,17,21172.0
CUST0293,26,Female,Employed,Current,115,2,40874,13,7,7,0,0.59,0,14,20437.0
CUST1664,55,Female,Unemployed,Current,57,2,123572,24,12,10,0,0.64,0,22,61786.0
CUST2367,30,Female,Self-employed,Savings,70,2,257089,17,11,13,1,0.94,0,24,128544.5
CUST0918,46,Female,Employed,Current,72,4,48079,16,11,16,0,0.96,0,27,12019.75
CUST2606,40,Male,Unemployed,Savings,15,3,259859,11,6,8,0,0.57,0,14,86619.67
CUST0773,22,Female,Employed,Current,97,2,171830,23,12,13,0,0.76,0,25,85915.0
CUST0443,42,Female,Unemployed,Current,135,1,1750,14,7,9,0,0.75,1,16,1750.0
CUST0568,30,Male,Unemployed,Savings,142,2,73247,17,5,7,1,0.85,0,12,36623.5
CUST1786,31,Female,Employed,Savings,34,1,141618,13,2,11,0,0.81,0,13,141618.0
CUST0485,29,Female,Employed,Savings,135,1,199506,12,8,9,0,0.93,1,17,199506.0
CUST0785,45,Male,Self-employed,Savings,123,3,48200,12,2,6,0,0.85,0,8,16066.67
CUST2013,43,Male,Employed,Fixed Deposit,103,1,102309,10,10,8,0,0.91,0,18,102309.0
CUST1481,40,Male,Self-employed,Fixed Deposit,161,2,124935,11,12,14,0,0.85,0,26,62467.5
CUST2850,42,Male,Employed,Savings,66,3,87737,17,9,9,0,0.91,0,18,29245.67
CUST1924,18,Female,Employed,Savings,177,2,86998,9,7,11,0,0.99,0,18,43499.0
CUST0352,35,Female,Employed,Savings,113,1,182904,14,2,8,0,0.86,0,10,182904.0
CUST0027,29,Male,Unemployed,Current,97,2,340175,14,12,9,0,0.69,0,21,170087.5
CUST1181,27,Female,Employed,Savings,89,2,88919,9,7,5,2,0.61,0,12,44459.5
CUST0520,27,Male,Employed,Savings,137,1,2329,13,11,11,0,0.61,0,22,2329.0
CUST1347,31,Male,Unemployed,Savings,45,1,33404,21,13,7,0,0.6,1,20,33404.0
CUST1540,27,Female,Self-employed,Fixed Deposit,59,1,132338,18,5,3,0,0.76,1,8,132338.0
CUST0465,25,Male,Employed,Current,34,1,215011,16,10,7,0,0.53,0,17,215011.0
CUST0842,54,Male,Self-employed,Savings,38,3,334114,23,11,11,0,0.75,1,22,111371.33
CUST0594,40,Female,Employed,Savings,41,2,256990,13,8,9,0,1.0,1,17,128495.0
CUST1304,36,Female,Self-employed,Current,72,1,75341,25,9,10,0,0.53,0,19,75341.0
CUST0517,49,Female,Unemployed,Savings,32,2,75177,14,6,7,0,0.88,1,13,37588.5
CUST2117,25,Male,Employed,Savings,83,3,72205,16,9,5,0,0.52,0,14,24068.33
CUST2909,35,Female,Employed,Savings,153,2,216557,5,6,8,0,0.8,1,14,108278.5
CUST1041,45,Female,Employed,Current,145,2,861,10,8,16,0,0.63,0,24,430.5
CUST0321,31,Female,Employed,Current,45,2,1090542,15,9,11,1,0.78,0,20,545271.0
CUST1294,22,Male,Employed,Savings,111,1,323401,11,7,6,0,0.72,0,13,323401.0
CUST1420,29,Male,Self-employed,Savings,134,2,33234,13,5,13,0,0.58,1,18,16617.0
CUST0558,28,Male,Self-employed,Savings,93,3,21404,16,6,8,0,0.62,0,14,7134.67
CUST2140,40,Female,Self-employed,Fixed Deposit,175,2,217803,18,3,4,0,0.84,0,7,108901.5
CUST2099,44,Male,Unemployed,Savings,21,3,54188,14,7,11,0,0.78,0,18,18062.67
CUST2963,31,Female,Employed,Fixed Deposit,91,2,44627,8,9,8,0,0.76,0,17,22313.5
CUST1561,18,Male,Employed,Savings,26,4,68099,13,7,10,0,0.68,0,17,17024.75
CUST2581,33,Female,Self-employed,Current,169,2,40478,15,5,10,0,0.83,0,15,20239.0
CUST0605,42,Male,Self-employed,Savings,61,1,565670,11,6,13,0,0.86,0,19,565670.0
CUST1970,25,Female,Employed,Current,59,2,143497,13,9,10,0,0.68,0,19,71748.5
CUST0872,38,Female,Unemployed,Savings,152,4,140561,17,9,7,0,0.78,0,16,35140.25
CUST1458,37,Male,Self-employed,Savings,97,2,72724,17,6,12,0,0.62,0,18,36362.0
CUST1928,23,Male,Employed,Savings,171,2,81351,14,6,8,0,0.8,1,14,40675.5
CUST0959,50,Male,Unemployed,Savings,98,2,75691,17,7,10,1,0.98,0,17,37845.5
CUST0640,40,Male,Employed,Savings,49,3,304045,21,9,10,0,0.74,1,19,101348.33
CUST2865,43,Female,Unemployed,Savings,35,1,71864,12,9,11,0,0.69,0,20,71864.0
CUST0229,50,Female,Employed,Savings,121,1,65501,13,5,11,0,0.73,0,16,65501.0
CUST2018,29,Male,Employed,Savings,103,1,195685,15,6,9,1,0.53,0,15,195685.0
CUST2385,27,Female,Self-employed,Current,171,4,22076,19,6,11,0,0.97,0,17,5519.0
CUST2800,34,Female,Self-employed,Current,23,3,128560,20,9,10,1,0.84,0,19,42853.33
CUST2530,42,Male,Employed,Savings,110,2,411679,20,8,12,0,0.85,0,20,205839.5
CUST2329,30,Male,Self-employed,Savings,57,1,277391,13,7,12,1,0.74,1,19,277391.0
CUST1496,29,Male,Employed,Current,138,2,84736,8,10,11,1,0.54,1,21,42368.0
CUST2806,35,Male,Employed,Savings,94,1,83079,13,6,7,0,0.94,1,13,83079.0
CUST0344,18,Male,Unemployed,Savings,55,3,42087,19,4,14,0,0.69,1,18,14029.0
CUST2136,24,Male,Unemployed,Savings,119,2,142000,12,11,15,0,0.73,0,26,71000.0
CUST1492,19,Male,Self-employed,Savings,174,1,217164,17,8,8,0,0.82,0,16,217164.0
CUST2426,46,Male,Employed,Savings,65,2,320378,14,10,12,1,0.75,0,22,160189.0
CUST1320,34,Female,Unemployed,Savings,90,1,500,19,6,12,1,0.65,0,18,500.0
CUST2459,36,Female,Employed,Savings,56,3,137049,15,14,17,0,0.8,0,31,45683.0
CUST2649,34,Male,Self-employed,Current,84,3,41960,12,5,14,0,0.92,0,19,13986.67
CUST2678,21,Male,Employed,Savings,62,1,21484,17,16,8,1,0.71,0,24,21484.0
CUST0624,27,Male,Unemployed,Savings,30,4,203634,22,13,8,0,0.58,0,21,50908.5
CUST1911,42,Male,Employed,Savings,174,2,306304,14,5,15,0,0.83,0,20,153152.0
CUST2131,44,Female,Self-employed,Savings,86,2,50380,16,6,7,0,0.57,0,13,25190.0
CUST1199,38,Male,Employed,Savings,91,2,273323,14,14,17,0,0.98,0,31,136661.5
CUST2720,34,Female,Unemployed,Fixed Deposit,118,2,56791,15,14,12,1,0.7,0,26,28395.5
CUST2151,31,Female,Unemployed,Current,175,1,59416,16,7,7,1,0.51,0,14,59416.0
CUST1959,54,Male,Employed,Savings,171,2,39564,12,12,15,1,0.84,0,27,19782.0
CUST0243,32,Male,Self-employed,Savings,163,1,480303,15,4,19,1,0.78,0,23,480303.0
CUST0761,33,Male,Employed,Current,27,2,53838,11,8,7,0,0.52,0,15,26919.0
CUST0173,38,Male,Self-employed,Fixed Deposit,17,1,118410,8,10,10,0,0.74,1,20,118410.0
CUST2552,37,Female,Self-employed,Savings,20,2,295026,11,5,9,0,0.53,0,14,147513.0
CUST0639,21,Male,Employed,Savings,20,2,161568,23,10,8,0,0.79,1,18,80784.0
CUST1891,33,Female,Employed,Current,177,3,12342,16,4,8,0,0.94,0,12,4114.0
CUST2195,41,Male,Self-employed,Savings,88,2,69584,5,2,11,0,0.97,0,13,34792.0
CUST0606,23,Female,Employed,Savings,148,2,221404,10,5,9,0,0.85,0,14,110702.0
CUST2576,47,Male,Employed,Current,57,3,316210,14,8,13,0,0.97,0,21,105403.33
CUST1971,24,Female,Self-employed,Current,143,4,292766,21,4,12,0,0.92,0,16,73191.5
CUST2105,18,Male,Employed,Savings,69,2,155724,24,9,12,0,0.77,0,21,77862.0
CUST0322,22,Female,Employed,Savings,162,4,33151,11,5,5,0,0.83,0,10,8287.75
CUST2178,47,Male,Employed,Savings,114,3,450059,19,11,16,1,0.55,1,27,150019.67
CUST1441,45,Female,Employed,Current,135,1,123464,22,10,8,0,0.66,1,18,123464.0
CUST2242,56,Male,Employed,Savings,103,2,265589,17,10,14,0,0.8,0,24,132794.5
CUST2170,30,Female,Employed,Savings,23,3,59699,17,12,10,0,0.64,0,22,19899.67
CUST1159,45,Male,Self-employed,Savings,172,2,64853,10,8,6,1,0.89,0,14,32426.5
CUST1718,45,Male,Unemployed,Current,34,1,7172,19,7,13,0,0.56,0,20,7172.0
CUST1534,18,Male,Self-employed,Savings,50,3,369678,16,7,7,0,0.72,0,14,123226.0
CUST2658,33,Male,Employed,Savings,74,3,179685,14,11,8,0,0.99,1,19,59895.0
CUST2294,34,Male,Employed,Current,104,2,15408,23,14,5,1,0.73,1,19,7704.0
CUST0810,18,Female,Self-employed,Savings,84,4,118345,21,4,10,0,0.97,1,14,29586.25
CUST0387,32,Female,Employed,Current,35,1,14130,16,5,14,0,0.89,0,19,14130.0
CUST0753,26,Female,Employed,Fixed Deposit,123,1,151193,12,3,11,1,0.87,0,14,151193.0
CUST1948,37,Female,Employed,Current,102,2,47826,15,9,14,0,0.54,0,23,23913.0
CUST0009,43,Female,Self-employed,Current,129,4,101357,14,8,12,2,0.82,0,20,25339.25
CUST1149,28,Female,Employed,Savings,19,4,90987,12,7,8,0,0.88,0,15,22746.75
CUST0559,37,Male,Employed,Current,157,1,382949,12,7,16,0,0.78,0,23,382949.0
CUST1280,32,Male,Employed,Savings,21,4,107255,15,19,9,0,0.52,0,28,26813.75
CUST0949,52,Male,Self-employed,Current,141,4,30730,12,7,10,0,0.94,0,17,7682.5
CUST0155,30,Male,Employed,Savings,43,2,174507,18,4,10,0,0.89,0,14,87253.5
CUST0469,39,Male,Self-employed,Fixed Deposit,21,1,181529,20,6,12,0,0.54,0,18,181529.0
CUST1264,59,Male,Employed,Savings,72,1,437983,7,8,6,0,0.54,0,14,437983.0
CUST0920,26,Female,Employed,Savings,55,2,111040,17,9,14,0,0.69,1,23,55520.0
CUST1185,25,Female,Self-employed,Savings,76,3,301718,19,7,9,0,0.69,0,16,100572.67
CUST0611,32,Female,Self-employed,Savings,143,3,103891,14,6,6,0,0.82,0,12,34630.33
CUST0528,27,Male,Self-employed,Current,147,3,37216,15,7,16,0,0.63,0,23,12405.33
CUST2346,33,Female,Unemployed,Current,176,1,86885,12,10,8,0,0.99,1,18,86885.0
CUST1316,20,Female,Employed,Current,130,2,174279,16,6,9,0,0.69,1,15,87139.5
CUST0252,36,Female,Employed,Savings,44,1,62448,22,5,9,0,0.83,0,14,62448.0
CUST0200,18,Male,Employed,Current,130,2,312863,15,11,7,0,0.74,0,18,156431.5
CUST2847,27,Male,Employed,Current,81,3,9379,20,6,15,1,0.92,0,21,3126.33
CUST0305,33,Female,Self-employed,Savings,99,1,228143,9,10,9,0,0.94,0,19,228143.0
CUST1238,23,Female,Employed,Current,162,3,48176,19,9,11,0,0.5,1,20,16058.67
CUST1597,38,Female,Employed,Fixed Deposit,15,3,42576,17,12,20,0,0.63,1,32,14192.0
CUST0036,24,Male,Self-employed,Savings,60,2,21908,9,3,11,0,0.6,0,14,10954.0
CUST2808,34,Female,Employed,Fixed Deposit,37,2,109623,14,13,12,0,0.97,1,25,54811.5
CUST2687,27,Female,Self-employed,Savings,66,2,86960,15,14,14,0,0.99,1,28,43480.0
CUST1291,27,Male,Self-employed,Savings,147,3,70791,13,5,7,0,0.63,0,12,23597.0
CUST0100,30,Female,Employed,Savings,158,4,68456,16,8,12,0,0.58,1,20,17114.0
CUST2872,45,Male,Self-employed,Savings,133,1,273237,15,8,12,0,0.55,0,20,273237.0
CUST2092,25,Female,Self-employed,Savings,39,1,32036,10,11,15,0,0.95,0,26,32036.0
CUST2812,21,Female,Self-employed,Savings,163,3,82772,13,11,12,0,0.7,0,23,27590.67
CUST0260,41,Female,Self-employed,Savings,134,1,11628,11,14,3,0,0.5,1,17,11628.0
CUST0298,36,Female,Employed,Savings,13,1,275300,14,17,7,0,0.77,1,24,275300.0
CUST1394,36,Male,Employed,Fixed Deposit,36,2,95963,10,8,14,0,0.74,0,22,47981.5
CUST0172,22,Male,Employed,Savings,173,3,52491,16,10,15,0,0.83,0,25,17497.0
CUST2876,49,Female,Employed,Savings,46,3,150258,16,6,13,0,0.58,0,19,50086.0
CUST1216,35,Male,Self-employed,Fixed Deposit,21,3,159743,16,7,6,0,0.86,1,13,53247.67
CUST0017,27,Male,Employed,Savings,101,4,247756,22,11,12,1,0.62,0,23,61939.0
CUST0365,18,Female,Employed,Current,97,2,324009,18,11,11,0,0.54,0,22,162004.5
CUST0713,27,Male,Self-employed,Savings,80,1,659644,18,7,6,0,0.59,1,13,659644.0
CUST2440,30,Male,Employed,Current,156,2,20386,16,7,5,0,0.9,0,12,10193.0
CUST2357,38,Male,Employed,Fixed Deposit,108,1,38203,12,11,9,0,0.63,0,20,38203.0
CUST1261,29,Female,Self-employed,Savings,33,1,453495,15,12,9,0,0.69,0,21,453495.0
CUST1323,47,Female,Self-employed,Current,116,2,95445,19,7,10,1,0.76,0,17,47722.5
CUST1637,34,Female,Self-employed,Savings,96,1,116664,12,8,17,0,0.72,0,25,116664.0
CUST1523,39,Male,Employed,Savings,137,1,4570,12,6,10,0,0.68,0,16,4570.0
CUST0440,40,Male,Self-employed,Savings,71,2,20776,19,11,9,0,0.67,0,20,10388.0
CUST2301,38,Male,Employed,Savings,86,1,273807,16,4,8,0,0.7,1,12,273807.0
CUST0692,37,Male,Employed,Savings,129,3,75195,16,11,12,0,0.94,1,23,25065.0
CUST1229,46,Female,Employed,Savings,57,1,134520,20,9,13,0,0.63,0,22,134520.0
CUST1134,38,Female,Unemployed,Savings,156,2,53336,12,9,6,0,0.75,1,15,26668.0
CUST1316,30,Male,Unemployed,Savings,54,1,34621,23,10,12,0,0.73,0,22,34621.0
CUST2169,58,Male,Self-employed,Current,51,1,42550,9,7,11,0,0.84,0,18,42550.0
CUST1605,45,Female,Employed,Savings,91,2,500,14,7,10,0,0.68,0,17,250.0
CUST2233,33,Female,Unemployed,Current,26,2,263012,14,7,14,0,0.74,0,21,131506.0
CUST2769,39,Female,Employed,Current,164,1,30443,10,7,10,0,0.56,0,17,30443.0
CUST0418,48,Female,Self-employed,Savings,74,3,2450,17,14,12,0,0.7,0,26,816.67
CUST2705,32,Female,Employed,Current,31,2,47359,12,6,9,0,0.88,1,15,23679.5
CUST2570,46,Female,Self-employed,Savings,166,2,27159,17,4,9,0,0.81,0,13,13579.5
CUST2692,42,Female,Employed,Savings,149,3,270654,18,7,13,0,0.64,1,20,90218.0
CUST2362,27,Female,Employed,Savings,146,4,380755,22,6,13,1,0.71,0,19,95188.75
CUST2286,18,Female,Self-employed,Savings,114,4,74883,20,7,11,0,0.96,0,18,18720.75
CUST2289,46,Female,Employed,Savings,21,2,257326,6,9,5,1,0.82,1,14,128663.0
CUST2747,62,Male,Employed,Savings,178,2,272743,14,7,7,1,0.92,0,14,136371.5
CUST1056,50,Male,Employed,Savings,131,1,152608,18,7,11,0,0.99,0,18,152608.0
CUST0122,37,Male,Unemployed,Current,61,4,7153,19,7,9,0,0.97,0,16,1788.25
CUST2510,63,Male,Self-employed,Current,26,2,29746,10,6,9,0,0.67,0,15,14873.0
CUST0355,53,Female,Employed,Savings,68,2,47011,11,16,7,0,0.64,0,23,23505.5
CUST2698,40,Male,Employed,Current,178,1,283466,18,8,8,2,0.51,0,16,283466.0
CUST2518,37,Female,Unemployed,Fixed Deposit,174,4,26820,19,11,9,1,0.67,0,20,6705.0
CUST2522,46,Male,Self-employed,Savings,32,1,24508,13,9,13,0,0.78,0,22,24508.0
CUST0133,48,Female,Employed,Current,104,1,20831,7,16,6,0,0.61,0,22,20831.0
CUST0513,36,Male,Employed,Fixed Deposit,85,1,42039,24,9,14,1,0.57,0,23,42039.0
CUST1170,23,Female,Self-employed,Savings,52,2,139405,17,7,8,0,0.9,0,15,69702.5
CUST2378,32,Female,Self-employed,Current,158,2,123580,11,7,6,0,0.89,0,13,61790.0
CUST0337,18,Female,Employed,Current,63,3,491881,19,14,8,1,0.71,1,22,163960.33
CUST1495,31,Female,Employed,Savings,32,1,182865,15,8,10,0,0.61,0,18,182865.0
CUST0263,29,Female,Employed,Savings,45,3,368782,14,7,16,0,0.6,0,23,122927.33
CUST0754,35,Male,Self-employed,Fixed Deposit,45,3,87733,12,1,11,0,0.62,1,12,29244.33
CUST0277,18,Male,Employed,Current,158,1,71795,8,12,5,0,0.69,0,17,71795.0
CUST0939,18,Male,Employed,Current,23,3,364252,20,9,15,0,0.93,0,24,121417.33
CUST2476,44,Male,Self-employed,Fixed Deposit,93,4,193116,19,3,8,1,0.81,1,11,48279.0
CUST2893,31,Female,Employed,Savings,76,2,58696,9,9,13,0,0.89,1,22,29348.0
CUST2415,41,Male,Self-employed,Savings,82,2,58694,15,5,7,0,0.69,1,12,29347.0
CUST2797,43,Male,Unemployed,Savings,169,1,317184,15,5,12,0,0.91,0,17,317184.0
CUST0417,54,Male,Employed,Savings,176,1,216675,20,6,7,0,0.68,0,13,216675.0
CUST0508,29,Female,Employed,Savings,129,2,42890,10,5,13,0,0.69,0,18,21445.0
CUST2113,36,Female,Unemployed,Current,34,2,55319,12,5,11,0,0.99,1,16,27659.5
CUST0058,64,Female,Employed,Current,96,3,66920,19,5,8,1,0.93,0,13,22306.67
CUST2479,40,Female,Employed,Savings,101,2,204899,14,6,9,0,0.92,0,15,102449.5
CUST1213,51,Female,Employed,Savings,57,1,32608,14,10,8,0,0.72,0,18,32608.0
CUST1419,46,Male,Self-employed,Savings,37,1,4761,13,4,11,0,0.65,0,15,4761.0
CUST2389,27,Male,Self-employed,Savings,56,1,10344,14,11,4,0,0.95,0,15,10344.0
CUST1381,40,Male,Employed,Savings,110,3,264961,22,7,8,1,0.58,1,15,88320.33
CUST2947,20,Male,Employed,Savings,50,2,352162,24,12,13,0,0.52,1,25,176081.0
CUST1420,52,Male,Employed,Savings,108,1,95271,14,10,9,1,0.91,0,19,95271.0
CUST2936,29,Female,Self-employed,Savings,76,1,343770,19,3,12,0,0.92,0,15,343770.0
CUST1854,30,Female,Employed,Current,55,1,12006,13,5,6,0,0.51,1,11,12006.0
CUST2726,54,Male,Employed,Savings,162,1,101312,10,10,7,0,0.55,0,17,101312.0
CUST2815,38,Female,Self-employed,Current,22,3,60914,11,14,8,0,0.75,0,22,20304.67
CUST2759,56,Female,Employed,Savings,65,1,360550,13,12,9,0,0.98,0,21,360550.0
CUST2041,27,Female,Employed,Current,124,3,62984,12,9,10,1,0.88,0,19,20994.67
CUST1316,45,Female,Employed,Current,32,2,70662,13,7,5,0,0.89,1,12,35331.0
CUST2303,24,Female,Self-employed,Current,151,1,242902,17,8,17,0,0.81,0,25,242902.0
CUST1002,32,Male,Employed,Savings,124,2,22677,8,12,8,0,0.77,0,20,11338.5
CUST1481,49,Female,Unemployed,Current,162,4,93337,19,4,12,1,0.83,0,16,23334.25
CUST1672,42,Male,Employed,Savings,107,2,29738,14,5,7,1,0.75,0,12,14869.0
CUST0697,39,Male,Employed,Savings,122,1,50212,13,6,10,0,0.94,0,16,50212.0
CUST1563,49,Female,Employed,Current,161,2,173134,18,12,10,0,0.9,0,22,86567.0
CUST2938,52,Male,Employed,Fixed Deposit,172,1,225863,7,6,13,0,0.93,1,19,225863.0
CUST2558,38,Male,Employed,Savings,171,2,20745,12,13,12,0,0.75,0,25,10372.5
CUST0055,32,Female,Employed,Savings,128,2,208692,16,8,10,0,0.84,0,18,104346.0
CUST0544,36,Male,Employed,Savings,29,3,94972,14,14,9,0,0.91,0,23,31657.33
CUST2840,31,Female,Self-employed,Savings,164,3,104916,14,10,7,0,0.87,0,17,34972.0
CUST1127,21,Male,Employed,Savings,125,1,672027,17,8,6,1,0.65,0,14,672027.0
CUST0510,32,Male,Self-employed,Savings,111,2,493005,22,4,6,0,0.91,1,10,246502.5
CUST1830,28,Male,Employed,Current,114,1,43125,18,9,11,0,0.96,0,20,43125.0
CUST1365,35,Male,Unemployed,Current,49,3,17787,14,6,11,0,0.68,0,17,5929.0
CUST2899,28,Male,Employed,Fixed Deposit,147,1,98478,8,10,12,0,0.97,0,22,98478.0
CUST0023,25,Female,Employed,Current,40,3,101714,16,5,9,0,0.87,0,14,33904.67
CUST2959,31,Female,Self-employed,Savings,37,3,7832,17,9,11,1,0.82,0,20,2610.67
CUST0009,39,Male,Employed,Savings,35,2,61904,11,15,8,0,0.75,0,23,30952.0
CUST2911,31,Female,Self-employed,Savings,164,1,145038,18,3,16,0,0.54,0,19,145038.0
CUST2758,25,Female,Unemployed,Current,129,1,148952,19,6,11,0,0.66,1,17,148952.0
CUST2396,18,Female,Self-employed,Current,109,2,381098,17,3,12,0,0.91,1,15,190549.0
CUST2383,34,Male,Employed,Savings,78,4,200312,17,12,15,0,0.58,0,27,50078.0
CUST1784,33,Male,Employed,Savings,102,2,36975,19,11,10,0,0.94,1,21,18487.5
CUST2729,35,Male,Employed,Savings,37,2,129936,8,11,10,0,0.9,0,21,64968.0
CUST1640,18,Male,Self-employed,Current,86,1,53604,16,8,12,0,0.93,0,20,53604.0
CUST0295,27,Female,Self-employed,Savings,16,3,31016,14,12,12,0,0.97,1,24,10338.67
CUST2034,18,Male,Employed,Current,85,4,196181,21,8,11,0,0.9,0,19,49045.25
CUST1755,25,Female,Employed,Savings,37,1,170981,14,4,11,0,0.93,0,15,170981.0
CUST0586,40,Female,Employed,Savings,153,1,47545,13,9,13,0,0.67,0,22,47545.0
CUST1164,47,Male,Employed,Savings,18,1,62192,13,9,11,0,0.7,0,20,62192.0
CUST0619,38,Male,Unemployed,Current,172,2,180611,18,4,10,0,0.66,0,14,90305.5
CUST1675,27,Female,Unemployed,Current,105,3,3797,11,5,10,1,0.77,1,15,1265.67
CUST0777,38,Male,Self-employed,Savings,175,2,360726,18,10,15,0,0.97,0,25,180363.0
CUST2496,37,Male,Employed,Savings,163,1,270176,12,8,9,0,0.54,0,17,270176.0
CUST2707,38,Female,Unemployed,Savings,20,4,266177,18,7,11,0,0.68,0,18,66544.25
CUST1538,22,Female,Unemployed,Savings,54,1,244518,12,10,9,0,0.97,1,19,244518.0
CUST1251,27,Female,Employed,Fixed Deposit,55,1,177343,12,9,10,0,0.98,1,19,177343.0
CUST0441,33,Female,Employed,Savings,144,4,90753,15,11,12,0,0.54,0,23,22688.25
CUST0237,39,Female,Employed,Savings,164,2,28010,10,6,8,0,0.52,0,14,14005.0
CUST0118,44,Female,Self-employed,Savings,176,1,165025,14,7,10,0,0.54,0,17,165025.0
CUST0055,18,Female,Self-employed,Current,96,3,186989,14,3,11,0,0.51,0,14,62329.67
CUST0481,39,Female,Self-employed,Savings,107,1,16176,16,8,7,0,0.81,1,15,16176.0
CUST2936,31,Male,Employed,Current,48,2,82806,18,5,9,0,0.6,1,14,41403.0
CUST0952,29,Male,Self-employed,Savings,82,4,22704,13,9,13,0,0.62,0,22,5676.0
CUST1931,33,Female,Self-employed,Current,78,3,89959,14,11,13,1,0.68,1,24,29986.33
CUST2499,35,Male,Self-employed,Savings,130,3,96070,11,10,9,0,0.52,1,19,32023.33
CUST1327,50,Female,Self-employed,Savings,81,3,160000,14,10,11,1,0.6,1,21,53333.33
CUST0163,34,Female,Self-employed,Fixed Deposit,115,2,1477,20,7,12,0,0.9,0,19,738.5
CUST2966,37,Male,Self-employed,Savings,127,1,296830,12,3,13,0,0.95,0,16,296830.0
CUST2895,28,Female,Employed,Savings,163,1,407244,14,7,18,0,0.98,0,25,407244.0
CUST0305,45,Male,Self-employed,Fixed Deposit,23,2,148514,11,10,15,1,0.54,0,25,74257.0
CUST2330,35,Male,Employed,Current,142,1,347389,12,8,8,0,0.85,1,16,347389.0
CUST2112,28,Female,Employed,Current,76,1,233694,17,2,8,2,0.86,0,10,233694.0
CUST0427,44,Male,Employed,Savings,159,2,14201,13,6,9,0,0.54,0,15,7100.5
CUST2393,38,Male,Employed,Savings,167,1,378635,10,13,20,0,0.62,0,33,378635.0
CUST2631,57,Female,Employed,Current,75,3,75153,9,5,8,0,0.52,0,13,25051.0
CUST1887,29,Male,Self-employed,Savings,15,3,101248,19,6,10,1,0.76,0,16,33749.33
CUST2158,46,Female,Employed,Savings,58,1,136925,16,10,11,0,0.65,0,21,136925.0
CUST1625,29,Female,Self-employed,Savings,22,2,367096,22,14,7,0,0.7,1,21,183548.0
CUST1298,27,Female,Employed,Savings,107,1,133531,18,10,7,0,0.94,0,17,133531.0
CUST0370,28,Male,Employed,Savings,21,1,53547,18,10,9,0,0.76,0,19,53547.0
CUST0147,26,Male,Self-employed,Fixed Deposit,63,3,60124,21,9,10,0,0.77,0,19,20041.33
CUST0539,29,Male,Employed,Fixed Deposit,114,1,10649,13,9,11,1,0.98,0,20,10649.0
CUST2636,39,Male,Employed,Current,168,1,96538,15,7,18,0,0.58,0,25,96538.0
CUST0071,40,Male,Employed,Savings,33,1,146996,13,5,4,0,0.87,0,9,146996.0
CUST1686,27,Male,Employed,Savings,77,1,84772,20,3,7,0,0.54,0,10,84772.0
CUST0182,46,Female,Employed,Savings,86,3,9041,13,10,6,0,0.76,0,16,3013.67
CUST1688,32,Female,Employed,Current,117,4,338657,15,7,10,0,0.98,1,17,84664.25
CUST1607,33,Male,Employed,Savings,109,2,227582,17,10,4,0,0.58,0,14,113791.0
CUST1524,46,Male,Self-employed,Savings,169,1,130905,18,2,9,0,0.97,0,11,130905.0
CUST2007,43,Male,Self-employed,Savings,75,1,297635,13,11,10,1,0.82,1,21,297635.0
CUST0191,22,Male,Employed,Savings,121,1,167559,10,7,11,1,0.77,0,18,167559.0
CUST2793,48,Male,Self-employed,Savings,46,3,228719,22,7,15,0,0.8,1,22,76239.67
CUST1909,43,Female,Employed,Savings,46,1,240160,9,10,10,0,0.9,0,20,240160.0
CUST2645,23,Female,Unemployed,Savings,67,1,12752,22,10,6,0,0.83,0,16,12752.0
CUST0969,23,Male,Employed,Savings,131,1,182564,12,8,6,0,0.8,0,14,182564.0
CUST0976,50,Male,Employed,Fixed Deposit,60,1,142998,14,9,14,0,0.96,1,23,142998.0
CUST1179,49,Female,Self-employed,Current,90,3,52013,9,7,8,0,0.99,0,15,17337.67
CUST0972,39,Male,Self-employed,Savings,176,1,96636,11,6,12,1,0.77,0,18,96636.0
CUST0907,39,Male,Unemployed,Current,174,3,1706,11,6,10,0,0.57,1,16,568.67
CUST2241,51,Male,Employed,Fixed Deposit,56,1,1487,19,6,12,1,0.7,1,18,1487.0
CUST2845,20,Female,Self-employed,Savings,161,3,499444,13,7,10,1,0.85,0,17,166481.33
CUST0277,35,Female,Employed,Savings,173,1,19100,12,7,10,0,0.84,1,17,19100.0
CUST1891,33,Female,Employed,Savings,157,4,101448,8,10,5,0,0.9,0,15,25362.0
CUST0279,39,Male,Self-employed,Current,117,3,366310,10,8,7,0,0.86,1,15,122103.33
CUST2748,31,Female,Self-employed,Fixed Deposit,124,3,142162,14,6,8,0,0.69,0,14,47387.33
CUST1335,40,Male,Employed,Current,131,2,249305,16,5,10,1,0.65,0,15,124652.5
CUST2555,35,Female,Self-employed,Savings,122,4,180126,19,8,15,0,0.69,0,23,45031.5
CUST2836,31,Male,Employed,Fixed Deposit,130,1,87366,24,10,8,0,0.53,0,18,87366.0
CUST0562,53,Male,Self-employed,Current,35,2,71154,14,7,12,1,0.54,1,19,35577.0
CUST2812,19,Female,Employed,Savings,51,2,224949,11,7,14,0,0.51,0,21,112474.5
CUST1120,35,Male,Employed,Savings,115,1,82340,13,11,9,1,0.7,0,20,82340.0
CUST1799,25,Male,Employed,Savings,170,2,63058,16,4,11,0,0.67,0,15,31529.0
CUST1227,30,Female,Employed,Fixed Deposit,95,1,88876,16,8,9,0,0.91,0,17,88876.0
CUST1971,46,Female,Employed,Fixed Deposit,60,1,105298,13,5,11,0,0.69,1,16,105298.0
CUST1149,50,Female,Employed,Savings,27,3,184945,13,17,12,1,0.98,1,29,61648.33
CUST0486,23,Female,Employed,Fixed Deposit,85,3,34205,25,9,9,0,0.61,0,18,11401.67
CUST0185,41,Female,Employed,Savings,134,1,113611,19,7,12,0,0.9,0,19,113611.0
CUST2381,18,Female,Employed,Current,160,1,533317,19,7,12,0,0.67,0,19,533317.0
CUST2032,18,Male,Unemployed,Savings,67,1,501085,15,11,9,0,0.81,0,20,501085.0
CUST0797,37,Male,Self-employed,Savings,102,2,436841,21,10,7,0,0.63,0,17,218420.5
CUST2383,24,Female,Employed,Current,63,1,31100,15,6,10,1,0.68,1,16,31100.0
CUST0122,33,Male,Self-employed,Current,89,1,23928,14,5,12,0,0.7,0,17,23928.0
CUST1095,18,Female,Self-employed,Savings,57,4,188199,15,7,12,0,0.51,0,19,47049.75
CUST0575,50,Male,Employed,Savings,20,1,255627,15,9,10,0,0.91,1,19,255627.0
CUST0208,18,Female,Self-employed,Current,92,1,625817,15,14,10,0,0.9,0,24,625817.0
CUST0674,28,Male,Employed,Current,126,4,260101,16,6,10,1,0.78,0,16,65025.25
CUST2370,31,Female,Employed,Savings,21,3,47436,12,5,11,0,0.67,0,16,15812.0
CUST1400,25,Female,Employed,Savings,106,3,106779,21,10,7,0,0.71,0,17,35593.0
CUST1520,31,Female,Self-employed,Current,137,3,64700,20,6,10,0,0.65,0,16,21566.67
CUST1304,29,Male,Employed,Savings,114,2,12572,15,8,14,0,0.78,0,22,6286.0
CUST1110,32,Female,Employed,Savings,61,2,61481,13,9,5,0,0.96,1,14,30740.5
CUST1002,18,Female,Self-employed,Savings,80,4,48490,15,5,9,0,0.81,0,14,12122.5
CUST2458,40,Female,Employed,Savings,136,1,26301,17,11,15,0,0.61,0,26,26301.0
CUST1045,21,Male,Self-employed,Fixed Deposit,75,1,81367,13,11,9,0,0.78,1,20,81367.0
CUST1964,29,Male,Employed,Current,59,2,175902,20,6,6,0,0.93,1,12,87951.0
CUST0949,45,Male,Employed,Fixed Deposit,72,1,42160,17,7,10,1,0.56,1,17,42160.0
CUST2418,31,Male,Self-employed,Savings,51,1,170236,18,10,11,0,0.71,0,21,170236.0
CUST1449,34,Male,Unemployed,Savings,68,1,244487,19,12,15,2,0.75,1,27,244487.0
CUST1405,33,Female,Employed,Savings,76,2,191839,12,10,6,0,0.7,1,16,95919.5
CUST2420,33,Male,Self-employed,Current,180,1,24569,22,10,8,1,1.0,0,18,24569.0
CUST2933,49,Female,Employed,Savings,129,1,429163,16,8,21,0,0.54,1,29,429163.0
CUST0646,54,Female,Self-employed,Current,19,2,64692,14,11,9,0,0.62,1,20,32346.0
CUST1260,24,Female,Self-employed,Savings,157,4,15855,11,8,15,0,0.81,0,23,3963.75
CUST1441,38,Male,Self-employed,Savings,31,1,3360,7,6,8,0,0.81,0,14,3360.0
CUST2440,29,Male,Self-employed,Savings,41,1,23932,20,8,8,0,0.92,0,16,23932.0
CUST2322,30,Female,Employed,Current,171,2,132855,18,4,10,0,0.64,0,14,66427.5
CUST0535,31,Female,Unemployed,Savings,19,2,146492,14,4,13,0,0.84,0,17,73246.0
CUST0617,22,Male,Employed,Fixed Deposit,130,2,521596,15,7,8,0,0.84,0,15,260798.0
CUST0644,35,Male,Self-employed,Current,148,4,27387,19,5,11,1,0.87,0,16,6846.75
CUST2868,40,Female,Self-employed,Savings,96,2,479741,18,6,9,0,0.7,0,15,239870.5
CUST1696,40,Female,Self-employed,Savings,52,1,57383,12,10,16,0,0.93,0,26,57383.0
CUST0623,26,Female,Self-employed,Savings,160,2,54462,15,8,15,0,0.59,0,23,27231.0
CUST1447,42,Male,Employed,Current,119,1,24930,25,13,8,0,0.78,0,21,24930.0
CUST0183,19,Male,Employed,Savings,164,1,22280,11,10,10,0,0.86,0,20,22280.0
CUST2232,20,Female,Employed,Savings,117,2,120218,13,3,8,0,0.94,0,11,60109.0
CUST1513,45,Male,Self-employed,Current,14,1,211073,15,9,13,0,0.98,1,22,211073.0
CUST0327,42,Female,Employed,Current,161,1,131399,14,7,6,0,0.93,1,13,131399.0
CUST1540,28,Male,Unemployed,Savings,166,3,166187,10,3,12,0,0.78,0,15,55395.67
CUST2442,30,Female,Employed,Savings,53,1,83476,20,11,10,0,0.58,0,21,83476.0
CUST1623,23,Male,Employed,Savings,112,2,155117,20,9,11,0,0.71,0,20,77558.5
CUST2753,29,Male,Employed,Savings,19,1,154325,22,6,8,0,0.59,1,14,154325.0
CUST1260,30,Female,Employed,Current,80,2,80345,15,8,13,0,0.74,0,21,40172.5
CUST0526,26,Female,Self-employed,Current,70,1,166150,18,4,16,0,0.53,0,20,166150.0
CUST2101,29,Male,Self-employed,Savings,71,2,65535,15,4,5,0,0.56,1,9,32767.5
CUST0927,31,Male,Employed,Fixed Deposit,41,1,215368,19,6,8,0,0.85,0,14,215368.0
CUST1804,45,Female,Self-employed,Current,113,4,239673,19,4,12,1,0.56,0,16,59918.25
CUST1879,52,Male,Employed,Savings,76,1,200444,15,8,13,0,0.62,0,21,200444.0
CUST1143,28,Male,Employed,Fixed Deposit,144,2,282931,19,7,9,1,0.83,0,16,141465.5
CUST2881,33,Female,Self-employed,Savings,162,3,30765,14,2,10,0,0.53,0,12,10255.0
CUST1572,41,Male,Employed,Savings,22,4,60255,11,13,11,0,0.69,1,24,15063.75
CUST1580,31,Female,Unemployed,Savings,92,3,59357,14,7,7,0,0.67,0,14,19785.67
CUST1169,44,Female,Self-employed,Fixed Deposit,120,2,90658,16,12,15,1,0.68,0,27,45329.0
CUST0895,33,Male,Self-employed,Savings,60,2,27366,12,5,10,0,0.54,0,15,13683.0
CUST0849,18,Male,Self-employed,Savings,130,2,27302,4,11,7,0,0.55,0,18,13651.0
CUST1437,18,Male,Self-employed,Current,57,1,378903,13,6,6,1,0.79,0,12,378903.0
CUST0083,54,Female,Employed,Savings,144,3,425279,9,9,16,0,0.84,0,25,141759.67
CUST1424,45,Female,Employed,Current,176,1,33994,16,10,14,2,0.57,0,24,33994.0
CUST1319,38,Female,Self-employed,Savings,33,3,35004,11,7,11,0,0.72,0,18,11668.0
CUST1330,26,Female,Employed,Savings,28,1,124797,12,11,12,0,0.61,0,23,124797.0
CUST2889,41,Male,Self-employed,Savings,65,3,19556,14,8,13,0,0.97,0,21,6518.67
CUST0660,19,Male,Self-employed,Fixed Deposit,145,4,60692,8,8,12,0,0.84,0,20,15173.0
CUST1237,45,Female,Employed,Savings,91,1,252953,19,12,9,0,0.68,0,21,252953.0
CUST0708,39,Male,Unemployed,Savings,16,1,83458,16,3,14,1,0.62,0,17,83458.0
CUST0431,31,Male,Employed,Savings,128,3,110263,12,9,13,0,0.59,0,22,36754.33
CUST0275,26,Male,Employed,Savings,24,1,141578,20,7,8,0,0.95,0,15,141578.0
CUST2008,26,Female,Self-employed,Savings,128,3,177280,14,9,9,0,0.72,0,18,59093.33
CUST1623,21,Female,Employed,Savings,72,4,485013,24,11,7,1,0.66,1,18,121253.25
CUST2750,41,Female,Employed,Savings,174,1,14764,11,12,12,0,0.7,0,24,14764.0
CUST0928,34,Male,Unemployed,Savings,129,1,11390,18,9,14,0,0.53,0,23,11390.0
CUST0701,21,Male,Employed,Savings,102,1,18137,19,6,11,0,1.0,0,17,18137.0
CUST0327,39,Female,Self-employed,Fixed Deposit,32,1,242799,11,3,8,0,0.97,0,11,242799.0
CUST0222,42,Female,Employed,Savings,31,4,583766,16,10,8,0,0.63,1,18,145941.5
CUST1063,37,Male,Employed,Fixed Deposit,165,1,2702,17,7,8,1,0.54,0,15,2702.0
CUST1590,46,Male,Self-employed,Savings,103,4,20337,17,6,7,0,0.74,0,13,5084.25
CUST0161,31,Female,Unemployed,Fixed Deposit,37,1,14032,19,7,12,1,0.74,1,19,14032.0
CUST1632,46,Female,Employed,Savings,176,2,95620,12,11,13,1,0.62,1,24,47810.0
CUST1444,51,Female,Self-employed,Savings,81,2,35577,14,6,9,0,0.92,0,15,17788.5
CUST0972,37,Male,Employed,Fixed Deposit,72,2,58696,21,10,13,0,0.71,0,23,29348.0
CUST1881,36,Male,Self-employed,Savings,123,1,293171,12,10,11,0,0.54,1,21,293171.0
CUST2876,50,Male,Employed,Savings,158,2,146771,14,7,6,0,0.62,0,13,73385.5
CUST2655,27,Male,Employed,Savings,133,2,255802,17,7,10,3,0.97,0,17,127901.0
CUST0820,43,Female,Employed,Fixed Deposit,103,2,284438,18,6,12,0,0.78,0,18,142219.0
CUST2142,39,Male,Self-employed,Current,153,4,76581,21,9,11,0,0.55,0,20,19145.25
CUST0950,32,Female,Employed,Savings,137,1,50232,19,9,9,0,0.76,0,18,50232.0
CUST2194,19,Female,Employed,Savings,38,2,235419,15,9,4,0,0.94,1,13,117709.5
CUST0561,45,Female,Employed,Savings,163,2,189240,19,6,4,0,0.83,0,10,94620.0
CUST1351,43,Female,Self-employed,Current,149,3,28630,15,6,6,0,0.62,1,12,9543.33
CUST0407,33,Male,Self-employed,Fixed Deposit,149,2,1504,14,11,17,0,0.93,0,28,752.0
CUST2193,39,Female,Employed,Savings,63,1,131182,8,8,10,1,0.54,1,18,131182.0
CUST2719,25,Female,Self-employed,Savings,88,1,86155,11,8,11,0,0.96,0,19,86155.0
CUST2509,38,Female,Employed,Current,58,1,175330,11,6,9,0,0.94,0,15,175330.0
CUST2615,31,Male,Employed,Fixed Deposit,85,3,268743,13,9,14,0,0.56,0,23,89581.0
CUST1706,35,Male,Employed,Current,84,4,18949,15,12,17,0,0.75,0,29,4737.25
CUST1465,35,Female,Employed,Current,71,1,74941,15,4,14,0,0.93,1,18,74941.0
CUST1079,39,Male,Self-employed,Savings,150,2,524819,15,10,10,0,0.94,0,20,262409.5
CUST2262,30,Male,Employed,Fixed Deposit,136,1,11078,16,10,13,0,0.76,0,23,11078.0
CUST0825,44,Male,Employed,Savings,23,4,420705,17,9,7,0,0.79,0,16,105176.25
CUST1573,55,Female,Employed,Current,177,2,145568,15,7,4,0,0.77,0,11,72784.0
CUST0492,32,Female,Employed,Current,15,1,773437,9,10,8,0,0.88,0,18,773437.0
CUST2296,32,Female,Employed,Savings,158,1,25662,14,7,10,2,0.93,0,17,25662.0
CUST2610,42,Male,Employed,Current,14,2,42621,22,13,11,0,0.8,1,24,21310.5
CUST0572,32,Female,Self-employed,Savings,63,2,108145,17,11,7,2,1.0,0,18,54072.5
CUST0536,38,Male,Employed,Current,156,1,133951,21,6,10,2,0.77,0,16,133951.0
CUST1284,25,Male,Employed,Fixed Deposit,30,2,351201,20,8,15,0,0.61,0,23,175600.5
CUST2300,40,Female,Employed,Savings,113,3,262833,17,2,13,0,0.62,1,15,87611.0
CUST2424,34,Female,Employed,Savings,100,2,75206,12,7,10,0,0.71,0,17,37603.0
CUST2700,25,Female,Self-employed,Savings,32,1,71528,10,11,8,0,0.97,0,19,71528.0
CUST1320,28,Male,Unemployed,Savings,117,1,419635,12,11,11,1,0.88,0,22,419635.0
CUST2362,40,Female,Employed,Fixed Deposit,178,1,83820,10,6,24,0,0.81,0,30,83820.0
CUST2941,23,Female,Self-employed,Fixed Deposit,127,1,36500,14,10,16,0,0.65,1,26,36500.0
CUST0187,24,Female,Employed,Savings,36,4,206052,13,14,13,0,0.87,0,27,51513.0
CUST2729,40,Male,Employed,Savings,179,1,37617,16,11,12,0,0.86,0,23,37617.0
CUST0675,31,Female,Self-employed,Savings,171,1,512185,15,6,13,0,0.87,0,19,512185.0
CUST0021,18,Female,Self-employed,Savings,79,3,248938,16,11,8,1,0.56,0,19,82979.33
CUST2257,44,Female,Employed,Savings,70,2,139174,11,3,13,0,0.87,1,16,69587.0
CUST1844,31,Male,Self-employed,Savings,168,1,58757,20,5,6,0,0.81,0,11,58757.0
CUST1356,25,Male,Employed,Current,138,1,79637,17,12,9,1,0.61,1,21,79637.0
CUST0203,50,Male,Employed,Current,132,2,60532,15,8,9,0,0.82,0,17,30266.0
CUST0911,18,Male,Self-employed,Current,122,1,43600,12,10,8,0,0.79,1,18,43600.0
CUST2847,25,Male,Employed,Savings,52,2,103098,13,6,15,0,0.68,0,21,51549.0
CUST0412,41,Female,Employed,Current,39,4,15625,11,5,6,0,0.66,0,11,3906.25
CUST1681,18,Male,Unemployed,Savings,31,2,269569,16,5,7,0,0.9,1,12,134784.5
CUST2846,45,Female,Employed,Savings,40,1,113152,21,7,14,0,0.9,0,21,113152.0
CUST1872,34,Male,Employed,Fixed Deposit,165,3,160978,15,6,7,0,0.85,0,13,53659.33
CUST0604,34,Female,Employed,Savings,64,1,100926,18,10,16,0,0.99,0,26,100926.0
CUST0121,22,Female,Employed,Savings,120,1,120480,19,11,10,0,0.67,1,21,120480.0
CUST2940,28,Female,Employed,Savings,165,1,23398,11,11,12,0,0.51,0,23,23398.0
CUST0161,23,Male,Unemployed,Savings,33,2,1492,9,11,10,0,0.73,1,21,746.0
CUST2934,34,Female,Employed,Savings,87,3,35296,20,10,13,0,0.58,0,23,11765.33
CUST1594,30,Female,Self-employed,Savings,59,1,113967,7,10,8,0,0.89,0,18,113967.0
CUST0295,34,Female,Employed,Current,154,3,65257,20,7,9,0,0.79,1,16,21752.33
CUST1683,26,Female,Self-employed,Fixed Deposit,73,1,116664,22,10,11,2,0.81,0,21,116664.0
CUST1603,18,Female,Employed,Current,69,3,372428,15,5,6,1,0.62,0,11,124142.67
CUST2533,43,Male,Employed,Savings,133,1,9878,15,14,14,0,0.6,0,28,9878.0
CUST0161,59,Female,Self-employed,Fixed Deposit,119,1,270580,20,5,14,0,0.52,0,19,270580.0
CUST1794,40,Female,Self-employed,Current,96,1,542016,21,8,11,1,0.79,1,19,542016.0
CUST2350,35,Male,Self-employed,Current,24,1,7283,13,7,16,0,0.59,0,23,7283.0
CUST2823,51,Male,Employed,Savings,161,1,8914,15,12,10,0,0.58,1,22,8914.0
CUST2991,39,Male,Employed,Savings,93,3,63527,20,9,10,0,0.61,1,19,21175.67
CUST0721,23,Female,Employed,Savings,49,1,200110,22,3,9,0,0.83,0,12,200110.0
CUST2669,42,Female,Employed,Savings,106,2,28726,17,3,3,0,0.92,0,6,14363.0
CUST1512,41,Male,Unemployed,Savings,43,1,56513,16,7,7,1,0.72,1,14,56513.0
CUST1683,22,Male,Employed,Savings,100,1,55051,16,10,11,0,0.81,0,21,55051.0
CUST0982,18,Female,Self-employed,Savings,52,1,68627,12,9,10,0,0.56,0,19,68627.0
CUST2553,35,Female,Employed,Current,159,3,149762,27,9,9,0,0.62,0,18,49920.67
CUST0609,28,Male,Employed,Savings,106,1,411112,21,9,13,0,0.77,0,22,411112.0
CUST0995,39,Male,Employed,Savings,47,1,18231,19,15,13,0,0.56,1,28,18231.0
CUST2821,36,Female,Employed,Savings,87,3,391032,14,7,5,0,0.65,1,12,130344.0
CUST1538,52,Female,Self-employed,Savings,65,2,48787,11,9,10,0,0.75,0,19,24393.5
CUST1338,51,Male,Employed,Fixed Deposit,29,1,26828,11,7,5,0,0.71,1,12,26828.0
CUST0436,41,Male,Employed,Current,87,3,14986,13,6,9,0,0.69,0,15,4995.33
CUST0928,28,Female,Unemployed,Fixed Deposit,134,3,77433,23,11,7,0,0.63,0,18,25811.0
CUST1468,21,Female,Unemployed,Current,118,1,212310,17,7,6,1,0.89,0,13,212310.0
CUST2237,30,Male,Employed,Savings,170,2,145989,16,8,15,0,0.75,0,23,72994.5
CUST0635,23,Female,Employed,Savings,128,1,470409,11,9,10,0,0.74,0,19,470409.0
CUST0319,43,Female,Employed,Current,67,3,307525,10,13,12,0,0.93,1,25,102508.33
CUST0388,28,Male,Employed,Savings,152,3,82752,20,10,9,0,0.73,0,19,27584.0
CUST1314,38,Female,Employed,Current,109,1,83902,13,7,10,0,0.69,0,17,83902.0
CUST1604,41,Female,Employed,Savings,74,3,10932,9,14,14,0,0.53,0,28,3644.0
CUST0584,46,Male,Self-employed,Savings,66,1,10627,15,5,6,1,0.68,0,11,10627.0
CUST2435,45,Female,Employed,Savings,33,3,43594,27,4,7,0,0.6,0,11,14531.33
CUST0200,34,Male,Self-employed,Savings,89,2,326237,12,10,10,0,0.65,0,20,163118.5
CUST0807,36,Female,Self-employed,Savings,156,2,62395,15,5,8,0,0.8,0,13,31197.5
CUST0900,30,Female,Employed,Fixed Deposit,36,1,77369,24,7,11,0,0.66,0,18,77369.0
CUST1589,36,Male,Employed,Current,65,2,210454,16,4,10,0,0.68,0,14,105227.0
CUST1779,19,Male,Self-employed,Savings,170,1,91040,21,8,11,1,0.71,0,19,91040.0
CUST1112,20,Male,Employed,Savings,134,2,87917,20,11,13,0,0.85,1,24,43958.5
CUST2463,40,Female,Self-employed,Savings,91,1,115091,12,11,9,0,0.69,0,20,115091.0
CUST1944,36,Female,Self-employed,Current,82,1,10272,15,10,11,0,0.93,1,21,10272.0
CUST0920,37,Male,Unemployed,Savings,130,1,44007,12,9,8,1,0.54,0,17,44007.0
CUST1675,23,Female,Employed,Savings,62,1,56225,15,8,9,0,0.83,0,17,56225.0
CUST1387,38,Female,Self-employed,Current,102,1,936471,16,5,14,0,0.77,0,19,936471.0
CUST2726,59,Female,Self-employed,Fixed Deposit,179,2,307074,20,7,10,1,0.63,1,17,153537.0
CUST0769,48,Male,Employed,Savings,148,1,177664,17,12,12,0,0.87,1,24,177664.0
CUST0947,30,Female,Employed,Current,78,2,52204,18,10,10,1,0.86,0,20,26102.0
CUST2787,26,Female,Employed,Savings,64,2,336252,14,8,9,0,0.6,0,17,168126.0
CUST0931,37,Female,Self-employed,Savings,40,1,19253,11,6,14,0,0.57,0,20,19253.0
CUST2943,30,Female,Self-employed,Savings,175,1,55252,16,10,7,0,0.99,0,17,55252.0
CUST2148,18,Female,Self-employed,Fixed Deposit,161,1,75147,16,6,8,0,0.96,0,14,75147.0
CUST1058,30,Female,Self-employed,Current,23,1,259450,21,9,8,1,0.61,1,17,259450.0
CUST1503,24,Male,Employed,Current,164,2,110201,14,12,15,0,0.54,0,27,55100.5
CUST2706,19,Male,Employed,Savings,37,1,177438,13,10,10,0,0.83,1,20,177438.0
CUST2280,42,Male,Employed,Savings,177,3,17623,20,12,13,0,0.58,0,25,5874.33
CUST0605,37,Female,Employed,Savings,33,2,43045,13,5,11,0,0.99,0,16,21522.5
CUST0358,39,Female,Employed,Current,129,2,82107,10,8,12,0,0.62,1,20,41053.5
CUST2176,37,Female,Employed,Current,90,1,73772,11,9,10,0,0.74,0,19,73772.0
CUST0437,56,Female,Employed,Current,60,2,88633,10,8,3,0,0.82,0,11,44316.5
CUST1557,28,Male,Employed,Current,170,1,62372,19,8,13,1,0.95,0,21,62372.0
CUST0717,18,Male,Employed,Savings,123,1,63040,13,7,12,0,0.69,1,19,63040.0
CUST1766,62,Female,Employed,Current,162,2,414686,9,11,10,0,1.0,0,21,207343.0
CUST0458,22,Male,Unemployed,Savings,140,2,67720,11,5,12,1,0.8,0,17,33860.0
CUST1453,26,Male,Unemployed,Current,39,3,104637,14,5,10,0,0.58,1,15,34879.0
CUST2877,37,Male,Employed,Savings,157,3,13834,14,6,6,0,0.51,0,12,4611.33
CUST2704,25,Female,Self-employed,Savings,150,4,43464,17,7,10,0,0.57,0,17,10866.0
CUST0563,30,Male,Employed,Savings,25,1,28754,13,11,8,2,0.69,1,19,28754.0
CUST1949,37,Female,Employed,Current,161,4,350288,12,4,6,0,0.53,0,10,87572.0
CUST0630,36,Female,Employed,Current,146,4,136036,14,11,9,0,0.92,0,20,34009.0
CUST2288,26,Male,Employed,Savings,32,1,113026,21,9,5,0,0.66,0,14,113026.0
CUST2804,30,Female,Unemployed,Current,82,1,25581,19,4,8,0,0.85,0,12,25581.0
CUST2910,30,Male,Employed,Savings,154,4,49018,12,1,9,0,0.62,0,10,12254.5
CUST0982,51,Female,Employed,Savings,59,3,52797,17,9,14,0,0.62,0,23,17599.0
CUST1581,32,Male,Self-employed,Current,152,2,331943,20,4,11,0,0.94,0,15,165971.5
CUST1767,29,Female,Employed,Savings,169,4,285439,7,5,17,1,0.62,0,22,71359.75
CUST2928,42,Male,Employed,Current,37,1,41114,20,8,5,0,0.55,0,13,41114.0
CUST1276,43,Male,Self-employed,Savings,80,3,362250,14,2,7,0,0.89,0,9,120750.0
CUST2812,35,Male,Unemployed,Current,136,1,110006,16,6,10,1,0.73,0,16,110006.0
CUST1227,45,Male,Employed,Current,77,4,74657,13,11,12,0,0.54,0,23,18664.25
CUST1751,28,Female,Employed,Savings,50,4,26873,17,18,6,0,0.72,1,24,6718.25
CUST1778,49,Male,Employed,Fixed Deposit,175,1,1183,17,9,7,0,0.74,0,16,1183.0
CUST0676,27,Female,Employed,Current,178,2,49333,14,2,12,0,0.95,0,14,24666.5
CUST1340,43,Female,Self-employed,Savings,18,1,72411,10,7,9,0,0.74,1,16,72411.0
CUST0239,28,Female,Employed,Savings,65,1,117543,5,11,10,0,0.58,0,21,117543.0
CUST1776,48,Female,Employed,Current,153,2,28565,9,10,6,0,0.73,0,16,14282.5
CUST2314,35,Female,Self-employed,Savings,130,1,6789,15,6,17,1,0.71,1,23,6789.0
CUST1259,25,Male,Employed,Savings,112,4,203529,7,12,12,1,0.74,0,24,50882.25
CUST0052,31,Female,Self-employed,Current,152,1,40900,9,12,8,0,0.62,0,20,40900.0
CUST0307,38,Female,Employed,Savings,110,1,122482,20,7,12,0,0.53,0,19,122482.0
CUST1950,35,Female,Self-employed,Savings,51,2,46452,20,13,11,0,0.64,0,24,23226.0
CUST1221,18,Male,Unemployed,Savings,19,3,79454,22,12,9,0,0.93,0,21,26484.67
CUST0784,48,Female,Employed,Current,31,2,297166,14,11,12,0,0.91,1,23,148583.0
CUST2082,34,Female,Employed,Savings,65,2,6585,9,7,12,0,0.89,0,19,3292.5
CUST1590,18,Female,Employed,Fixed Deposit,27,1,439856,20,9,6,1,0.88,1,15,439856.0
CUST1495,41,Male,Unemployed,Savings,141,2,427914,9,7,4,0,0.6,0,11,213957.0
CUST1723,30,Male,Employed,Current,25,2,126312,11,15,10,0,0.98,0,25,63156.0
CUST2580,42,Female,Self-employed,Fixed Deposit,128,1,46379,16,7,13,0,0.79,0,20,46379.0
CUST2026,41,Female,Self-employed,Current,134,1,50216,19,11,13,0,0.58,0,24,50216.0
CUST0325,18,Female,Employed,Savings,155,1,250688,18,13,5,0,0.93,0,18,250688.0
CUST1328,41,Female,Employed,Current,70,2,92219,9,6,7,0,0.71,0,13,46109.5
CUST0780,30,Male,Self-employed,Savings,131,2,124830,16,7,6,0,0.54,0,13,62415.0
CUST1335,31,Female,Self-employed,Current,145,1,88353,17,10,10,0,0.79,0,20,88353.0
CUST2846,35,Female,Employed,Savings,161,1,22842,16,9,11,0,0.58,1,20,22842.0
CUST2351,37,Female,Self-employed,Current,128,2,297060,14,8,7,0,0.5,0,15,148530.0
CUST1932,34,Female,Employed,Savings,51,3,258750,14,12,6,0,0.71,1,18,86250.0
CUST2378,42,Male,Employed,Savings,18,1,101972,15,6,11,0,0.71,0,17,101972.0
CUST2695,30,Male,Employed,Savings,163,3,139258,7,9,9,0,0.64,0,18,46419.33
CUST0906,38,Male,Self-employed,Current,150,2,7826,9,11,12,0,0.69,0,23,3913.0
CUST2996,35,Female,Employed,Savings,140,1,350403,16,14,12,0,0.63,0,26,350403.0
CUST0454,49,Female,Employed,Savings,137,3,12134,14,8,14,0,0.56,1,22,4044.67
CUST1132,47,Female,Unemployed,Savings,26,3,107800,11,11,7,0,0.55,1,18,35933.33
CUST1775,18,Male,Unemployed,Savings,42,1,302746,23,7,10,1,0.91,0,17,302746.0
CUST0324,34,Male,Employed,Savings,80,3,59761,19,16,8,0,0.71,0,24,19920.33
CUST1381,36,Male,Unemployed,Savings,54,3,11463,19,8,12,0,0.62,0,20,3821.0
CUST0041,51,Male,Employed,Current,25,4,444906,16,7,17,0,0.76,0,24,111226.5
CUST1845,29,Male,Unemployed,Current,158,3,92412,13,6,8,0,0.99,0,14,30804.0
CUST0210,40,Female,Self-employed,Current,133,4,101911,16,6,12,0,0.67,0,18,25477.75
CUST0895,45,Male,Employed,Savings,124,3,132977,15,11,6,0,0.91,1,17,44325.67
CUST2372,54,Female,Self-employed,Fixed Deposit,75,1,195303,9,8,9,0,0.73,1,17,195303.0
CUST0045,40,Female,Self-employed,Fixed Deposit,76,2,112042,8,5,9,0,0.98,1,14,56021.0
CUST0528,31,Male,Self-employed,Current,56,1,75683,13,9,11,0,0.84,0,20,75683.0
CUST2403,18,Male,Employed,Savings,55,1,43856,16,10,9,0,0.77,1,19,43856.0
CUST2784,36,Male,Self-employed,Savings,46,4,225131,14,5,9,0,0.76,0,14,56282.75
CUST2310,31,Male,Employed,Current,152,4,143521,16,7,9,1,0.76,0,16,35880.25
CUST2675,44,Male,Self-employed,Current,83,1,288594,16,7,7,0,0.96,1,14,288594.0
CUST0310,50,Female,Employed,Savings,108,4,282177,21,11,12,0,0.65,0,23,70544.25
CUST1119,19,Male,Employed,Current,76,3,72895,15,7,15,0,0.69,0,22,24298.33
CUST2132,36,Male,Unemployed,Current,74,2,88440,15,6,17,0,0.91,0,23,44220.0
CUST1365,25,Female,Self-employed,Current,49,2,90123,12,7,15,0,0.65,0,22,45061.5
CUST1768,46,Male,Self-employed,Savings,145,2,253611,15,6,13,0,0.76,0,19,126805.5
CUST1512,35,Female,Employed,Savings,144,2,258663,12,11,7,0,0.92,0,18,129331.5
CUST0195,40,Male,Self-employed,Savings,151,4,386561,19,9,10,1,0.87,0,19,96640.25
CUST2858,32,Male,Employed,Savings,83,4,62101,16,6,11,1,0.86,1,17,15525.25
CUST1074,49,Male,Employed,Current,76,1,175505,22,8,8,0,0.81,0,16,175505.0
CUST0244,21,Male,Employed,Savings,78,1,161821,16,4,5,0,0.62,1,9,161821.0
CUST0434,46,Male,Employed,Savings,62,2,24734,18,9,11,0,0.96,0,20,12367.0
CUST1306,56,Female,Self-employed,Savings,124,2,185081,15,4,12,0,0.61,0,16,92540.5
CUST2245,43,Female,Employed,Savings,117,4,10229,8,9,6,0,0.85,0,15,2557.25
CUST2425,33,Female,Employed,Savings,162,1,96651,15,13,10,0,0.67,0,23,96651.0
CUST2904,31,Female,Employed,Savings,14,2,17145,16,10,15,0,0.57,0,25,8572.5
CUST1839,33,Male,Employed,Savings,55,2,173451,15,11,11,0,0.77,1,22,86725.5
CUST2447,36,Female,Employed,Savings,175,1,151063,15,13,5,0,0.72,0,18,151063.0
CUST1474,39,Male,Self-employed,Savings,81,1,69409,13,8,10,1,0.8,0,18,69409.0
CUST2239,51,Female,Employed,Savings,170,1,122144,14,10,11,1,0.66,0,21,122144.0
CUST2885,39,Female,Self-employed,Savings,84,3,7002,16,5,9,0,0.92,0,14,2334.0
CUST2705,38,Female,Self-employed,Savings,38,3,111283,17,8,12,1,0.86,0,20,37094.33
CUST1094,39,Female,Self-employed,Savings,46,1,24131,13,11,7,0,0.84,0,18,24131.0
CUST1821,47,Male,Employed,Savings,96,2,28247,13,6,10,0,0.87,0,16,14123.5
CUST0286,46,Male,Self-employed,Current,48,1,24778,14,7,8,0,0.7,1,15,24778.0
CUST1550,36,Male,Employed,Savings,137,1,325838,18,7,9,0,0.6,1,16,325838.0
CUST1210,32,Male,Self-employed,Current,32,4,69218,13,13,8,1,0.75,0,21,17304.5
CUST2255,27,Male,Employed,Savings,84,1,123410,16,9,7,0,0.55,0,16,123410.0
CUST2764,30,Male,Unemployed,Savings,36,2,12920,21,13,9,0,0.73,1,22,6460.0
CUST1906,36,Male,Self-employed,Savings,174,2,483954,10,10,7,0,0.76,1,17,241977.0
CUST2806,18,Female,Employed,Savings,167,4,116369,12,11,8,0,0.5,0,19,29092.25
CUST1350,36,Male,Employed,Savings,179,3,288215,17,9,9,0,0.64,0,18,96071.67
CUST1232,18,Male,Employed,Savings,127,3,12517,22,9,6,0,0.97,0,15,4172.33
CUST2713,35,Male,Unemployed,Current,172,1,71444,17,13,14,0,0.75,0,27,71444.0
CUST1855,29,Male,Employed,Savings,33,1,97571,14,7,15,0,0.84,1,22,97571.0
CUST2843,27,Female,Employed,Fixed Deposit,84,3,40609,10,10,11,1,0.75,0,21,13536.33
CUST1802,26,Male,Self-employed,Savings,40,2,255511,17,9,15,0,0.65,0,24,127755.5
CUST0505,45,Male,Employed,Savings,56,2,472181,11,10,8,1,0.87,0,18,236090.5
CUST1843,30,Male,Employed,Savings,152,1,32087,17,15,7,1,0.97,0,22,32087.0
CUST2204,36,Male,Employed,Savings,172,3,25930,17,5,13,1,0.84,1,18,8643.33
CUST1430,45,Male,Unemployed,Savings,63,2,24955,10,9,12,0,0.64,0,21,12477.5
CUST0495,37,Male,Employed,Savings,144,1,237714,17,5,10,1,0.97,0,15,237714.0
CUST0933,36,Female,Self-employed,Savings,106,3,143122,11,7,11,0,0.81,0,18,47707.33
CUST2987,24,Male,Self-employed,Savings,46,1,16453,14,9,6,0,0.84,0,15,16453.0
CUST2567,43,Male,Self-employed,Savings,28,2,110149,11,7,8,0,0.79,0,15,55074.5
CUST0974,49,Female,Employed,Savings,98,1,385797,16,9,10,0,0.66,0,19,385797.0
CUST2890,40,Male,Self-employed,Savings,84,1,41993,14,9,9,0,0.96,0,18,41993.0
CUST2432,31,Female,Self-employed,Current,53,1,484233,9,7,9,0,0.59,0,16,484233.0
CUST0694,42,Male,Employed,Savings,158,1,281771,10,10,9,0,0.74,0,19,281771.0
CUST2623,18,Male,Employed,Fixed Deposit,79,4,141125,20,8,8,0,0.99,0,16,35281.25
CUST0980,29,Female,Self-employed,Savings,59,2,95494,10,7,11,0,0.71,1,18,47747.0
CUST0751,36,Male,Employed,Current,64,2,248202,23,10,6,0,0.58,1,16,124101.0
CUST1500,56,Male,Employed,Savings,21,1,84974,14,12,10,0,0.61,0,22,84974.0
CUST0923,23,Female,Self-employed,Current,108,3,22925,18,6,9,0,0.86,0,15,7641.67
CUST1476,28,Female,Self-employed,Savings,177,1,15265,10,4,11,0,0.85,0,15,15265.0
CUST1462,30,Female,Self-employed,Current,62,2,60392,24,11,12,0,0.65,1,23,30196.0
CUST0834,30,Female,Employed,Savings,127,1,38163,10,8,7,0,0.57,0,15,38163.0
CUST0150,37,Male,Employed,Current,145,1,144009,18,9,10,0,0.58,0,19,144009.0
CUST2997,39,Male,Unemployed,Fixed Deposit,64,4,116526,9,10,11,0,0.9,0,21,29131.5
CUST1010,30,Female,Employed,Current,163,1,61442,19,7,15,0,0.67,0,22,61442.0
CUST0811,36,Male,Self-employed,Savings,173,4,113727,15,12,8,1,0.52,1,20,28431.75
CUST2428,25,Male,Employed,Savings,150,1,53392,23,9,12,1,0.81,0,21,53392.0
CUST1401,37,Female,Employed,Current,21,3,260029,16,3,15,0,0.73,1,18,86676.33
CUST2212,34,Female,Self-employed,Savings,166,2,2228,18,8,5,0,0.56,0,13,1114.0
CUST2155,34,Male,Employed,Savings,70,2,17592,18,9,16,0,0.64,0,25,8796.0
CUST1901,51,Male,Employed,Current,166,1,28890,14,7,8,0,0.84,0,15,28890.0
CUST2022,45,Female,Employed,Current,40,3,92740,8,10,11,0,0.87,0,21,30913.33
CUST1404,40,Male,Employed,Current,139,1,21381,18,8,11,0,0.59,0,19,21381.0
CUST2437,21,Female,Self-employed,Savings,44,1,175084,18,11,8,0,0.59,0,19,175084.0
CUST1087,25,Male,Employed,Current,74,3,81271,18,6,12,1,0.71,0,18,27090.33
CUST2627,50,Male,Employed,Savings,89,4,55997,7,9,8,0,0.85,1,17,13999.25
CUST0754,20,Male,Employed,Savings,163,4,18731,16,5,11,1,0.52,0,16,4682.75
CUST0564,43,Female,Employed,Current,65,3,20833,12,4,13,0,0.64,0,17,6944.33
CUST1410,27,Male,Self-employed,Current,24,1,140934,12,8,14,0,0.72,0,22,140934.0
CUST1577,50,Female,Self-employed,Savings,63,2,63698,16,9,6,0,0.68,1,15,31849.0
CUST2553,33,Male,Self-employed,Current,173,1,34030,17,9,14,0,0.69,0,23,34030.0
CUST0462,40,Male,Employed,Current,155,1,99979,6,9,8,0,0.7,0,17,99979.0
CUST2462,49,Male,Unemployed,Savings,128,1,8553,15,5,12,0,0.84,0,17,8553.0
CUST2836,46,Female,Employed,Savings,135,2,45134,11,2,10,0,0.85,0,12,22567.0
CUST0511,34,Male,Self-employed,Current,88,2,273146,18,2,7,0,0.51,0,9,136573.0
CUST1860,29,Male,Employed,Current,84,1,129303,6,10,10,0,0.71,0,20,129303.0
CUST2834,38,Male,Employed,Savings,177,3,76614,14,4,7,0,0.85,0,11,25538.0
CUST2046,30,Male,Self-employed,Current,65,3,48302,14,9,11,0,0.53,0,20,16100.67
CUST2753,39,Female,Self-employed,Savings,123,1,138018,11,5,10,0,0.7,0,15,138018.0
CUST2226,22,Male,Employed,Current,156,4,492727,8,6,9,1,0.7,0,15,123181.75
CUST1413,41,Male,Self-employed,Current,77,1,124798,16,6,10,0,0.75,0,16,124798.0
CUST0463,47,Female,Self-employed,Savings,121,2,128648,13,12,18,0,0.78,0,30,64324.0
CUST1504,48,Male,Employed,Savings,128,4,536378,18,6,6,0,0.65,0,12,134094.5
CUST0932,34,Male,Employed,Savings,140,1,287771,13,4,10,0,0.51,1,14,287771.0
CUST1198,59,Female,Employed,Current,171,1,262528,21,14,14,0,0.88,0,28,262528.0
CUST0489,38,Male,Employed,Fixed Deposit,127,1,342839,8,7,9,0,0.87,0,16,342839.0
CUST1065,22,Female,Employed,Savings,81,1,54876,14,9,9,1,0.98,0,18,54876.0
CUST1519,39,Female,Self-employed,Savings,180,1,246653,10,2,11,0,1.0,0,13,246653.0
CUST2203,38,Male,Self-employed,Savings,88,3,320277,12,10,4,0,0.84,0,14,106759.0
CUST2969,20,Female,Self-employed,Current,13,2,178177,15,7,10,0,0.99,0,17,89088.5
CUST0719,35,Male,Employed,Savings,65,1,39476,24,6,17,0,0.78,0,23,39476.0
CUST2133,38,Male,Employed,Current,35,1,274747,18,3,8,0,0.96,0,11,274747.0
CUST0995,40,Female,Employed,Current,62,4,36028,13,7,3,0,0.83,0,10,9007.0
CUST2463,37,Male,Employed,Savings,64,1,37113,11,11,11,0,0.83,0,22,37113.0
CUST2958,28,Male,Employed,Savings,67,1,65586,17,8,9,0,0.88,0,17,65586.0
CUST0131,21,Female,Employed,Savings,135,1,411059,15,7,7,1,0.98,1,14,411059.0
CUST1379,50,Male,Employed,Current,91,1,94886,19,13,12,0,0.99,0,25,94886.0
CUST0602,32,Male,Self-employed,Savings,108,2,59437,14,6,11,0,0.85,1,17,29718.5
CUST2911,47,Male,Employed,Current,159,2,728948,18,10,13,0,0.8,0,23,364474.0
CUST2574,18,Male,Employed,Savings,150,4,103681,11,10,13,0,0.97,0,23,25920.25
CUST2713,38,Female,Employed,Current,56,1,194843,19,8,8,0,0.66,0,16,194843.0
CUST0764,28,Female,Unemployed,Current,36,2,139152,17,8,12,0,0.63,1,20,69576.0
CUST0365,18,Female,Employed,Savings,93,2,7111,23,13,9,0,0.86,0,22,3555.5
CUST1950,35,Female,Self-employed,Savings,90,1,19670,17,7,3,2,0.97,1,10,19670.0
CUST2256,26,Female,Employed,Current,131,2,90834,19,7,9,0,0.93,0,16,45417.0
CUST1529,18,Female,Employed,Savings,162,1,445673,18,5,7,1,0.64,0,12,445673.0
CUST1799,31,Male,Self-employed,Savings,98,1,47593,15,6,10,0,0.66,0,16,47593.0
CUST1545,39,Female,Unemployed,Savings,141,1,39633,11,6,13,0,0.56,0,19,39633.0
CUST0078,29,Female,Employed,Current,108,4,8744,9,10,6,0,0.81,0,16,2186.0
CUST0545,35,Female,Employed,Savings,127,4,179920,19,10,4,0,0.64,0,14,44980.0
CUST1844,39,Female,Unemployed,Current,34,2,106160,16,9,7,0,0.71,0,16,53080.0
CUST2644,18,Male,Employed,Savings,97,4,48023,16,10,13,0,0.59,0,23,12005.75
CUST2051,48,Female,Employed,Savings,137,1,149168,18,8,13,0,0.8,0,21,149168.0
CUST2354,34,Male,Employed,Fixed Deposit,91,4,62931,15,10,9,1,0.55,0,19,15732.75
CUST1877,47,Male,Unemployed,Current,52,2,55427,23,11,10,0,0.57,0,21,27713.5
CUST2134,53,Female,Employed,Savings,79,2,28227,11,10,6,1,0.78,1,16,14113.5
CUST0748,29,Female,Employed,Savings,38,2,135500,15,6,14,0,0.75,0,20,67750.0
CUST1521,37,Female,Self-employed,Savings,44,3,130530,18,7,12,1,0.58,0,19,43510.0
CUST0175,44,Female,Employed,Savings,97,1,46832,12,5,10,0,0.72,0,15,46832.0
CUST1151,41,Female,Employed,Savings,68,1,495252,20,9,13,0,0.59,0,22,495252.0
CUST0221,39,Male,Self-employed,Current,62,1,3042,15,9,9,0,0.8,0,18,3042.0
CUST1107,35,Female,Employed,Fixed Deposit,157,2,266094,13,9,8,0,0.68,1,17,133047.0
CUST0503,28,Female,Employed,Savings,51,2,307475,17,8,11,0,0.63,0,19,153737.5
CUST2713,25,Male,Employed,Fixed Deposit,43,1,22994,8,8,11,0,0.99,0,19,22994.0
CUST1882,54,Male,Employed,Current,45,3,43941,13,12,6,0,0.91,1,18,14647.0
CUST0106,25,Female,Employed,Savings,178,2,123222,15,7,11,0,0.8,0,18,61611.0
CUST2299,34,Male,Employed,Savings,13,2,762713,16,4,8,0,0.82,0,12,381356.5
CUST1711,32,Female,Employed,Savings,55,1,56566,16,10,13,1,0.83,0,23,56566.0
CUST1190,32,Male,Employed,Savings,154,4,315114,6,7,8,0,0.77,0,15,78778.5
CUST0192,33,Female,Self-employed,Savings,22,2,297026,16,6,9,0,0.71,1,15,148513.0
CUST1661,42,Female,Employed,Current,97,3,137316,10,8,7,0,0.87,0,15,45772.0
CUST1006,33,Male,Employed,Current,153,1,11969,11,11,11,0,0.77,0,22,11969.0
CUST1095,38,Male,Employed,Current,58,1,164696,19,7,12,0,0.67,0,19,164696.0
CUST0207,42,Female,Employed,Savings,51,1,118433,14,7,7,0,0.74,0,14,118433.0
CUST2219,40,Male,Self-employed,Savings,164,3,28982,14,6,14,0,0.81,0,20,9660.67
CUST2198,34,Male,Employed,Current,118,2,46673,16,8,9,1,0.85,0,17,23336.5
CUST1849,39,Male,Employed,Savings,179,2,119206,13,11,14,0,1.0,0,25,59603.0
CUST0866,18,Male,Employed,Savings,110,1,186494,23,6,8,0,0.9,0,14,186494.0
CUST2719,30,Male,Self-employed,Savings,141,2,434680,16,11,9,0,0.67,0,20,217340.0
CUST0607,50,Female,Employed,Savings,21,1,91528,12,7,19,0,0.76,1,26,91528.0
CUST1643,38,Female,Self-employed,Current,103,2,32612,17,11,5,0,0.73,0,16,16306.0
CUST0027,49,Female,Employed,Savings,34,4,123145,23,10,14,0,0.58,1,24,30786.25
CUST1155,25,Male,Employed,Savings,153,1,12078,20,11,16,0,0.53,0,27,12078.0
CUST0938,26,Male,Employed,Savings,80,2,363079,14,11,3,1,0.79,0,14,181539.5
CUST2190,35,Female,Self-employed,Savings,28,3,27635,12,5,6,1,0.66,1,11,9211.67
CUST1421,38,Female,Employed,Savings,119,1,174253,14,9,12,0,0.95,0,21,174253.0
CUST1039,32,Male,Unemployed,Savings,148,3,131743,23,7,11,1,0.85,0,18,43914.33
CUST2590,48,Female,Employed,Savings,96,4,45748,15,6,12,1,0.67,0,18,11437.0
CUST0915,37,Female,Self-employed,Fixed Deposit,165,2,96459,13,12,13,0,0.85,0,25,48229.5
CUST2475,32,Male,Self-employed,Savings,27,4,889576,19,3,11,0,0.64,0,14,222394.0
CUST1991,18,Female,Self-employed,Savings,86,4,183190,18,7,8,1,0.84,1,15,45797.5
CUST2331,21,Male,Self-employed,Current,16,1,29066,10,9,8,0,0.96,0,17,29066.0
CUST0418,30,Female,Employed,Current,178,1,229481,17,9,10,0,0.68,0,19,229481.0
CUST1040,31,Male,Self-employed,Savings,78,1,383400,18,7,12,1,0.71,0,19,383400.0
CUST0420,37,Female,Employed,Savings,135,3,150211,16,10,9,1,0.79,0,19,50070.33
CUST2444,22,Female,Employed,Current,95,2,7064,17,16,11,0,0.67,0,27,3532.0
CUST2514,18,Male,Self-employed,Current,73,1,1821,12,6,10,0,0.75,1,16,1821.0
CUST2311,28,Male,Employed,Savings,17,1,30299,19,8,11,0,0.83,1,19,30299.0
CUST2840,49,Male,Employed,Savings,79,1,30311,22,13,10,0,0.64,0,23,30311.0
CUST0150,28,Male,Self-employed,Fixed Deposit,111,3,143781,13,7,6,0,0.61,0,13,47927.0
CUST2752,37,Male,Self-employed,Fixed Deposit,138,1,130164,17,6,14,0,0.95,0,20,130164.0
CUST0380,34,Male,Self-employed,Current,46,4,120879,18,11,13,2,0.79,0,24,30219.75
CUST2841,28,Female,Employed,Savings,94,2,143837,20,8,6,0,0.74,0,14,71918.5
CUST1619,25,Female,Employed,Fixed Deposit,54,3,14260,7,10,8,0,0.74,0,18,4753.33
CUST2572,28,Male,Employed,Savings,56,1,56490,19,7,12,0,0.67,0,19,56490.0
CUST1922,24,Male,Self-employed,Savings,126,2,8077,23,4,16,0,0.85,0,20,4038.5
CUST0972,44,Male,Employed,Savings,83,1,58678,17,8,10,1,0.81,0,18,58678.0
CUST0947,35,Male,Self-employed,Savings,145,1,189270,12,6,12,0,0.73,1,18,189270.0
CUST2892,36,Male,Self-employed,Savings,139,1,52240,16,15,9,0,0.83,0,24,52240.0
CUST1639,34,Male,Self-employed,Current,142,1,174823,16,5,11,0,0.99,0,16,174823.0
CUST2044,33,Male,Self-employed,Current,77,3,465798,19,7,11,0,0.91,0,18,155266.0
CUST1206,37,Female,Self-employed,Savings,81,3,57670,17,10,11,0,0.61,0,21,19223.33
CUST0490,36,Male,Employed,Savings,106,2,186311,14,9,7,1,0.97,1,16,93155.5
CUST2539,31,Male,Self-employed,Fixed Deposit,45,1,38973,16,14,11,0,0.58,0,25,38973.0
CUST2997,47,Male,Employed,Fixed Deposit,63,4,198005,13,9,6,0,0.73,1,15,49501.25
CUST1870,32,Female,Employed,Current,118,3,1385,15,1,7,0,0.87,0,8,461.67
CUST0393,35,Female,Unemployed,Fixed Deposit,167,1,143030,15,5,5,0,0.55,0,10,143030.0
CUST2740,35,Male,Self-employed,Savings,98,1,99067,18,8,10,0,0.92,1,18,99067.0
CUST1625,40,Female,Employed,Current,150,1,32478,21,10,10,0,0.86,0,20,32478.0
CUST0171,45,Male,Self-employed,Savings,70,2,154666,11,6,12,0,0.72,1,18,77333.0
CUST1372,24,Female,Employed,Current,22,3,3892,15,9,20,0,0.99,0,29,1297.33
CUST0529,32,Female,Employed,Savings,173,1,92422,12,2,8,0,0.92,1,10,92422.0
CUST1673,20,Female,Employed,Savings,44,1,117619,15,3,7,0,0.86,0,10,117619.0
CUST0653,30,Male,Self-employed,Savings,169,2,37822,15,10,13,0,0.83,0,23,18911.0
CUST0201,38,Female,Employed,Fixed Deposit,127,2,117641,17,16,7,1,0.81,1,23,58820.5
CUST1434,33,Female,Self-employed,Fixed Deposit,81,4,81526,17,8,13,0,0.85,0,21,20381.5
CUST2217,25,Female,Employed,Fixed Deposit,22,1,26937,15,10,13,0,0.88,0,23,26937.0
CUST2938,35,Female,Employed,Savings,29,2,363774,16,10,15,1,0.91,1,25,181887.0
CUST2785,30,Female,Self-employed,Savings,56,3,65953,12,6,7,0,0.83,1,13,21984.33
CUST2373,34,Male,Employed,Savings,78,2,195112,5,5,9,1,0.72,0,14,97556.0
CUST1987,31,Female,Self-employed,Fixed Deposit,92,1,116152,11,9,8,0,0.9,1,17,116152.0
CUST2859,28,Female,Self-employed,Fixed Deposit,71,2,255084,16,4,8,0,0.68,0,12,127542.0
CUST1263,47,Male,Self-employed,Current,133,2,96101,12,12,11,0,0.52,0,23,48050.5
CUST0927,18,Female,Unemployed,Savings,143,2,26528,16,4,8,0,0.97,0,12,13264.0
CUST0274,35,Female,Self-employed,Savings,152,2,178479,17,8,4,0,0.54,0,12,89239.5
CUST0818,39,Male,Employed,Current,35,4,20051,16,7,6,1,0.76,0,13,5012.75
CUST2146,31,Male,Employed,Savings,160,2,28180,13,6,7,1,0.73,1,13,14090.0
CUST1949,34,Male,Employed,Savings,141,4,132464,17,11,13,0,0.58,1,24,33116.0
CUST0391,36,Male,Unemployed,Current,106,1,44523,9,7,10,0,0.88,0,17,44523.0
CUST2578,35,Male,Employed,Fixed Deposit,45,3,57090,14,8,5,0,0.5,0,13,19030.0
CUST0931,20,Female,Employed,Savings,88,2,50059,20,7,12,0,0.88,0,19,25029.5
CUST0826,53,Male,Employed,Current,80,2,142666,16,13,9,0,0.74,0,22,71333.0
CUST2584,37,Male,Employed,Savings,48,1,90866,20,9,7,0,0.81,1,16,90866.0
CUST0082,32,Male,Employed,Current,96,3,47417,22,8,14,0,0.66,0,22,15805.67
CUST0512,25,Male,Self-employed,Savings,117,2,145796,12,5,12,0,0.86,0,17,72898.0
CUST2389,44,Female,Employed,Savings,158,2,171922,17,6,12,1,0.93,0,18,85961.0
CUST0307,37,Male,Self-employed,Savings,142,2,124141,9,3,12,0,0.57,0,15,62070.5
CUST0064,40,Male,Employed,Current,33,2,254165,15,5,10,0,0.87,1,15,127082.5
CUST2923,38,Male,Employed,Current,156,3,1547,10,4,9,0,0.92,0,13,515.67
CUST0345,45,Male,Employed,Fixed Deposit,180,1,112301,24,11,7,1,0.51,0,18,112301.0
CUST1567,40,Female,Employed,Savings,113,1,238533,14,11,7,1,0.85,0,18,238533.0
CUST0234,35,Male,Employed,Current,129,2,138038,29,4,9,0,0.59,0,13,69019.0
CUST1666,43,Male,Employed,Savings,175,3,161143,14,11,10,0,0.51,0,21,53714.33
CUST0382,37,Female,Employed,Savings,54,4,403429,14,10,8,0,0.62,1,18,100857.25
CUST0898,31,Female,Employed,Savings,100,2,165725,14,11,14,0,0.8,1,25,82862.5
CUST1478,42,Female,Self-employed,Current,143,2,54817,11,8,15,1,0.66,1,23,27408.5
CUST1162,31,Male,Employed,Savings,28,2,99665,15,8,10,0,0.52,1,18,49832.5
CUST2729,21,Male,Self-employed,Current,100,3,20652,24,10,9,1,0.5,0,19,6884.0
CUST1413,57,Male,Self-employed,Savings,94,1,192529,18,8,10,1,0.67,0,18,192529.0
CUST1721,33,Male,Employed,Current,18,4,129376,12,11,8,1,0.69,1,19,32344.0
CUST1098,32,Female,Employed,Fixed Deposit,93,1,40813,14,6,8,0,0.98,0,14,40813.0
CUST2659,54,Female,Self-employed,Savings,129,2,20286,12,6,14,1,0.59,0,20,10143.0
CUST2808,51,Female,Employed,Savings,142,2,148847,11,7,16,0,0.98,1,23,74423.5
CUST2789,18,Female,Employed,Savings,168,1,60541,11,12,8,0,0.77,0,20,60541.0
CUST0498,33,Female,Self-employed,Fixed Deposit,69,3,353891,13,8,8,0,0.86,1,16,117963.67
CUST0204,18,Female,Employed,Savings,64,1,165873,23,8,10,0,0.51,0,18,165873.0
CUST2113,29,Male,Employed,Current,96,2,260158,18,6,11,0,0.58,0,17,130079.0
CUST2193,33,Male,Self-employed,Savings,18,1,149577,16,13,12,0,0.98,1,25,149577.0
CUST1551,33,Female,Self-employed,Savings,134,2,76775,14,9,15,0,0.99,1,24,38387.5
CUST0723,22,Male,Employed,Savings,101,1,53055,11,11,13,0,0.66,0,24,53055.0
CUST2636,31,Male,Employed,Savings,119,2,281205,18,6,11,0,0.76,0,17,140602.5
CUST2435,33,Male,Employed,Savings,38,4,118038,16,12,14,0,0.68,1,26,29509.5
CUST0103,25,Female,Unemployed,Current,169,2,436573,15,5,7,0,0.72,1,12,218286.5
CUST2991,32,Female,Self-employed,Savings,117,3,519729,19,7,13,0,0.92,0,20,173243.0
CUST1071,23,Male,Self-employed,Savings,137,3,296630,22,5,8,0,0.58,1,13,98876.67
CUST2715,18,Female,Employed,Current,128,1,142885,16,7,6,0,0.51,0,13,142885.0
CUST2216,34,Female,Self-employed,Savings,76,2,32968,11,11,9,0,0.85,0,20,16484.0
CUST1761,33,Female,Employed,Fixed Deposit,179,2,282358,11,10,17,1,0.66,1,27,141179.0
CUST2321,19,Male,Employed,Current,156,2,252762,18,13,5,1,0.7,0,18,126381.0
CUST2056,40,Male,Self-employed,Fixed Deposit,117,1,16823,17,8,11,1,0.68,0,19,16823.0
CUST2196,45,Male,Employed,Savings,102,1,252037,8,6,9,0,0.85,0,15,252037.0
CUST2399,37,Male,Employed,Current,69,1,20745,10,7,8,0,0.74,0,15,20745.0
CUST0905,38,Male,Self-employed,Current,125,2,529617,11,10,14,1,0.55,0,24,264808.5
CUST1583,34,Male,Self-employed,Savings,82,4,810641,13,16,18,0,0.64,0,34,202660.25
CUST2367,32,Female,Employed,Savings,67,1,547571,13,6,8,0,0.62,0,14,547571.0
CUST0051,40,Female,Self-employed,Current,165,4,28621,10,9,15,0,0.5,0,24,7155.25
CUST2258,43,Male,Employed,Fixed Deposit,156,2,468089,9,10,14,0,0.73,0,24,234044.5
CUST2874,32,Female,Self-employed,Savings,179,4,13107,19,9,16,0,0.8,1,25,3276.75
CUST1961,42,Female,Employed,Current,155,4,186799,18,7,11,0,0.74,0,18,46699.75
CUST2917,56,Female,Unemployed,Savings,40,1,104622,14,6,12,0,0.66,1,18,104622.0
CUST0856,35,Male,Employed,Current,86,2,429953,13,13,11,0,0.84,1,24,214976.5
CUST2661,28,Female,Employed,Current,99,2,128622,10,6,15,0,0.84,0,21,64311.0
CUST1226,45,Male,Unemployed,Current,25,3,252513,16,6,9,0,0.51,0,15,84171.0
CUST2770,30,Male,Employed,Savings,179,1,5198,14,6,5,0,0.7,0,11,5198.0
CUST0575,41,Male,Self-employed,Savings,21,3,50341,17,7,11,0,0.78,0,18,16780.33
CUST2131,30,Female,Employed,Current,173,2,386798,17,9,7,0,0.7,0,16,193399.0
CUST2387,35,Female,Self-employed,Current,150,3,142013,15,12,10,1,0.95,0,22,47337.67
CUST1783,37,Female,Employed,Fixed Deposit,168,2,142751,17,7,10,0,0.66,0,17,71375.5
CUST1227,31,Male,Employed,Current,52,2,102977,24,5,9,0,0.84,0,14,51488.5
CUST0894,52,Male,Self-employed,Savings,141,3,266673,14,8,10,0,0.91,1,18,88891.0
CUST2932,32,Female,Self-employed,Savings,41,1,221078,20,12,10,0,0.72,1,22,221078.0
CUST2593,35,Male,Self-employed,Savings,133,1,212458,19,6,11,0,0.61,0,17,212458.0
CUST0309,42,Female,Employed,Current,167,4,20044,14,9,7,0,0.53,0,16,5011.0
CUST2295,36,Female,Employed,Fixed Deposit,45,2,106210,11,7,10,0,0.68,1,17,53105.0
CUST2368,34,Female,Employed,Savings,50,2,453734,9,6,10,0,0.81,0,16,226867.0
CUST1711,38,Male,Employed,Fixed Deposit,140,4,58032,13,10,8,0,0.96,1,18,14508.0
CUST0689,45,Male,Unemployed,Current,17,1,640511,12,7,4,0,0.6,1,11,640511.0
CUST1352,30,Female,Employed,Savings,168,1,20496,10,9,10,1,0.57,0,19,20496.0
CUST2253,56,Male,Employed,Savings,173,1,228786,13,9,8,1,0.75,0,17,228786.0
CUST1562,51,Female,Employed,Savings,47,3,95762,8,9,10,0,0.91,1,19,31920.67
CUST1838,26,Female,Employed,Savings,114,1,251567,10,8,15,0,0.81,1,23,251567.0
CUST1717,32,Male,Employed,Savings,48,1,108785,14,12,11,1,0.75,0,23,108785.0
CUST1448,28,Female,Employed,Savings,118,4,61012,15,7,11,0,0.6,0,18,15253.0
CUST0066,48,Male,Unemployed,Savings,153,1,12317,15,9,14,0,0.63,0,23,12317.0
CUST2637,38,Male,Employed,Savings,129,3,170410,17,14,7,0,0.54,1,21,56803.33
CUST2315,37,Female,Unemployed,Current,165,4,310528,14,11,13,0,0.77,0,24,77632.0
CUST1963,27,Male,Employed,Savings,74,1,56091,19,7,14,0,0.55,0,21,56091.0
CUST1143,53,Female,Self-employed,Current,167,4,150252,17,5,12,0,0.79,0,17,37563.0
CUST0156,47,Female,Employed,Current,113,4,1700,16,9,17,0,0.94,0,26,425.0
CUST2129,39,Female,Unemployed,Savings,53,4,44753,17,9,8,0,0.74,0,17,11188.25
CUST0348,52,Female,Employed,Savings,116,1,377316,12,7,8,0,0.82,1,15,377316.0
CUST0949,37,Female,Employed,Savings,113,3,26573,14,4,11,0,0.94,1,15,8857.67
CUST2657,31,Female,Employed,Savings,105,2,163567,14,3,7,0,0.9,0,10,81783.5
CUST2997,18,Female,Employed,Current,154,2,242693,17,10,7,0,0.75,0,17,121346.5
CUST1075,26,Female,Employed,Savings,42,4,96786,23,4,6,0,0.68,0,10,24196.5
CUST1751,18,Female,Employed,Savings,102,3,26675,27,7,10,0,0.92,0,17,8891.67
CUST1734,18,Female,Employed,Fixed Deposit,132,2,51492,13,9,14,1,0.5,0,23,25746.0
CUST2340,18,Female,Employed,Savings,21,3,42963,12,6,8,0,0.88,1,14,14321.0
CUST0737,29,Female,Self-employed,Savings,132,1,159759,17,7,9,0,0.86,0,16,159759.0
CUST0854,38,Female,Employed,Current,56,1,158950,13,5,13,0,0.67,0,18,158950.0
CUST0948,26,Female,Employed,Savings,31,3,632634,9,7,10,0,0.73,0,17,210878.0
CUST1256,37,Male,Self-employed,Savings,39,4,295490,18,13,11,0,0.92,0,24,73872.5
CUST1154,24,Female,Self-employed,Current,156,2,97908,19,12,8,0,0.97,0,20,48954.0
CUST2775,48,Male,Employed,Current,177,3,184503,14,11,14,0,0.68,1,25,61501.0
CUST0455,46,Female,Employed,Current,125,1,52657,17,9,6,0,0.8,0,15,52657.0
CUST2377,33,Male,Employed,Savings,101,3,2427,16,9,12,1,0.54,0,21,809.0
CUST1944,22,Female,Employed,Current,42,2,218958,15,11,17,0,0.8,1,28,109479.0
CUST2350,40,Female,Employed,Savings,159,3,62579,22,8,15,0,0.65,0,23,20859.67
CUST2477,49,Female,Self-employed,Fixed Deposit,153,2,224434,18,6,17,1,0.67,0,23,112217.0
CUST1248,35,Female,Employed,Fixed Deposit,43,1,486873,13,9,9,2,0.82,1,18,486873.0
CUST0804,37,Male,Self-employed,Savings,63,1,610457,17,8,15,1,0.8,0,23,610457.0
CUST0523,32,Male,Employed,Current,165,1,107246,10,7,7,0,0.51,0,14,107246.0
CUST2220,30,Female,Employed,Savings,55,2,122205,18,9,8,0,0.84,1,17,61102.5
CUST0062,26,Male,Self-employed,Fixed Deposit,102,2,28976,13,2,9,0,0.67,0,11,14488.0
CUST2557,36,Male,Employed,Current,93,2,356890,22,11,12,0,0.83,0,23,178445.0
CUST2360,26,Female,Employed,Savings,35,2,242668,11,7,7,0,0.82,0,14,121334.0
CUST2518,40,Male,Unemployed,Savings,37,3,181335,14,14,9,0,0.69,1,23,60445.0
CUST1483,34,Female,Unemployed,Savings,150,2,9467,13,8,15,0,0.57,0,23,4733.5
CUST0894,18,Female,Self-employed,Current,113,2,87630,14,6,11,0,0.54,0,17,43815.0
CUST0369,18,Male,Self-employed,Savings,174,1,536972,17,9,4,0,0.52,0,13,536972.0
CUST1212,23,Male,Employed,Current,165,1,65272,11,9,12,0,0.89,0,21,65272.0
CUST2765,29,Female,Self-employed,Current,54,1,263279,16,5,6,0,0.79,1,11,263279.0
CUST2302,22,Female,Unemployed,Current,105,2,48721,19,10,11,0,0.63,0,21,24360.5
CUST2945,18,Male,Self-employed,Savings,163,1,175601,12,7,10,1,0.75,0,17,175601.0
CUST2281,38,Female,Self-employed,Current,57,2,137138,8,8,9,2,0.97,0,17,68569.0
CUST0491,37,Male,Employed,Savings,116,1,38516,17,7,7,0,0.57,1,14,38516.0
CUST0495,27,Male,Self-employed,Savings,157,4,78888,22,10,4,0,1.0,1,14,19722.0
CUST0403,37,Female,Unemployed,Savings,32,1,155221,10,6,6,0,0.78,0,12,155221.0
CUST0329,32,Male,Employed,Savings,153,3,41035,18,7,11,0,0.7,0,18,13678.33
CUST0852,51,Female,Employed,Current,119,2,7833,18,4,7,0,0.63,0,11,3916.5
CUST1641,33,Male,Unemployed,Savings,163,1,10958,20,3,7,0,0.8,0,10,10958.0
CUST2254,24,Male,Self-employed,Savings,170,3,271477,16,9,7,0,0.74,1,16,90492.33
CUST2552,43,Female,Employed,Savings,51,1,723080,15,7,5,0,0.92,0,12,723080.0
CUST1989,44,Female,Unemployed,Savings,146,4,212822,15,6,11,0,0.84,0,17,53205.5
CUST2974,44,Female,Employed,Savings,151,4,78067,17,11,7,0,0.82,0,18,19516.75
CUST2903,43,Female,Employed,Savings,125,1,31119,7,6,8,0,0.97,0,14,31119.0
CUST2082,21,Female,Employed,Current,68,1,85074,21,7,4,0,0.85,0,11,85074.0
CUST0030,39,Male,Employed,Savings,108,4,188324,12,9,7,1,0.55,1,16,47081.0
CUST0860,23,Male,Self-employed,Current,25,3,568153,14,12,5,1,0.55,1,17,189384.33
CUST2705,35,Female,Employed,Current,35,4,85567,14,7,15,0,0.59,0,22,21391.75
CUST1196,35,Female,Employed,Fixed Deposit,23,1,61653,17,10,6,0,0.53,0,16,61653.0
CUST0796,35,Female,Self-employed,Savings,31,3,65884,9,9,8,0,0.62,0,17,21961.33
CUST0457,28,Male,Employed,Fixed Deposit,109,2,258707,18,10,10,0,0.88,1,20,129353.5
CUST0527,28,Female,Employed,Current,106,1,182479,11,12,11,0,0.86,0,23,182479.0
CUST1845,28,Female,Employed,Savings,87,2,59111,18,3,14,0,0.94,0,17,29555.5
CUST0693,47,Male,Employed,Fixed Deposit,178,1,116137,23,9,3,0,0.51,0,12,116137.0
CUST1720,21,Male,Employed,Current,40,4,171112,23,10,3,0,0.97,0,13,42778.0
CUST0901,18,Female,Employed,Current,125,1,101869,14,7,11,0,0.51,0,18,101869.0
CUST2592,42,Female,Unemployed,Savings,121,3,10433,13,7,11,0,0.91,0,18,3477.67
CUST1082,31,Female,Self-employed,Fixed Deposit,164,1,79685,18,10,9,0,0.91,1,19,79685.0
CUST2255,51,Female,Employed,Current,90,4,210366,14,5,10,0,0.94,1,15,52591.5
CUST2198,18,Female,Employed,Savings,78,2,151493,20,8,10,1,0.76,0,18,75746.5
CUST1907,26,Male,Employed,Savings,82,1,9833,20,8,10,0,0.69,0,18,9833.0
CUST2882,34,Female,Employed,Savings,149,1,15603,17,4,6,0,0.91,0,10,15603.0
CUST0311,41,Female,Employed,Savings,108,3,26844,9,2,5,0,0.55,1,7,8948.0
CUST0901,45,Male,Unemployed,Savings,72,1,194693,8,6,10,0,0.58,0,16,194693.0
CUST0913,49,Female,Unemployed,Savings,165,1,298816,9,12,15,0,0.7,0,27,298816.0
CUST2516,38,Male,Self-employed,Savings,51,1,212567,11,8,13,1,0.84,1,21,212567.0
CUST2107,41,Female,Employed,Current,152,1,13490,14,5,12,0,0.87,0,17,13490.0
CUST0649,48,Male,Employed,Fixed Deposit,146,1,333701,12,10,16,0,0.7,1,26,333701.0
CUST2290,36,Male,Self-employed,Savings,53,4,178723,15,6,9,0,0.67,0,15,44680.75
CUST2945,40,Male,Self-employed,Current,136,1,277203,18,5,9,0,0.6,0,14,277203.0
CUST0259,35,Female,Self-employed,Savings,80,1,383683,16,11,4,1,0.54,0,15,383683.0
CUST1504,41,Female,Employed,Current,17,3,82516,18,13,14,0,0.65,0,27,27505.33
CUST1713,35,Male,Unemployed,Fixed Deposit,69,1,34528,16,7,11,0,0.66,0,18,34528.0
CUST2974,29,Male,Self-employed,Savings,176,1,37175,13,7,11,0,0.7,0,18,37175.0
CUST2405,24,Female,Employed,Savings,131,1,122206,12,6,6,0,0.98,0,12,122206.0
CUST1309,22,Female,Unemployed,Savings,32,3,553391,15,9,15,0,0.95,0,24,184463.67
CUST2728,24,Female,Employed,Savings,94,2,247428,15,6,7,0,0.7,0,13,123714.0
CUST2959,35,Female,Employed,Savings,28,1,101062,10,4,7,0,0.76,0,11,101062.0
CUST2517,22,Male,Employed,Savings,105,3,35459,14,8,8,1,0.54,0,16,11819.67
CUST2191,18,Female,Unemployed,Current,111,1,97347,10,12,15,0,0.86,0,27,97347.0
CUST1426,51,Male,Employed,Savings,158,1,28045,17,9,9,0,0.53,0,18,28045.0
CUST1078,38,Female,Employed,Savings,73,2,200555,17,9,9,0,0.82,0,18,100277.5
CUST1053,36,Female,Self-employed,Current,85,4,65262,19,8,16,0,0.74,1,24,16315.5
CUST0863,38,Male,Self-employed,Current,142,1,364970,17,11,17,0,0.72,0,28,364970.0
CUST2633,33,Male,Employed,Savings,134,1,32343,13,9,9,1,0.72,0,18,32343.0
CUST0752,42,Female,Employed,Current,101,1,152087,15,8,13,0,0.72,1,21,152087.0
CUST2422,42,Male,Self-employed,Current,130,2,22233,14,7,7,0,0.7,0,14,11116.5
CUST2243,55,Male,Self-employed,Current,50,3,157707,17,10,9,0,0.75,1,19,52569.0
CUST2412,42,Female,Unemployed,Savings,44,2,15866,13,7,14,0,0.66,0,21,7933.0
CUST1555,58,Female,Employed,Savings,24,2,228026,16,6,10,0,0.73,0,16,114013.0
CUST2424,52,Male,Employed,Current,95,2,70306,15,7,8,0,0.71,1,15,35153.0
CUST2601,40,Male,Self-employed,Savings,160,4,43202,7,8,7,0,0.85,0,15,10800.5
CUST0213,36,Male,Self-employed,Current,100,2,79327,18,4,10,2,0.82,1,14,39663.5
CUST0892,39,Male,Employed,Savings,172,3,500,11,3,17,0,0.57,0,20,166.67
CUST1029,50,Male,Employed,Savings,160,1,33348,8,8,11,0,0.84,0,19,33348.0
CUST1969,41,Female,Self-employed,Current,57,1,66672,16,9,8,0,0.84,1,17,66672.0
CUST1670,43,Female,Self-employed,Savings,155,2,143323,9,10,5,0,0.77,0,15,71661.5
CUST1209,18,Female,Self-employed,Savings,118,2,114300,17,11,9,0,0.51,0,20,57150.0
CUST0128,32,Female,Unemployed,Savings,149,3,66140,12,5,25,1,0.74,0,30,22046.67
CUST1639,39,Female,Employed,Savings,104,4,169140,13,5,14,0,0.56,0,19,42285.0
CUST2621,32,Female,Self-employed,Current,157,1,73754,14,2,10,0,0.54,0,12,73754.0
CUST0637,38,Male,Employed,Savings,72,2,13484,11,2,9,0,0.79,1,11,6742.0
CUST1619,45,Female,Employed,Savings,162,3,190555,13,11,12,0,0.62,0,23,63518.33
CUST2340,43,Female,Self-employed,Current,66,2,199818,9,5,10,1,0.8,0,15,99909.0
CUST2353,35,Female,Employed,Savings,94,1,140497,18,8,6,0,0.62,0,14,140497.0
CUST0801,43,Female,Employed,Current,35,2,30194,18,6,7,0,0.94,0,13,15097.0
CUST1757,36,Male,Employed,Savings,178,1,95000,17,7,8,0,0.83,0,15,95000.0
CUST1687,24,Male,Self-employed,Savings,173,3,72339,10,5,12,0,0.56,0,17,24113.0
CUST0063,56,Female,Employed,Current,167,3,296234,12,9,10,0,0.54,0,19,98744.67
CUST2395,20,Female,Employed,Savings,156,1,56719,18,7,11,1,0.72,0,18,56719.0
CUST2888,29,Female,Employed,Savings,54,2,135358,9,5,6,1,0.86,1,11,67679.0
CUST0586,55,Male,Unemployed,Savings,128,1,223439,11,8,13,0,0.85,0,21,223439.0
CUST0004,32,Female,Employed,Savings,54,3,218833,15,9,15,0,0.63,0,24,72944.33
CUST2620,41,Female,Employed,Current,140,2,113482,12,10,10,1,0.51,1,20,56741.0
CUST2078,29,Female,Self-employed,Current,116,1,403418,15,8,15,0,0.7,0,23,403418.0
CUST2215,47,Male,Employed,Savings,114,2,69206,16,4,13,0,0.78,0,17,34603.0
CUST2392,21,Female,Employed,Fixed Deposit,58,2,2211,15,6,7,1,0.77,0,13,1105.5
CUST0246,40,Male,Employed,Current,26,1,114205,17,6,5,1,0.91,0,11,114205.0
CUST0619,49,Female,Self-employed,Fixed Deposit,113,3,193362,18,3,7,0,0.84,1,10,64454.0
CUST0222,45,Female,Employed,Savings,45,1,112887,16,14,8,0,0.52,0,22,112887.0
CUST2428,45,Male,Employed,Savings,103,4,18249,23,7,4,0,0.85,0,11,4562.25
CUST1001,37,Female,Employed,Savings,149,3,41660,18,5,13,0,0.81,0,18,13886.67
CUST1087,26,Female,Unemployed,Fixed Deposit,99,1,355869,11,8,9,0,0.96,0,17,355869.0
CUST1080,49,Male,Unemployed,Savings,119,4,135655,11,11,11,0,0.95,0,22,33913.75
CUST2885,27,Male,Unemployed,Current,78,2,312387,17,11,10,0,0.94,1,21,156193.5
CUST2876,44,Female,Employed,Current,155,2,292354,16,8,9,0,0.65,0,17,146177.0
CUST1661,34,Female,Employed,Savings,17,2,77410,15,5,16,0,0.97,0,21,38705.0
CUST2008,28,Male,Employed,Savings,79,3,12681,18,4,15,0,0.57,0,19,4227.0
CUST0013,38,Male,Employed,Current,127,4,240326,10,7,12,0,0.77,0,19,60081.5
CUST1033,45,Male,Employed,Savings,85,4,122607,9,9,13,0,0.76,0,22,30651.75
CUST2611,39,Male,Employed,Savings,72,2,142065,13,10,7,0,0.69,1,17,71032.5
CUST0637,38,Male,Employed,Fixed Deposit,77,2,91428,21,7,5,0,0.89,0,12,45714.0
CUST2637,28,Male,Employed,Fixed Deposit,46,4,260423,9,7,10,0,0.54,0,17,65105.75
CUST1695,52,Male,Employed,Savings,40,2,46013,13,6,11,0,0.5,0,17,23006.5
CUST2390,27,Female,Employed,Savings,56,4,19642,25,11,10,1,0.92,1,21,4910.5
CUST1721,47,Male,Self-employed,Fixed Deposit,169,2,71548,17,5,9,1,0.54,0,14,35774.0
CUST2836,51,Male,Unemployed,Savings,80,1,14434,18,6,14,0,0.76,0,20,14434.0
CUST1365,45,Female,Self-employed,Fixed Deposit,62,2,129359,19,8,8,0,0.63,0,16,64679.5
CUST2991,19,Female,Employed,Savings,23,1,15777,16,7,4,0,0.88,1,11,15777.0
CUST2652,35,Female,Self-employed,Fixed Deposit,54,1,175498,21,8,6,0,0.91,0,14,175498.0
CUST0039,35,Female,Self-employed,Savings,173,2,310439,13,11,9,0,0.83,0,20,155219.5
CUST2795,29,Female,Employed,Savings,121,2,372562,17,4,12,1,0.61,0,16,186281.0
CUST1787,38,Male,Employed,Savings,49,2,298094,13,8,12,1,0.61,0,20,149047.0
CUST1019,35,Male,Employed,Current,138,1,63258,13,4,13,0,0.86,0,17,63258.0
CUST2741,35,Female,Employed,Savings,140,2,126925,24,6,8,1,0.69,1,14,63462.5
CUST2684,37,Female,Employed,Savings,112,2,10934,13,10,5,0,0.76,0,15,5467.0
CUST2639,36,Female,Employed,Savings,18,1,55416,12,6,13,0,0.5,0,19,55416.0
CUST0447,43,Female,Unemployed,Current,128,3,289102,14,6,7,0,0.63,0,13,96367.33
CUST0188,30,Male,Employed,Savings,175,2,122734,10,5,11,0,0.63,0,16,61367.0
CUST1566,55,Male,Employed,Current,93,2,145985,16,8,6,0,0.69,0,14,72992.5
CUST2279,47,Male,Self-employed,Savings,135,1,17705,15,5,13,1,0.82,1,18,17705.0
CUST1444,35,Female,Employed,Savings,105,2,171465,14,9,10,0,0.89,0,19,85732.5
CUST2670,25,Female,Employed,Savings,137,2,131831,10,10,4,1,0.58,0,14,65915.5
CUST1227,35,Female,Employed,Savings,120,3,52121,17,5,14,2,0.61,0,19,17373.67
CUST1524,35,Female,Employed,Savings,78,2,144601,18,6,6,0,0.95,1,12,72300.5
CUST1370,40,Female,Employed,Fixed Deposit,50,1,270268,16,10,8,0,0.57,0,18,270268.0
CUST2636,34,Female,Self-employed,Current,125,3,23457,14,8,10,0,0.6,0,18,7819.0
CUST0114,22,Female,Self-employed,Savings,102,1,280168,17,8,13,0,0.53,0,21,280168.0
CUST1026,51,Male,Employed,Savings,86,1,57273,13,8,10,0,0.87,0,18,57273.0
CUST1500,28,Male,Unemployed,Savings,82,3,375397,15,8,15,0,0.53,0,23,125132.33
CUST2484,26,Female,Employed,Savings,57,2,29027,20,8,4,1,0.62,0,12,14513.5
CUST0991,18,Male,Employed,Savings,24,3,59109,21,8,12,0,0.64,0,20,19703.0
CUST0383,21,Male,Unemployed,Savings,115,3,155552,8,3,3,0,0.74,0,6,51850.67
CUST2847,23,Female,Self-employed,Current,73,2,104453,23,10,5,0,0.86,0,15,52226.5
CUST0633,34,Male,Employed,Current,132,2,116857,17,8,7,0,0.68,0,15,58428.5
CUST1135,50,Female,Employed,Current,177,2,49234,25,5,11,1,0.87,0,16,24617.0
CUST1974,33,Male,Employed,Savings,93,1,54745,12,6,12,0,0.86,0,18,54745.0
CUST1441,38,Female,Self-employed,Savings,102,1,172395,16,6,7,0,0.65,0,13,172395.0
CUST2641,34,Female,Employed,Savings,153,3,185931,22,12,14,0,0.6,0,26,61977.0
CUST0680,53,Male,Employed,Current,130,2,71629,11,10,10,0,0.63,0,20,35814.5
CUST2475,37,Female,Employed,Savings,27,4,66189,10,6,7,0,0.86,1,13,16547.25
CUST0216,40,Male,Self-employed,Savings,43,2,64647,12,4,8,0,0.85,0,12,32323.5
CUST0170,36,Male,Self-employed,Current,76,1,77499,13,5,6,0,0.95,0,11,77499.0
CUST1590,25,Male,Employed,Savings,72,4,244504,20,8,7,1,0.63,1,15,61126.0
CUST1202,36,Male,Employed,Current,164,1,216921,15,6,11,0,0.9,0,17,216921.0
CUST2949,31,Female,Employed,Current,124,2,32935,11,5,10,1,0.65,0,15,16467.5
CUST1745,49,Male,Employed,Current,113,1,32260,12,5,10,0,0.88,0,15,32260.0
CUST1432,27,Female,Self-employed,Savings,138,3,272336,11,12,9,0,0.95,0,21,90778.67
CUST2332,36,Female,Unemployed,Fixed Deposit,157,1,426101,13,12,9,1,0.78,1,21,426101.0
CUST2877,42,Female,Self-employed,Savings,56,1,78855,16,4,10,0,0.54,1,14,78855.0
CUST1697,38,Female,Employed,Savings,141,3,57369,8,10,8,0,0.52,0,18,19123.0
CUST1868,30,Female,Employed,Savings,86,1,14402,16,8,9,1,0.79,1,17,14402.0
CUST0528,31,Female,Unemployed,Current,74,2,239093,16,7,7,1,0.69,0,14,119546.5
CUST2169,47,Female,Employed,Current,163,2,55227,12,7,9,0,0.54,0,16,27613.5
CUST1508,40,Female,Self-employed,Current,75,4,33556,13,9,15,1,0.62,0,24,8389.0
CUST0245,45,Female,Unemployed,Current,62,3,49522,9,6,7,0,0.84,0,13,16507.33
CUST2018,38,Female,Self-employed,Savings,160,1,40485,14,9,9,0,0.69,0,18,40485.0
CUST0338,19,Male,Employed,Savings,179,2,6578,11,9,6,0,0.88,0,15,3289.0
CUST1214,43,Male,Employed,Savings,168,1,79615,21,6,12,0,0.6,0,18,79615.0
CUST2183,51,Male,Self-employed,Savings,34,3,54786,13,8,7,0,0.52,0,15,18262.0
CUST0625,39,Female,Employed,Savings,79,2,211547,17,8,7,0,0.74,1,15,105773.5
CUST1163,37,Female,Self-employed,Current,72,1,111961,14,10,7,0,0.84,1,17,111961.0
CUST2883,40,Male,Employed,Current,16,3,558291,15,11,8,0,0.95,0,19,186097.0
CUST0028,23,Male,Employed,Savings,77,2,390027,12,16,6,0,0.7,0,22,195013.5
CUST2739,33,Male,Self-employed,Savings,96,1,39481,10,12,6,0,0.94,1,18,39481.0
CUST2565,30,Female,Employed,Savings,106,4,471754,19,10,9,0,0.51,0,19,117938.5
CUST0288,54,Male,Employed,Savings,52,2,180355,12,4,17,0,0.69,0,21,90177.5
CUST0657,49,Female,Unemployed,Savings,100,4,50008,12,12,9,0,0.61,1,21,12502.0
CUST2148,44,Female,Employed,Savings,18,1,146440,18,11,8,0,0.6,1,19,146440.0
CUST1290,30,Female,Employed,Savings,132,4,56885,14,9,12,0,0.88,0,21,14221.25
CUST0836,40,Female,Unemployed,Current,154,2,185007,14,10,7,0,0.87,0,17,92503.5
CUST2389,19,Male,Employed,Current,91,2,113593,11,11,11,0,0.61,0,22,56796.5
CUST0172,45,Male,Self-employed,Current,139,1,605112,12,7,10,1,0.98,0,17,605112.0
CUST1967,41,Male,Self-employed,Savings,96,1,65084,19,6,9,0,0.64,0,15,65084.0
CUST0786,40,Male,Employed,Current,139,2,102880,13,10,9,0,0.6,0,19,51440.0
CUST2325,45,Female,Employed,Savings,44,1,36354,11,9,4,0,0.86,0,13,36354.0
CUST1995,52,Male,Self-employed,Fixed Deposit,137,3,21085,15,7,11,0,0.87,0,18,7028.33
CUST1751,18,Male,Self-employed,Current,178,1,25937,15,8,5,0,0.77,0,13,25937.0
CUST0336,38,Male,Employed,Savings,145,2,69531,15,6,10,0,0.97,0,16,34765.5
CUST0636,41,Female,Self-employed,Current,36,2,49729,24,10,7,0,0.58,0,17,24864.5
CUST2358,24,Male,Employed,Savings,117,3,169391,21,4,16,0,0.52,0,20,56463.67
CUST1415,45,Female,Employed,Savings,99,1,26074,15,5,12,0,0.96,1,17,26074.0
CUST2681,51,Female,Employed,Savings,118,1,178006,10,7,8,0,0.65,0,15,178006.0
CUST2012,50,Male,Employed,Savings,124,1,24977,20,6,7,0,0.7,0,13,24977.0
CUST0796,39,Female,Self-employed,Fixed Deposit,112,1,2436,15,6,10,0,0.83,0,16,2436.0
CUST0164,52,Female,Employed,Savings,94,4,323087,10,4,4,0,0.51,0,8,80771.75
CUST2933,39,Female,Employed,Savings,13,4,78648,16,8,7,0,0.99,1,15,19662.0
CUST1008,32,Female,Self-employed,Fixed Deposit,164,2,60468,9,13,4,0,0.62,0,17,30234.0
CUST1962,33,Female,Employed,Savings,51,2,46227,15,3,6,0,0.59,0,9,23113.5
CUST0774,42,Female,Self-employed,Savings,86,4,32480,16,9,14,0,0.76,0,23,8120.0
CUST0919,46,Female,Employed,Current,111,2,17609,9,11,4,1,0.58,0,15,8804.5
CUST1865,24,Male,Employed,Savings,54,3,172099,13,5,6,0,0.78,0,11,57366.33
CUST2750,39,Male,Unemployed,Savings,97,4,21921,19,10,7,0,0.96,0,17,5480.25
CUST0367,30,Female,Employed,Savings,117,2,157003,15,5,13,0,0.99,1,18,78501.5
CUST1005,38,Male,Employed,Current,38,2,423623,13,6,13,0,0.51,1,19,211811.5
CUST2110,26,Female,Employed,Savings,35,2,105619,21,10,8,0,0.74,0,18,52809.5
CUST1794,27,Male,Employed,Savings,117,2,525123,14,9,6,0,0.64,0,15,262561.5
CUST2638,36,Male,Unemployed,Savings,110,3,56996,14,14,14,0,0.7,0,28,18998.67
CUST2729,20,Male,Employed,Savings,158,3,136635,13,14,4,1,0.58,0,18,45545.0
CUST1579,29,Male,Employed,Savings,37,2,5249,18,7,18,0,0.79,1,25,2624.5
CUST2547,18,Male,Self-employed,Savings,164,1,20398,11,7,14,0,0.78,0,21,20398.0
CUST2461,34,Female,Unemployed,Savings,144,4,381001,14,7,9,0,0.62,0,16,95250.25
CUST1167,25,Male,Employed,Savings,102,1,65380,20,6,13,0,0.9,0,19,65380.0
CUST2334,36,Male,Employed,Savings,44,3,60474,16,9,8,0,0.93,1,17,20158.0
CUST1792,27,Male,Employed,Savings,31,1,108292,15,7,7,0,0.78,0,14,108292.0
CUST1110,40,Female,Employed,Current,162,2,132226,14,5,13,0,0.67,0,18,66113.0
CUST0999,39,Male,Self-employed,Savings,99,2,367853,17,6,6,0,0.84,1,12,183926.5
CUST1505,39,Female,Employed,Current,111,1,50367,16,11,13,0,0.89,0,24,50367.0
CUST2921,37,Male,Self-employed,Current,21,3,147347,12,10,10,0,0.7,1,20,49115.67
CUST2337,44,Male,Unemployed,Current,130,1,193093,23,6,11,1,0.58,0,17,193093.0
CUST2369,19,Female,Self-employed,Fixed Deposit,152,4,44473,10,10,9,0,0.57,0,19,11118.25
CUST1005,32,Male,Employed,Savings,92,2,144058,21,5,17,2,0.52,1,22,72029.0
CUST0297,34,Male,Employed,Current,57,3,8049,17,11,8,1,0.82,1,19,2683.0
CUST2758,20,Male,Employed,Savings,110,4,15123,17,13,11,0,0.72,0,24,3780.75
CUST1937,37,Female,Employed,Savings,83,2,36503,10,5,8,0,0.71,0,13,18251.5
CUST2021,40,Male,Self-employed,Savings,144,1,61075,17,6,8,0,0.99,0,14,61075.0
CUST0084,32,Female,Self-employed,Savings,158,3,159597,15,4,11,1,0.72,0,15,53199.0
CUST0022,31,Female,Self-employed,Current,40,2,106166,15,8,10,1,0.95,0,18,53083.0
CUST2662,52,Male,Employed,Savings,151,3,13058,15,9,12,0,0.5,0,21,4352.67
CUST0509,45,Female,Self-employed,Current,17,1,50759,13,8,11,0,0.8,0,19,50759.0
CUST1780,18,Female,Employed,Current,174,1,238988,19,12,10,0,0.98,0,22,238988.0
CUST1023,32,Female,Employed,Fixed Deposit,27,1,200376,27,11,11,0,0.8,1,22,200376.0
CUST0159,32,Female,Employed,Savings,15,2,419706,13,8,12,0,0.6,1,20,209853.0
CUST2925,37,Female,Employed,Savings,44,3,590015,12,3,8,1,0.52,0,11,196671.67
CUST0607,35,Male,Employed,Current,60,2,52205,9,7,10,0,0.93,0,17,26102.5
CUST0979,38,Male,Unemployed,Current,166,1,58775,17,4,15,0,0.76,0,19,58775.0
CUST1204,35,Female,Employed,Savings,105,2,197963,15,7,14,0,0.95,0,21,98981.5
CUST0958,44,Male,Employed,Savings,126,1,109075,12,9,13,0,0.89,1,22,109075.0
CUST1874,46,Male,Employed,Savings,125,1,64767,12,6,11,0,0.52,1,17,64767.0
CUST0279,18,Male,Unemployed,Current,103,2,545479,21,5,9,0,0.51,0,14,272739.5
CUST2863,51,Male,Self-employed,Savings,127,2,18894,19,4,8,0,0.78,0,12,9447.0
CUST1267,27,Male,Self-employed,Current,28,1,698410,16,8,7,0,0.96,0,15,698410.0
CUST1196,18,Male,Employed,Current,102,2,225543,14,9,21,0,0.59,0,30,112771.5
CUST1243,48,Male,Employed,Current,145,1,85038,21,9,8,0,0.61,1,17,85038.0
CUST1936,34,Male,Employed,Fixed Deposit,86,4,21412,16,13,8,0,0.59,0,21,5353.0
CUST2228,49,Male,Employed,Savings,14,3,176159,17,9,7,0,0.93,1,16,58719.67
CUST0171,31,Male,Employed,Savings,111,3,18895,12,11,9,0,0.78,1,20,6298.33
CUST2992,45,Male,Employed,Current,167,1,197511,17,12,7,1,0.95,0,19,197511.0
CUST2905,18,Male,Employed,Fixed Deposit,179,1,16021,16,1,16,0,0.65,0,17,16021.0
CUST0491,41,Female,Employed,Savings,48,2,202440,23,9,9,1,0.87,1,18,101220.0
CUST2337,23,Male,Employed,Savings,35,1,301899,17,7,11,0,0.96,0,18,301899.0
CUST0295,45,Male,Employed,Current,129,3,53046,24,7,4,0,0.75,1,11,17682.0
CUST2925,33,Male,Employed,Savings,59,1,257395,20,7,16,1,0.67,1,23,257395.0
CUST2833,41,Female,Self-employed,Current,116,2,92212,11,12,8,1,0.63,0,20,46106.0
CUST1098,36,Female,Unemployed,Current,32,3,191409,11,7,16,0,0.87,0,23,63803.0
CUST0744,22,Female,Unemployed,Savings,49,2,60875,11,12,10,0,0.81,0,22,30437.5
CUST0914,37,Female,Employed,Savings,65,2,14644,12,7,5,0,0.6,1,12,7322.0
CUST1376,37,Female,Employed,Savings,142,4,489650,19,9,13,1,0.52,0,22,122412.5
CUST1940,25,Female,Self-employed,Current,168,1,100860,10,7,10,0,0.96,1,17,100860.0
CUST1793,31,Female,Employed,Savings,110,2,28260,17,9,12,0,0.8,0,21,14130.0
CUST0300,63,Male,Employed,Savings,170,1,109207,11,6,8,0,0.86,0,14,109207.0
CUST0470,33,Female,Employed,Savings,26,1,44506,14,7,9,0,0.7,1,16,44506.0
CUST1696,18,Male,Employed,Savings,38,1,87984,27,5,11,0,0.83,0,16,87984.0
CUST0147,36,Male,Employed,Savings,118,1,547304,11,12,14,1,0.77,1,26,547304.0
CUST1432,33,Female,Self-employed,Savings,124,1,191379,23,6,11,0,0.7,0,17,191379.0
CUST0005,30,Female,Unemployed,Savings,128,1,137580,11,10,9,0,0.96,0,19,137580.0
CUST2687,42,Female,Self-employed,Current,68,2,254278,21,15,7,0,0.64,1,22,127139.0
CUST1309,38,Female,Employed,Savings,99,2,52051,14,3,8,0,0.94,0,11,26025.5
CUST2131,37,Male,Employed,Savings,98,1,195280,19,8,10,0,0.68,0,18,195280.0
CUST0783,42,Female,Self-employed,Current,176,2,50819,11,11,9,0,0.53,0,20,25409.5
CUST2653,52,Female,Employed,Savings,45,2,377014,10,4,9,1,0.81,1,13,188507.0
CUST0518,40,Female,Employed,Current,30,1,423336,16,8,9,0,1.0,0,17,423336.0
CUST1153,18,Male,Employed,Savings,155,1,108818,21,7,11,0,0.53,0,18,108818.0
CUST0282,43,Male,Employed,Savings,150,2,157082,18,6,12,1,1.0,0,18,78541.0
CUST1939,18,Male,Employed,Savings,58,3,151996,14,7,10,0,0.8,0,17,50665.33
CUST0911,18,Male,Employed,Savings,75,1,95144,17,11,13,0,0.84,0,24,95144.0
CUST0555,30,Female,Employed,Savings,172,1,174457,16,5,7,0,0.59,0,12,174457.0
CUST2991,47,Female,Unemployed,Savings,146,3,32246,13,6,7,0,0.74,1,13,10748.67
CUST1459,33,Female,Self-employed,Savings,45,3,76795,15,3,7,0,0.6,0,10,25598.33
CUST2420,36,Female,Employed,Current,128,1,92124,13,7,14,1,0.89,0,21,92124.0
CUST1703,29,Male,Employed,Savings,98,4,330198,13,9,11,0,0.52,0,20,82549.5
CUST2729,27,Female,Employed,Savings,158,2,274909,14,6,7,0,0.54,0,13,137454.5
CUST1103,48,Female,Self-employed,Savings,95,1,84186,15,8,9,0,0.91,0,17,84186.0
CUST0035,28,Male,Employed,Savings,172,1,283782,18,5,9,0,0.77,0,14,283782.0
CUST2742,33,Female,Employed,Savings,88,1,375536,13,5,12,0,0.6,1,17,375536.0
CUST0142,22,Female,Self-employed,Current,38,4,143824,12,5,10,0,0.91,0,15,35956.0
CUST1876,36,Male,Self-employed,Savings,133,1,36365,13,8,15,0,0.89,0,23,36365.0
CUST2421,33,Male,Self-employed,Savings,27,2,284528,17,7,7,0,0.5,0,14,142264.0
CUST1087,45,Female,Employed,Fixed Deposit,116,1,269060,11,9,8,0,0.88,0,17,269060.0
CUST0461,22,Male,Unemployed,Savings,95,2,885,14,13,11,0,0.71,0,24,442.5
CUST1419,27,Female,Unemployed,Fixed Deposit,167,2,131866,23,5,7,0,0.6,1,12,65933.0
CUST1918,45,Male,Self-employed,Current,90,4,64679,13,14,16,0,0.81,1,30,16169.75
CUST0381,25,Male,Employed,Current,117,4,750283,15,8,24,0,0.53,0,32,187570.75
CUST2700,39,Male,Self-employed,Current,95,1,204302,12,6,8,0,0.87,1,14,204302.0
CUST1420,45,Female,Employed,Savings,70,1,213494,15,10,7,0,0.98,0,17,213494.0
CUST0373,18,Male,Employed,Current,58,2,21137,14,4,14,0,0.95,1,18,10568.5
CUST0028,49,Male,Self-employed,Savings,156,2,150826,19,3,14,0,0.58,1,17,75413.0
CUST2511,21,Male,Employed,Savings,13,3,461667,12,7,6,0,0.52,0,13,153889.0
CUST0198,46,Male,Employed,Savings,115,4,126801,21,7,15,0,0.63,0,22,31700.25
CUST1654,45,Female,Employed,Savings,177,1,585125,16,8,9,0,0.67,1,17,585125.0
CUST0243,19,Female,Employed,Savings,15,2,168396,17,6,11,0,0.91,0,17,84198.0
CUST2640,32,Female,Employed,Savings,122,4,260116,9,7,11,0,0.96,1,18,65029.0
CUST1965,43,Male,Employed,Savings,101,2,292894,20,7,16,1,0.57,0,23,146447.0
CUST2243,19,Female,Employed,Savings,62,1,172994,13,9,8,0,0.98,1,17,172994.0
CUST1809,33,Male,Employed,Savings,132,3,95302,12,11,9,0,0.56,0,20,31767.33
CUST2113,24,Male,Self-employed,Savings,99,4,820143,10,4,10,0,1.0,0,14,205035.75
CUST0943,54,Male,Self-employed,Savings,24,1,85904,22,8,10,0,0.72,0,18,85904.0
CUST1512,41,Male,Self-employed,Current,168,1,2645,18,13,7,0,0.91,0,20,2645.0
CUST2069,50,Male,Employed,Current,79,1,28945,20,7,5,0,0.75,0,12,28945.0
CUST2982,28,Female,Employed,Current,101,3,197318,17,5,12,0,0.78,0,17,65772.67
CUST1425,60,Male,Employed,Savings,86,4,30585,15,8,6,0,0.98,0,14,7646.25
CUST0883,27,Female,Unemployed,Fixed Deposit,101,2,636187,19,11,6,0,0.91,1,17,318093.5
CUST0939,44,Male,Employed,Savings,153,3,105802,11,7,8,0,0.79,0,15,35267.33
CUST1338,29,Male,Employed,Savings,40,1,360809,17,11,14,0,0.81,0,25,360809.0
CUST0849,18,Male,Unemployed,Savings,52,3,665227,18,7,7,0,0.92,0,14,221742.33
CUST1074,49,Female,Employed,Savings,109,2,6673,18,14,8,0,0.89,0,22,3336.5
CUST0636,32,Male,Employed,Current,151,1,174409,17,8,9,1,0.56,0,17,174409.0
CUST1114,27,Female,Employed,Current,104,2,411872,8,5,9,0,0.8,0,14,205936.0
CUST1906,34,Female,Self-employed,Savings,154,1,64020,18,6,11,0,0.67,1,17,64020.0
CUST1158,29,Male,Employed,Current,95,2,162867,13,6,8,0,0.64,0,14,81433.5
CUST1267,40,Male,Employed,Savings,145,1,125563,17,8,13,1,0.91,1,21,125563.0
CUST2493,52,Female,Employed,Current,32,1,143693,17,9,12,0,0.77,0,21,143693.0
CUST1962,23,Male,Self-employed,Savings,151,1,202472,16,11,16,0,0.91,0,27,202472.0
CUST0979,19,Male,Employed,Savings,64,1,15685,11,8,8,0,0.6,0,16,15685.0
CUST2131,37,Male,Employed,Fixed Deposit,42,3,129782,20,10,10,0,0.94,0,20,43260.67
CUST0529,31,Female,Employed,Savings,14,1,87860,15,8,9,0,0.92,1,17,87860.0
CUST0421,27,Male,Employed,Savings,56,2,33772,14,9,12,0,0.5,1,21,16886.0
CUST0631,39,Female,Self-employed,Savings,18,1,151363,8,10,9,1,0.85,1,19,151363.0
CUST2351,43,Male,Employed,Current,146,4,28404,15,5,7,0,0.82,0,12,7101.0
CUST0113,28,Female,Self-employed,Current,134,1,12822,17,9,8,0,0.99,0,17,12822.0
CUST2296,25,Male,Employed,Savings,40,3,331289,13,6,7,0,0.68,0,13,110429.67
CUST1729,41,Male,Employed,Fixed Deposit,79,3,398994,12,5,6,0,0.57,0,11,132998.0
CUST2316,28,Male,Employed,Savings,166,1,172429,20,7,17,0,0.83,0,24,172429.0
CUST1774,37,Male,Employed,Fixed Deposit,67,1,224292,6,7,8,0,0.94,1,15,224292.0
CUST2385,39,Male,Employed,Current,63,1,574628,24,12,15,0,0.83,0,27,574628.0
CUST0028,30,Female,Employed,Current,142,2,154275,19,10,8,0,0.91,0,18,77137.5
CUST1160,34,Male,Employed,Savings,59,4,49275,12,8,14,0,0.53,1,22,12318.75
CUST2858,29,Male,Employed,Current,78,4,213590,17,10,10,0,0.79,0,20,53397.5
CUST0562,21,Male,Self-employed,Savings,87,1,500,19,7,8,0,0.5,0,15,500.0
CUST2172,29,Male,Employed,Savings,179,1,49121,8,12,6,0,0.72,0,18,49121.0
CUST1246,44,Male,Employed,Current,98,1,76338,22,4,10,0,0.63,1,14,76338.0
CUST2585,37,Male,Self-employed,Savings,129,1,107628,16,16,12,0,0.62,1,28,107628.0
CUST1864,32,Male,Unemployed,Savings,149,3,8352,18,12,6,0,0.69,0,18,2784.0
CUST0600,34,Female,Self-employed,Savings,108,2,184221,15,7,8,0,0.84,0,15,92110.5
CUST1057,48,Female,Employed,Savings,166,2,49005,16,13,9,0,0.97,0,22,24502.5
CUST2083,52,Female,Employed,Savings,128,4,6679,17,7,4,0,0.99,0,11,1669.75
CUST2056,37,Female,Self-employed,Fixed Deposit,117,1,294252,14,10,9,0,0.78,1,19,294252.0
CUST0067,32,Male,Employed,Fixed Deposit,173,3,647444,21,9,13,0,0.82,0,22,215814.67
CUST2646,50,Male,Self-employed,Current,172,2,18847,15,6,9,0,0.92,0,15,9423.5
CUST0031,30,Female,Employed,Current,46,4,1176628,13,14,8,0,0.51,0,22,294157.0
CUST0206,36,Male,Employed,Savings,22,2,89830,10,11,7,1,0.76,0,18,44915.0
CUST2510,28,Male,Employed,Savings,20,4,186089,14,5,10,0,0.6,0,15,46522.25
CUST2279,25,Female,Employed,Savings,129,2,87756,15,7,13,0,0.94,0,20,43878.0
CUST0564,24,Male,Employed,Savings,118,1,149075,11,5,7,0,0.57,1,12,149075.0
CUST0820,42,Male,Employed,Savings,126,2,169274,14,6,14,0,0.71,1,20,84637.0
CUST2013,40,Male,Self-employed,Savings,150,2,76798,11,6,6,0,0.72,0,12,38399.0
CUST0004,27,Male,Employed,Savings,37,3,318806,19,10,19,0,0.77,0,29,106268.67
CUST0064,28,Male,Employed,Savings,145,1,171702,13,5,13,1,0.81,0,18,171702.0
CUST2853,32,Female,Employed,Savings,75,3,219288,11,4,8,0,0.55,1,12,73096.0
CUST2318,32,Female,Self-employed,Fixed Deposit,156,3,541128,19,5,4,0,0.77,0,9,180376.0
CUST0632,42,Female,Employed,Savings,164,3,80207,14,7,11,0,0.84,0,18,26735.67
CUST1571,36,Female,Employed,Savings,37,2,56215,12,10,12,0,0.99,0,22,28107.5
CUST2709,41,Male,Employed,Current,104,1,104478,10,10,7,0,0.78,0,17,104478.0
CUST1429,38,Female,Self-employed,Fixed Deposit,74,2,263298,18,7,14,0,0.79,1,21,131649.0
CUST1240,39,Female,Employed,Savings,178,1,30484,20,7,13,0,0.69,0,20,30484.0
CUST0956,41,Female,Employed,Savings,13,2,44403,19,8,12,0,0.92,1,20,22201.5
CUST2194,32,Female,Employed,Savings,131,1,20212,12,12,10,1,0.97,0,22,20212.0
CUST2845,54,Male,Employed,Current,129,1,70358,16,10,14,1,0.66,0,24,70358.0
CUST2507,31,Male,Employed,Savings,134,1,228959,26,7,6,0,0.92,0,13,228959.0
CUST2242,29,Female,Employed,Savings,62,2,185590,14,5,15,0,0.56,0,20,92795.0
CUST1998,46,Male,Employed,Current,33,1,169279,13,14,12,0,0.67,1,26,169279.0
CUST1678,31,Female,Employed,Current,78,1,177343,7,8,7,0,0.72,1,15,177343.0
CUST1612,38,Male,Employed,Savings,65,1,127165,9,9,10,0,0.88,0,19,127165.0
CUST1028,29,Female,Employed,Savings,97,1,18407,10,4,11,0,0.82,0,15,18407.0
CUST0264,33,Male,Employed,Current,84,1,116449,17,7,10,0,0.82,0,17,116449.0
CUST1693,32,Male,Employed,Savings,101,1,22894,15,9,10,0,0.59,0,19,22894.0
CUST2983,46,Female,Employed,Savings,146,1,175404,8,5,10,0,0.93,0,15,175404.0
CUST0316,19,Female,Self-employed,Current,134,2,161066,15,7,7,0,0.7,0,14,80533.0
CUST0218,38,Female,Self-employed,Fixed Deposit,96,2,192531,13,10,8,1,0.77,0,18,96265.5
CUST0780,44,Male,Employed,Fixed Deposit,121,3,8640,9,8,7,0,0.72,0,15,2880.0
CUST0912,35,Male,Self-employed,Fixed Deposit,50,1,109356,17,6,10,0,0.82,0,16,109356.0
CUST0390,38,Female,Employed,Current,86,3,28058,9,5,8,0,0.9,0,13,9352.67
CUST1397,52,Female,Self-employed,Savings,108,2,293975,15,6,12,0,0.85,0,18,146987.5
CUST0353,38,Male,Self-employed,Savings,96,3,58222,13,9,7,0,0.85,1,16,19407.33
CUST1413,49,Female,Employed,Savings,140,2,531242,11,3,13,0,0.53,0,16,265621.0
CUST2200,26,Male,Self-employed,Savings,110,2,85977,21,12,11,1,0.88,0,23,42988.5
CUST2634,41,Male,Employed,Savings,160,2,208594,11,13,7,1,0.57,0,20,104297.0
CUST0088,24,Male,Employed,Fixed Deposit,114,1,61729,14,9,10,0,0.78,0,19,61729.0
CUST2787,37,Female,Employed,Current,105,3,404690,12,4,13,0,0.87,0,17,134896.67
CUST0255,32,Male,Unemployed,Savings,102,4,78255,18,10,9,1,0.94,0,19,19563.75
CUST0741,31,Male,Employed,Savings,77,1,24622,9,2,9,0,0.88,0,11,24622.0
CUST0028,45,Male,Unemployed,Savings,140,2,604080,14,6,10,0,0.62,0,16,302040.0
CUST1031,35,Female,Employed,Savings,71,2,128240,20,14,9,0,0.86,0,23,64120.0
CUST0061,29,Male,Self-employed,Current,159,1,30649,14,11,4,0,0.75,0,15,30649.0
CUST2410,55,Female,Employed,Current,121,1,239018,22,4,7,0,0.73,0,11,239018.0
CUST1998,56,Male,Employed,Current,39,1,91794,9,8,9,0,0.57,0,17,91794.0
CUST1589,26,Male,Self-employed,Savings,60,2,21284,18,5,5,0,0.76,0,10,10642.0
CUST2292,45,Female,Employed,Fixed Deposit,61,1,70486,19,9,9,0,0.88,0,18,70486.0
CUST0306,38,Female,Self-employed,Savings,62,1,82709,15,12,12,0,0.51,0,24,82709.0
CUST1007,39,Male,Employed,Savings,134,2,2600,11,8,11,0,0.51,1,19,1300.0
CUST2231,47,Female,Employed,Current,112,2,73326,12,5,7,2,0.71,0,12,36663.0
CUST2931,50,Female,Employed,Savings,15,2,77072,16,5,9,0,0.93,1,14,38536.0
CUST0276,21,Female,Unemployed,Savings,80,1,75641,24,8,11,0,0.53,0,19,75641.0
CUST0997,34,Female,Self-employed,Savings,153,3,34399,16,5,11,0,0.58,0,16,11466.33
CUST2553,35,Male,Employed,Fixed Deposit,17,1,92688,13,7,3,0,0.85,0,10,92688.0
CUST0272,54,Female,Employed,Current,131,1,104540,18,11,12,0,0.8,0,23,104540.0
CUST1952,42,Female,Employed,Savings,99,2,26399,19,6,8,0,0.98,0,14,13199.5
CUST0538,25,Male,Employed,Savings,69,3,47878,26,5,11,1,0.51,0,16,15959.33
CUST2524,41,Male,Employed,Current,15,4,389009,13,7,6,0,0.95,1,13,97252.25
CUST0645,18,Female,Employed,Fixed Deposit,154,1,14824,11,6,6,0,0.68,0,12,14824.0
CUST1492,41,Male,Employed,Savings,134,1,97286,17,5,19,0,0.81,0,24,97286.0
CUST0563,41,Male,Self-employed,Savings,22,2,267380,14,9,10,0,0.93,1,19,133690.0
CUST1362,53,Male,Employed,Savings,112,3,75578,14,9,5,0,0.94,0,14,25192.67
CUST0162,35,Female,Employed,Current,127,4,642505,13,7,11,0,0.84,1,18,160626.25
CUST0930,41,Male,Employed,Fixed Deposit,121,1,21302,16,10,15,0,0.66,0,25,21302.0
CUST1170,38,Male,Employed,Current,137,2,72541,10,9,8,0,0.71,0,17,36270.5
CUST0923,28,Female,Self-employed,Savings,164,1,201528,22,7,12,1,0.72,0,19,201528.0
CUST0367,30,Male,Self-employed,Current,162,4,87032,24,10,10,0,0.94,0,20,21758.0
CUST1823,24,Female,Employed,Savings,63,4,297581,11,4,12,0,0.6,0,16,74395.25
CUST1067,41,Male,Unemployed,Savings,28,1,48762,17,11,13,0,0.52,0,24,48762.0
CUST0933,38,Male,Employed,Savings,89,1,110135,17,9,8,1,0.71,0,17,110135.0
CUST2051,27,Female,Self-employed,Current,44,1,194065,19,7,6,0,0.6,0,13,194065.0
CUST1245,24,Male,Employed,Savings,99,2,113099,18,9,10,0,0.92,0,19,56549.5
CUST2357,26,Male,Self-employed,Current,113,2,294663,16,2,12,0,0.66,0,14,147331.5
CUST2503,31,Female,Employed,Current,129,1,49027,23,7,10,0,0.56,1,17,49027.0
CUST1152,18,Female,Self-employed,Savings,164,4,5773,22,8,9,0,0.65,0,17,1443.25
CUST2838,35,Female,Self-employed,Current,86,1,177135,15,14,9,0,0.66,0,23,177135.0
CUST1790,35,Female,Self-employed,Current,165,2,69025,12,5,9,0,0.61,0,14,34512.5
CUST2329,46,Male,Unemployed,Savings,91,1,224679,18,7,8,0,0.63,0,15,224679.0
CUST1209,32,Female,Self-employed,Savings,50,1,154369,11,12,8,0,0.66,1,20,154369.0
CUST1809,36,Female,Employed,Savings,128,2,238480,19,8,7,0,0.55,0,15,119240.0
CUST1331,29,Male,Unemployed,Current,55,2,306591,16,5,10,0,0.53,1,15,153295.5
CUST0007,18,Female,Employed,Savings,153,2,25614,14,4,9,0,0.54,0,13,12807.0
CUST2521,38,Female,Self-employed,Fixed Deposit,141,2,202283,15,8,18,0,0.87,0,26,101141.5
CUST1792,40,Female,Employed,Current,125,3,105239,17,11,5,0,0.83,0,16,35079.67
CUST2650,39,Male,Self-employed,Savings,47,2,313475,17,9,13,0,0.54,0,22,156737.5
CUST2355,21,Male,Employed,Savings,61,2,141030,17,6,10,0,0.82,0,16,70515.0
CUST2478,29,Female,Employed,Savings,79,1,205407,18,8,11,0,0.71,1,19,205407.0
CUST1869,25,Male,Self-employed,Current,109,2,520585,17,6,7,0,0.78,0,13,260292.5
CUST0964,27,Male,Employed,Savings,82,1,58954,11,13,6,0,0.94,1,19,58954.0
CUST0210,33,Male,Self-employed,Savings,88,1,298697,13,5,8,0,0.85,0,13,298697.0
CUST2138,28,Female,Employed,Current,172,2,74296,20,10,9,0,0.78,1,19,37148.0
CUST1211,43,Female,Self-employed,Current,176,1,205416,10,7,9,0,0.58,0,16,205416.0
CUST0052,28,Female,Self-employed,Fixed Deposit,129,1,119875,13,6,15,0,0.81,0,21,119875.0
CUST1314,28,Male,Self-employed,Fixed Deposit,24,2,342500,14,4,10,0,0.72,0,14,171250.0
CUST1577,43,Female,Self-employed,Current,54,3,106364,18,10,7,0,0.91,1,17,35454.67
CUST2919,28,Female,Employed,Savings,81,1,138087,14,9,8,0,0.7,0,17,138087.0
CUST1177,36,Female,Self-employed,Current,72,1,344717,8,12,9,1,0.78,0,21,344717.0
CUST0155,38,Female,Unemployed,Savings,143,2,44185,12,5,5,0,0.73,0,10,22092.5
CUST0634,25,Female,Employed,Fixed Deposit,151,3,1380,16,11,3,0,0.59,0,14,460.0
CUST2609,48,Female,Employed,Fixed Deposit,69,1,345462,14,10,7,0,0.51,1,17,345462.0
CUST1545,30,Female,Unemployed,Current,147,2,106738,18,6,9,0,0.82,0,15,53369.0
CUST2930,41,Male,Employed,Savings,150,4,133801,14,8,11,1,0.52,0,19,33450.25
CUST1973,18,Male,Self-employed,Savings,74,1,150410,13,10,5,0,0.75,1,15,150410.0
CUST0053,27,Female,Employed,Savings,174,1,310870,13,9,7,0,0.55,0,16,310870.0
CUST1756,26,Male,Unemployed,Savings,160,1,22178,18,7,9,1,0.77,0,16,22178.0
CUST0701,49,Female,Employed,Savings,106,1,225957,9,9,9,2,0.51,1,18,225957.0
CUST0072,30,Female,Self-employed,Savings,139,3,3940,14,13,9,0,0.92,1,22,1313.33
CUST0695,35,Female,Employed,Savings,22,1,428102,15,8,13,0,0.94,1,21,428102.0
CUST1101,24,Male,Employed,Fixed Deposit,149,1,78158,12,9,10,0,0.54,0,19,78158.0
CUST1440,30,Female,Unemployed,Current,170,1,3228,18,9,9,0,0.73,0,18,3228.0
CUST0719,45,Female,Self-employed,Savings,43,1,15861,17,8,9,0,0.55,0,17,15861.0
CUST1979,24,Female,Self-employed,Savings,78,3,77519,16,3,18,0,0.63,0,21,25839.67
CUST0644,40,Female,Employed,Savings,118,2,432024,18,8,5,0,0.69,0,13,216012.0
CUST0097,30,Female,Self-employed,Savings,159,2,139565,10,8,10,0,0.59,0,18,69782.5
CUST1640,35,Female,Unemployed,Savings,102,3,45245,15,6,10,1,0.76,0,16,15081.67
CUST0308,26,Male,Self-employed,Fixed Deposit,38,2,129609,14,10,9,0,0.52,0,19,64804.5
CUST1766,43,Male,Employed,Fixed Deposit,144,1,18547,12,4,10,1,0.62,0,14,18547.0
CUST0506,45,Male,Employed,Savings,46,1,37457,20,7,11,0,0.68,0,18,37457.0
CUST1075,36,Female,Self-employed,Fixed Deposit,123,1,38748,16,4,12,0,0.69,0,16,38748.0
CUST2087,38,Male,Employed,Savings,28,1,29744,11,12,8,0,0.79,0,20,29744.0
CUST2831,23,Female,Employed,Current,47,4,147453,19,13,11,0,0.79,1,24,36863.25
CUST0474,50,Female,Employed,Savings,123,1,66106,13,9,10,1,0.84,0,19,66106.0
CUST0966,36,Male,Self-employed,Savings,92,2,7547,15,3,10,0,0.55,0,13,3773.5
CUST1238,45,Male,Employed,Savings,152,2,51303,15,12,9,1,0.72,0,21,25651.5
CUST2634,23,Female,Employed,Savings,83,1,3718,12,6,9,0,0.93,0,15,3718.0
CUST1555,24,Female,Unemployed,Current,97,2,479325,13,9,12,0,0.87,0,21,239662.5
CUST2289,43,Male,Self-employed,Current,100,2,412274,16,6,13,0,0.87,0,19,206137.0
CUST0727,44,Male,Employed,Savings,136,1,248735,13,8,7,0,0.99,0,15,248735.0
CUST2868,23,Male,Employed,Savings,42,2,61138,12,10,12,0,0.71,0,22,30569.0
CUST0789,34,Male,Employed,Savings,79,1,327667,14,10,14,0,0.69,1,24,327667.0
CUST0380,42,Male,Employed,Savings,67,1,43520,17,9,14,0,0.83,0,23,43520.0
CUST0467,39,Female,Employed,Current,27,2,201481,17,4,10,0,0.84,0,14,100740.5
CUST0015,31,Male,Self-employed,Current,151,2,294535,11,12,5,1,0.6,1,17,147267.5
CUST1075,25,Female,Self-employed,Current,33,2,18642,17,7,23,0,0.78,1,30,9321.0
CUST0792,53,Male,Employed,Savings,146,2,81355,15,4,6,0,0.98,1,10,40677.5
CUST0708,18,Female,Employed,Fixed Deposit,108,2,107267,19,7,9,1,0.52,1,16,53633.5
CUST2908,23,Male,Employed,Savings,101,3,38866,11,7,11,0,0.86,1,18,12955.33
CUST1296,42,Male,Employed,Savings,67,4,136854,10,8,13,0,0.7,0,21,34213.5
CUST2353,49,Female,Self-employed,Fixed Deposit,56,3,57935,13,11,11,0,0.71,1,22,19311.67
CUST0940,42,Female,Self-employed,Savings,143,2,4437,13,10,6,3,0.69,0,16,2218.5
CUST0829,42,Male,Employed,Current,111,2,179041,14,5,16,0,0.55,1,21,89520.5
CUST1403,31,Female,Employed,Savings,66,1,39363,15,5,14,1,0.67,0,19,39363.0
CUST2100,36,Female,Self-employed,Current,84,2,34781,12,11,9,0,0.53,1,20,17390.5
CUST2346,53,Male,Employed,Savings,61,4,113879,21,7,14,0,0.53,1,21,28469.75
CUST2706,49,Male,Self-employed,Savings,119,1,32168,16,11,10,1,0.9,0,21,32168.0
CUST2419,47,Male,Employed,Savings,29,2,117194,14,9,9,0,0.87,0,18,58597.0
CUST1054,31,Female,Employed,Current,157,2,129175,17,10,6,0,0.93,0,16,64587.5
CUST1494,18,Male,Self-employed,Fixed Deposit,33,2,17433,10,7,18,1,0.56,0,25,8716.5
CUST2544,20,Female,Employed,Fixed Deposit,82,3,114108,14,7,7,0,0.56,0,14,38036.0
CUST2366,31,Female,Employed,Savings,123,3,17005,17,12,9,2,0.72,0,21,5668.33
CUST2491,33,Female,Employed,Current,89,2,28511,17,10,9,1,0.62,1,19,14255.5
CUST1099,36,Female,Employed,Savings,69,1,225525,19,8,4,0,0.59,0,12,225525.0
CUST0695,23,Male,Self-employed,Savings,105,2,70220,19,10,7,0,0.9,1,17,35110.0
CUST0371,34,Male,Employed,Current,168,1,4068,14,13,10,0,0.78,0,23,4068.0
CUST1775,31,Male,Employed,Savings,64,3,4267,19,8,14,0,0.86,0,22,1422.33
CUST2080,43,Male,Employed,Savings,81,2,119823,13,4,9,0,0.6,0,13,59911.5
CUST0560,35,Male,Self-employed,Savings,140,3,120498,16,5,10,2,0.6,0,15,40166.0
CUST0103,23,Male,Self-employed,Savings,42,3,91588,13,12,13,0,0.82,0,25,30529.33
CUST1565,31,Female,Self-employed,Fixed Deposit,69,2,44095,13,14,17,1,0.95,0,31,22047.5
CUST2474,24,Male,Employed,Fixed Deposit,84,3,172955,14,9,15,0,0.97,0,24,57651.67
CUST0221,44,Female,Self-employed,Savings,156,1,2887,19,3,11,0,0.9,0,14,2887.0
CUST2606,34,Female,Self-employed,Fixed Deposit,165,4,98507,11,12,6,0,0.54,0,18,24626.75
CUST2593,44,Male,Employed,Current,72,1,55487,18,11,15,1,0.95,0,26,55487.0
CUST0512,32,Male,Self-employed,Savings,59,1,28999,26,10,10,0,0.62,0,20,28999.0
CUST0201,42,Female,Self-employed,Savings,121,4,309294,17,5,13,1,0.74,0,18,77323.5
CUST0832,35,Male,Employed,Savings,121,1,314907,30,9,6,0,0.85,0,15,314907.0
CUST0083,33,Male,Employed,Current,121,1,139027,13,6,14,0,0.54,0,20,139027.0
CUST0894,32,Male,Employed,Savings,178,3,180994,16,3,5,0,0.74,0,8,60331.33
CUST2675,36,Female,Unemployed,Savings,149,1,91721,16,7,7,0,0.77,0,14,91721.0
CUST2553,43,Male,Employed,Savings,61,1,116685,17,6,12,0,0.63,0,18,116685.0
CUST1786,38,Male,Employed,Fixed Deposit,163,2,599928,20,8,13,1,0.58,0,21,299964.0
CUST1608,39,Female,Self-employed,Savings,28,1,21029,15,6,9,0,0.85,0,15,21029.0
CUST1009,43,Female,Employed,Savings,29,3,330341,14,10,15,0,0.94,1,25,110113.67
CUST2656,40,Male,Employed,Savings,57,2,134782,12,10,10,0,0.82,1,20,67391.0
CUST2963,44,Female,Self-employed,Savings,76,1,38002,12,7,8,0,0.68,0,15,38002.0
CUST2743,18,Male,Unemployed,Current,90,1,29909,12,13,13,0,0.5,1,26,29909.0
CUST0583,34,Female,Employed,Savings,14,3,65498,18,7,12,0,0.73,1,19,21832.67
CUST0982,42,Male,Self-employed,Savings,40,3,691441,17,8,15,0,0.72,1,23,230480.33
CUST2044,37,Male,Employed,Current,177,3,21474,16,6,11,1,0.99,0,17,7158.0
CUST1836,41,Female,Employed,Savings,148,1,15557,15,6,14,0,0.93,0,20,15557.0
CUST1051,44,Female,Self-employed,Current,155,3,66853,14,13,8,0,0.93,0,21,22284.33
CUST1968,26,Female,Unemployed,Savings,175,4,41586,11,10,12,0,0.99,0,22,10396.5
CUST0403,28,Female,Self-employed,Fixed Deposit,51,2,93749,16,9,5,0,0.69,0,14,46874.5
CUST2544,29,Female,Employed,Savings,16,3,172830,13,8,10,0,0.95,1,18,57610.0
CUST0892,42,Male,Self-employed,Current,42,1,277958,13,16,14,0,0.91,0,30,277958.0
CUST1228,34,Male,Unemployed,Current,30,1,697710,12,6,11,1,0.71,0,17,697710.0
CUST2038,42,Male,Employed,Fixed Deposit,13,1,78983,15,5,11,0,0.73,0,16,78983.0
CUST2315,33,Male,Self-employed,Savings,33,2,24197,12,8,14,1,0.83,0,22,12098.5
CUST0265,27,Male,Self-employed,Savings,118,1,305480,16,13,6,0,0.69,0,19,305480.0
CUST1569,52,Male,Employed,Savings,95,2,39699,18,7,6,0,0.7,0,13,19849.5
CUST0421,55,Female,Employed,Current,127,3,230454,17,4,4,0,0.62,0,8,76818.0
CUST1146,35,Female,Self-employed,Savings,115,3,103236,24,5,9,0,0.91,0,14,34412.0
CUST0522,22,Male,Self-employed,Savings,36,1,147724,19,14,14,0,0.79,0,28,147724.0
CUST0821,51,Male,Employed,Savings,155,1,80223,15,12,8,0,0.73,0,20,80223.0
CUST1506,34,Female,Employed,Savings,13,2,111347,20,6,8,0,0.8,0,14,55673.5
CUST0927,40,Female,Employed,Savings,87,4,48945,15,10,7,0,0.89,0,17,12236.25
CUST1350,20,Male,Employed,Savings,84,4,15402,9,8,7,0,0.94,0,15,3850.5
CUST1270,52,Female,Employed,Savings,97,2,8173,11,4,11,0,0.8,0,15,4086.5
CUST2506,37,Female,Employed,Savings,35,2,43574,15,4,7,0,0.77,1,11,21787.0
CUST0237,29,Male,Employed,Savings,120,4,55741,17,16,12,0,0.97,0,28,13935.25
CUST0371,18,Male,Employed,Current,68,2,28214,9,7,11,0,0.72,0,18,14107.0
CUST1070,31,Female,Employed,Savings,114,3,86976,20,8,12,0,0.71,1,20,28992.0
CUST0718,42,Male,Employed,Current,177,4,159980,15,9,9,0,0.91,0,18,39995.0
CUST2273,43,Female,Self-employed,Savings,29,3,225337,18,8,11,0,0.99,0,19,75112.33
CUST1414,29,Male,Self-employed,Savings,86,2,36944,15,8,12,0,0.8,0,20,18472.0
CUST2939,51,Male,Employed,Savings,73,2,204584,12,5,13,0,0.85,0,18,102292.0
CUST2391,41,Female,Self-employed,Current,81,2,125280,11,5,11,0,0.99,0,16,62640.0
CUST0139,35,Female,Employed,Savings,165,1,107807,22,4,12,0,0.54,0,16,107807.0
CUST2482,33,Female,Self-employed,Savings,103,1,365486,12,6,7,0,0.6,0,13,365486.0
CUST1946,29,Male,Employed,Savings,109,4,21513,9,6,14,0,0.72,0,20,5378.25
CUST0847,31,Male,Self-employed,Savings,132,2,126184,14,7,16,0,0.95,1,23,63092.0
CUST0608,37,Female,Employed,Current,171,1,50851,10,7,8,1,0.65,0,15,50851.0
CUST2695,34,Female,Employed,Current,33,1,9865,18,7,13,0,0.54,0,20,9865.0
CUST2305,50,Female,Employed,Savings,34,4,125666,9,9,14,0,0.76,0,23,31416.5
CUST2224,35,Female,Self-employed,Current,31,1,130715,7,7,11,0,0.9,1,18,130715.0
CUST0432,28,Female,Employed,Savings,49,2,150785,10,10,9,0,0.82,1,19,75392.5
CUST2398,18,Male,Employed,Current,146,4,626385,15,8,5,0,0.83,0,13,156596.25
CUST0058,47,Female,Self-employed,Savings,91,1,92213,17,8,15,1,0.52,1,23,92213.0
CUST0652,21,Female,Employed,Savings,162,2,815198,17,11,12,0,0.97,0,23,407599.0
CUST0623,26,Female,Employed,Current,101,2,55732,12,4,9,0,0.99,0,13,27866.0
CUST2872,60,Female,Employed,Savings,131,1,216083,12,4,10,0,0.64,0,14,216083.0
CUST0891,22,Male,Employed,Savings,53,1,227982,14,3,10,1,0.64,1,13,227982.0
CUST2070,38,Female,Employed,Savings,107,3,65217,17,5,7,0,0.64,0,12,21739.0
CUST0659,18,Male,Self-employed,Current,123,2,198646,5,8,13,0,0.92,0,21,99323.0
CUST1042,33,Male,Employed,Savings,56,2,66615,11,10,8,0,0.5,1,18,33307.5
CUST0986,38,Female,Employed,Current,119,1,70869,17,9,10,0,0.61,0,19,70869.0
CUST1497,33,Female,Unemployed,Savings,112,1,1400,21,13,12,0,0.92,0,25,1400.0
CUST0330,35,Female,Employed,Savings,57,1,17278,16,8,10,0,0.97,1,18,17278.0
CUST0362,33,Female,Employed,Savings,98,2,337950,19,11,9,0,0.91,1,20,168975.0
CUST0986,44,Female,Employed,Current,172,2,316316,21,8,10,0,0.87,0,18,158158.0
CUST0351,34,Male,Employed,Current,20,4,3459,21,11,8,0,0.69,1,19,864.75
CUST2577,51,Female,Unemployed,Current,152,1,200058,16,4,12,0,0.73,0,16,200058.0
CUST2528,42,Female,Self-employed,Current,168,2,206786,14,10,8,0,0.7,0,18,103393.0
CUST1758,34,Male,Self-employed,Savings,108,1,400603,20,9,15,0,0.88,0,24,400603.0
CUST2928,46,Female,Self-employed,Current,74,2,75193,16,7,5,0,0.78,0,12,37596.5
CUST0173,35,Female,Employed,Savings,51,2,4047,15,6,14,0,0.54,0,20,2023.5
CUST0505,38,Male,Self-employed,Current,130,1,69460,16,8,11,0,0.82,0,19,69460.0
CUST0568,32,Female,Employed,Fixed Deposit,96,2,201276,16,8,15,0,0.51,0,23,100638.0
CUST2825,18,Male,Unemployed,Current,169,1,33701,16,3,12,2,0.53,1,15,33701.0
CUST0151,30,Female,Self-employed,Fixed Deposit,118,2,290994,17,9,13,0,0.8,0,22,145497.0
CUST0250,20,Female,Employed,Savings,92,2,208062,19,4,6,0,0.72,1,10,104031.0
CUST2401,35,Female,Self-employed,Savings,50,4,314416,14,10,10,0,0.88,0,20,78604.0
CUST0324,36,Female,Employed,Savings,46,2,65189,15,9,4,0,0.62,0,13,32594.5
CUST0279,39,Female,Employed,Current,61,1,56288,16,10,5,0,0.81,0,15,56288.0
CUST2933,38,Female,Employed,Savings,64,1,368601,17,6,6,1,0.65,1,12,368601.0
CUST1462,35,Male,Employed,Savings,75,1,841,14,5,5,2,0.98,0,10,841.0
CUST2872,42,Male,Employed,Fixed Deposit,29,1,161244,13,5,14,0,0.79,0,19,161244.0
CUST2517,36,Female,Employed,Savings,140,2,159823,16,14,5,0,0.51,0,19,79911.5
CUST0600,53,Male,Self-employed,Savings,52,2,62861,20,9,6,0,0.72,0,15,31430.5
CUST1703,42,Male,Self-employed,Savings,145,2,364909,22,8,8,0,0.68,0,16,182454.5
CUST1514,46,Male,Employed,Current,55,1,88110,20,4,10,0,0.55,1,14,88110.0
CUST2014,18,Female,Employed,Current,68,1,9862,12,12,5,0,0.57,1,17,9862.0
CUST1648,40,Male,Employed,Savings,46,1,149796,12,6,10,1,0.78,1,16,149796.0
CUST2706,27,Female,Employed,Savings,57,2,86322,10,7,9,0,0.61,0,16,43161.0
CUST2590,44,Female,Employed,Current,35,2,164202,20,15,10,0,0.85,0,25,82101.0
CUST1941,34,Male,Employed,Current,56,3,183603,15,4,3,1,0.53,0,7,61201.0
CUST1021,42,Male,Employed,Savings,142,1,103610,12,10,17,1,0.67,1,27,103610.0
CUST0017,39,Female,Self-employed,Current,17,3,152501,16,6,10,0,0.8,1,16,50833.67
CUST0870,18,Male,Unemployed,Fixed Deposit,56,3,81151,9,5,12,0,0.73,1,17,27050.33
CUST2612,30,Male,Self-employed,Current,123,2,88372,11,4,7,0,0.61,1,11,44186.0
CUST2147,43,Male,Employed,Fixed Deposit,131,1,300721,16,7,12,1,0.76,0,19,300721.0
CUST0188,31,Female,Unemployed,Savings,124,3,30807,16,10,13,0,0.54,0,23,10269.0
CUST0184,33,Female,Self-employed,Savings,84,1,304520,18,9,7,0,0.87,0,16,304520.0
CUST0277,38,Male,Employed,Fixed Deposit,178,3,88338,19,9,6,0,0.95,0,15,29446.0
CUST1841,34,Female,Unemployed,Savings,171,2,11960,25,7,16,1,0.99,0,23,5980.0
CUST1789,28,Male,Self-employed,Savings,164,1,391376,11,7,8,0,0.94,0,15,391376.0
CUST2396,34,Male,Self-employed,Savings,124,4,115047,17,3,9,0,0.92,0,12,28761.75
CUST1415,30,Male,Employed,Savings,37,1,44223,12,11,7,1,0.87,1,18,44223.0
CUST0343,28,Male,Self-employed,Savings,168,2,63294,20,6,15,0,0.57,0,21,31647.0
CUST0984,29,Male,Self-employed,Current,98,2,30891,15,4,7,0,0.96,0,11,15445.5
CUST1098,33,Male,Self-employed,Current,27,4,915,14,14,11,0,0.59,1,25,228.75
CUST2483,23,Female,Employed,Savings,54,3,26622,17,7,8,1,0.68,1,15,8874.0
CUST2859,54,Female,Employed,Current,116,1,290724,20,7,11,0,0.51,0,18,290724.0
CUST0688,32,Female,Employed,Savings,54,1,72636,17,9,7,0,0.67,0,16,72636.0
CUST0605,21,Male,Employed,Savings,84,1,1486,14,8,13,0,0.61,1,21,1486.0
CUST2584,45,Female,Employed,Current,71,2,220426,14,3,13,0,0.74,1,16,110213.0
CUST2722,34,Male,Self-employed,Savings,132,3,30757,13,7,12,0,0.81,0,19,10252.33
CUST1412,29,Female,Employed,Fixed Deposit,65,2,61917,15,6,8,0,0.98,0,14,30958.5
CUST2472,34,Female,Employed,Savings,107,2,17884,14,9,4,0,0.64,1,13,8942.0
CUST1876,18,Male,Employed,Savings,171,1,226851,18,10,7,0,0.93,0,17,226851.0
CUST1513,34,Male,Employed,Savings,66,1,123355,15,6,9,0,0.57,0,15,123355.0
CUST0597,54,Female,Employed,Savings,67,1,178437,19,8,8,0,0.69,0,16,178437.0
CUST2931,18,Female,Employed,Savings,16,1,188253,18,6,14,0,0.78,1,20,188253.0
CUST1904,42,Female,Employed,Savings,110,1,177320,14,12,10,0,0.89,0,22,177320.0
CUST2389,38,Male,Unemployed,Fixed Deposit,61,1,266938,8,7,17,1,0.73,1,24,266938.0
CUST2460,61,Female,Employed,Savings,175,2,305156,10,8,16,0,0.72,0,24,152578.0
CUST2375,29,Male,Self-employed,Savings,107,2,72357,13,5,6,0,0.58,1,11,36178.5
CUST2341,30,Male,Employed,Current,134,1,358284,13,5,14,0,0.8,0,19,358284.0
CUST0051,33,Female,Self-employed,Savings,51,1,73308,8,8,16,0,0.56,0,24,73308.0
CUST1775,34,Female,Employed,Savings,16,3,74055,22,5,5,0,0.77,0,10,24685.0
CUST1245,27,Male,Employed,Savings,156,2,72040,12,7,15,0,0.8,0,22,36020.0
CUST2880,36,Female,Unemployed,Savings,64,1,173019,15,8,10,0,0.87,0,18,173019.0
CUST2920,55,Male,Employed,Savings,57,3,138098,12,10,11,0,0.61,0,21,46032.67
CUST1707,38,Female,Unemployed,Savings,96,1,146152,19,5,12,0,0.76,0,17,146152.0
CUST2830,44,Female,Employed,Savings,138,3,100753,7,9,7,0,0.51,1,16,33584.33
CUST1271,35,Female,Self-employed,Current,19,2,16982,12,10,11,0,0.7,0,21,8491.0
CUST1542,48,Male,Self-employed,Current,169,3,343967,11,9,19,0,0.97,0,28,114655.67
CUST0652,33,Female,Employed,Current,159,3,350267,17,6,9,0,0.68,1,15,116755.67
CUST1979,35,Female,Employed,Current,110,3,36253,14,5,8,0,0.62,0,13,12084.33
CUST0884,26,Female,Self-employed,Savings,14,1,15996,19,10,14,0,0.87,0,24,15996.0
CUST0916,34,Male,Self-employed,Current,142,1,35519,18,6,10,0,0.73,1,16,35519.0
CUST0940,31,Female,Employed,Current,19,1,3535,19,7,13,1,0.53,1,20,3535.0
CUST2718,37,Female,Self-employed,Savings,32,4,307288,13,9,10,0,0.55,0,19,76822.0
CUST1773,41,Female,Employed,Fixed Deposit,85,3,315347,17,4,16,0,0.62,0,20,105115.67
CUST2650,45,Male,Self-employed,Savings,180,3,41963,14,4,11,0,0.59,0,15,13987.67
CUST0553,37,Male,Employed,Fixed Deposit,29,2,121161,16,8,13,0,0.76,0,21,60580.5
CUST1246,54,Female,Unemployed,Current,176,2,90829,22,6,8,0,0.86,0,14,45414.5
CUST0586,36,Female,Self-employed,Savings,67,2,264100,14,7,10,0,0.64,0,17,132050.0
CUST2926,32,Male,Self-employed,Savings,93,3,151597,15,7,7,0,0.89,0,14,50532.33
CUST1481,42,Male,Employed,Fixed Deposit,165,4,55564,17,10,12,0,0.86,0,22,13891.0
CUST2116,29,Male,Employed,Current,50,1,8411,17,5,9,1,0.52,1,14,8411.0
CUST1643,37,Female,Employed,Savings,162,4,24809,14,5,15,1,0.99,0,20,6202.25
CUST1560,32,Female,Employed,Savings,89,2,27849,14,8,14,0,0.5,0,22,13924.5
CUST1799,23,Male,Employed,Savings,116,3,64434,23,11,13,0,0.58,0,24,21478.0
CUST1474,30,Male,Employed,Current,24,2,117574,10,15,12,0,0.94,0,27,58787.0
CUST1162,31,Male,Unemployed,Savings,91,4,45165,12,12,6,0,0.84,0,18,11291.25
CUST2998,30,Male,Employed,Savings,169,1,211835,13,10,13,0,0.97,0,23,211835.0
CUST0424,37,Female,Self-employed,Fixed Deposit,69,2,45096,18,4,6,1,0.73,1,10,22548.0
CUST2241,18,Male,Employed,Fixed Deposit,76,1,29469,14,11,15,1,0.66,0,26,29469.0
CUST0343,18,Female,Self-employed,Savings,55,1,13272,24,5,14,0,0.65,0,19,13272.0
CUST1251,43,Male,Employed,Savings,20,1,313460,18,8,7,0,0.51,0,15,313460.0
CUST2610,49,Female,Employed,Savings,36,3,381234,19,9,12,0,0.65,0,21,127078.0
CUST1998,39,Female,Self-employed,Fixed Deposit,71,2,195593,14,8,10,1,0.71,0,18,97796.5
CUST2534,38,Female,Employed,Savings,65,4,76819,25,6,11,0,0.94,1,17,19204.75
CUST2591,44,Male,Employed,Savings,110,3,94273,15,6,12,0,0.89,0,18,31424.33
CUST0825,25,Male,Employed,Savings,83,1,349043,24,8,12,0,0.61,0,20,349043.0
CUST0361,26,Male,Employed,Savings,140,2,173046,16,7,8,0,0.85,1,15,86523.0
CUST0208,34,Male,Employed,Savings,124,2,54501,9,11,12,0,0.5,1,23,27250.5
CUST1447,52,Female,Self-employed,Savings,117,1,410525,20,9,12,0,0.51,0,21,410525.0
CUST0437,40,Male,Employed,Fixed Deposit,94,3,112194,11,10,11,0,0.84,0,21,37398.0
CUST2510,58,Male,Employed,Savings,132,3,251782,11,7,11,0,0.58,1,18,83927.33
CUST1684,18,Female,Self-employed,Savings,87,2,10457,11,8,14,1,0.77,1,22,5228.5
CUST0871,29,Male,Self-employed,Savings,46,1,187284,13,4,12,1,0.75,0,16,187284.0
CUST0003,26,Male,Self-employed,Savings,24,2,86271,16,10,11,0,0.63,0,21,43135.5
CUST1726,43,Male,Self-employed,Savings,167,2,14687,13,6,14,1,0.58,1,20,7343.5
CUST2050,29,Female,Employed,Fixed Deposit,154,4,157790,10,4,4,1,0.91,0,8,39447.5
CUST2329,31,Male,Employed,Savings,34,2,309919,18,7,13,1,0.8,1,20,154959.5
CUST0810,34,Female,Employed,Savings,165,1,435759,9,7,15,1,0.74,0,22,435759.0
CUST0375,45,Male,Employed,Savings,143,3,116573,15,6,8,0,0.9,1,14,38857.67
CUST1971,52,Female,Employed,Savings,75,4,481900,11,7,8,0,0.82,0,15,120475.0
CUST2748,31,Male,Self-employed,Current,127,1,19923,14,5,10,0,0.78,0,15,19923.0
CUST2990,40,Male,Employed,Current,53,2,217797,13,8,6,0,0.7,0,14,108898.5
CUST2358,23,Female,Employed,Fixed Deposit,40,1,99564,14,6,6,0,0.77,1,12,99564.0
CUST2952,20,Female,Employed,Fixed Deposit,140,4,180206,15,12,9,1,0.78,0,21,45051.5
CUST1470,41,Male,Self-employed,Savings,159,3,154927,11,13,6,0,0.99,1,19,51642.33
CUST0866,18,Male,Employed,Savings,109,1,46497,15,12,17,0,0.83,1,29,46497.0
CUST0641,42,Male,Employed,Savings,16,3,107646,13,4,12,1,0.66,1,16,35882.0
CUST1239,38,Male,Unemployed,Savings,62,3,43548,20,4,17,0,0.57,1,21,14516.0
CUST0548,34,Male,Self-employed,Savings,63,2,57199,15,6,10,0,0.53,1,16,28599.5
CUST1050,37,Male,Employed,Current,157,1,126011,22,9,7,0,0.85,0,16,126011.0
CUST0055,27,Male,Employed,Current,176,1,266470,18,6,9,1,0.74,0,15,266470.0
CUST1748,25,Female,Employed,Savings,36,2,164927,11,10,14,2,0.7,1,24,82463.5
CUST0578,42,Female,Employed,Current,27,1,461005,15,7,7,1,0.73,1,14,461005.0
CUST0588,35,Male,Unemployed,Savings,28,1,313157,8,7,11,1,0.83,0,18,313157.0
CUST1138,18,Male,Employed,Savings,52,1,48109,12,8,10,0,0.54,0,18,48109.0
CUST1285,19,Male,Employed,Savings,60,2,53505,18,14,12,0,0.56,1,26,26752.5
CUST0628,44,Male,Self-employed,Savings,53,1,66226,12,9,11,1,0.52,0,20,66226.0
CUST2067,35,Female,Self-employed,Fixed Deposit,154,1,178926,18,5,12,0,0.91,0,17,178926.0
CUST2980,51,Female,Employed,Current,167,4,37400,17,5,7,0,0.79,0,12,9350.0
CUST0970,29,Male,Employed,Savings,63,2,131531,14,6,8,0,0.93,0,14,65765.5
CUST2521,52,Male,Employed,Savings,117,3,214503,12,7,10,0,0.84,0,17,71501.0
CUST0690,34,Female,Unemployed,Savings,111,2,130366,10,7,19,0,0.84,0,26,65183.0
CUST1429,21,Female,Employed,Savings,31,1,103719,16,10,11,0,0.6,1,21,103719.0
CUST1516,31,Female,Self-employed,Current,79,1,432733,17,5,6,0,0.97,1,11,432733.0
CUST0816,29,Female,Employed,Savings,151,2,155322,19,8,11,0,0.66,0,19,77661.0
CUST1497,18,Male,Employed,Current,120,1,6429,18,6,6,0,0.72,0,12,6429.0
CUST0405,34,Male,Employed,Savings,165,1,3812,8,6,11,0,0.53,0,17,3812.0
CUST2983,50,Female,Employed,Fixed Deposit,63,1,78003,14,5,13,0,0.69,0,18,78003.0
CUST0372,39,Female,Self-employed,Savings,40,2,310054,24,12,4,0,1.0,1,16,155027.0
CUST1142,32,Male,Unemployed,Savings,66,1,135195,19,5,12,0,0.98,1,17,135195.0
CUST2479,31,Female,Employed,Current,115,2,69251,18,6,7,1,0.56,0,13,34625.5
CUST0683,47,Male,Self-employed,Fixed Deposit,84,1,72208,13,6,14,1,0.69,0,20,72208.0
CUST2365,41,Male,Self-employed,Savings,61,4,118195,10,9,14,0,0.58,0,23,29548.75
CUST2767,27,Female,Unemployed,Current,86,2,205779,17,8,9,0,0.83,1,17,102889.5
CUST1608,42,Female,Employed,Current,158,1,82725,25,10,8,1,0.81,0,18,82725.0
CUST2980,42,Female,Employed,Savings,126,3,259636,20,8,14,0,0.89,0,22,86545.33
CUST0631,28,Male,Employed,Savings,88,4,42643,10,9,12,0,0.79,0,21,10660.75
CUST2157,33,Female,Employed,Savings,130,3,67083,23,11,8,0,0.58,1,19,22361.0
CUST2627,42,Female,Employed,Savings,82,2,306151,15,12,4,0,0.84,0,16,153075.5
CUST2374,19,Male,Employed,Current,55,1,124772,13,6,15,1,0.85,0,21,124772.0
CUST2724,37,Male,Employed,Current,92,2,309429,15,4,12,1,0.97,0,16,154714.5
CUST2492,23,Male,Employed,Savings,43,1,117504,14,10,13,0,0.79,0,23,117504.0
CUST0479,23,Male,Employed,Current,129,2,508753,13,15,11,0,0.68,0,26,254376.5
CUST1562,42,Male,Employed,Fixed Deposit,149,3,61269,19,14,9,0,0.94,0,23,20423.0
CUST2521,31,Male,Employed,Current,34,1,133116,16,6,10,0,0.62,1,16,133116.0
CUST0147,39,Female,Unemployed,Savings,168,1,5875,14,11,7,0,0.93,1,18,5875.0
CUST2962,45,Female,Employed,Savings,107,2,212355,13,7,10,0,0.96,0,17,106177.5
CUST1652,47,Male,Unemployed,Current,104,3,86337,11,8,3,0,0.55,1,11,28779.0
CUST1195,21,Male,Self-employed,Savings,111,2,158334,14,15,7,0,0.58,0,22,79167.0
CUST0810,28,Male,Unemployed,Savings,19,1,5128,17,9,8,0,0.56,1,17,5128.0
CUST0860,27,Male,Employed,Fixed Deposit,129,1,376503,9,9,7,0,0.73,0,16,376503.0
CUST1512,32,Male,Unemployed,Fixed Deposit,174,2,17425,30,14,15,0,0.82,0,29,8712.5
CUST2032,49,Male,Employed,Savings,175,4,78618,14,7,15,1,0.66,1,22,19654.5
CUST2449,34,Male,Employed,Savings,78,1,88026,13,9,12,0,0.71,1,21,88026.0
CUST1964,18,Male,Employed,Savings,37,3,345288,11,7,9,0,0.9,1,16,115096.0
CUST0008,27,Female,Self-employed,Savings,172,1,134640,17,9,11,0,0.91,0,20,134640.0
CUST1698,40,Female,Unemployed,Savings,119,2,54306,10,13,17,0,0.97,0,30,27153.0
CUST0609,24,Male,Self-employed,Savings,156,1,94795,17,8,10,0,0.96,0,18,94795.0
CUST1427,27,Female,Unemployed,Savings,175,1,219214,19,13,6,0,0.72,1,19,219214.0
CUST1942,50,Female,Employed,Savings,145,3,651024,20,8,10,0,0.8,0,18,217008.0
CUST0553,25,Female,Employed,Savings,106,4,109802,14,3,13,1,0.7,1,16,27450.5
CUST2810,27,Female,Self-employed,Savings,67,1,27967,13,5,6,0,0.66,1,11,27967.0
CUST1820,39,Female,Employed,Savings,138,3,299190,7,8,7,0,0.55,0,15,99730.0
CUST2594,45,Male,Self-employed,Savings,40,3,15498,7,9,12,0,0.52,1,21,5166.0
CUST2718,33,Male,Self-employed,Savings,112,3,317222,17,8,9,0,0.86,0,17,105740.67
CUST2115,35,Male,Unemployed,Savings,18,1,61261,21,10,12,0,0.59,0,22,61261.0
CUST2008,48,Female,Unemployed,Savings,130,1,18097,15,8,12,0,0.97,0,20,18097.0
CUST1729,30,Female,Self-employed,Current,145,1,188404,16,12,11,0,0.58,0,23,188404.0
CUST0039,29,Male,Employed,Current,172,1,106685,15,7,8,1,0.84,0,15,106685.0
CUST1961,38,Female,Self-employed,Savings,163,2,7740,13,6,9,0,0.82,0,15,3870.0
CUST2522,49,Female,Self-employed,Current,28,4,62185,15,5,14,0,0.79,0,19,15546.25
CUST2059,26,Male,Employed,Savings,134,3,59366,18,10,12,0,0.93,0,22,19788.67
CUST1699,48,Female,Employed,Current,137,1,32362,23,8,7,0,0.56,0,15,32362.0
CUST1002,33,Female,Self-employed,Savings,162,1,141088,19,9,6,1,0.88,0,15,141088.0
CUST2257,32,Male,Unemployed,Savings,126,2,102651,18,10,9,2,0.78,1,19,51325.5
CUST0429,46,Male,Self-employed,Current,143,2,589559,20,4,10,1,0.89,0,14,294779.5
CUST0298,48,Male,Unemployed,Savings,171,3,77993,16,6,9,0,0.75,0,15,25997.67
CUST1406,26,Male,Employed,Current,169,2,142637,19,4,10,0,0.98,0,14,71318.5
CUST2573,27,Female,Self-employed,Current,136,2,149391,10,7,9,0,0.89,0,16,74695.5
CUST0334,32,Female,Employed,Fixed Deposit,153,3,176051,14,12,10,1,0.69,0,22,58683.67
CUST2516,25,Male,Employed,Current,79,1,76149,16,7,10,0,0.81,0,17,76149.0
CUST0774,24,Male,Employed,Savings,139,3,47652,15,11,13,0,0.93,0,24,15884.0
CUST1935,41,Male,Employed,Current,121,1,11409,14,10,14,0,0.8,0,24,11409.0
CUST2783,38,Male,Unemployed,Current,18,1,59977,14,14,9,0,0.89,0,23,59977.0
CUST2751,36,Female,Self-employed,Savings,178,3,163150,9,7,12,0,0.87,0,19,54383.33
CUST1754,48,Male,Employed,Savings,122,3,57855,14,6,12,0,0.79,0,18,19285.0
CUST0165,36,Female,Employed,Savings,108,3,104267,13,5,12,0,0.82,0,17,34755.67
CUST2298,42,Male,Self-employed,Savings,154,1,73687,20,14,3,0,0.69,0,17,73687.0
CUST2477,37,Male,Employed,Fixed Deposit,67,1,126183,17,9,8,0,0.59,0,17,126183.0
CUST2369,30,Male,Employed,Current,136,2,160139,17,7,10,0,0.61,1,17,80069.5
CUST2445,39,Male,Employed,Savings,140,2,23415,18,7,13,0,0.72,0,20,11707.5
CUST0145,48,Female,Employed,Savings,77,1,382696,16,6,8,0,0.51,0,14,382696.0
CUST0643,29,Female,Employed,Current,180,1,354298,11,5,9,0,0.65,0,14,354298.0
CUST0720,42,Male,Employed,Savings,122,1,139189,12,6,12,0,0.83,0,18,139189.0
CUST2112,26,Male,Employed,Savings,126,2,16963,18,9,2,1,0.52,0,11,8481.5
CUST2578,28,Male,Unemployed,Savings,140,3,379808,12,6,8,0,0.52,0,14,126602.67
CUST1297,37,Male,Employed,Fixed Deposit,86,4,591352,14,8,8,1,0.76,1,16,147838.0
CUST0004,54,Female,Self-employed,Fixed Deposit,37,2,27207,14,9,10,0,0.91,1,19,13603.5
CUST0010,31,Male,Employed,Fixed Deposit,100,1,7000,14,9,9,0,0.95,0,18,7000.0
CUST0656,41,Female,Employed,Current,61,1,273034,20,8,4,1,0.55,1,12,273034.0
CUST1663,32,Female,Self-employed,Current,117,2,103762,14,9,10,0,0.68,1,19,51881.0
CUST1581,41,Male,Employed,Savings,148,2,56039,18,7,5,1,0.58,1,12,28019.5
CUST1532,28,Male,Employed,Current,117,4,60058,19,12,11,0,0.66,1,23,15014.5
CUST0896,46,Female,Employed,Savings,20,2,66238,15,6,4,0,0.71,0,10,33119.0
CUST2815,18,Female,Self-employed,Fixed Deposit,62,3,201683,13,2,12,0,0.81,1,14,67227.67
CUST1520,18,Male,Employed,Savings,18,1,118204,13,12,4,1,0.82,1,16,118204.0
CUST1855,53,Male,Employed,Savings,157,4,179081,19,9,8,0,0.78,0,17,44770.25
CUST0386,42,Male,Self-employed,Savings,174,3,110182,15,11,12,0,0.64,0,23,36727.33
CUST1640,53,Male,Employed,Current,29,2,285216,16,12,9,0,0.77,0,21,142608.0
CUST2648,39,Male,Employed,Current,164,3,51087,16,10,9,0,0.64,0,19,17029.0
CUST1140,35,Male,Self-employed,Fixed Deposit,15,2,142074,15,7,7,0,0.73,1,14,71037.0
CUST2035,39,Male,Self-employed,Savings,99,1,91127,17,12,7,0,0.71,0,19,91127.0
CUST1507,28,Male,Employed,Current,102,1,146889,11,10,9,0,0.8,0,19,146889.0
CUST0936,49,Female,Employed,Savings,99,1,395566,22,6,9,0,0.79,0,15,395566.0
CUST1024,30,Male,Employed,Fixed Deposit,150,1,121898,17,7,5,0,0.98,1,12,121898.0
CUST2536,32,Male,Employed,Current,172,4,76671,13,9,11,0,0.92,0,20,19167.75
CUST0055,39,Male,Employed,Savings,94,4,28068,13,9,10,0,0.79,0,19,7017.0
CUST1095,23,Male,Self-employed,Savings,49,1,29372,14,12,13,0,0.8,0,25,29372.0
CUST0821,33,Male,Employed,Savings,45,1,559723,25,7,10,0,0.81,0,17,559723.0
CUST1626,40,Male,Self-employed,Current,123,1,62411,17,11,14,0,0.92,1,25,62411.0
CUST0500,46,Male,Employed,Savings,149,1,13182,19,7,12,0,0.77,1,19,13182.0
CUST0883,28,Female,Employed,Savings,37,1,20774,21,10,8,0,0.93,0,18,20774.0
CUST1890,19,Female,Self-employed,Savings,105,2,162170,13,5,7,0,0.92,0,12,81085.0
CUST2849,52,Male,Self-employed,Savings,44,2,205722,10,8,12,1,0.74,0,20,102861.0
CUST0793,18,Female,Employed,Savings,48,2,10246,17,10,7,0,0.6,0,17,5123.0
CUST2915,51,Male,Employed,Savings,152,2,176603,11,12,9,0,0.65,0,21,88301.5
CUST1857,24,Male,Employed,Savings,15,4,129832,17,5,8,0,0.61,0,13,32458.0
CUST0993,40,Male,Self-employed,Savings,97,2,85600,14,5,10,0,0.52,0,15,42800.0
CUST0717,36,Female,Employed,Savings,69,3,26748,20,12,18,0,0.79,0,30,8916.0
CUST2326,34,Female,Employed,Savings,46,4,58723,22,6,13,0,0.54,0,19,14680.75
CUST0014,26,Female,Employed,Current,76,2,11425,12,12,10,0,0.94,1,22,5712.5
CUST0220,28,Female,Self-employed,Savings,65,1,121002,22,6,11,0,0.55,1,17,121002.0
CUST2768,28,Female,Self-employed,Current,145,3,138484,14,12,12,0,0.74,0,24,46161.33
CUST0408,41,Female,Employed,Fixed Deposit,26,2,172314,15,8,7,0,0.57,0,15,86157.0
CUST1762,40,Female,Employed,Current,147,4,584378,8,4,8,1,0.94,0,12,146094.5
CUST0480,31,Male,Unemployed,Current,22,4,34713,15,11,13,0,0.87,0,24,8678.25
CUST2647,38,Female,Employed,Savings,122,4,65721,15,11,13,0,0.57,0,24,16430.25
CUST1971,39,Female,Employed,Savings,91,2,19417,22,5,8,1,0.92,0,13,9708.5
CUST2631,32,Female,Employed,Current,148,1,180009,17,12,4,0,0.97,0,16,180009.0
CUST0121,31,Male,Self-employed,Fixed Deposit,49,3,571594,12,14,16,0,0.53,1,30,190531.33
CUST2620,49,Female,Self-employed,Current,164,1,178924,15,9,5,0,0.67,0,14,178924.0
CUST2790,18,Male,Self-employed,Savings,155,3,12748,14,8,10,0,0.7,0,18,4249.33
CUST2615,52,Male,Employed,Savings,19,3,164163,13,9,7,0,0.92,1,16,54721.0
CUST1414,29,Male,Employed,Savings,50,1,14284,14,9,7,0,0.6,0,16,14284.0
CUST2589,27,Female,Employed,Current,171,3,29445,17,7,7,0,0.96,0,14,9815.0
CUST1275,42,Male,Employed,Savings,55,2,592217,22,11,12,1,0.75,0,23,296108.5
CUST2900,46,Male,Employed,Fixed Deposit,163,4,86136,6,8,5,0,0.56,1,13,21534.0
CUST2014,28,Female,Employed,Current,161,3,928128,17,6,8,0,0.84,0,14,309376.0
CUST2235,46,Female,Employed,Savings,143,1,139803,21,6,8,0,0.73,0,14,139803.0
CUST0680,25,Female,Employed,Savings,16,4,100245,20,5,10,1,0.91,1,15,25061.25
CUST1992,29,Male,Employed,Savings,51,3,96150,11,9,11,0,0.82,0,20,32050.0
CUST2606,42,Male,Employed,Savings,157,1,277642,18,8,9,0,0.61,1,17,277642.0
CUST2017,42,Female,Employed,Savings,157,1,33121,10,8,9,0,0.87,0,17,33121.0
CUST1708,40,Male,Unemployed,Current,93,2,96538,12,11,14,0,0.78,0,25,48269.0
CUST0686,25,Male,Unemployed,Current,86,2,215738,13,11,12,0,0.52,1,23,107869.0
CUST2320,45,Male,Employed,Savings,118,4,1295,17,9,7,0,0.71,0,16,323.75
CUST2203,39,Female,Employed,Current,163,1,284738,15,3,11,0,0.7,0,14,284738.0
CUST2972,52,Male,Employed,Savings,82,2,54310,21,3,12,0,0.91,1,15,27155.0
CUST0574,29,Male,Employed,Current,69,2,60638,12,3,11,0,0.92,0,14,30319.0
CUST2010,54,Male,Employed,Savings,87,1,187241,8,8,13,0,0.96,0,21,187241.0
CUST2293,36,Male,Self-employed,Current,144,1,8210,12,8,5,1,0.59,0,13,8210.0
CUST2733,56,Female,Employed,Current,54,1,423536,11,4,10,0,0.52,0,14,423536.0
CUST1404,26,Male,Employed,Savings,135,1,76280,18,11,11,0,0.54,0,22,76280.0
CUST2082,28,Female,Employed,Savings,89,1,237995,12,10,10,0,0.85,0,20,237995.0
CUST1962,36,Male,Employed,Savings,94,2,6683,14,10,8,0,0.56,0,18,3341.5
CUST1958,31,Male,Employed,Savings,22,2,476666,13,11,10,1,0.52,0,21,238333.0
CUST2235,30,Male,Employed,Savings,45,4,188075,18,8,16,0,0.66,1,24,47018.75
CUST1650,50,Female,Employed,Savings,73,2,2954,19,8,14,1,0.72,0,22,1477.0
CUST0352,26,Female,Employed,Savings,169,1,562964,13,10,6,0,0.62,1,16,562964.0
CUST0673,52,Female,Unemployed,Current,139,2,145748,16,10,13,0,0.66,0,23,72874.0
CUST2040,36,Male,Employed,Savings,175,1,78616,18,6,10,1,0.79,0,16,78616.0
CUST2331,34,Male,Self-employed,Savings,62,1,175647,17,7,12,0,0.92,0,19,175647.0
CUST0359,23,Female,Self-employed,Fixed Deposit,109,1,214569,13,11,6,0,0.68,0,17,214569.0
CUST0256,36,Female,Employed,Savings,21,2,344433,15,3,9,0,0.8,0,12,172216.5
CUST1445,27,Female,Employed,Savings,87,2,33639,20,8,11,0,0.53,1,19,16819.5
CUST2525,59,Male,Unemployed,Fixed Deposit,128,2,167382,14,10,7,0,0.98,0,17,83691.0
CUST1867,29,Male,Employed,Savings,65,1,871964,16,7,17,0,0.99,0,24,871964.0
CUST1189,38,Female,Employed,Current,86,2,52678,10,7,10,0,0.56,0,17,26339.0
CUST1333,36,Male,Employed,Savings,145,1,114336,19,7,10,0,0.53,1,17,114336.0
CUST0578,40,Female,Employed,Current,150,2,3910,10,10,8,0,0.98,0,18,1955.0
CUST2706,24,Female,Employed,Current,174,3,659181,12,6,10,0,0.64,0,16,219727.0
CUST2271,19,Female,Employed,Savings,90,2,15441,17,8,4,0,0.57,0,12,7720.5
CUST0534,46,Female,Employed,Savings,146,1,338212,21,8,12,0,0.75,0,20,338212.0
CUST2327,41,Female,Employed,Savings,173,1,120888,11,5,5,2,0.74,0,10,120888.0
CUST0489,52,Male,Self-employed,Current,66,3,212626,23,10,11,0,0.68,0,21,70875.33
CUST2689,41,Male,Employed,Current,127,3,33828,9,8,14,0,0.84,0,22,11276.0
CUST1871,44,Male,Employed,Savings,132,4,12242,17,5,8,0,0.63,1,13,3060.5
CUST2967,51,Male,Employed,Savings,128,2,77821,14,9,9,0,0.76,0,18,38910.5
CUST2616,43,Female,Employed,Savings,87,2,170919,10,6,23,0,0.99,1,29,85459.5
CUST2987,40,Male,Employed,Savings,41,1,126156,16,5,10,0,0.52,1,15,126156.0
CUST1321,26,Male,Employed,Savings,82,2,186850,10,11,4,0,0.73,0,15,93425.0
CUST2341,36,Male,Employed,Savings,71,1,389990,13,9,11,0,0.86,0,20,389990.0
CUST2587,41,Female,Employed,Savings,131,4,338326,18,6,8,0,0.97,0,14,84581.5
CUST2532,40,Male,Employed,Savings,173,2,122585,17,11,4,0,0.56,0,15,61292.5
CUST0578,24,Male,Self-employed,Savings,175,3,14109,9,10,4,1,0.55,0,14,4703.0
CUST0870,42,Female,Employed,Current,125,4,77677,12,9,14,0,0.81,0,23,19419.25
CUST1754,34,Female,Employed,Fixed Deposit,84,1,138442,17,7,10,0,0.72,1,17,138442.0
CUST0016,36,Female,Employed,Fixed Deposit,112,2,84434,9,6,8,0,0.81,0,14,42217.0
CUST0658,32,Male,Employed,Savings,176,2,175092,9,3,10,0,0.78,0,13,87546.0
CUST2374,46,Female,Employed,Savings,163,3,274136,14,8,17,0,0.68,1,25,91378.67
CUST0877,29,Female,Self-employed,Current,63,4,67047,15,13,11,0,0.71,0,24,16761.75
CUST1557,33,Male,Employed,Savings,178,3,192234,18,4,11,0,0.72,0,15,64078.0
CUST0748,52,Male,Employed,Current,156,4,70617,15,10,14,0,0.54,0,24,17654.25
CUST1648,38,Male,Self-employed,Current,150,2,197471,19,10,9,0,0.94,0,19,98735.5
CUST0340,35,Male,Employed,Savings,173,4,96580,22,5,12,0,0.58,0,17,24145.0
CUST0404,28,Female,Employed,Savings,29,3,699049,9,3,19,0,0.69,0,22,233016.33
CUST2025,23,Female,Self-employed,Savings,89,1,365461,16,10,3,0,0.7,0,13,365461.0
CUST0825,37,Female,Employed,Savings,20,1,79264,19,3,8,0,0.98,0,11,79264.0
CUST0242,37,Male,Employed,Savings,78,1,99789,25,9,7,0,0.89,0,16,99789.0
CUST0196,50,Male,Employed,Current,150,1,130515,15,5,9,0,0.7,0,14,130515.0
CUST2016,31,Female,Employed,Savings,96,1,790262,10,8,9,0,0.84,1,17,790262.0
CUST1041,38,Male,Self-employed,Fixed Deposit,165,1,54318,21,8,9,1,0.68,0,17,54318.0
CUST2901,34,Male,Self-employed,Savings,117,4,43193,11,11,7,0,0.91,0,18,10798.25
CUST0143,49,Female,Self-employed,Savings,163,1,361790,17,3,13,0,0.56,0,16,361790.0
CUST1444,30,Male,Employed,Savings,18,2,11545,12,6,9,0,0.54,1,15,5772.5
CUST2607,39,Male,Employed,Savings,158,1,115618,16,3,13,0,0.58,0,16,115618.0
CUST2925,49,Female,Employed,Savings,48,1,249920,18,11,7,0,0.95,0,18,249920.0
CUST0016,43,Male,Self-employed,Savings,110,1,56205,12,12,7,0,0.74,1,19,56205.0
CUST1010,43,Female,Employed,Savings,157,1,94232,10,6,12,0,0.58,0,18,94232.0
CUST1443,31,Female,Employed,Savings,149,1,195307,17,8,13,0,0.6,0,21,195307.0
CUST0521,40,Female,Employed,Current,86,1,132189,16,4,12,0,0.99,0,16,132189.0
CUST0343,24,Male,Unemployed,Savings,74,3,21064,20,6,11,0,0.91,1,17,7021.33
CUST1389,40,Male,Self-employed,Savings,105,3,210526,17,9,6,0,0.51,1,15,70175.33
CUST2820,39,Male,Employed,Savings,155,3,19657,20,11,11,0,0.52,0,22,6552.33
CUST2304,41,Male,Employed,Savings,162,4,33421,11,7,11,0,0.79,0,18,8355.25
CUST1223,44,Male,Unemployed,Savings,73,3,146807,15,11,6,0,0.56,0,17,48935.67
CUST1065,44,Male,Self-employed,Savings,79,1,96528,12,11,13,0,0.83,0,24,96528.0
CUST2404,47,Female,Self-employed,Current,119,2,158226,15,10,3,0,0.97,1,13,79113.0
CUST0014,29,Male,Self-employed,Current,147,1,37587,14,13,11,0,0.95,1,24,37587.0
CUST1840,30,Male,Self-employed,Savings,61,2,114525,12,7,8,0,0.76,0,15,57262.5
CUST1424,41,Female,Employed,Savings,158,1,111818,17,12,14,0,0.8,0,26,111818.0
CUST2662,44,Male,Unemployed,Current,114,1,126811,5,7,12,0,0.88,1,19,126811.0
CUST2996,24,Female,Unemployed,Savings,49,2,39173,9,7,5,0,0.56,0,12,19586.5
CUST2312,34,Male,Self-employed,Savings,14,1,76678,17,9,12,0,0.65,0,21,76678.0
CUST2112,22,Male,Employed,Current,118,4,48637,14,7,6,0,0.54,0,13,12159.25
CUST0414,34,Female,Employed,Savings,80,3,463966,14,3,14,1,0.88,0,17,154655.33
CUST0296,46,Female,Employed,Savings,62,1,17161,12,8,3,0,0.91,1,11,17161.0
CUST1798,35,Female,Employed,Fixed Deposit,149,1,21212,19,5,9,0,0.71,0,14,21212.0
CUST0621,24,Male,Unemployed,Current,171,4,65664,10,8,7,1,0.74,1,15,16416.0
CUST0740,19,Male,Self-employed,Savings,163,2,14999,15,17,16,0,0.62,0,33,7499.5
CUST1170,55,Male,Self-employed,Current,123,3,78299,17,12,12,0,0.73,0,24,26099.67
CUST1615,28,Male,Employed,Current,60,3,76147,13,10,8,1,0.93,0,18,25382.33
CUST0047,29,Male,Self-employed,Current,54,1,74702,14,9,10,0,0.87,0,19,74702.0
CUST1413,32,Male,Self-employed,Current,170,1,299410,15,11,9,0,0.96,0,20,299410.0
CUST0560,35,Male,Employed,Fixed Deposit,68,3,83832,12,3,5,0,0.86,1,8,27944.0
CUST2095,30,Female,Unemployed,Current,113,3,237901,18,8,8,0,0.99,0,16,79300.33
CUST1479,43,Female,Employed,Savings,37,1,161133,19,6,9,1,0.66,1,15,161133.0
CUST1107,48,Male,Self-employed,Savings,67,1,6015,10,15,10,0,0.63,0,25,6015.0
CUST1909,42,Female,Self-employed,Current,157,1,79461,23,9,14,0,0.87,0,23,79461.0
CUST0016,34,Female,Employed,Current,86,3,132632,21,8,9,0,0.53,1,17,44210.67
CUST0183,23,Male,Employed,Savings,175,2,259134,17,2,7,0,0.92,0,9,129567.0
CUST1583,20,Female,Employed,Fixed Deposit,65,1,44689,17,7,9,0,0.68,1,16,44689.0
CUST0969,25,Male,Self-employed,Savings,59,2,260514,10,4,10,0,0.73,1,14,130257.0
CUST2587,26,Female,Employed,Savings,76,1,175581,10,9,10,0,0.62,0,19,175581.0
CUST2250,53,Male,Employed,Savings,112,1,39342,20,10,14,0,0.95,0,24,39342.0
CUST2477,27,Female,Employed,Fixed Deposit,107,2,29210,20,5,10,0,0.68,1,15,14605.0
CUST1532,29,Male,Self-employed,Current,127,1,2063,17,6,9,0,0.68,0,15,2063.0
CUST1249,51,Female,Employed,Savings,104,2,94184,21,11,9,0,0.92,0,20,47092.0
CUST2294,24,Male,Employed,Savings,109,2,294949,20,12,11,1,0.89,1,23,147474.5
CUST0707,37,Male,Self-employed,Fixed Deposit,78,2,104421,14,8,14,0,0.78,1,22,52210.5
CUST0725,19,Female,Employed,Current,55,2,90430,18,8,11,0,0.65,0,19,45215.0
CUST0417,20,Male,Employed,Current,111,1,388192,13,10,14,0,0.95,0,24,388192.0
CUST1778,18,Male,Employed,Current,76,1,182423,10,7,6,0,0.5,1,13,182423.0
CUST0134,36,Female,Employed,Fixed Deposit,101,4,96906,11,7,11,0,0.8,0,18,24226.5
CUST0318,31,Male,Self-employed,Savings,77,2,87384,16,5,13,0,0.98,0,18,43692.0
CUST1133,37,Female,Employed,Savings,121,2,36163,17,9,8,0,0.99,0,17,18081.5
CUST2522,42,Female,Employed,Savings,58,4,442500,10,8,13,0,0.7,1,21,110625.0
CUST0628,30,Male,Employed,Savings,167,3,158269,14,9,9,0,0.91,1,18,52756.33
CUST0863,56,Male,Employed,Savings,155,2,88980,16,6,10,0,0.75,0,16,44490.0
CUST0728,50,Female,Employed,Fixed Deposit,162,2,68201,21,9,15,0,0.99,1,24,34100.5
CUST2325,29,Female,Employed,Fixed Deposit,53,3,12368,6,6,9,0,0.85,1,15,4122.67
CUST2098,29,Male,Employed,Savings,127,1,19676,10,6,13,0,0.9,1,19,19676.0
CUST0132,61,Female,Employed,Current,87,1,64324,18,11,7,0,0.6,1,18,64324.0
CUST1393,18,Male,Employed,Savings,110,4,197625,16,11,10,0,0.97,1,21,49406.25
CUST0134,38,Male,Unemployed,Savings,134,1,258046,13,11,11,0,0.67,0,22,258046.0
CUST0159,22,Male,Self-employed,Savings,26,1,361613,15,8,6,1,0.9,1,14,361613.0
CUST0220,25,Female,Employed,Savings,123,2,93806,15,10,8,0,0.69,1,18,46903.0
CUST0747,43,Male,Employed,Current,175,1,62941,8,8,7,0,0.52,0,15,62941.0
CUST2097,45,Female,Employed,Savings,106,3,57619,20,10,11,0,0.71,0,21,19206.33
CUST1233,32,Male,Employed,Savings,21,1,125938,10,9,10,0,0.53,0,19,125938.0
CUST0439,38,Female,Employed,Fixed Deposit,73,3,28448,17,4,13,0,0.55,0,17,9482.67
CUST0428,31,Male,Employed,Savings,99,1,8139,13,7,5,1,0.71,1,12,8139.0
CUST2960,26,Female,Employed,Savings,139,2,55080,19,5,11,0,0.58,0,16,27540.0
CUST2141,25,Male,Self-employed,Savings,158,2,436570,16,18,9,1,0.91,0,27,218285.0
CUST0592,38,Female,Employed,Current,23,2,61914,11,13,11,0,0.62,0,24,30957.0
CUST2417,40,Male,Employed,Current,113,1,21157,17,10,10,0,0.62,0,20,21157.0
CUST0277,40,Female,Unemployed,Fixed Deposit,111,1,45847,15,14,11,0,0.87,0,25,45847.0
CUST2184,54,Male,Employed,Fixed Deposit,161,2,407191,19,7,12,0,0.58,0,19,203595.5
CUST1388,30,Female,Employed,Savings,87,1,2072,11,11,4,0,0.75,0,15,2072.0
CUST2944,37,Male,Employed,Savings,48,1,30213,8,5,10,0,0.67,0,15,30213.0
CUST1625,29,Male,Employed,Savings,74,2,7308,18,9,6,0,0.93,0,15,3654.0
CUST1910,39,Female,Employed,Savings,48,1,108492,15,2,10,0,0.73,0,12,108492.0
CUST2057,35,Female,Employed,Savings,102,3,263841,14,6,11,0,0.59,1,17,87947.0
CUST1897,32,Female,Employed,Savings,136,1,50697,15,6,9,1,0.55,1,15,50697.0
CUST1645,54,Male,Employed,Savings,103,2,30773,12,5,19,0,0.83,0,24,15386.5
CUST2017,22,Male,Self-employed,Current,152,2,85764,11,7,14,1,0.87,0,21,42882.0
CUST0002,27,Female,Self-employed,Savings,102,3,83647,15,9,12,0,0.91,1,21,27882.33
CUST0216,25,Male,Employed,Current,77,1,30072,10,10,11,1,0.85,1,21,30072.0
CUST0157,56,Male,Employed,Savings,178,1,210647,12,4,13,0,0.85,1,17,210647.0
CUST2389,38,Male,Employed,Fixed Deposit,14,1,15092,16,7,10,0,0.86,0,17,15092.0
CUST2367,43,Female,Self-employed,Current,118,1,5112,23,8,13,0,0.71,0,21,5112.0
CUST2033,32,Female,Unemployed,Current,176,1,133268,12,6,16,0,0.56,0,22,133268.0
CUST2374,30,Female,Self-employed,Savings,17,2,50053,13,9,14,0,0.56,0,23,25026.5
CUST1774,39,Female,Employed,Savings,78,2,3780,11,10,9,1,0.96,1,19,1890.0
CUST1558,48,Male,Employed,Current,73,3,55229,9,11,7,0,0.53,0,18,18409.67
CUST0568,47,Male,Employed,Savings,34,2,120653,11,16,7,0,0.66,0,23,60326.5
CUST2852,30,Male,Employed,Current,52,2,217550,16,2,12,0,0.75,1,14,108775.0
CUST2230,29,Male,Employed,Savings,19,3,83778,14,4,10,0,0.82,0,14,27926.0
CUST0375,40,Male,Employed,Fixed Deposit,141,3,216976,15,16,7,0,0.8,0,23,72325.33
CUST2435,42,Male,Employed,Fixed Deposit,40,1,93292,18,5,10,0,0.74,1,15,93292.0
CUST0248,48,Male,Employed,Savings,137,2,431912,16,9,11,0,0.86,0,20,215956.0
CUST2541,41,Female,Employed,Current,133,4,45279,12,7,11,1,0.74,0,18,11319.75
CUST0731,38,Female,Self-employed,Savings,14,1,3884,21,11,8,0,0.57,0,19,3884.0
CUST2817,41,Female,Employed,Savings,100,2,94798,17,3,12,0,0.66,0,15,47399.0
CUST2525,39,Male,Employed,Current,167,2,73514,14,11,11,0,0.77,0,22,36757.0
CUST2274,26,Male,Employed,Savings,84,2,45037,21,9,10,0,0.52,0,19,22518.5
CUST0186,29,Female,Self-employed,Current,125,1,417937,12,4,6,0,0.72,0,10,417937.0
CUST0565,37,Female,Unemployed,Savings,25,1,101523,12,6,12,0,0.91,1,18,101523.0
CUST1194,23,Female,Self-employed,Current,74,1,78922,16,8,9,1,0.82,0,17,78922.0
CUST0786,40,Male,Employed,Savings,134,3,147525,18,8,10,0,0.89,0,18,49175.0
CUST2907,41,Female,Employed,Fixed Deposit,69,3,13921,12,10,12,0,0.69,0,22,4640.33
CUST1477,38,Female,Employed,Savings,143,4,250925,20,8,11,0,0.92,0,19,62731.25
CUST2917,41,Male,Employed,Savings,35,1,542443,15,12,6,0,0.69,1,18,542443.0
CUST0100,41,Female,Employed,Savings,55,1,80689,18,6,14,1,0.9,0,20,80689.0
CUST2725,23,Female,Employed,Savings,166,1,54831,18,13,7,0,0.97,1,20,54831.0
CUST0569,35,Female,Unemployed,Savings,62,2,11025,15,5,5,0,0.88,1,10,5512.5
CUST2187,42,Male,Self-employed,Savings,134,1,159191,16,7,5,0,0.91,0,12,159191.0
CUST2610,32,Female,Employed,Savings,56,4,144119,18,9,19,0,0.92,0,28,36029.75
CUST2866,42,Male,Employed,Savings,125,3,109451,10,7,11,1,0.67,0,18,36483.67
CUST0657,39,Male,Employed,Savings,93,1,278215,14,7,11,0,0.64,0,18,278215.0
CUST1274,19,Male,Self-employed,Savings,117,4,16279,18,5,11,1,0.8,0,16,4069.75
CUST1114,42,Female,Self-employed,Current,177,1,69094,19,9,8,0,0.59,1,17,69094.0
CUST2264,27,Male,Self-employed,Savings,62,1,26155,15,10,13,1,0.68,1,23,26155.0
CUST0681,35,Female,Employed,Savings,29,4,12407,15,7,14,0,0.96,0,21,3101.75
CUST1677,22,Male,Employed,Current,41,1,123477,5,7,4,0,0.83,0,11,123477.0
CUST1382,40,Male,Employed,Savings,58,1,74539,24,9,5,0,0.88,1,14,74539.0
CUST0915,38,Female,Employed,Savings,145,3,40247,17,8,9,0,0.81,1,17,13415.67
CUST1465,30,Female,Self-employed,Savings,53,1,552410,14,11,12,0,0.74,0,23,552410.0
CUST0832,25,Female,Employed,Savings,153,3,117075,15,5,6,1,0.93,0,11,39025.0
CUST1349,32,Male,Self-employed,Savings,53,1,55133,18,6,14,0,0.97,0,20,55133.0
CUST0478,39,Male,Employed,Savings,142,1,146768,15,9,13,0,0.71,0,22,146768.0
CUST0527,18,Male,Self-employed,Current,51,2,22116,14,9,13,0,0.66,1,22,11058.0
CUST1857,45,Female,Employed,Savings,160,4,227079,13,9,15,0,0.79,0,24,56769.75
CUST0008,38,Female,Employed,Fixed Deposit,20,3,79319,11,9,11,1,0.74,1,20,26439.67
CUST1837,33,Female,Employed,Savings,121,1,81736,12,9,10,0,0.65,0,19,81736.0
CUST1189,61,Female,Employed,Current,51,2,47468,8,16,11,0,0.57,1,27,23734.0
CUST1674,30,Female,Employed,Savings,121,1,55163,15,6,11,0,0.86,0,17,55163.0
CUST2883,18,Female,Employed,Savings,163,1,126884,10,11,15,0,0.86,0,26,126884.0
CUST0809,21,Female,Employed,Current,31,3,5770,14,6,7,0,0.54,1,13,1923.33
CUST1311,35,Male,Self-employed,Savings,23,2,48852,14,5,8,0,0.92,1,13,24426.0
CUST1088,36,Male,Employed,Savings,127,2,34217,21,9,6,1,0.86,0,15,17108.5
CUST0573,25,Male,Employed,Current,54,3,19340,8,7,9,0,0.8,1,16,6446.67
CUST1715,41,Female,Self-employed,Current,58,4,4992,16,6,16,0,0.73,0,22,1248.0
CUST0259,29,Female,Self-employed,Current,62,2,61444,18,5,15,0,0.64,0,20,30722.0
CUST0937,34,Female,Employed,Fixed Deposit,165,1,358023,13,8,18,1,0.98,0,26,358023.0
CUST2587,41,Male,Employed,Savings,129,1,24287,16,10,15,0,0.88,0,25,24287.0
CUST1064,29,Male,Employed,Savings,105,1,208905,18,7,11,0,0.59,0,18,208905.0
CUST1220,52,Male,Employed,Savings,113,1,500,21,6,9,0,0.66,1,15,500.0
CUST2328,30,Female,Self-employed,Current,58,4,522844,14,7,11,0,0.82,0,18,130711.0
CUST2745,54,Male,Employed,Savings,13,3,71949,15,10,5,0,0.92,0,15,23983.0
CUST2922,36,Male,Self-employed,Current,159,1,149754,14,7,12,0,0.85,1,19,149754.0
CUST2635,39,Male,Unemployed,Current,40,1,263565,15,5,12,0,0.64,0,17,263565.0
CUST2291,43,Male,Self-employed,Savings,141,2,172621,11,12,9,0,0.87,0,21,86310.5
CUST0258,36,Female,Self-employed,Savings,129,3,16112,17,7,8,0,0.78,1,15,5370.67
CUST2719,32,Male,Self-employed,Savings,124,3,18590,15,9,12,0,0.87,0,21,6196.67
CUST2377,47,Male,Self-employed,Savings,135,2,330607,15,10,15,1,0.99,0,25,165303.5
CUST1304,22,Male,Employed,Savings,45,1,21598,12,5,9,0,0.7,0,14,21598.0
CUST2177,52,Male,Unemployed,Current,150,2,192523,19,8,10,0,0.59,0,18,96261.5
CUST1129,48,Female,Employed,Current,20,1,211393,16,5,9,0,0.98,0,14,211393.0
CUST1844,47,Male,Self-employed,Current,168,1,110593,13,11,9,0,0.64,0,20,110593.0
CUST0858,66,Male,Unemployed,Current,101,4,71135,15,6,8,0,0.77,0,14,17783.75
CUST0752,28,Female,Self-employed,Savings,149,2,58574,18,9,10,0,0.63,0,19,29287.0
CUST2752,51,Female,Employed,Savings,156,4,68080,18,5,11,0,0.79,1,16,17020.0
CUST0924,37,Male,Employed,Savings,113,1,57510,19,9,7,1,0.72,0,16,57510.0
CUST2729,26,Male,Employed,Savings,103,4,366186,12,6,8,0,0.98,0,14,91546.5
CUST0056,29,Male,Self-employed,Fixed Deposit,115,2,27253,12,6,14,1,0.77,0,20,13626.5
CUST0534,18,Female,Employed,Savings,101,2,52486,12,4,9,0,0.55,0,13,26243.0
CUST0259,46,Male,Employed,Current,30,3,431752,15,7,10,0,0.8,1,17,143917.33
CUST2743,46,Female,Employed,Current,99,1,5640,21,12,10,0,0.99,0,22,5640.0
CUST2929,55,Male,Employed,Savings,133,3,484340,21,6,5,0,0.8,0,11,161446.67
CUST0399,34,Female,Self-employed,Current,117,3,69257,11,5,9,0,0.51,0,14,23085.67
CUST2407,43,Male,Self-employed,Current,103,1,63576,18,13,6,0,0.94,0,19,63576.0
CUST1501,35,Male,Employed,Savings,53,3,14973,16,8,8,0,0.51,0,16,4991.0
CUST1762,32,Male,Employed,Current,178,1,33087,18,10,11,0,0.9,0,21,33087.0
CUST1235,30,Male,Employed,Current,112,2,76727,10,8,9,0,0.77,0,17,38363.5
CUST1689,23,Male,Unemployed,Savings,28,3,102240,14,7,6,0,0.56,0,13,34080.0
CUST0931,39,Male,Self-employed,Savings,29,1,229519,15,7,9,0,0.81,0,16,229519.0
CUST0659,40,Female,Self-employed,Current,165,1,187842,25,9,13,0,0.64,0,22,187842.0
CUST2742,34,Male,Employed,Fixed Deposit,124,2,96417,10,11,10,0,0.71,0,21,48208.5
CUST0794,39,Male,Employed,Savings,84,2,5334,15,3,15,0,0.79,0,18,2667.0
CUST1891,24,Female,Employed,Current,43,1,345493,15,8,10,0,0.54,1,18,345493.0
CUST1570,36,Male,Employed,Fixed Deposit,173,4,185591,17,10,7,0,0.91,0,17,46397.75
CUST0572,18,Female,Employed,Current,13,2,144315,22,8,12,0,0.95,1,20,72157.5
CUST1677,22,Male,Employed,Savings,142,1,407718,15,5,7,0,0.88,0,12,407718.0
CUST0788,44,Male,Unemployed,Savings,34,1,58648,13,9,9,0,0.78,0,18,58648.0
CUST1060,48,Female,Employed,Current,133,2,4438,17,8,9,0,0.58,0,17,2219.0
CUST0046,31,Male,Employed,Current,99,2,146238,18,6,11,0,0.67,0,17,73119.0
CUST2866,31,Female,Employed,Savings,173,1,246356,14,11,10,0,0.68,0,21,246356.0
CUST0012,30,Male,Self-employed,Savings,160,3,91559,21,7,8,0,0.8,1,15,30519.67
CUST1427,52,Male,Employed,Savings,142,2,22025,15,10,11,0,0.85,0,21,11012.5
CUST0409,25,Male,Employed,Savings,165,3,3925,20,9,7,0,0.84,0,16,1308.33
CUST2027,55,Female,Self-employed,Current,163,3,82568,19,5,5,1,0.54,0,10,27522.67
CUST1192,32,Male,Employed,Savings,75,1,10967,12,10,7,0,0.82,0,17,10967.0
CUST2543,19,Female,Employed,Current,32,4,79059,10,2,11,0,0.53,0,13,19764.75
CUST0978,39,Female,Employed,Fixed Deposit,176,1,148207,15,12,17,0,0.87,0,29,148207.0
CUST1506,47,Female,Self-employed,Savings,115,1,109963,14,8,5,1,0.76,0,13,109963.0
CUST1201,42,Female,Employed,Savings,56,1,144171,22,13,7,0,0.99,0,20,144171.0
CUST1132,43,Female,Self-employed,Savings,127,3,107872,15,8,10,0,0.55,0,18,35957.33
CUST0693,26,Male,Employed,Current,132,4,184894,12,8,13,0,0.65,0,21,46223.5
CUST2496,25,Male,Employed,Savings,105,1,168489,15,10,6,0,0.89,0,16,168489.0
CUST0153,48,Male,Self-employed,Savings,164,2,71673,16,7,10,1,0.52,0,17,35836.5
CUST1259,37,Female,Self-employed,Savings,129,4,135781,15,8,8,0,0.6,0,16,33945.25
CUST2814,23,Male,Unemployed,Current,98,3,4023,15,11,11,0,0.8,0,22,1341.0
CUST0157,46,Male,Unemployed,Current,143,1,41492,14,7,6,2,0.81,0,13,41492.0
CUST2365,19,Female,Employed,Savings,143,3,35154,22,6,7,0,0.97,0,13,11718.0
CUST0031,43,Female,Self-employed,Current,16,1,9518,14,6,6,0,0.86,0,12,9518.0
CUST0052,18,Male,Self-employed,Current,106,2,119147,17,6,7,0,0.58,0,13,59573.5
CUST0637,20,Female,Employed,Savings,140,1,145316,12,10,8,0,0.71,0,18,145316.0
CUST2576,36,Female,Unemployed,Current,136,2,106024,14,12,10,0,0.75,0,22,53012.0
CUST2738,32,Female,Employed,Savings,70,1,127175,16,14,8,0,0.79,1,22,127175.0
CUST2755,20,Male,Employed,Savings,134,3,407257,22,5,7,0,0.6,0,12,135752.33
CUST1237,41,Female,Employed,Savings,97,2,50282,24,6,11,0,0.79,1,17,25141.0
CUST2938,54,Female,Unemployed,Fixed Deposit,46,1,81915,10,6,8,0,0.99,0,14,81915.0
CUST0074,18,Female,Employed,Savings,143,3,5817,14,11,8,0,0.81,0,19,1939.0
CUST1901,29,Female,Unemployed,Current,174,1,281685,21,4,14,1,0.51,0,18,281685.0
CUST2012,27,Male,Employed,Current,102,1,81754,13,6,15,0,0.9,0,21,81754.0
CUST1683,45,Female,Self-employed,Savings,13,2,86610,10,14,18,0,0.98,0,32,43305.0
CUST0340,30,Female,Self-employed,Savings,90,1,77243,17,6,9,0,0.5,1,15,77243.0
CUST1614,30,Female,Self-employed,Savings,137,2,530364,21,15,10,0,0.73,0,25,265182.0
CUST1036,21,Female,Employed,Current,66,3,154569,21,10,8,0,0.92,0,18,51523.0
CUST2312,30,Male,Employed,Savings,71,1,26399,10,4,3,0,0.53,1,7,26399.0
CUST1955,26,Male,Self-employed,Savings,16,2,694935,16,9,5,1,0.52,1,14,347467.5
CUST0975,28,Female,Employed,Savings,37,4,60347,14,11,13,2,0.74,1,24,15086.75
CUST0258,31,Female,Self-employed,Current,82,2,101883,9,14,11,2,0.71,0,25,50941.5
CUST1144,27,Male,Employed,Savings,70,1,485965,23,4,12,0,0.5,0,16,485965.0
CUST1855,23,Female,Employed,Savings,67,2,2717,9,4,5,0,0.7,1,9,1358.5
CUST2854,32,Male,Unemployed,Current,27,1,26454,10,10,14,0,0.53,0,24,26454.0
CUST1300,29,Female,Employed,Savings,82,3,33065,20,2,16,0,0.6,0,18,11021.67
CUST2673,40,Male,Self-employed,Savings,170,4,493138,12,7,5,0,0.84,0,12,123284.5
CUST2562,30,Female,Employed,Savings,16,1,52954,15,3,17,3,0.78,1,20,52954.0
CUST1197,38,Male,Employed,Savings,80,1,135885,12,10,8,0,0.82,0,18,135885.0
CUST0461,31,Female,Employed,Current,176,1,216468,18,7,8,0,0.54,0,15,216468.0
CUST1672,32,Male,Employed,Fixed Deposit,15,4,12223,17,5,9,0,0.64,0,14,3055.75
CUST1462,44,Female,Employed,Savings,25,2,11538,19,5,6,0,0.62,0,11,5769.0
CUST0968,44,Male,Employed,Savings,135,2,30963,14,14,2,0,0.71,0,16,15481.5
CUST0026,48,Female,Employed,Savings,14,1,139977,17,7,12,0,0.74,1,19,139977.0
CUST1985,26,Male,Unemployed,Current,91,3,20977,22,6,8,1,0.9,0,14,6992.33
CUST0699,32,Female,Employed,Savings,103,1,22926,17,10,7,0,0.58,0,17,22926.0
CUST1552,37,Male,Employed,Current,124,2,99580,16,10,14,0,0.51,0,24,49790.0
CUST2269,33,Female,Employed,Savings,86,1,96083,17,12,13,0,0.89,0,25,96083.0
CUST1803,32,Male,Employed,Savings,61,2,127192,16,6,9,0,0.66,0,15,63596.0
CUST1455,39,Female,Self-employed,Savings,37,4,45134,12,7,8,0,0.99,1,15,11283.5
CUST1525,47,Male,Self-employed,Savings,69,1,67386,9,5,13,1,0.94,0,18,67386.0
CUST1874,49,Female,Employed,Savings,115,1,14354,17,6,7,1,0.69,1,13,14354.0
CUST2017,23,Male,Self-employed,Savings,24,3,74117,14,5,14,1,0.81,1,19,24705.67
CUST1011,47,Female,Self-employed,Savings,171,2,102800,17,9,10,0,0.53,0,19,51400.0
CUST0926,39,Female,Employed,Savings,14,3,143177,11,11,8,1,0.6,0,19,47725.67
CUST1979,18,Male,Self-employed,Savings,133,4,278964,16,8,10,0,0.69,0,18,69741.0
CUST1859,20,Female,Unemployed,Savings,177,1,206458,17,6,8,0,0.59,0,14,206458.0
CUST1814,45,Female,Self-employed,Savings,100,3,137532,9,12,8,0,0.97,0,20,45844.0
CUST2445,30,Female,Employed,Current,94,2,27140,8,2,11,2,0.68,0,13,13570.0
CUST0237,23,Female,Employed,Savings,104,2,20172,12,9,11,1,0.6,1,20,10086.0
CUST1774,34,Female,Employed,Current,154,2,280926,12,10,5,0,0.81,0,15,140463.0
CUST0624,27,Male,Employed,Savings,112,3,30446,14,10,14,0,0.67,0,24,10148.67
CUST0638,37,Female,Self-employed,Current,118,1,45895,11,6,10,0,0.76,0,16,45895.0
CUST2200,22,Male,Employed,Savings,131,4,219989,22,8,12,0,0.79,1,20,54997.25
CUST1054,40,Male,Employed,Fixed Deposit,79,2,959788,21,5,10,0,0.93,0,15,479894.0
CUST1901,34,Male,Employed,Current,67,3,74936,11,9,11,1,0.68,0,20,24978.67
CUST0284,44,Female,Unemployed,Savings,45,3,102674,19,6,10,0,0.65,0,16,34224.67
CUST0595,57,Female,Employed,Fixed Deposit,88,1,24743,18,7,10,0,0.63,0,17,24743.0
CUST2355,32,Female,Self-employed,Current,23,1,119682,13,9,9,0,0.91,0,18,119682.0
CUST2803,43,Male,Self-employed,Savings,89,1,448314,18,8,7,0,0.8,0,15,448314.0
CUST0992,40,Female,Employed,Current,133,4,16457,17,9,12,0,0.56,1,21,4114.25
CUST0047,18,Female,Employed,Fixed Deposit,59,1,41398,11,4,13,0,0.78,0,17,41398.0
CUST0159,20,Female,Employed,Savings,99,3,29106,19,8,12,1,0.6,0,20,9702.0
CUST1976,32,Female,Unemployed,Savings,16,3,80764,18,11,9,0,0.65,0,20,26921.33
CUST2708,39,Female,Self-employed,Savings,24,2,6752,23,7,11,0,0.82,1,18,3376.0
CUST0873,36,Male,Self-employed,Current,35,2,13335,16,7,9,0,0.85,0,16,6667.5
CUST2008,34,Female,Self-employed,Savings,45,2,7574,12,9,9,0,0.82,0,18,3787.0
CUST2988,42,Female,Employed,Savings,67,1,133863,8,6,13,0,0.7,1,19,133863.0
CUST1195,42,Female,Employed,Current,47,4,76010,13,9,16,0,0.64,0,25,19002.5
CUST1962,29,Male,Employed,Savings,166,1,7049,20,10,11,0,0.78,0,21,7049.0
CUST2508,25,Male,Self-employed,Savings,74,3,16451,21,8,12,0,0.98,0,20,5483.67
CUST1501,32,Female,Employed,Savings,57,2,222255,9,9,8,2,0.85,1,17,111127.5
CUST2187,28,Male,Self-employed,Current,76,3,133503,18,6,11,1,0.7,1,17,44501.0
CUST1136,25,Female,Employed,Savings,104,2,47432,18,7,11,0,0.8,0,18,23716.0
CUST2347,33,Female,Employed,Savings,144,1,369621,17,3,7,0,0.93,0,10,369621.0
CUST0886,32,Female,Employed,Savings,147,4,6830,18,7,16,0,0.82,1,23,1707.5
CUST1557,37,Male,Employed,Current,49,3,213738,18,11,12,0,0.61,0,23,71246.0
CUST0775,39,Male,Self-employed,Savings,56,3,103154,19,5,11,0,0.68,0,16,34384.67
CUST2198,54,Male,Self-employed,Fixed Deposit,171,4,156378,16,5,9,0,0.99,0,14,39094.5
CUST2746,43,Female,Employed,Current,57,1,292428,20,9,9,0,0.9,0,18,292428.0
CUST2906,47,Male,Employed,Savings,35,4,196298,16,9,10,0,0.73,0,19,49074.5
CUST0069,27,Female,Employed,Savings,88,4,390567,17,14,10,0,0.71,0,24,97641.75
CUST2586,18,Male,Unemployed,Current,81,3,104370,16,9,11,0,0.59,0,20,34790.0
CUST1668,28,Female,Self-employed,Savings,129,2,226409,18,4,14,1,1.0,0,18,113204.5
CUST1942,34,Male,Self-employed,Current,71,1,231283,14,12,10,0,0.81,0,22,231283.0
CUST1143,26,Male,Employed,Savings,69,4,252632,13,9,10,0,0.86,1,19,63158.0
CUST2975,32,Female,Employed,Fixed Deposit,156,1,32995,10,2,7,0,0.82,0,9,32995.0
CUST1852,35,Female,Self-employed,Current,100,1,35130,13,6,5,0,0.82,0,11,35130.0
CUST2483,33,Female,Employed,Savings,145,3,498352,10,6,15,0,0.89,0,21,166117.33
CUST2591,22,Female,Employed,Savings,178,4,91419,14,12,6,0,0.69,0,18,22854.75
CUST1287,28,Male,Self-employed,Savings,33,2,86064,19,9,7,0,0.83,0,16,43032.0
CUST2710,32,Male,Employed,Current,160,4,34255,17,4,12,1,0.68,0,16,8563.75
CUST0595,37,Male,Employed,Current,123,3,176408,12,5,10,0,0.61,0,15,58802.67
CUST2392,38,Male,Employed,Savings,29,1,386680,14,7,14,0,0.99,0,21,386680.0
CUST2541,43,Female,Employed,Savings,146,4,140761,7,8,9,0,0.52,0,17,35190.25
CUST1599,22,Male,Employed,Savings,67,1,191835,16,7,9,0,0.98,0,16,191835.0
CUST2984,44,Male,Unemployed,Savings,137,3,12445,22,10,10,0,0.74,0,20,4148.33
CUST0781,34,Female,Employed,Savings,23,2,52247,17,8,9,0,0.65,0,17,26123.5
CUST1737,33,Male,Self-employed,Current,129,1,85191,15,4,11,1,0.69,1,15,85191.0
CUST0656,31,Male,Self-employed,Savings,24,4,572350,15,6,9,0,0.72,1,15,143087.5
CUST2965,40,Male,Employed,Current,94,2,3277,19,11,11,0,0.66,0,22,1638.5
CUST1700,33,Female,Employed,Current,161,2,234167,14,6,14,0,0.72,0,20,117083.5
CUST1186,45,Male,Employed,Savings,79,2,83716,10,9,11,0,0.74,0,20,41858.0
CUST0386,30,Female,Self-employed,Savings,119,4,171814,15,14,12,0,0.55,0,26,42953.5
CUST2169,36,Female,Employed,Savings,158,1,195010,12,8,9,1,0.69,0,17,195010.0
CUST1846,35,Male,Employed,Current,51,2,31987,16,8,10,0,0.87,0,18,15993.5
CUST1530,39,Female,Employed,Savings,24,3,158636,11,8,10,0,0.84,0,18,52878.67
CUST2500,38,Female,Employed,Current,64,3,93998,16,7,8,0,0.64,0,15,31332.67
CUST1966,41,Female,Self-employed,Savings,56,2,95768,21,11,6,0,0.96,0,17,47884.0
CUST1711,41,Female,Employed,Fixed Deposit,61,4,11274,23,7,16,0,0.71,0,23,2818.5
CUST1882,33,Female,Self-employed,Savings,51,2,91659,18,9,14,0,0.85,1,23,45829.5
CUST0421,18,Male,Self-employed,Current,102,1,211972,17,7,10,1,0.5,0,17,211972.0
CUST2041,38,Female,Employed,Fixed Deposit,22,1,1230074,9,10,6,0,0.85,0,16,1230074.0
CUST1006,43,Female,Employed,Savings,133,3,116927,12,9,11,0,0.68,0,20,38975.67
CUST2420,39,Male,Self-employed,Current,141,1,16532,21,9,11,0,0.85,0,20,16532.0
CUST2678,34,Male,Employed,Savings,96,2,28691,16,4,13,0,0.53,1,17,14345.5
CUST2463,30,Female,Employed,Savings,100,1,333361,18,8,18,0,0.97,0,26,333361.0
CUST0051,18,Male,Self-employed,Savings,78,1,2622,13,5,6,0,0.68,0,11,2622.0
CUST2209,22,Female,Employed,Current,21,1,76605,20,8,12,0,0.91,0,20,76605.0
CUST0193,39,Female,Employed,Savings,145,2,36466,19,13,8,2,0.69,0,21,18233.0
CUST0925,36,Female,Self-employed,Current,15,2,11416,14,8,9,2,0.82,1,17,5708.0
CUST0812,44,Male,Employed,Current,25,2,75050,20,7,17,0,0.71,0,24,37525.0
CUST1977,32,Female,Employed,Current,52,1,15806,12,14,10,0,0.78,1,24,15806.0
CUST2367,30,Female,Employed,Fixed Deposit,28,1,967963,17,7,9,0,0.8,0,16,967963.0
CUST2622,22,Female,Self-employed,Savings,31,4,339042,16,8,7,0,0.54,1,15,84760.5
CUST2160,54,Male,Employed,Current,83,1,265164,19,4,6,0,0.72,0,10,265164.0
CUST2017,31,Male,Employed,Current,97,2,184195,14,10,12,0,0.91,0,22,92097.5
CUST1386,38,Female,Employed,Fixed Deposit,109,2,87619,20,4,9,0,0.98,0,13,43809.5
CUST0860,39,Female,Self-employed,Savings,116,2,294104,6,7,7,0,0.68,0,14,147052.0
CUST2678,48,Male,Self-employed,Savings,29,2,496902,17,6,11,0,0.57,0,17,248451.0
CUST1051,31,Male,Self-employed,Savings,50,2,4727,15,12,7,1,0.89,1,19,2363.5
CUST2879,33,Male,Self-employed,Savings,169,2,83579,10,12,11,0,0.66,1,23,41789.5
CUST0489,32,Male,Employed,Current,67,2,8023,16,7,11,0,0.66,1,18,4011.5
CUST1683,44,Female,Employed,Current,111,2,9272,9,12,10,0,0.87,1,22,4636.0
CUST0168,26,Male,Employed,Fixed Deposit,85,1,372482,18,9,3,1,0.51,0,12,372482.0
CUST2476,31,Female,Employed,Savings,64,1,202840,16,12,14,0,0.78,0,26,202840.0
CUST1722,40,Male,Employed,Current,174,1,74911,15,15,4,2,0.93,1,19,74911.0
CUST2844,36,Female,Employed,Fixed Deposit,79,1,240983,14,8,9,0,0.89,0,17,240983.0
CUST0693,45,Female,Self-employed,Savings,127,2,3356,16,8,9,0,0.83,1,17,1678.0
CUST0597,36,Female,Employed,Savings,155,1,255523,11,4,8,0,0.7,1,12,255523.0
CUST1241,26,Male,Employed,Current,104,1,90432,14,11,7,0,0.96,0,18,90432.0
CUST2446,46,Female,Self-employed,Savings,170,3,49197,18,11,11,0,0.99,0,22,16399.0
CUST2377,44,Male,Self-employed,Savings,120,3,9819,16,5,6,0,0.64,0,11,3273.0
CUST2496,23,Female,Employed,Savings,105,1,133028,11,9,12,0,0.77,0,21,133028.0
CUST0597,38,Female,Employed,Savings,100,2,279791,16,5,7,1,0.98,0,12,139895.5
CUST0062,31,Female,Unemployed,Current,93,2,470604,17,12,18,1,0.77,1,30,235302.0
CUST0760,61,Female,Self-employed,Current,41,1,14388,13,11,9,0,0.74,0,20,14388.0
CUST2272,23,Male,Self-employed,Savings,83,1,69724,15,8,13,0,0.7,0,21,69724.0
CUST1144,18,Female,Unemployed,Savings,171,3,369668,20,13,7,0,0.84,0,20,123222.67
CUST1575,37,Female,Employed,Savings,80,2,44947,15,8,17,1,0.58,1,25,22473.5
CUST2466,38,Male,Employed,Savings,111,2,183144,16,8,9,0,0.52,1,17,91572.0
CUST0886,23,Female,Self-employed,Savings,84,1,124927,16,6,11,1,0.51,0,17,124927.0
CUST1480,29,Male,Employed,Current,66,1,258568,13,4,12,0,0.99,0,16,258568.0
CUST2204,36,Male,Unemployed,Current,24,3,96790,10,8,12,0,0.58,0,20,32263.33
CUST1035,27,Male,Unemployed,Fixed Deposit,74,2,179794,18,9,9,0,0.7,1,18,89897.0
CUST1789,36,Male,Employed,Savings,159,2,611679,21,8,5,0,0.71,0,13,305839.5
CUST2486,26,Female,Unemployed,Savings,113,3,21091,21,6,15,1,0.51,1,21,7030.33
CUST2204,35,Male,Employed,Savings,154,4,17174,23,1,6,0,0.72,0,7,4293.5
CUST2270,24,Female,Unemployed,Savings,53,1,54822,15,10,8,0,0.98,0,18,54822.0
CUST0321,49,Female,Employed,Fixed Deposit,138,2,168881,13,7,8,0,0.89,0,15,84440.5
CUST1794,59,Female,Employed,Current,38,1,146207,12,7,5,0,0.8,0,12,146207.0
CUST1616,51,Female,Self-employed,Current,156,3,344101,17,9,14,1,0.8,0,23,114700.33
CUST1491,50,Male,Employed,Savings,30,2,182289,16,2,8,0,0.7,1,10,91144.5
CUST1673,26,Female,Employed,Fixed Deposit,62,1,94700,12,9,11,0,0.69,0,20,94700.0
CUST2173,33,Male,Employed,Savings,64,1,31467,16,8,8,1,0.65,0,16,31467.0
CUST2783,18,Female,Employed,Savings,157,2,28155,23,8,7,0,0.61,0,15,14077.5
CUST1752,42,Male,Self-employed,Savings,18,1,118571,14,10,5,0,0.59,0,15,118571.0
CUST0568,24,Male,Self-employed,Savings,162,1,110403,13,9,11,0,0.58,0,20,110403.0
CUST0379,35,Female,Self-employed,Current,85,2,420161,14,5,10,1,0.9,0,15,210080.5
CUST0903,36,Male,Employed,Savings,40,2,3838,16,6,8,0,0.72,1,14,1919.0
CUST1265,46,Male,Employed,Savings,36,2,452849,5,10,13,0,0.53,1,23,226424.5
CUST2109,55,Female,Employed,Savings,51,4,17238,11,10,10,0,0.51,0,20,4309.5
CUST2058,43,Male,Self-employed,Current,95,2,554062,21,14,11,0,0.64,0,25,277031.0
CUST1628,37,Male,Self-employed,Fixed Deposit,71,1,670218,18,8,8,0,0.72,0,16,670218.0
CUST2118,30,Female,Unemployed,Current,131,2,16527,18,6,8,0,0.6,0,14,8263.5
CUST2151,58,Male,Employed,Savings,79,3,169223,15,8,12,1,0.57,0,20,56407.67
CUST2595,28,Male,Unemployed,Savings,49,2,170567,23,9,8,0,0.69,0,17,85283.5
CUST2607,35,Female,Employed,Current,111,4,74962,14,6,9,0,0.73,0,15,18740.5
CUST1654,31,Female,Employed,Savings,172,2,278378,16,8,10,0,0.99,0,18,139189.0
CUST0455,21,Female,Employed,Savings,162,1,199324,11,5,9,0,0.93,0,14,199324.0
CUST1909,61,Female,Employed,Current,96,3,19124,18,6,7,0,0.76,0,13,6374.67
CUST0672,22,Female,Employed,Current,130,3,54098,19,9,8,1,0.72,1,17,18032.67
CUST1307,45,Female,Employed,Fixed Deposit,79,1,156246,20,14,3,0,0.62,0,17,156246.0
CUST1748,37,Male,Unemployed,Current,115,1,17510,11,6,12,0,0.97,1,18,17510.0
CUST0235,30,Male,Employed,Current,169,3,7408,15,9,10,0,0.97,0,19,2469.33
CUST0775,34,Male,Self-employed,Savings,122,2,195508,12,8,14,0,0.55,0,22,97754.0
CUST2700,31,Male,Self-employed,Current,88,1,66545,11,10,13,1,0.75,0,23,66545.0
CUST1673,42,Female,Employed,Current,130,1,70207,19,11,9,2,0.51,0,20,70207.0
CUST1415,36,Female,Employed,Savings,65,1,177966,16,16,12,0,0.88,1,28,177966.0
CUST2259,22,Female,Employed,Savings,55,1,38799,10,9,7,1,0.74,0,16,38799.0
CUST1825,31,Female,Self-employed,Current,139,3,60124,15,5,11,1,0.91,0,16,20041.33
CUST1512,33,Female,Employed,Fixed Deposit,136,3,121546,16,6,5,0,0.7,0,11,40515.33
CUST1404,40,Female,Unemployed,Current,19,3,109603,19,15,9,0,0.89,0,24,36534.33
CUST0145,41,Male,Employed,Savings,121,1,289331,18,5,12,1,0.8,0,17,289331.0
CUST1811,49,Male,Employed,Savings,51,3,183830,13,7,9,0,0.82,1,16,61276.67
CUST1628,34,Male,Employed,Savings,170,2,246757,12,4,6,1,0.79,0,10,123378.5
CUST2331,27,Male,Self-employed,Savings,148,1,303162,19,10,10,0,0.59,0,20,303162.0
CUST0739,40,Male,Employed,Savings,18,1,27329,14,10,12,0,0.85,0,22,27329.0
CUST0277,29,Female,Employed,Savings,134,1,277531,15,11,7,0,0.68,0,18,277531.0
CUST1733,56,Male,Employed,Savings,88,1,24649,15,6,5,0,0.83,0,11,24649.0
CUST0244,18,Male,Self-employed,Savings,104,1,243266,17,5,14,0,0.86,0,19,243266.0
CUST2561,31,Female,Employed,Current,58,3,91032,19,7,4,1,0.82,0,11,30344.0
CUST2061,25,Female,Employed,Savings,123,1,47494,14,7,11,1,0.74,0,18,47494.0
CUST0635,40,Female,Employed,Current,124,3,253599,12,10,8,1,0.76,0,18,84533.0
CUST0395,18,Male,Employed,Savings,84,1,82267,16,8,11,0,0.82,0,19,82267.0
CUST2612,34,Female,Employed,Savings,51,4,202013,18,7,7,0,0.77,1,14,50503.25
CUST0323,33,Male,Employed,Savings,173,4,559971,21,5,8,0,0.99,0,13,139992.75
CUST2667,23,Male,Employed,Current,101,1,501684,16,5,15,2,0.6,0,20,501684.0
CUST2342,29,Female,Self-employed,Current,47,2,441580,12,7,9,0,0.92,1,16,220790.0
CUST2759,45,Male,Employed,Savings,75,2,99972,16,8,9,0,0.72,0,17,49986.0
CUST0823,31,Male,Unemployed,Savings,108,3,75945,14,9,8,0,0.84,0,17,25315.0
CUST0312,34,Male,Employed,Savings,27,1,409977,16,7,6,0,0.54,0,13,409977.0
CUST2226,36,Female,Self-employed,Savings,171,2,16136,15,7,10,0,0.72,0,17,8068.0
CUST0714,23,Female,Employed,Savings,19,3,217787,18,7,13,0,0.99,0,20,72595.67
CUST0964,40,Male,Employed,Current,98,1,568391,11,11,6,1,0.8,1,17,568391.0
CUST2081,55,Female,Employed,Current,94,2,16716,7,6,18,0,0.81,0,24,8358.0
CUST2570,32,Female,Employed,Current,136,3,23913,12,8,8,0,0.91,1,16,7971.0
CUST2509,50,Female,Employed,Savings,157,2,169866,14,5,5,0,0.54,0,10,84933.0
CUST2320,43,Male,Self-employed,Current,123,4,6570,18,9,5,0,0.91,0,14,1642.5
CUST0924,35,Female,Employed,Savings,104,2,233886,19,9,12,0,0.95,0,21,116943.0
CUST0030,50,Male,Employed,Savings,17,3,126696,15,12,6,0,0.67,1,18,42232.0
CUST2183,26,Female,Employed,Savings,124,1,174682,14,5,7,0,0.59,0,12,174682.0
CUST0754,48,Male,Unemployed,Fixed Deposit,172,1,476414,21,12,10,0,0.64,0,22,476414.0
CUST1141,35,Male,Employed,Savings,52,3,51581,16,11,19,2,0.83,0,30,17193.67
CUST0541,21,Female,Employed,Savings,64,1,79809,21,7,4,0,0.89,0,11,79809.0
CUST1515,34,Female,Self-employed,Savings,20,1,43019,15,9,11,0,0.88,0,20,43019.0
CUST2910,61,Male,Self-employed,Savings,144,4,393962,19,7,6,0,0.95,0,13,98490.5
CUST0298,59,Male,Employed,Savings,15,3,94072,9,4,11,0,0.94,1,15,31357.33
CUST0324,45,Male,Self-employed,Savings,162,1,23308,17,12,9,0,0.64,1,21,23308.0
CUST2044,33,Male,Unemployed,Savings,36,1,25737,14,7,7,0,0.65,0,14,25737.0
CUST1127,26,Female,Employed,Savings,53,2,66468,13,9,10,0,0.87,0,19,33234.0
CUST1214,31,Female,Employed,Savings,15,1,85127,18,9,10,0,0.84,1,19,85127.0
CUST1045,42,Male,Employed,Savings,27,1,26584,19,9,8,0,0.81,1,17,26584.0
CUST1172,37,Female,Self-employed,Savings,140,3,171667,9,5,13,0,0.88,0,18,57222.33
CUST1083,18,Female,Self-employed,Current,17,1,18459,15,6,9,0,0.99,0,15,18459.0
CUST2072,54,Female,Employed,Savings,33,2,56412,14,6,5,1,0.54,0,11,28206.0
CUST0645,31,Female,Self-employed,Savings,150,2,75678,18,8,13,0,0.89,1,21,37839.0
CUST2567,47,Male,Self-employed,Fixed Deposit,36,1,201673,8,6,4,0,0.87,1,10,201673.0
CUST1339,38,Male,Unemployed,Current,42,2,43055,16,5,9,0,0.59,0,14,21527.5
CUST2352,29,Female,Self-employed,Savings,137,1,147810,17,9,10,0,0.7,1,19,147810.0
CUST0944,32,Male,Self-employed,Fixed Deposit,113,1,178683,12,4,7,0,1.0,0,11,178683.0
CUST1704,53,Male,Employed,Current,87,3,32307,14,7,12,1,0.95,0,19,10769.0
CUST2515,36,Female,Employed,Current,163,4,102270,11,8,10,0,0.71,0,18,25567.5
CUST2421,46,Male,Employed,Savings,118,1,56193,9,12,4,0,0.79,0,16,56193.0
CUST2531,43,Male,Self-employed,Current,145,3,376964,18,7,12,0,0.82,0,19,125654.67
CUST0260,24,Male,Employed,Savings,42,1,64026,18,7,11,0,0.63,1,18,64026.0
CUST0751,29,Male,Employed,Savings,38,1,73724,12,2,14,1,0.57,1,16,73724.0
CUST0134,33,Male,Employed,Savings,39,1,438471,18,6,14,0,0.94,0,20,438471.0
CUST1836,24,Female,Employed,Fixed Deposit,63,2,76589,14,8,9,0,0.69,0,17,38294.5
CUST2550,27,Female,Self-employed,Savings,19,2,113604,19,6,6,0,0.81,0,12,56802.0
CUST1210,52,Female,Self-employed,Savings,98,2,84901,8,8,13,1,0.89,0,21,42450.5
CUST1778,39,Female,Self-employed,Current,56,2,203505,9,1,15,0,0.75,0,16,101752.5
CUST0906,38,Male,Employed,Savings,35,2,114844,11,8,11,0,0.8,0,19,57422.0
CUST2795,50,Female,Employed,Current,99,2,140333,17,6,13,0,0.99,0,19,70166.5
CUST1188,47,Female,Employed,Savings,128,1,180041,11,15,16,0,0.53,0,31,180041.0
CUST2932,32,Female,Employed,Savings,90,2,23621,10,5,8,0,0.55,1,13,11810.5
CUST2826,32,Male,Self-employed,Fixed Deposit,105,2,700617,9,8,14,0,0.5,0,22,350308.5
CUST1271,18,Male,Employed,Savings,71,1,189930,13,10,7,0,0.55,1,17,189930.0
CUST1193,19,Male,Self-employed,Current,54,2,19647,17,10,12,0,0.99,1,22,9823.5
CUST2064,46,Male,Self-employed,Savings,155,1,235118,19,9,11,0,0.71,0,20,235118.0
CUST0691,38,Male,Self-employed,Savings,100,3,27772,5,5,17,0,0.6,1,22,9257.33
CUST0807,37,Male,Employed,Current,84,1,115493,13,7,14,0,0.54,0,21,115493.0
CUST2672,27,Male,Employed,Savings,144,3,50119,16,4,12,1,0.66,1,16,16706.33
CUST0733,34,Male,Unemployed,Current,89,2,131747,22,4,18,0,0.65,0,22,65873.5
CUST0251,33,Female,Employed,Savings,105,1,67018,12,5,6,0,1.0,0,11,67018.0
CUST0937,43,Male,Employed,Savings,51,3,275217,21,9,11,0,0.84,1,20,91739.0
CUST2946,46,Male,Employed,Savings,119,4,7166,9,13,17,0,0.87,0,30,1791.5
CUST0606,49,Female,Unemployed,Savings,93,2,113505,18,8,12,0,0.63,0,20,56752.5
CUST0986,32,Male,Self-employed,Savings,77,2,74240,12,8,4,0,0.5,0,12,37120.0
CUST1731,39,Female,Employed,Savings,35,2,14673,11,6,5,1,0.73,1,11,7336.5
CUST0249,40,Female,Employed,Current,16,2,215390,9,8,24,1,0.65,1,32,107695.0
CUST0479,32,Male,Unemployed,Current,124,3,83240,18,8,11,1,0.52,0,19,27746.67
CUST2745,44,Female,Unemployed,Fixed Deposit,168,2,16130,10,9,9,0,0.72,0,18,8065.0
CUST0554,38,Male,Self-employed,Savings,16,2,77911,18,10,9,1,0.9,0,19,38955.5
CUST0190,45,Male,Employed,Savings,62,2,12334,11,7,12,0,0.67,0,19,6167.0
CUST0902,41,Female,Employed,Current,55,1,163959,19,8,12,0,0.7,0,20,163959.0
CUST1171,42,Male,Employed,Savings,80,1,623,16,6,11,0,0.96,0,17,623.0
CUST0967,18,Female,Employed,Savings,167,3,26246,23,9,8,0,0.5,0,17,8748.67
CUST0015,40,Male,Self-employed,Current,56,4,72691,12,8,9,0,0.75,0,17,18172.75
CUST1833,32,Female,Employed,Current,120,1,19840,22,7,12,1,0.79,0,19,19840.0
CUST2721,27,Female,Self-employed,Savings,20,1,187119,14,5,11,0,0.53,0,16,187119.0
CUST2291,51,Female,Employed,Current,48,2,40930,15,5,9,0,0.64,0,14,20465.0
CUST0090,22,Female,Employed,Savings,36,3,379470,18,10,6,0,0.83,1,16,126490.0
CUST2571,48,Female,Employed,Savings,70,2,39636,11,4,11,0,0.51,0,15,19818.0
CUST2870,36,Female,Employed,Savings,19,3,92244,14,11,8,1,0.86,1,19,30748.0
CUST0961,18,Female,Employed,Current,138,2,1505,15,14,7,0,0.87,1,21,752.5
CUST1224,38,Male,Self-employed,Savings,35,2,192004,16,7,11,0,0.72,0,18,96002.0
CUST2898,18,Male,Employed,Fixed Deposit,107,1,53043,13,6,12,0,0.59,1,18,53043.0
CUST0931,41,Female,Employed,Savings,20,4,128299,18,12,12,0,0.87,1,24,32074.75
CUST1076,47,Female,Self-employed,Savings,76,1,500194,13,5,6,0,0.71,0,11,500194.0
CUST2600,34,Female,Self-employed,Current,148,1,2841,18,8,12,0,0.86,0,20,2841.0
CUST2966,39,Female,Self-employed,Savings,57,4,151552,16,6,10,0,0.63,1,16,37888.0
CUST1849,52,Male,Self-employed,Savings,145,1,12736,14,5,10,0,0.63,0,15,12736.0
CUST2600,27,Male,Self-employed,Savings,40,4,252524,16,8,8,0,0.98,0,16,63131.0
CUST1211,38,Female,Self-employed,Current,82,3,102160,15,8,4,0,0.93,0,12,34053.33
CUST0829,49,Male,Employed,Savings,22,1,70960,17,8,12,1,0.78,0,20,70960.0
CUST0406,41,Female,Employed,Current,101,3,385337,27,10,12,1,0.52,0,22,128445.67
CUST2983,37,Female,Unemployed,Fixed Deposit,56,1,188184,20,9,9,0,0.98,1,18,188184.0
CUST0672,26,Female,Employed,Current,97,3,96552,16,7,10,0,0.68,0,17,32184.0
CUST2165,23,Male,Self-employed,Savings,119,2,99780,19,6,7,0,0.73,0,13,49890.0
CUST2232,28,Male,Unemployed,Fixed Deposit,44,4,2181,9,10,4,0,0.79,0,14,545.25
CUST0111,44,Male,Employed,Savings,122,1,143276,15,8,13,0,0.84,0,21,143276.0
CUST1092,40,Male,Employed,Savings,172,3,156275,22,8,10,1,0.86,0,18,52091.67
CUST0670,47,Male,Unemployed,Savings,54,4,40509,20,4,15,0,0.52,1,19,10127.25
CUST1182,28,Female,Self-employed,Savings,114,1,210609,15,5,13,0,0.94,0,18,210609.0
CUST0018,25,Male,Unemployed,Savings,66,1,25849,17,6,10,0,0.79,1,16,25849.0
CUST2112,42,Male,Employed,Savings,86,2,41579,12,8,9,0,0.92,0,17,20789.5
CUST2336,41,Female,Employed,Current,27,2,130404,13,8,9,1,0.75,1,17,65202.0
CUST1179,25,Male,Employed,Savings,41,3,20010,14,8,6,0,0.91,1,14,6670.0
CUST1751,40,Male,Employed,Current,80,2,155556,12,9,16,0,0.69,0,25,77778.0
CUST1630,19,Male,Employed,Savings,30,2,12814,17,10,8,0,0.86,1,18,6407.0
CUST2836,32,Female,Employed,Savings,174,4,500,13,8,9,0,0.5,0,17,125.0
CUST1616,22,Male,Employed,Fixed Deposit,105,2,144626,19,7,11,0,0.95,0,18,72313.0
CUST0945,24,Female,Employed,Savings,62,2,49559,8,6,7,1,0.67,0,13,24779.5
CUST0104,27,Male,Employed,Current,32,4,365779,16,8,9,1,0.51,0,17,91444.75
CUST2822,35,Female,Self-employed,Fixed Deposit,119,1,37649,14,7,7,0,0.58,0,14,37649.0
CUST0874,49,Female,Employed,Savings,126,3,7895,19,9,9,0,0.57,0,18,2631.67
CUST1236,39,Male,Employed,Fixed Deposit,107,2,148722,17,14,8,0,0.99,0,22,74361.0
CUST0896,30,Female,Employed,Savings,151,2,34809,15,7,7,0,0.93,1,14,17404.5
CUST1605,48,Female,Self-employed,Savings,101,3,47340,18,9,8,0,0.84,0,17,15780.0
CUST0887,21,Female,Employed,Current,140,2,103622,13,4,9,0,0.88,0,13,51811.0
CUST0833,33,Male,Employed,Savings,112,2,112198,18,8,13,0,0.53,0,21,56099.0
CUST0902,18,Male,Employed,Savings,17,3,184179,22,8,5,0,0.62,1,13,61393.0
CUST2431,34,Female,Employed,Savings,145,1,245101,18,5,10,0,0.61,0,15,245101.0
CUST2251,43,Female,Employed,Savings,138,1,78907,19,10,10,0,0.76,0,20,78907.0
CUST1651,31,Male,Employed,Current,64,1,168064,18,2,11,1,0.79,0,13,168064.0
CUST0935,34,Male,Self-employed,Current,60,2,6872,20,8,5,1,0.81,1,13,3436.0
CUST2261,33,Male,Employed,Current,92,2,141423,15,8,11,0,0.8,0,19,70711.5
CUST0658,39,Female,Employed,Savings,101,2,57820,18,7,17,0,0.52,0,24,28910.0
CUST1436,36,Female,Self-employed,Savings,162,1,442279,14,7,9,0,0.78,0,16,442279.0
CUST1026,40,Female,Employed,Fixed Deposit,102,1,142278,11,7,10,0,0.54,1,17,142278.0
CUST1369,48,Female,Employed,Current,74,1,307687,13,5,12,0,0.85,1,17,307687.0
CUST1089,32,Female,Unemployed,Savings,68,1,150338,12,8,16,0,0.77,0,24,150338.0
CUST1302,46,Female,Employed,Savings,111,2,34830,19,10,9,0,0.56,1,19,17415.0
CUST0676,38,Male,Self-employed,Savings,115,3,194483,15,6,12,0,0.57,0,18,64827.67
CUST1404,31,Male,Employed,Fixed Deposit,57,2,49251,13,4,7,0,0.6,1,11,24625.5
CUST2954,54,Male,Self-employed,Current,91,1,15873,5,7,9,0,0.75,0,16,15873.0
CUST0093,43,Male,Self-employed,Current,102,1,277584,12,3,7,0,0.93,0,10,277584.0
CUST1541,48,Female,Employed,Savings,97,1,5214,14,9,7,1,0.63,1,16,5214.0
CUST2263,27,Female,Employed,Savings,90,3,77413,21,9,8,0,0.66,0,17,25804.33
CUST2037,38,Male,Employed,Savings,140,2,80339,11,7,4,0,0.94,0,11,40169.5
CUST2228,41,Male,Employed,Savings,119,1,120564,12,9,8,1,0.85,0,17,120564.0
CUST0927,36,Male,Employed,Fixed Deposit,58,1,112555,19,12,9,0,0.81,0,21,112555.0
CUST1086,39,Female,Employed,Savings,85,3,275000,11,9,5,0,0.55,0,14,91666.67
CUST2970,25,Female,Employed,Savings,103,2,936368,16,8,10,0,0.88,1,18,468184.0
CUST1237,37,Male,Self-employed,Current,130,2,126624,14,12,16,0,0.93,0,28,63312.0
CUST0909,41,Female,Employed,Savings,38,1,20545,9,11,14,0,0.85,0,25,20545.0
CUST2074,31,Male,Employed,Savings,118,1,73571,18,9,5,0,0.88,0,14,73571.0
CUST2950,27,Female,Employed,Fixed Deposit,144,1,44653,12,8,11,1,0.59,0,19,44653.0
CUST1384,18,Female,Employed,Savings,83,4,299693,16,10,11,0,0.51,1,21,74923.25
CUST2061,26,Female,Employed,Savings,131,1,282547,15,8,10,0,0.94,0,18,282547.0
CUST0033,29,Female,Employed,Savings,13,3,102119,18,12,7,1,0.68,0,19,34039.67
CUST0432,38,Female,Self-employed,Savings,48,3,9867,13,7,7,0,0.78,0,14,3289.0
CUST2017,27,Female,Employed,Current,148,2,454845,13,15,11,1,0.61,1,26,227422.5
CUST1153,53,Female,Self-employed,Current,37,2,110030,18,10,10,2,0.6,0,20,55015.0
CUST2514,34,Female,Employed,Current,27,1,24124,12,8,3,0,0.65,1,11,24124.0
CUST1398,46,Female,Self-employed,Savings,156,1,144878,20,8,10,0,0.71,0,18,144878.0
CUST1816,40,Female,Employed,Current,145,3,78214,14,9,7,0,0.63,0,16,26071.33
CUST1387,33,Female,Employed,Savings,107,2,41430,13,6,7,1,0.77,0,13,20715.0
CUST0837,43,Female,Self-employed,Current,170,2,10745,17,9,8,0,0.61,0,17,5372.5
CUST2335,19,Male,Employed,Savings,171,4,146949,20,7,11,0,0.73,0,18,36737.25
CUST1478,39,Female,Self-employed,Savings,147,3,19478,10,6,12,0,0.67,0,18,6492.67
CUST0290,37,Female,Employed,Fixed Deposit,54,1,18387,15,7,7,1,0.85,1,14,18387.0
CUST0628,32,Female,Unemployed,Current,92,1,22979,15,11,10,0,0.74,0,21,22979.0
CUST1398,27,Female,Self-employed,Current,35,4,51494,22,5,12,0,0.9,1,17,12873.5
CUST2012,18,Male,Employed,Savings,171,1,331090,21,8,5,0,0.73,0,13,331090.0
CUST1075,38,Female,Self-employed,Fixed Deposit,66,3,14042,9,9,12,1,0.64,0,21,4680.67
CUST2321,27,Male,Employed,Savings,32,3,32985,13,6,8,0,0.95,0,14,10995.0
CUST0569,24,Female,Self-employed,Current,62,1,31638,17,7,8,0,0.92,0,15,31638.0
CUST2526,53,Male,Employed,Savings,49,2,47908,11,8,10,0,0.71,0,18,23954.0
CUST0588,27,Female,Employed,Savings,116,1,183312,12,8,13,0,0.84,0,21,183312.0
CUST0905,32,Female,Self-employed,Current,106,1,92783,19,7,11,1,0.79,0,18,92783.0
CUST1472,27,Male,Employed,Current,161,3,57624,14,6,14,0,0.59,0,20,19208.0
CUST2259,50,Female,Employed,Savings,29,1,130468,18,8,10,0,0.67,0,18,130468.0
CUST1580,39,Male,Employed,Savings,179,1,57311,12,7,9,0,0.95,1,16,57311.0
CUST2787,29,Male,Employed,Current,37,1,166776,10,4,8,2,0.83,1,12,166776.0
CUST1232,45,Female,Unemployed,Savings,134,2,8065,11,10,9,0,0.66,0,19,4032.5
CUST2673,36,Male,Employed,Savings,42,2,130469,14,8,11,0,0.76,1,19,65234.5
CUST2407,24,Male,Self-employed,Savings,81,1,51835,14,10,11,0,0.85,0,21,51835.0
CUST0569,32,Male,Employed,Current,25,3,18316,4,6,6,0,0.69,0,12,6105.33
CUST2776,41,Male,Employed,Fixed Deposit,118,1,149783,9,10,14,0,0.59,0,24,149783.0
CUST2779,42,Male,Employed,Savings,146,1,188467,19,7,18,1,0.7,0,25,188467.0
CUST1556,39,Male,Employed,Savings,129,1,49437,16,7,12,0,0.98,0,19,49437.0
CUST0921,40,Female,Employed,Savings,94,2,8256,13,4,11,0,0.94,0,15,4128.0
CUST1551,45,Female,Employed,Fixed Deposit,116,3,428429,15,8,10,0,0.78,0,18,142809.67
CUST0918,40,Male,Employed,Current,31,1,370504,17,8,8,0,0.86,0,16,370504.0
CUST1748,39,Male,Self-employed,Savings,173,2,186428,24,10,15,0,0.76,0,25,93214.0
CUST0320,38,Male,Self-employed,Savings,149,2,108835,13,5,6,0,0.85,0,11,54417.5
CUST2058,23,Male,Unemployed,Current,72,1,661900,17,7,6,0,0.69,0,13,661900.0
CUST2429,30,Male,Employed,Savings,157,2,175036,14,9,12,0,0.95,0,21,87518.0
CUST1097,36,Female,Unemployed,Current,67,3,103024,13,7,12,1,0.77,0,19,34341.33
CUST2807,29,Male,Self-employed,Savings,72,2,322761,19,7,8,0,0.94,1,15,161380.5
CUST1345,44,Female,Employed,Current,179,2,351369,12,8,11,0,0.69,0,19,175684.5
CUST0436,43,Female,Employed,Current,42,1,163930,9,7,8,0,0.6,0,15,163930.0
CUST2789,47,Male,Unemployed,Savings,62,3,244286,6,4,11,0,0.5,0,15,81428.67
CUST1273,46,Male,Employed,Fixed Deposit,85,2,56744,10,7,9,0,0.6,0,16,28372.0
CUST2593,26,Female,Employed,Savings,59,2,439575,13,12,14,0,0.53,1,26,219787.5
CUST0242,25,Female,Self-employed,Current,83,2,49315,14,13,9,2,0.62,0,22,24657.5
CUST1690,20,Female,Employed,Current,25,1,517956,12,5,7,0,0.73,0,12,517956.0
CUST1112,39,Male,Unemployed,Savings,85,2,77845,18,8,17,0,0.7,1,25,38922.5
CUST2162,22,Female,Self-employed,Fixed Deposit,84,2,106457,12,6,13,0,0.63,1,19,53228.5
CUST2470,18,Male,Self-employed,Fixed Deposit,162,1,6744,12,3,8,0,0.82,0,11,6744.0
CUST2171,55,Male,Unemployed,Savings,21,3,274446,19,5,5,0,0.94,0,10,91482.0
CUST2497,35,Female,Employed,Fixed Deposit,79,2,49562,15,6,5,0,0.65,0,11,24781.0
CUST1422,58,Female,Unemployed,Savings,163,1,28744,20,8,11,0,0.65,0,19,28744.0
CUST1147,36,Female,Unemployed,Savings,98,3,117413,14,3,7,0,0.82,0,10,39137.67
CUST1151,37,Male,Unemployed,Savings,84,2,363974,18,8,11,0,0.93,0,19,181987.0
CUST2061,23,Male,Unemployed,Savings,177,2,542727,21,15,10,0,0.61,0,25,271363.5
CUST0937,46,Male,Employed,Savings,101,3,178397,12,3,13,0,0.56,0,16,59465.67
CUST2229,38,Male,Employed,Savings,53,1,58010,12,5,10,1,0.59,1,15,58010.0
CUST0342,44,Female,Unemployed,Savings,99,1,175615,15,7,8,1,0.88,1,15,175615.0
CUST2269,40,Female,Employed,Savings,153,2,261673,14,10,7,1,0.63,0,17,130836.5
CUST0225,47,Male,Employed,Savings,82,1,171937,19,8,7,1,0.78,0,15,171937.0
CUST2486,37,Male,Employed,Savings,21,2,168355,15,5,11,0,0.7,1,16,84177.5
CUST1843,23,Female,Employed,Fixed Deposit,97,2,46029,17,7,15,0,0.83,1,22,23014.5
CUST1033,36,Male,Self-employed,Savings,23,1,261365,19,7,9,0,0.94,1,16,261365.0
CUST2778,26,Female,Employed,Fixed Deposit,76,3,75407,12,7,9,0,0.9,0,16,25135.67
CUST1324,34,Male,Self-employed,Savings,79,2,59212,17,9,7,0,0.88,1,16,29606.0
CUST2253,28,Male,Employed,Current,143,1,96720,13,9,11,0,0.84,0,20,96720.0
CUST2145,18,Male,Unemployed,Savings,40,2,34042,19,11,9,1,0.67,1,20,17021.0
CUST0185,25,Male,Employed,Fixed Deposit,45,1,42863,21,10,8,0,0.89,0,18,42863.0
CUST0187,52,Male,Employed,Savings,152,1,152382,9,6,16,1,0.6,0,22,152382.0
CUST2323,39,Female,Employed,Current,18,3,105842,20,11,15,0,0.86,0,26,35280.67
CUST0022,37,Male,Employed,Savings,64,2,48729,20,5,14,0,0.59,1,19,24364.5
CUST1736,24,Female,Employed,Savings,116,1,208858,10,15,7,0,0.85,1,22,208858.0
CUST0506,35,Male,Employed,Fixed Deposit,13,1,37233,11,13,9,0,0.89,1,22,37233.0
CUST0117,37,Male,Employed,Current,49,4,202055,17,8,11,1,0.52,1,19,50513.75
CUST1066,40,Female,Unemployed,Current,129,2,88061,19,4,7,0,0.83,1,11,44030.5
CUST0925,43,Male,Self-employed,Current,35,1,21483,22,7,13,0,0.66,0,20,21483.0
CUST1925,31,Female,Employed,Fixed Deposit,134,2,320719,16,10,9,0,0.63,0,19,160359.5
CUST0532,37,Male,Employed,Current,35,3,369594,11,4,13,0,0.62,0,17,123198.0
CUST2246,40,Female,Employed,Savings,160,2,777995,8,10,8,0,0.55,0,18,388997.5
CUST1119,34,Male,Self-employed,Savings,94,2,252154,16,6,9,0,0.79,0,15,126077.0
CUST0165,31,Male,Self-employed,Savings,127,1,283911,14,7,14,0,0.71,0,21,283911.0
CUST1076,35,Male,Self-employed,Current,99,1,2519,21,7,5,0,0.66,0,12,2519.0
CUST2383,26,Female,Self-employed,Fixed Deposit,71,2,136541,17,7,12,0,0.56,0,19,68270.5
CUST1998,46,Male,Employed,Savings,31,3,46378,12,4,5,1,0.94,0,9,15459.33
CUST0783,35,Male,Employed,Current,88,2,144404,13,10,12,0,0.55,0,22,72202.0
CUST0143,35,Female,Employed,Current,31,1,19780,17,5,12,1,0.69,1,17,19780.0
CUST0451,27,Male,Employed,Current,54,2,148087,15,10,8,0,0.51,0,18,74043.5
CUST1137,34,Male,Unemployed,Current,118,3,477018,17,10,10,0,0.82,0,20,159006.0
CUST0047,28,Female,Employed,Current,23,2,264779,14,10,11,0,0.54,0,21,132389.5
CUST1346,38,Female,Employed,Savings,171,1,108006,16,12,11,0,0.74,0,23,108006.0
CUST1703,47,Female,Self-employed,Savings,81,1,252187,7,8,6,0,0.51,0,14,252187.0
CUST1757,32,Male,Employed,Savings,90,1,62189,9,6,11,1,0.63,0,17,62189.0
CUST1699,30,Female,Employed,Savings,152,1,105527,14,11,13,0,0.58,0,24,105527.0
CUST0567,33,Male,Self-employed,Current,51,3,186187,17,8,6,0,0.54,0,14,62062.33
CUST1503,47,Female,Self-employed,Savings,112,3,35028,10,8,8,0,0.97,0,16,11676.0
CUST1816,34,Female,Unemployed,Savings,25,2,674206,15,9,8,0,0.84,0,17,337103.0
CUST1627,18,Female,Employed,Savings,18,1,282701,14,8,9,0,0.56,0,17,282701.0
CUST2993,30,Male,Employed,Current,52,1,60540,16,3,7,1,0.71,0,10,60540.0
CUST1442,41,Male,Employed,Savings,19,1,182712,15,6,13,0,0.81,1,19,182712.0
CUST0529,40,Female,Self-employed,Current,119,2,313717,20,6,6,0,0.68,0,12,156858.5
CUST2230,18,Male,Employed,Savings,58,1,213861,18,9,10,0,0.68,0,19,213861.0
CUST0358,33,Female,Employed,Savings,39,3,48168,16,6,14,0,0.97,0,20,16056.0
CUST1111,49,Female,Employed,Savings,47,1,117631,12,11,6,0,0.86,1,17,117631.0
CUST0373,52,Male,Employed,Savings,63,2,187755,14,9,12,0,0.89,0,21,93877.5
CUST1197,40,Female,Employed,Savings,77,1,72066,13,9,12,0,0.77,0,21,72066.0
CUST1848,27,Male,Employed,Current,17,2,145441,17,3,10,0,0.55,0,13,72720.5
CUST1322,35,Male,Self-employed,Savings,130,2,194180,17,7,7,0,0.52,1,14,97090.0
CUST2177,20,Male,Employed,Current,121,4,250103,16,13,14,0,0.95,0,27,62525.75
CUST1153,28,Female,Employed,Savings,70,2,177051,15,6,9,0,0.64,1,15,88525.5
CUST2969,18,Female,Employed,Savings,47,1,93251,17,12,12,0,0.73,1,24,93251.0
CUST1195,18,Male,Employed,Savings,64,1,274858,18,12,10,0,0.92,0,22,274858.0
CUST2284,45,Male,Employed,Savings,165,3,51470,14,9,11,1,0.51,0,20,17156.67
CUST0814,19,Male,Employed,Savings,103,2,166585,17,9,6,0,0.84,0,15,83292.5
CUST0576,30,Male,Employed,Savings,114,1,15902,16,8,11,0,0.79,0,19,15902.0
CUST0795,43,Male,Employed,Savings,111,3,42480,14,8,7,1,0.53,1,15,14160.0
CUST0837,38,Female,Employed,Savings,47,3,122740,8,6,10,0,0.56,0,16,40913.33
CUST2195,42,Male,Employed,Current,94,2,66375,6,10,8,0,0.95,0,18,33187.5
CUST2055,33,Male,Self-employed,Savings,162,2,21055,20,5,9,0,0.74,0,14,10527.5
CUST2986,35,Male,Employed,Fixed Deposit,176,1,346638,20,8,9,0,0.95,0,17,346638.0
CUST0380,21,Male,Employed,Savings,65,1,18311,12,8,9,1,0.74,0,17,18311.0
CUST1700,34,Female,Self-employed,Current,129,1,475404,12,5,11,0,0.87,0,16,475404.0
CUST2399,43,Female,Self-employed,Current,178,4,496043,9,5,8,0,0.91,0,13,124010.75
CUST0445,35,Female,Employed,Savings,141,1,15509,13,8,13,1,0.9,0,21,15509.0
CUST1261,53,Male,Employed,Savings,154,1,68280,15,6,14,0,0.87,0,20,68280.0
CUST2216,32,Male,Employed,Savings,95,2,127224,12,7,8,1,0.97,0,15,63612.0
CUST1112,42,Male,Employed,Current,75,3,107968,17,9,13,0,0.7,0,22,35989.33
CUST2031,24,Male,Unemployed,Savings,122,1,196870,15,8,12,1,0.91,0,20,196870.0
CUST1262,26,Female,Employed,Savings,133,2,145480,15,5,10,0,0.96,0,15,72740.0
CUST1284,19,Female,Self-employed,Savings,150,3,119481,19,7,10,0,0.62,0,17,39827.0
CUST2932,45,Female,Self-employed,Current,59,1,17581,18,8,12,0,0.86,0,20,17581.0
CUST2974,19,Male,Self-employed,Fixed Deposit,55,3,59909,10,8,14,0,0.82,0,22,19969.67
CUST1150,24,Male,Self-employed,Current,167,1,1639,17,8,10,0,0.84,0,18,1639.0
CUST1125,32,Male,Employed,Savings,175,2,101733,18,9,6,0,0.74,0,15,50866.5
CUST0707,18,Male,Employed,Savings,31,1,186826,13,5,11,0,0.93,1,16,186826.0
CUST1040,32,Female,Self-employed,Savings,119,2,167766,17,13,7,0,0.93,0,20,83883.0
CUST2270,18,Male,Employed,Savings,36,4,380118,7,6,10,0,0.54,1,16,95029.5
CUST1384,51,Female,Employed,Savings,24,1,90525,14,7,7,0,0.56,1,14,90525.0
CUST2543,35,Female,Unemployed,Fixed Deposit,117,4,112066,16,9,10,1,0.51,1,19,28016.5
CUST2891,36,Male,Employed,Savings,92,1,169280,17,10,8,0,0.61,0,18,169280.0
CUST2739,48,Female,Self-employed,Current,53,1,337408,17,9,8,0,0.56,0,17,337408.0
CUST2003,28,Female,Self-employed,Savings,126,2,349453,16,3,9,0,0.54,0,12,174726.5
CUST0817,41,Female,Self-employed,Current,128,1,928,14,4,12,0,0.82,1,16,928.0
CUST0365,36,Male,Employed,Savings,109,1,485136,21,11,14,0,0.73,0,25,485136.0
CUST1012,39,Male,Employed,Savings,72,2,12283,16,7,7,0,0.73,0,14,6141.5
CUST0242,18,Male,Employed,Current,159,3,80310,16,7,9,0,0.59,0,16,26770.0
CUST1485,45,Male,Employed,Savings,67,3,69277,21,4,9,2,0.57,1,13,23092.33
CUST0964,44,Male,Self-employed,Savings,59,2,54602,15,6,6,0,0.87,0,12,27301.0
CUST1299,56,Male,Employed,Savings,92,2,381944,12,9,7,0,0.63,0,16,190972.0
CUST1860,33,Female,Employed,Current,114,2,139430,14,12,14,0,0.6,0,26,69715.0
CUST0056,38,Female,Employed,Savings,109,1,109090,14,9,9,0,0.6,1,18,109090.0
CUST1492,35,Male,Self-employed,Savings,21,2,62624,16,4,10,0,0.54,0,14,31312.0
CUST2930,52,Female,Employed,Savings,133,3,51143,23,7,12,0,0.9,0,19,17047.67
CUST1382,20,Female,Employed,Current,42,4,112133,13,9,4,0,0.89,1,13,28033.25
CUST2657,27,Female,Self-employed,Savings,111,2,183940,23,6,11,0,0.51,0,17,91970.0
CUST2641,34,Female,Self-employed,Fixed Deposit,165,1,1018702,12,7,14,0,0.81,0,21,1018702.0
CUST1146,18,Female,Employed,Current,94,3,65920,6,8,15,0,0.73,0,23,21973.33
CUST2069,34,Male,Unemployed,Savings,65,2,141248,12,8,9,0,0.88,0,17,70624.0
CUST1710,37,Male,Employed,Current,13,1,484727,13,11,10,0,0.56,0,21,484727.0
CUST0914,44,Male,Employed,Savings,104,1,32312,20,8,8,0,0.86,0,16,32312.0
CUST1171,18,Female,Employed,Fixed Deposit,116,1,345024,20,5,7,0,0.63,0,12,345024.0
CUST1525,51,Female,Employed,Savings,170,1,230554,11,10,13,0,0.94,0,23,230554.0
CUST1167,30,Female,Self-employed,Savings,84,4,121189,15,7,11,0,0.52,0,18,30297.25
CUST0630,46,Male,Employed,Current,161,1,10580,13,7,10,0,0.75,1,17,10580.0
CUST0945,28,Male,Employed,Savings,173,1,101612,16,6,10,0,0.77,1,16,101612.0
CUST0248,41,Female,Unemployed,Savings,172,3,77722,20,8,13,0,0.68,1,21,25907.33
CUST0765,33,Male,Employed,Savings,173,3,498381,24,8,10,0,0.89,0,18,166127.0
CUST1579,38,Female,Employed,Current,62,4,44063,16,8,11,0,0.71,0,19,11015.75
CUST0593,29,Female,Employed,Current,165,1,26824,14,14,7,0,0.84,0,21,26824.0
CUST0413,32,Male,Employed,Savings,124,3,177383,15,8,9,2,0.72,1,17,59127.67
CUST2957,47,Female,Self-employed,Savings,34,1,107407,15,11,8,0,0.71,1,19,107407.0
CUST1244,34,Male,Self-employed,Savings,79,1,214848,11,8,8,0,0.82,1,16,214848.0
CUST2083,31,Female,Employed,Savings,136,1,8863,16,12,4,1,0.74,0,16,8863.0
CUST0433,32,Female,Employed,Savings,69,2,873749,12,11,8,0,0.85,0,19,436874.5
CUST0362,37,Female,Self-employed,Savings,47,4,114569,12,8,10,0,0.85,0,18,28642.25
CUST1326,25,Female,Employed,Fixed Deposit,168,2,186705,13,4,11,0,0.65,0,15,93352.5
CUST0749,46,Female,Self-employed,Current,99,1,93254,11,14,16,0,0.73,1,30,93254.0
CUST0079,31,Male,Employed,Fixed Deposit,150,2,133876,16,18,6,0,0.81,0,24,66938.0
CUST2792,31,Female,Self-employed,Fixed Deposit,83,1,106467,12,3,9,0,0.93,0,12,106467.0
CUST1498,32,Female,Employed,Savings,124,2,127451,19,5,9,0,0.54,0,14,63725.5
CUST2117,24,Female,Unemployed,Savings,49,3,20722,14,5,9,0,0.51,0,14,6907.33
CUST0458,43,Female,Self-employed,Savings,105,3,242313,10,7,7,0,0.68,0,14,80771.0
CUST0234,25,Female,Employed,Savings,154,1,260083,9,8,8,1,0.54,0,16,260083.0
CUST0904,46,Female,Self-employed,Fixed Deposit,113,1,3134,20,5,14,1,0.53,0,19,3134.0
CUST1123,23,Male,Employed,Savings,66,2,142376,12,9,9,1,0.94,1,18,71188.0
CUST0749,18,Male,Employed,Savings,42,2,175480,15,12,9,0,0.66,0,21,87740.0
CUST1746,33,Male,Unemployed,Savings,111,3,355207,12,8,7,0,0.75,0,15,118402.33
CUST0950,31,Female,Employed,Savings,108,4,1542,16,11,8,1,0.96,0,19,385.5
CUST0357,34,Female,Employed,Current,164,1,44177,10,4,14,0,0.95,0,18,44177.0
CUST2824,33,Female,Self-employed,Savings,81,2,157674,15,7,21,0,0.76,0,28,78837.0
CUST2429,19,Female,Employed,Fixed Deposit,46,2,6858,19,13,11,0,0.57,1,24,3429.0
CUST0018,54,Male,Employed,Fixed Deposit,63,1,137394,15,11,8,1,0.69,1,19,137394.0
CUST2301,29,Male,Self-employed,Savings,49,1,240177,11,4,7,0,0.6,0,11,240177.0
CUST1200,44,Female,Employed,Savings,96,1,109000,13,14,9,0,0.8,0,23,109000.0
CUST2242,43,Female,Employed,Savings,65,2,4825,16,6,12,1,0.79,1,18,2412.5
CUST1116,25,Male,Employed,Current,56,1,557058,16,12,11,0,0.89,0,23,557058.0
CUST2514,34,Male,Self-employed,Current,74,1,207038,20,9,9,1,0.62,1,18,207038.0
CUST1883,42,Female,Self-employed,Savings,132,2,121953,16,9,8,1,0.57,0,17,60976.5
CUST1051,38,Female,Unemployed,Current,106,2,15161,21,8,8,0,0.95,0,16,7580.5
CUST2292,24,Male,Employed,Savings,129,2,180893,12,6,8,0,0.7,1,14,90446.5
CUST1797,22,Female,Employed,Fixed Deposit,140,2,368381,13,5,10,1,0.72,0,15,184190.5
CUST1768,40,Female,Employed,Current,56,2,18110,15,3,13,0,0.95,0,16,9055.0
CUST0544,35,Female,Self-employed,Savings,121,3,120682,15,13,8,0,0.99,0,21,40227.33
CUST1518,43,Male,Employed,Savings,43,3,154724,19,13,6,0,0.68,0,19,51574.67
CUST0246,44,Male,Self-employed,Savings,70,3,64959,16,6,7,1,0.71,0,13,21653.0
CUST0265,32,Male,Self-employed,Fixed Deposit,28,1,217799,13,12,11,0,0.79,0,23,217799.0
CUST1911,40,Female,Self-employed,Fixed Deposit,69,2,9371,18,7,10,0,0.7,1,17,4685.5
CUST0210,38,Male,Self-employed,Current,25,3,178144,12,11,12,0,0.57,0,23,59381.33
CUST0047,22,Male,Employed,Fixed Deposit,31,1,18007,15,13,9,0,0.85,0,22,18007.0
CUST0329,46,Male,Employed,Current,141,2,89134,11,7,6,0,0.58,0,13,44567.0
CUST0625,28,Male,Self-employed,Fixed Deposit,35,3,26869,16,9,7,1,0.81,1,16,8956.33
CUST2933,46,Male,Employed,Current,94,2,218623,17,3,11,0,0.78,0,14,109311.5
CUST0266,18,Female,Self-employed,Savings,25,1,126814,18,8,7,0,0.73,0,15,126814.0
CUST0622,37,Male,Self-employed,Savings,151,1,134944,11,8,9,0,0.98,0,17,134944.0
CUST1039,45,Female,Employed,Savings,72,3,135055,17,6,9,2,0.81,0,15,45018.33
CUST2925,26,Male,Self-employed,Current,17,3,148866,18,8,7,0,0.8,0,15,49622.0
CUST2501,21,Female,Self-employed,Savings,100,1,78335,13,9,6,0,0.95,0,15,78335.0
CUST0113,30,Male,Employed,Savings,95,2,45272,16,4,11,0,0.91,0,15,22636.0
CUST0085,52,Male,Unemployed,Savings,32,2,153024,12,10,7,0,0.91,1,17,76512.0
CUST1815,31,Female,Self-employed,Savings,43,4,7534,14,9,10,0,0.58,1,19,1883.5
CUST2837,39,Female,Employed,Current,140,1,491586,21,7,9,0,0.5,0,16,491586.0
CUST2237,20,Female,Employed,Fixed Deposit,52,3,83409,11,7,9,0,0.92,0,16,27803.0
CUST2509,42,Female,Employed,Current,29,4,62423,15,12,8,0,0.58,0,20,15605.75
CUST1578,40,Male,Employed,Savings,71,2,47792,13,5,12,0,0.66,1,17,23896.0
CUST2539,40,Female,Self-employed,Current,157,3,330726,14,10,5,0,0.72,0,15,110242.0
CUST0110,27,Male,Self-employed,Fixed Deposit,100,3,327995,17,12,6,0,0.91,0,18,109331.67
CUST0490,22,Male,Unemployed,Current,143,2,48469,17,7,8,0,0.63,0,15,24234.5
CUST2431,38,Male,Self-employed,Savings,103,2,64795,15,9,7,0,0.91,0,16,32397.5
CUST0749,42,Female,Self-employed,Fixed Deposit,151,1,10853,17,6,8,0,0.85,0,14,10853.0
CUST2704,42,Female,Employed,Savings,141,2,249166,13,10,7,0,0.63,1,17,124583.0
CUST2371,42,Male,Employed,Savings,18,1,156540,23,12,9,0,0.84,1,21,156540.0
CUST0060,50,Male,Employed,Current,108,2,368948,12,8,10,0,0.91,0,18,184474.0
CUST2718,44,Male,Employed,Savings,99,3,216852,18,8,12,1,0.69,0,20,72284.0
CUST1635,31,Female,Employed,Savings,108,1,24704,16,6,6,0,0.96,0,12,24704.0
CUST2183,18,Female,Employed,Fixed Deposit,58,2,386588,10,7,6,0,0.74,1,13,193294.0
CUST1078,29,Male,Self-employed,Fixed Deposit,58,1,70031,17,12,9,0,0.97,0,21,70031.0
CUST1577,43,Male,Self-employed,Current,111,2,282445,16,6,12,0,0.52,0,18,141222.5
CUST0246,34,Female,Self-employed,Current,161,4,136166,18,4,8,0,0.65,0,12,34041.5
CUST2290,43,Male,Self-employed,Savings,88,3,16932,11,7,12,0,0.75,0,19,5644.0
CUST2806,45,Male,Employed,Current,159,2,37548,19,7,13,0,0.72,0,20,18774.0
CUST1246,44,Female,Employed,Savings,65,3,612484,19,7,6,0,0.81,0,13,204161.33
CUST1117,56,Female,Employed,Current,50,2,55417,6,6,6,0,0.9,1,12,27708.5
CUST0692,43,Female,Employed,Savings,140,3,155555,8,9,6,0,0.81,0,15,51851.67
CUST2439,30,Female,Self-employed,Savings,134,2,38243,19,7,16,0,0.93,0,23,19121.5
CUST2786,28,Male,Employed,Savings,76,3,62944,15,11,14,1,0.58,0,25,20981.33
CUST0857,51,Male,Employed,Savings,171,2,90539,9,13,7,0,0.56,0,20,45269.5
CUST0090,35,Female,Employed,Current,136,2,112378,18,8,9,0,0.87,0,17,56189.0
CUST0145,46,Female,Employed,Current,146,1,289511,19,14,7,0,0.66,0,21,289511.0
CUST1232,32,Female,Employed,Current,164,2,88141,18,7,15,1,0.57,0,22,44070.5
CUST0849,28,Male,Employed,Savings,177,1,94358,14,8,4,0,0.89,0,12,94358.0
CUST0665,43,Female,Self-employed,Savings,35,1,305662,16,5,11,0,0.83,1,16,305662.0
CUST2266,18,Female,Self-employed,Current,32,3,24580,17,6,17,1,0.63,1,23,8193.33
CUST1169,35,Male,Employed,Savings,59,3,199474,9,5,14,0,0.77,1,19,66491.33
CUST2264,18,Male,Unemployed,Current,163,2,275676,20,10,6,0,0.61,0,16,137838.0
CUST2999,46,Female,Employed,Fixed Deposit,154,1,139797,13,6,3,0,0.7,0,9,139797.0
CUST0250,29,Female,Unemployed,Savings,145,3,203113,14,5,18,2,0.68,0,23,67704.33
CUST1067,31,Female,Self-employed,Savings,151,3,33296,17,8,10,0,0.71,0,18,11098.67
CUST1983,43,Female,Self-employed,Savings,132,1,49280,24,5,11,0,0.67,0,16,49280.0
CUST1736,20,Male,Employed,Savings,88,2,87288,18,12,6,0,0.58,0,18,43644.0
CUST1727,20,Male,Employed,Current,174,3,73691,13,6,13,0,0.9,0,19,24563.67
CUST2586,36,Female,Self-employed,Fixed Deposit,177,2,77036,13,5,10,0,0.86,0,15,38518.0
CUST1995,31,Female,Employed,Current,121,1,32777,12,8,10,0,0.92,0,18,32777.0
CUST2750,42,Male,Self-employed,Savings,152,1,490290,16,10,6,1,0.7,0,16,490290.0
CUST0770,39,Male,Employed,Savings,88,1,139026,15,7,10,0,0.63,1,17,139026.0
CUST2911,40,Male,Employed,Savings,173,1,155096,16,11,15,0,0.95,0,26,155096.0
CUST1590,21,Male,Unemployed,Savings,81,1,20786,11,6,12,0,0.8,1,18,20786.0
CUST1032,52,Female,Employed,Current,35,2,12140,14,11,13,0,0.99,0,24,6070.0
CUST0144,18,Female,Employed,Savings,159,2,32104,16,6,8,2,0.9,1,14,16052.0
CUST2058,42,Male,Employed,Fixed Deposit,150,1,101182,21,8,7,0,0.67,0,15,101182.0
CUST0583,24,Female,Employed,Fixed Deposit,123,2,91729,19,3,6,0,0.82,0,9,45864.5
CUST1322,22,Female,Employed,Savings,178,2,6901,19,11,16,0,0.97,0,27,3450.5
CUST1475,39,Male,Self-employed,Savings,152,3,110231,17,9,10,0,0.85,0,19,36743.67
CUST1079,33,Male,Unemployed,Savings,138,2,66785,12,10,11,0,0.59,0,21,33392.5
CUST1296,28,Female,Unemployed,Savings,179,3,357294,13,8,13,0,0.8,0,21,119098.0
CUST2499,23,Female,Self-employed,Current,160,1,72756,16,9,9,0,0.82,0,18,72756.0
CUST1594,38,Male,Employed,Current,52,2,238934,13,9,9,0,0.99,0,18,119467.0
CUST2033,43,Male,Employed,Current,21,3,37386,14,9,13,0,0.64,1,22,12462.0
CUST2486,37,Female,Self-employed,Savings,103,2,37035,22,7,12,0,0.96,0,19,18517.5
CUST1965,38,Female,Self-employed,Savings,120,3,192612,17,6,10,0,0.71,0,16,64204.0
CUST0276,40,Female,Self-employed,Savings,106,3,135221,9,7,9,0,0.94,0,16,45073.67
CUST2168,36,Female,Employed,Fixed Deposit,68,3,71662,16,7,10,1,0.99,1,17,23887.33
CUST2434,31,Male,Employed,Savings,34,2,254307,15,7,12,0,0.66,0,19,127153.5
CUST0417,49,Male,Self-employed,Savings,54,2,246698,8,10,10,0,0.61,0,20,123349.0
CUST1858,51,Male,Employed,Current,70,2,173993,19,7,9,0,0.61,1,16,86996.5
CUST0697,44,Female,Self-employed,Current,36,2,247990,8,12,12,0,0.87,1,24,123995.0
CUST0619,20,Male,Self-employed,Current,78,1,3865,17,7,9,0,0.92,0,16,3865.0
CUST2030,40,Male,Employed,Current,73,2,163203,12,6,15,0,0.56,0,21,81601.5
CUST0721,44,Male,Employed,Fixed Deposit,136,4,152630,15,4,7,1,0.86,1,11,38157.5
CUST0802,31,Female,Employed,Current,61,4,120238,15,7,14,0,0.89,0,21,30059.5
CUST0802,18,Female,Self-employed,Savings,51,4,79076,11,11,12,0,0.84,0,23,19769.0
CUST0358,46,Male,Self-employed,Current,29,1,133585,15,4,13,1,0.96,0,17,133585.0
CUST0029,37,Male,Employed,Savings,52,3,21978,14,5,12,0,0.94,0,17,7326.0
CUST2021,27,Female,Self-employed,Savings,145,1,86779,18,11,13,0,0.53,0,24,86779.0
CUST0251,45,Male,Employed,Savings,177,3,16760,12,12,9,0,0.8,0,21,5586.67
CUST1517,59,Male,Employed,Savings,105,1,225813,13,10,10,0,0.94,0,20,225813.0
CUST0261,18,Male,Self-employed,Savings,23,3,78793,11,5,14,0,0.96,1,19,26264.33
CUST2888,18,Female,Employed,Savings,132,1,18014,12,8,14,0,0.67,0,22,18014.0
CUST2740,39,Female,Employed,Savings,30,1,106059,26,14,9,0,0.85,0,23,106059.0
CUST1141,36,Female,Self-employed,Savings,51,2,67393,21,10,14,0,0.65,0,24,33696.5
CUST1666,31,Female,Employed,Fixed Deposit,162,1,83261,17,10,7,0,0.95,1,17,83261.0
CUST0435,38,Male,Self-employed,Savings,97,1,39803,15,8,8,0,0.6,0,16,39803.0
CUST0113,36,Male,Unemployed,Fixed Deposit,39,3,344003,9,15,7,0,0.88,0,22,114667.67
CUST1478,39,Male,Employed,Savings,105,2,5436,9,8,5,0,0.78,0,13,2718.0
CUST2167,55,Male,Self-employed,Current,163,1,51461,14,2,11,0,0.97,1,13,51461.0
CUST0452,26,Female,Employed,Savings,130,2,82169,13,11,6,0,0.76,0,17,41084.5
CUST0878,26,Male,Employed,Current,116,2,3846,15,10,15,0,0.51,0,25,1923.0
CUST2945,20,Female,Employed,Savings,31,1,100129,14,7,10,0,0.75,0,17,100129.0
CUST1916,33,Male,Employed,Savings,99,2,2943,13,7,5,2,0.76,1,12,1471.5
CUST0228,38,Male,Employed,Current,170,1,89419,16,8,9,0,0.83,0,17,89419.0
CUST0321,39,Female,Unemployed,Savings,129,3,10161,20,12,12,0,0.53,0,24,3387.0
CUST2698,37,Female,Employed,Fixed Deposit,36,4,156090,15,10,8,0,0.94,0,18,39022.5
CUST1752,18,Male,Employed,Current,56,3,6469,16,4,11,0,0.84,1,15,2156.33
CUST0696,37,Female,Employed,Savings,173,3,91667,24,11,6,0,0.63,0,17,30555.67
CUST2654,24,Female,Employed,Current,80,1,322260,11,11,11,0,0.52,0,22,322260.0
CUST1075,18,Female,Employed,Savings,168,2,237015,18,9,12,1,1.0,0,21,118507.5
CUST0609,43,Female,Self-employed,Fixed Deposit,106,3,354082,20,3,13,1,0.95,0,16,118027.33
CUST0438,44,Female,Self-employed,Current,73,2,4868,15,8,8,0,0.62,1,16,2434.0
CUST1629,40,Male,Self-employed,Savings,150,2,193520,20,8,17,0,0.75,0,25,96760.0
CUST2501,37,Female,Employed,Current,118,1,237833,15,12,9,0,0.87,0,21,237833.0
CUST2331,28,Female,Employed,Current,18,3,334212,15,8,11,0,0.8,0,19,111404.0
CUST2698,46,Female,Employed,Current,18,2,185921,11,6,18,0,0.88,0,24,92960.5
CUST0139,64,Male,Unemployed,Current,59,2,184382,10,7,12,0,0.67,0,19,92191.0
CUST0980,41,Male,Employed,Savings,111,3,10176,11,6,9,0,0.76,0,15,3392.0
CUST0594,28,Female,Employed,Savings,21,3,37275,22,10,7,0,0.67,0,17,12425.0
CUST2283,40,Female,Employed,Savings,132,1,81830,11,10,11,1,0.58,0,21,81830.0
CUST2921,30,Female,Employed,Fixed Deposit,111,4,113223,15,11,11,0,0.84,0,22,28305.75
CUST1761,29,Female,Self-employed,Savings,164,1,402162,10,9,15,0,0.8,1,24,402162.0
CUST1849,32,Female,Employed,Savings,140,1,395835,13,6,7,0,0.77,1,13,395835.0
CUST0604,27,Female,Unemployed,Savings,71,1,528835,9,8,8,1,0.58,0,16,528835.0
CUST2293,39,Male,Employed,Current,123,2,10751,14,18,14,0,0.91,1,32,5375.5
CUST1832,45,Male,Employed,Current,145,1,19957,19,10,13,0,0.83,1,23,19957.0
CUST1008,38,Male,Employed,Savings,55,4,33309,14,4,11,0,0.52,1,15,8327.25
CUST0805,42,Female,Self-employed,Savings,56,1,207268,19,12,9,0,0.7,0,21,207268.0
CUST2437,35,Male,Employed,Current,32,2,137096,15,5,10,0,0.59,1,15,68548.0
CUST1451,35,Female,Employed,Savings,176,1,8816,13,7,13,0,0.69,0,20,8816.0
CUST1810,23,Female,Employed,Savings,17,4,22503,12,7,14,0,0.93,0,21,5625.75
CUST1764,48,Male,Employed,Current,171,2,219987,13,9,11,0,0.51,0,20,109993.5
CUST2580,30,Female,Employed,Savings,150,1,39013,18,5,12,0,0.82,0,17,39013.0
CUST1826,30,Male,Self-employed,Savings,132,1,12498,13,16,5,0,0.9,0,21,12498.0
CUST2215,36,Female,Employed,Savings,23,1,18466,14,4,13,0,0.53,1,17,18466.0
CUST2512,29,Male,Employed,Savings,95,1,96143,14,7,12,1,0.76,0,19,96143.0
CUST0178,29,Male,Employed,Current,57,2,27536,14,9,8,0,0.74,0,17,13768.0
CUST2404,28,Male,Employed,Savings,131,4,117791,11,7,11,0,0.52,0,18,29447.75
CUST1821,38,Male,Self-employed,Fixed Deposit,23,3,86609,19,8,14,1,0.54,1,22,28869.67
CUST0655,50,Male,Self-employed,Savings,94,1,171397,9,7,10,0,0.52,0,17,171397.0
CUST1911,18,Female,Self-employed,Savings,31,2,78175,16,11,4,0,0.55,1,15,39087.5
CUST1792,31,Female,Self-employed,Savings,65,2,67457,15,12,13,0,0.59,0,25,33728.5
CUST1761,39,Male,Self-employed,Fixed Deposit,150,1,299528,16,4,12,0,0.51,0,16,299528.0
CUST0095,30,Female,Employed,Savings,85,3,59462,16,5,7,0,0.86,0,12,19820.67
CUST1951,28,Male,Employed,Savings,156,1,31780,15,2,5,0,0.98,0,7,31780.0
CUST1899,49,Male,Employed,Savings,170,1,2487,18,7,10,0,0.78,0,17,2487.0
CUST0554,31,Female,Employed,Savings,36,3,20409,15,11,9,0,0.78,0,20,6803.0
CUST0913,39,Female,Employed,Savings,134,1,76454,19,7,12,0,0.63,0,19,76454.0
CUST0699,31,Female,Employed,Current,48,2,15659,20,9,11,2,0.95,1,20,7829.5
CUST0241,50,Female,Self-employed,Savings,171,2,384115,17,11,8,0,0.56,0,19,192057.5
CUST1181,36,Male,Employed,Savings,178,2,112734,17,7,8,0,0.57,0,15,56367.0
CUST2498,37,Female,Employed,Savings,48,4,254294,13,11,12,0,0.56,0,23,63573.5
CUST2315,21,Male,Employed,Current,43,1,14985,25,7,13,1,0.71,1,20,14985.0
CUST2468,28,Female,Unemployed,Savings,99,1,126012,15,8,12,0,0.59,1,20,126012.0
CUST1927,52,Male,Employed,Savings,79,4,69895,18,13,5,0,0.82,0,18,17473.75
CUST1359,35,Male,Self-employed,Savings,152,3,151669,18,5,12,0,0.75,1,17,50556.33
CUST1656,29,Male,Employed,Savings,140,3,141359,16,14,13,0,0.98,0,27,47119.67
CUST0825,32,Female,Employed,Savings,129,1,61963,14,10,9,0,0.63,0,19,61963.0
CUST1861,47,Female,Self-employed,Savings,139,2,183798,11,4,12,0,0.98,0,16,91899.0
CUST1093,42,Female,Self-employed,Current,128,3,104035,12,5,9,0,0.81,0,14,34678.33
CUST2035,27,Female,Self-employed,Current,31,2,103006,20,11,9,0,0.98,1,20,51503.0
CUST2545,40,Male,Unemployed,Savings,66,2,579533,15,13,14,2,0.58,1,27,289766.5
CUST0403,38,Female,Self-employed,Current,143,4,147830,17,7,17,0,0.81,0,24,36957.5
CUST1565,35,Female,Employed,Savings,154,1,74769,13,6,8,0,0.82,0,14,74769.0
CUST2081,34,Male,Self-employed,Savings,86,4,37842,16,11,12,0,0.89,0,23,9460.5
CUST1434,37,Female,Employed,Savings,80,1,121904,18,9,11,0,0.87,1,20,121904.0
CUST0946,46,Male,Self-employed,Savings,143,2,643620,9,5,9,0,0.98,1,14,321810.0
CUST2574,46,Male,Self-employed,Fixed Deposit,98,4,92709,23,10,12,1,0.73,1,22,23177.25
CUST0573,44,Female,Unemployed,Savings,37,4,223891,15,10,10,0,0.92,0,20,55972.75
CUST1567,28,Female,Self-employed,Savings,80,1,67477,12,5,8,0,0.62,0,13,67477.0
CUST2635,19,Male,Employed,Current,58,4,237439,16,8,8,1,0.74,1,16,59359.75
CUST1337,29,Male,Employed,Current,16,2,177487,17,10,9,0,0.99,0,19,88743.5
CUST0859,20,Male,Employed,Savings,35,2,311738,17,11,8,0,0.54,0,19,155869.0
CUST1202,46,Male,Employed,Current,71,1,17232,14,9,9,0,0.86,1,18,17232.0
CUST2784,42,Male,Self-employed,Current,43,1,19885,18,7,12,0,0.58,1,19,19885.0
CUST1701,32,Male,Unemployed,Savings,21,4,2855,9,7,11,0,0.87,0,18,713.75
CUST1085,46,Male,Employed,Savings,36,2,114871,16,5,9,0,0.94,0,14,57435.5
CUST1234,39,Male,Self-employed,Savings,174,1,380641,18,8,17,1,0.52,0,25,380641.0
CUST0905,42,Male,Employed,Savings,114,3,139857,16,7,14,0,0.85,0,21,46619.0
CUST1466,44,Female,Employed,Savings,137,3,332942,20,9,10,0,0.95,0,19,110980.67
CUST2612,30,Female,Employed,Current,44,3,348384,10,16,7,0,0.94,0,23,116128.0
CUST1607,43,Male,Employed,Current,172,1,479466,15,14,10,0,0.67,1,24,479466.0
CUST0591,37,Male,Employed,Savings,178,1,783143,15,12,8,0,0.73,0,20,783143.0
CUST1830,30,Female,Self-employed,Savings,114,2,21687,16,9,14,0,0.9,0,23,10843.5
CUST0472,47,Male,Employed,Savings,93,2,29784,12,11,17,0,0.56,0,28,14892.0
CUST2680,57,Male,Employed,Savings,86,3,208083,17,7,9,1,0.74,1,16,69361.0
CUST1516,50,Female,Employed,Savings,104,3,9869,18,6,9,1,0.95,0,15,3289.67
CUST1007,25,Male,Employed,Savings,62,2,209610,14,14,6,0,0.87,1,20,104805.0
CUST1674,40,Male,Employed,Current,70,2,129676,9,8,8,0,1.0,0,16,64838.0
CUST0995,57,Female,Self-employed,Current,119,1,15614,11,16,9,0,0.86,1,25,15614.0
CUST0634,22,Female,Employed,Savings,164,1,194275,22,7,12,0,0.64,0,19,194275.0
CUST1300,40,Female,Employed,Savings,36,4,110741,10,4,14,0,0.68,0,18,27685.25
CUST1014,43,Female,Employed,Savings,65,1,87689,8,9,15,0,0.55,1,24,87689.0
CUST2753,47,Male,Self-employed,Savings,47,4,107190,16,3,13,0,0.76,1,16,26797.5
CUST1577,58,Male,Self-employed,Savings,95,3,47991,16,7,7,0,0.77,0,14,15997.0
CUST1901,34,Female,Unemployed,Savings,148,1,293885,9,5,7,0,0.77,0,12,293885.0
CUST1051,27,Male,Self-employed,Fixed Deposit,135,1,170708,20,11,3,0,0.79,0,14,170708.0
CUST1402,31,Male,Employed,Current,27,2,282323,17,9,9,1,0.95,1,18,141161.5
CUST2655,32,Female,Employed,Savings,139,3,47590,13,10,7,0,0.64,0,17,15863.33
CUST2786,21,Male,Employed,Savings,116,3,19659,21,10,8,0,0.98,1,18,6553.0
CUST0851,29,Female,Employed,Savings,79,1,30375,17,11,15,0,0.73,0,26,30375.0
CUST0438,30,Female,Employed,Savings,89,4,4188,12,7,5,0,0.96,0,12,1047.0
CUST2967,25,Female,Employed,Savings,29,1,116191,17,8,10,0,0.71,0,18,116191.0
CUST0218,38,Female,Employed,Savings,54,2,33757,6,10,9,0,0.71,1,19,16878.5
CUST2822,22,Male,Employed,Savings,121,1,37593,10,10,7,0,0.71,0,17,37593.0
CUST2514,25,Female,Employed,Current,152,1,16668,17,10,5,0,0.51,0,15,16668.0
CUST1565,30,Female,Employed,Current,134,1,27460,16,4,6,0,0.73,0,10,27460.0
CUST2535,52,Female,Self-employed,Current,84,1,22598,17,6,1,0,0.57,0,7,22598.0
CUST2995,36,Male,Self-employed,Fixed Deposit,13,4,84884,10,8,7,1,0.84,0,15,21221.0
CUST0688,45,Female,Employed,Savings,86,2,103703,19,7,13,0,0.53,0,20,51851.5
CUST2140,25,Male,Self-employed,Current,124,2,69839,13,6,9,0,0.66,0,15,34919.5
CUST1018,37,Female,Unemployed,Fixed Deposit,134,2,173097,12,5,8,0,0.58,0,13,86548.5
CUST2494,18,Male,Self-employed,Current,74,1,15731,16,8,9,0,0.65,0,17,15731.0
CUST2287,53,Female,Employed,Current,14,1,429428,12,3,16,0,0.95,0,19,429428.0
CUST0866,41,Male,Self-employed,Savings,21,1,59102,14,8,12,0,0.63,0,20,59102.0
CUST1273,18,Female,Self-employed,Savings,50,2,869326,10,7,16,0,0.69,0,23,434663.0
CUST1351,51,Female,Employed,Savings,49,1,132529,11,9,10,0,0.92,0,19,132529.0
CUST1579,50,Male,Self-employed,Savings,130,2,78234,14,7,11,0,0.53,0,18,39117.0
CUST1208,35,Female,Employed,Savings,67,1,79569,15,10,7,0,0.59,0,17,79569.0
CUST1977,23,Female,Employed,Savings,41,2,14342,16,3,10,0,0.58,0,13,7171.0
CUST0899,37,Female,Self-employed,Savings,51,2,100301,14,10,10,0,0.62,0,20,50150.5
CUST1910,35,Male,Employed,Current,43,1,178211,17,8,16,0,0.66,0,24,178211.0
CUST0130,55,Female,Employed,Savings,96,1,94543,13,10,5,0,0.71,0,15,94543.0
CUST2044,36,Male,Employed,Savings,148,2,372192,17,11,17,1,0.8,0,28,186096.0
CUST2610,19,Male,Employed,Fixed Deposit,59,1,257457,6,5,6,0,0.65,1,11,257457.0
CUST0857,39,Male,Employed,Current,97,2,7850,13,3,9,1,0.9,0,12,3925.0
CUST2960,43,Female,Self-employed,Current,139,1,407054,22,10,14,0,0.93,0,24,407054.0
CUST2295,43,Female,Employed,Savings,171,2,57628,17,11,7,1,0.58,0,18,28814.0
CUST2894,46,Male,Self-employed,Current,114,2,237740,10,9,15,0,0.83,1,24,118870.0
CUST1477,33,Female,Employed,Savings,35,3,122826,11,11,11,0,0.54,0,22,40942.0
CUST2842,40,Female,Employed,Savings,130,4,17115,24,5,14,0,0.61,0,19,4278.75
CUST2040,42,Female,Employed,Savings,92,3,167455,15,10,11,0,0.53,0,21,55818.33
CUST0278,27,Female,Employed,Savings,111,3,21393,13,4,10,0,0.88,0,14,7131.0
CUST0245,29,Female,Employed,Savings,177,1,436009,16,12,11,0,0.69,0,23,436009.0
CUST2810,22,Male,Employed,Savings,171,1,9151,11,9,9,0,0.54,0,18,9151.0
CUST1612,32,Female,Employed,Current,98,2,81750,20,4,8,0,0.68,0,12,40875.0
CUST1797,42,Female,Self-employed,Savings,176,4,111178,13,8,8,0,0.86,0,16,27794.5
CUST2839,29,Female,Employed,Current,42,2,49453,14,7,10,0,0.87,0,17,24726.5
CUST1846,24,Female,Employed,Savings,60,2,1410,22,5,9,0,0.59,1,14,705.0
CUST2775,32,Female,Employed,Savings,180,1,69686,20,6,13,0,0.92,0,19,69686.0
CUST2458,43,Male,Self-employed,Current,154,2,23155,19,4,12,1,0.52,0,16,11577.5
CUST2028,27,Female,Employed,Savings,174,1,101125,19,7,5,0,0.94,0,12,101125.0
CUST1005,30,Male,Employed,Savings,154,3,23215,13,7,9,0,0.96,0,16,7738.33
CUST2076,19,Female,Employed,Current,17,2,277063,18,7,11,0,0.68,1,18,138531.5
CUST0665,21,Male,Employed,Savings,83,4,3106,15,4,12,0,0.65,0,16,776.5
CUST0852,29,Male,Employed,Savings,116,1,2231,14,5,12,1,0.91,0,17,2231.0
CUST2448,26,Female,Self-employed,Current,147,1,70555,19,9,10,0,0.56,0,19,70555.0
CUST0625,45,Female,Employed,Savings,18,1,176087,9,8,19,0,0.55,1,27,176087.0
CUST1805,41,Male,Self-employed,Current,37,1,20522,18,13,17,0,0.54,0,30,20522.0
CUST1590,49,Female,Self-employed,Current,119,1,55293,14,10,15,0,0.82,1,25,55293.0
CUST0716,20,Male,Employed,Savings,128,3,61749,12,8,10,0,0.84,0,18,20583.0
CUST2520,41,Male,Employed,Savings,178,4,495043,12,15,10,0,0.65,0,25,123760.75
CUST1012,39,Female,Employed,Savings,126,3,261004,17,10,10,0,0.6,0,20,87001.33
CUST0957,39,Female,Employed,Savings,172,1,3492,19,8,11,0,0.74,0,19,3492.0
CUST0269,41,Female,Employed,Savings,134,2,2770,18,6,8,1,0.53,1,14,1385.0
CUST0360,20,Male,Unemployed,Current,134,2,55212,21,7,15,1,0.62,0,22,27606.0
CUST1066,41,Male,Employed,Savings,159,1,104028,19,10,6,0,0.95,0,16,104028.0
CUST2779,33,Male,Employed,Savings,47,3,107058,20,12,8,0,0.99,0,20,35686.0
CUST1561,37,Female,Employed,Current,107,2,140451,13,5,10,0,0.61,0,15,70225.5
CUST0102,31,Female,Employed,Current,71,2,80427,13,8,5,0,0.65,0,13,40213.5
CUST0398,42,Male,Self-employed,Savings,92,4,419275,17,9,11,0,0.94,0,20,104818.75
CUST0319,45,Male,Unemployed,Savings,173,3,239151,13,10,10,0,0.72,0,20,79717.0
CUST1767,33,Male,Employed,Savings,54,1,28929,17,5,16,0,0.93,0,21,28929.0
CUST1170,38,Female,Self-employed,Savings,73,2,347692,16,7,7,0,0.56,0,14,173846.0
CUST0627,51,Male,Self-employed,Savings,22,3,286843,13,15,12,1,0.78,0,27,95614.33
CUST0457,18,Female,Employed,Savings,104,3,178606,16,5,11,0,0.67,0,16,59535.33
CUST0785,36,Female,Self-employed,Savings,149,1,24562,18,9,7,1,0.81,0,16,24562.0
CUST0072,53,Male,Unemployed,Savings,30,1,89844,13,16,17,0,0.57,1,33,89844.0
CUST0728,31,Male,Employed,Current,168,2,63925,11,12,10,1,0.85,1,22,31962.5
CUST1088,27,Male,Employed,Savings,111,2,60248,13,9,7,1,0.7,0,16,30124.0
CUST2221,37,Male,Employed,Savings,132,3,3452,19,6,9,0,0.66,0,15,1150.67
CUST2432,27,Female,Employed,Savings,43,2,3672,15,15,8,0,0.76,1,23,1836.0
CUST1774,30,Female,Employed,Savings,171,1,36864,21,12,10,0,0.51,1,22,36864.0
CUST0974,18,Female,Employed,Savings,152,2,18979,15,11,16,0,0.57,0,27,9489.5
CUST1906,26,Female,Employed,Fixed Deposit,159,3,40823,14,8,5,0,0.84,0,13,13607.67
CUST0161,39,Female,Employed,Current,122,1,87885,17,10,6,0,0.91,1,16,87885.0
CUST0681,42,Female,Employed,Current,128,2,341302,13,12,11,0,0.53,0,23,170651.0
CUST2836,35,Male,Employed,Savings,19,1,63067,16,6,15,0,0.84,1,21,63067.0
CUST2570,34,Male,Self-employed,Savings,152,2,12126,11,6,5,0,0.87,0,11,6063.0
CUST1867,34,Male,Employed,Savings,88,2,18568,22,6,14,1,0.9,1,20,9284.0
CUST2537,40,Male,Self-employed,Savings,72,4,35311,13,7,6,1,0.5,0,13,8827.75
CUST2060,20,Female,Employed,Savings,27,1,89620,14,12,10,0,0.58,1,22,89620.0
CUST0248,32,Male,Self-employed,Current,138,1,7839,20,2,13,0,0.77,0,15,7839.0
CUST2908,44,Female,Employed,Savings,162,1,710573,13,14,7,0,0.91,0,21,710573.0
CUST1556,29,Male,Employed,Savings,35,1,267095,17,8,5,0,0.86,0,13,267095.0
CUST0323,24,Female,Employed,Current,179,1,157971,22,7,11,0,0.89,0,18,157971.0
CUST1375,37,Female,Employed,Savings,61,1,9877,14,6,6,0,1.0,1,12,9877.0
CUST1725,39,Female,Employed,Savings,176,1,122068,21,6,12,0,0.76,0,18,122068.0
CUST0094,38,Female,Employed,Current,100,1,260075,11,8,7,0,0.64,1,15,260075.0
CUST0535,25,Female,Self-employed,Savings,162,1,103521,11,7,12,0,0.94,0,19,103521.0
CUST2826,44,Male,Self-employed,Savings,97,1,119234,12,5,9,0,0.65,1,14,119234.0
CUST1464,38,Female,Self-employed,Savings,137,1,155310,15,7,10,0,0.69,0,17,155310.0
CUST2773,40,Female,Employed,Savings,69,2,121778,13,8,12,0,0.9,1,20,60889.0
CUST0599,20,Female,Employed,Fixed Deposit,114,1,37189,9,6,12,0,0.8,0,18,37189.0
CUST2792,55,Female,Employed,Savings,142,2,24326,17,9,13,0,0.83,1,22,12163.0
CUST1214,29,Female,Employed,Savings,120,1,69219,15,7,20,1,0.98,0,27,69219.0
CUST0364,47,Male,Employed,Fixed Deposit,157,3,14239,3,8,8,1,0.71,0,16,4746.33
CUST0958,47,Female,Self-employed,Current,51,3,509077,17,7,12,0,0.99,0,19,169692.33
CUST1277,21,Male,Self-employed,Savings,161,2,48632,18,7,13,0,0.79,0,20,24316.0
CUST0398,30,Male,Employed,Savings,29,1,168490,17,12,12,0,0.78,0,24,168490.0
CUST0590,26,Male,Employed,Current,84,3,46403,12,13,12,0,0.94,0,25,15467.67
CUST0914,39,Male,Employed,Current,143,2,240326,20,12,12,0,0.79,0,24,120163.0
CUST0620,34,Female,Self-employed,Current,50,1,161355,17,5,12,0,0.57,1,17,161355.0
CUST2220,29,Male,Employed,Savings,115,1,387267,9,14,13,1,0.93,1,27,387267.0
CUST2543,27,Female,Employed,Savings,43,2,52706,13,5,12,0,0.94,1,17,26353.0
CUST0608,44,Male,Self-employed,Current,58,4,308845,15,9,10,1,0.57,0,19,77211.25
CUST1374,38,Male,Employed,Savings,103,3,6067,12,7,18,1,0.65,0,25,2022.33
CUST0729,52,Female,Employed,Savings,57,1,1479,12,9,12,0,0.73,1,21,1479.0
CUST1090,46,Male,Employed,Fixed Deposit,39,2,2756,15,10,13,0,0.84,0,23,1378.0
CUST0794,35,Female,Employed,Savings,152,1,8981,12,8,9,0,0.89,0,17,8981.0
CUST0413,24,Male,Employed,Savings,121,4,190114,16,13,12,0,0.73,0,25,47528.5
CUST1101,19,Female,Self-employed,Savings,61,3,111094,17,8,4,0,0.99,1,12,37031.33
CUST2419,18,Male,Employed,Savings,36,2,185632,13,8,17,0,0.82,0,25,92816.0
CUST1023,29,Female,Employed,Savings,164,3,223008,15,12,7,1,0.92,0,19,74336.0
CUST1643,48,Male,Unemployed,Savings,88,1,76811,15,12,12,1,0.79,0,24,76811.0
CUST1526,37,Female,Employed,Savings,129,1,16541,13,8,9,0,0.99,0,17,16541.0
CUST0534,33,Female,Unemployed,Fixed Deposit,76,2,650168,15,8,10,0,0.62,0,18,325084.0
CUST0869,30,Female,Unemployed,Savings,26,3,280482,15,7,10,0,0.85,1,17,93494.0
CUST0264,44,Female,Employed,Current,114,1,5300,11,6,7,0,0.98,0,13,5300.0
CUST0970,33,Male,Unemployed,Current,163,1,161929,16,10,16,0,0.87,0,26,161929.0
CUST1710,29,Male,Employed,Savings,133,1,61553,14,9,7,0,0.9,0,16,61553.0
CUST0074,30,Female,Self-employed,Savings,29,2,105561,24,12,10,1,0.93,0,22,52780.5
CUST2177,34,Female,Unemployed,Savings,23,2,401536,20,11,3,0,0.52,0,14,200768.0
CUST2435,37,Female,Employed,Savings,125,2,15292,8,10,11,0,0.75,1,21,7646.0
CUST1935,28,Female,Employed,Savings,174,2,7147,13,4,6,0,0.65,0,10,3573.5
CUST1630,21,Female,Employed,Savings,100,3,67471,15,9,11,1,0.59,0,20,22490.33
CUST2120,53,Male,Employed,Savings,49,2,76676,12,7,6,0,0.56,0,13,38338.0
CUST0106,41,Female,Employed,Current,66,4,405911,6,10,10,0,0.54,1,20,101477.75
CUST1627,45,Female,Unemployed,Savings,17,1,132409,16,8,5,0,0.67,0,13,132409.0
CUST2490,26,Female,Unemployed,Current,138,1,630,17,4,13,0,0.51,1,17,630.0
CUST0968,23,Male,Employed,Fixed Deposit,139,1,101198,12,12,7,0,0.81,0,19,101198.0
CUST0251,37,Female,Employed,Fixed Deposit,65,1,30445,16,6,11,0,0.8,1,17,30445.0
CUST0753,25,Female,Employed,Fixed Deposit,153,1,286568,15,5,9,1,0.81,0,14,286568.0
CUST0640,42,Female,Unemployed,Current,58,2,10612,13,10,10,0,0.97,0,20,5306.0
CUST0497,41,Female,Employed,Savings,116,3,91311,21,9,15,0,0.52,0,24,30437.0
CUST1035,46,Female,Employed,Savings,100,2,56580,21,5,7,1,0.77,1,12,28290.0
CUST1153,34,Female,Employed,Savings,75,3,256599,18,8,12,0,0.54,0,20,85533.0
CUST1126,31,Male,Unemployed,Fixed Deposit,23,2,5559,19,7,14,0,0.99,0,21,2779.5
CUST0354,21,Female,Employed,Savings,93,3,190672,22,4,11,0,0.99,0,15,63557.33
CUST0761,36,Female,Self-employed,Fixed Deposit,23,1,48839,8,11,6,0,0.59,0,17,48839.0
CUST2218,33,Female,Employed,Savings,108,2,32742,12,6,15,0,0.56,0,21,16371.0
CUST1510,30,Female,Employed,Savings,57,1,13130,11,8,7,0,0.58,0,15,13130.0
CUST0037,20,Female,Employed,Savings,65,3,197900,13,11,13,0,0.86,0,24,65966.67
CUST1345,33,Male,Self-employed,Savings,115,1,979959,11,3,6,0,0.75,0,9,979959.0
CUST2973,18,Female,Employed,Fixed Deposit,88,1,125922,11,13,11,0,0.65,0,24,125922.0
CUST0635,42,Male,Employed,Savings,77,3,48993,11,9,8,0,0.56,1,17,16331.0
CUST1942,36,Female,Employed,Savings,51,2,141007,10,7,14,0,0.6,0,21,70503.5
CUST1002,64,Female,Employed,Current,152,1,68331,15,7,3,1,0.62,0,10,68331.0
CUST0841,38,Female,Employed,Fixed Deposit,155,2,68069,18,7,13,0,0.75,0,20,34034.5
CUST2798,43,Male,Employed,Fixed Deposit,132,1,10550,17,5,16,0,0.82,0,21,10550.0
CUST0342,27,Male,Employed,Savings,133,2,518830,22,7,7,0,0.6,0,14,259415.0
CUST2688,30,Female,Unemployed,Fixed Deposit,151,2,3265,14,12,12,0,0.74,0,24,1632.5
CUST2714,24,Female,Self-employed,Savings,134,3,10236,13,11,8,0,0.82,1,19,3412.0
CUST2222,27,Female,Employed,Current,59,1,125471,15,7,9,0,0.89,0,16,125471.0
CUST1348,34,Male,Self-employed,Savings,176,1,203687,16,5,12,1,0.99,0,17,203687.0
CUST2785,26,Female,Self-employed,Savings,129,3,319499,16,7,11,0,0.88,1,18,106499.67
CUST2147,34,Male,Employed,Current,139,4,143749,18,6,17,0,0.67,1,23,35937.25
CUST2524,40,Male,Self-employed,Current,125,1,57052,17,8,8,1,0.63,1,16,57052.0
CUST2040,48,Female,Employed,Savings,33,1,11115,12,5,7,1,0.83,1,12,11115.0
CUST2488,18,Male,Employed,Savings,81,3,173530,19,6,9,0,0.67,0,15,57843.33
CUST2408,23,Male,Employed,Savings,13,2,30676,15,14,16,0,0.76,0,30,15338.0
CUST2339,40,Male,Employed,Fixed Deposit,106,1,20295,18,8,8,0,0.69,1,16,20295.0
CUST2839,60,Male,Employed,Savings,151,1,162167,13,7,10,1,0.51,1,17,162167.0
CUST0475,23,Male,Employed,Savings,41,2,416809,10,10,7,0,0.6,0,17,208404.5
CUST2862,25,Female,Self-employed,Savings,96,3,74766,19,6,7,0,0.66,0,13,24922.0
CUST2033,50,Male,Employed,Current,85,1,60455,15,6,15,0,0.94,0,21,60455.0
CUST0074,20,Female,Self-employed,Savings,100,4,204111,17,9,6,0,0.84,0,15,51027.75
CUST1014,48,Female,Unemployed,Savings,111,1,81798,18,7,7,0,0.87,1,14,81798.0
CUST0580,23,Male,Employed,Savings,88,3,210780,13,11,12,1,0.83,0,23,70260.0
CUST0416,18,Male,Unemployed,Current,133,1,78233,7,10,6,0,0.94,1,16,78233.0
CUST2597,29,Female,Self-employed,Savings,89,4,3257,21,6,13,0,0.68,1,19,814.25
CUST2925,49,Male,Self-employed,Savings,128,2,51871,14,10,18,0,0.75,0,28,25935.5
CUST2430,36,Female,Self-employed,Current,18,1,31259,13,5,15,0,0.62,1,20,31259.0
CUST1949,34,Male,Employed,Current,32,3,14458,18,9,9,0,0.63,0,18,4819.33
CUST1648,38,Female,Self-employed,Savings,152,1,22777,13,6,9,0,0.76,0,15,22777.0
CUST2924,34,Female,Employed,Current,172,2,355222,18,8,10,0,0.89,0,18,177611.0
CUST1937,58,Female,Employed,Savings,143,1,212288,14,6,11,0,0.64,0,17,212288.0
CUST1248,42,Male,Employed,Savings,32,4,28143,14,9,4,0,0.68,0,13,7035.75
CUST1846,38,Female,Employed,Fixed Deposit,75,2,131289,14,14,13,0,0.55,0,27,65644.5
CUST2221,24,Male,Employed,Current,59,4,256395,16,10,11,0,0.66,0,21,64098.75
CUST0814,22,Male,Employed,Savings,114,2,72585,8,9,14,0,0.78,0,23,36292.5
CUST2732,27,Male,Unemployed,Savings,47,1,327601,12,8,9,0,0.88,0,17,327601.0
CUST0466,28,Male,Unemployed,Fixed Deposit,84,1,302117,14,8,13,1,0.84,0,21,302117.0
CUST1055,27,Female,Unemployed,Current,21,3,102771,16,7,11,0,0.65,1,18,34257.0
CUST1558,33,Male,Self-employed,Current,61,1,101604,17,1,10,0,0.87,1,11,101604.0
CUST0879,45,Female,Employed,Fixed Deposit,132,1,66046,15,7,8,0,0.6,0,15,66046.0
CUST1112,49,Male,Unemployed,Savings,21,2,72182,21,12,10,0,0.61,0,22,36091.0
CUST2613,32,Female,Employed,Current,122,3,277586,18,5,15,0,0.98,0,20,92528.67
CUST2611,50,Male,Employed,Fixed Deposit,154,2,136551,12,10,13,0,0.95,0,23,68275.5
CUST0525,50,Female,Employed,Savings,99,1,102977,15,7,6,0,0.64,0,13,102977.0
CUST2803,47,Male,Employed,Savings,65,1,58184,7,6,6,0,0.94,0,12,58184.0
CUST2499,37,Male,Employed,Savings,123,1,9014,21,8,18,0,0.71,0,26,9014.0
CUST2066,18,Male,Self-employed,Savings,52,2,58529,16,6,10,0,0.86,0,16,29264.5
CUST2377,38,Female,Self-employed,Savings,31,1,103461,14,9,9,0,0.63,0,18,103461.0
CUST0058,24,Male,Self-employed,Savings,164,2,168470,15,19,10,0,0.86,0,29,84235.0
CUST0469,35,Male,Employed,Current,32,1,158060,11,6,15,1,0.94,1,21,158060.0
CUST2554,46,Female,Self-employed,Savings,146,4,289859,14,8,12,0,0.59,0,20,72464.75
CUST0214,38,Male,Employed,Current,140,2,183268,14,10,13,0,0.68,1,23,91634.0
CUST0528,46,Male,Self-employed,Fixed Deposit,19,1,6395,17,7,8,0,0.66,0,15,6395.0
CUST0420,28,Female,Unemployed,Savings,89,3,52102,14,1,7,1,0.76,0,8,17367.33
CUST1594,54,Male,Employed,Savings,65,1,89187,13,6,10,0,0.68,1,16,89187.0
CUST0676,31,Female,Employed,Savings,117,2,517,10,11,9,0,0.82,1,20,258.5
CUST0629,31,Male,Self-employed,Current,105,1,109597,13,14,11,1,0.54,0,25,109597.0
CUST1390,44,Female,Employed,Current,173,1,92744,19,9,10,0,0.61,0,19,92744.0
CUST0414,45,Male,Employed,Savings,177,1,125058,13,14,14,0,0.87,1,28,125058.0
CUST1318,32,Female,Employed,Savings,71,2,5026,17,9,14,0,0.54,1,23,2513.0
CUST1113,39,Female,Employed,Savings,114,1,70932,21,14,7,0,0.75,1,21,70932.0
CUST0553,45,Male,Employed,Savings,33,1,162015,16,6,10,0,1.0,1,16,162015.0
CUST0370,33,Male,Employed,Fixed Deposit,92,3,38008,16,4,12,0,0.7,0,16,12669.33
CUST2666,35,Male,Employed,Savings,154,1,57076,22,3,14,0,0.68,0,17,57076.0
CUST1935,40,Male,Employed,Current,106,1,204721,20,10,6,1,0.67,0,16,204721.0
CUST0092,30,Male,Employed,Savings,73,3,17850,7,9,15,0,0.85,0,24,5950.0
CUST2276,50,Female,Employed,Current,41,4,307549,16,7,8,0,0.98,0,15,76887.25
CUST1691,33,Male,Self-employed,Current,14,3,31424,13,10,4,1,0.52,0,14,10474.67
CUST2190,33,Female,Employed,Current,91,1,355258,19,7,6,0,0.68,0,13,355258.0
CUST1704,56,Female,Employed,Current,45,2,33122,9,8,9,0,0.8,0,17,16561.0
CUST2587,39,Female,Employed,Fixed Deposit,147,1,171168,14,5,7,0,0.77,0,12,171168.0
CUST2800,56,Female,Employed,Savings,175,2,311972,11,9,10,0,0.58,0,19,155986.0
CUST1459,31,Female,Self-employed,Fixed Deposit,174,1,23479,16,12,10,1,0.74,0,22,23479.0
CUST0907,40,Male,Self-employed,Current,94,3,596927,16,12,16,0,0.96,0,28,198975.67
CUST2797,35,Male,Self-employed,Savings,22,1,123896,16,7,9,0,0.66,0,16,123896.0
CUST0567,32,Female,Self-employed,Savings,25,1,75047,16,12,11,0,0.79,1,23,75047.0
CUST1817,62,Female,Self-employed,Savings,115,2,434122,13,9,9,0,0.71,0,18,217061.0
CUST2562,39,Male,Employed,Current,15,4,232580,15,7,16,0,0.76,1,23,58145.0
CUST1008,35,Female,Employed,Savings,77,1,265542,19,10,10,0,0.67,1,20,265542.0
CUST0003,30,Male,Employed,Savings,145,4,499850,16,7,12,0,0.62,0,19,124962.5
CUST2584,28,Male,Unemployed,Savings,32,1,45181,16,6,8,0,0.56,0,14,45181.0
CUST2557,35,Female,Self-employed,Current,66,2,121110,18,9,16,0,0.92,0,25,60555.0
CUST0752,30,Female,Employed,Savings,42,3,293711,26,6,13,0,0.67,0,19,97903.67
CUST0644,40,Male,Employed,Current,72,2,6115,29,6,13,0,0.51,1,19,3057.5
CUST2149,46,Female,Unemployed,Fixed Deposit,15,2,31341,11,8,15,0,0.92,0,23,15670.5
CUST1551,35,Female,Employed,Fixed Deposit,108,4,192001,20,9,10,0,0.57,0,19,48000.25
CUST1247,37,Female,Employed,Savings,61,4,380626,13,7,10,0,0.51,1,17,95156.5
CUST0381,39,Male,Self-employed,Savings,78,2,30326,16,13,10,0,0.5,0,23,15163.0
CUST0932,22,Male,Employed,Fixed Deposit,123,3,17738,15,10,8,1,0.99,0,18,5912.67
CUST1985,38,Female,Employed,Savings,14,1,43210,21,7,14,0,0.9,1,21,43210.0
CUST2325,37,Male,Employed,Savings,136,2,163340,14,6,5,0,0.61,0,11,81670.0
CUST1057,45,Female,Employed,Savings,101,1,161587,15,9,9,1,0.83,0,18,161587.0
CUST1893,40,Female,Self-employed,Current,76,3,105056,14,14,9,0,0.85,0,23,35018.67
CUST0401,29,Female,Self-employed,Current,37,4,12188,11,8,10,0,0.98,0,18,3047.0
CUST2857,45,Male,Self-employed,Current,70,4,827833,13,6,8,0,0.78,0,14,206958.25
CUST1524,31,Male,Employed,Current,153,1,13933,19,9,8,0,0.9,1,17,13933.0
CUST0065,23,Female,Employed,Current,111,3,210351,20,11,8,1,0.61,0,19,70117.0
CUST1109,49,Male,Unemployed,Savings,22,4,13413,15,4,14,0,0.85,1,18,3353.25
CUST2633,41,Male,Employed,Savings,58,3,38228,13,6,16,0,0.64,0,22,12742.67
CUST1428,36,Female,Self-employed,Current,59,1,38979,12,8,11,1,0.57,1,19,38979.0
CUST1247,30,Male,Employed,Savings,151,2,49469,15,9,11,0,0.57,0,20,24734.5
CUST0619,68,Female,Self-employed,Savings,63,4,239901,12,3,9,0,0.78,0,12,59975.25
CUST2346,25,Male,Self-employed,Savings,162,1,31382,16,10,9,0,0.56,0,19,31382.0
CUST1470,23,Female,Employed,Savings,119,3,4256,17,10,8,0,0.92,0,18,1418.67
CUST0492,48,Male,Employed,Savings,148,1,48891,16,13,12,0,0.81,0,25,48891.0
CUST1715,33,Female,Unemployed,Current,174,4,114845,13,6,8,0,0.54,1,14,28711.25
CUST2170,43,Male,Employed,Current,78,1,113646,14,5,10,2,0.8,0,15,113646.0
CUST2093,39,Male,Employed,Savings,96,2,130499,13,7,13,0,1.0,0,20,65249.5
CUST2829,18,Female,Employed,Fixed Deposit,155,1,62846,18,10,12,0,0.67,0,22,62846.0
CUST1379,27,Female,Employed,Fixed Deposit,134,2,53457,13,6,12,0,0.62,0,18,26728.5
CUST0067,38,Female,Self-employed,Savings,13,1,47923,14,6,10,0,0.59,1,16,47923.0
CUST0891,34,Male,Self-employed,Current,128,2,74631,14,6,5,0,0.67,0,11,37315.5
CUST2491,34,Male,Employed,Savings,60,2,82940,16,3,13,0,0.64,0,16,41470.0
CUST0444,30,Female,Self-employed,Savings,104,1,135518,15,11,11,1,0.89,0,22,135518.0
CUST2962,37,Female,Employed,Current,174,2,520358,17,11,5,1,0.59,0,16,260179.0
CUST1423,45,Male,Employed,Current,124,4,108741,13,8,5,1,0.58,0,13,27185.25
CUST0506,43,Male,Unemployed,Current,84,2,230980,20,2,4,0,0.58,0,6,115490.0
CUST1878,35,Female,Employed,Savings,86,3,699715,14,14,9,0,0.57,0,23,233238.33
CUST0560,47,Female,Employed,Savings,107,2,133982,11,3,7,0,0.86,0,10,66991.0
CUST0549,30,Male,Self-employed,Current,59,1,62150,13,6,10,0,0.61,1,16,62150.0
CUST0991,44,Female,Employed,Savings,169,2,52746,13,14,7,1,0.69,1,21,26373.0
CUST0818,41,Male,Employed,Savings,48,1,138721,18,4,10,0,0.81,0,14,138721.0
CUST0335,31,Female,Self-employed,Current,56,2,361737,16,7,8,0,0.62,0,15,180868.5
CUST1768,35,Female,Employed,Savings,35,2,5522,10,5,11,0,0.72,0,16,2761.0
CUST2510,41,Male,Employed,Savings,29,1,19128,18,8,11,0,0.64,0,19,19128.0
CUST0877,46,Female,Employed,Savings,162,2,2586,8,6,13,0,0.82,1,19,1293.0
CUST2512,32,Female,Employed,Savings,125,2,49686,19,4,16,1,0.61,0,20,24843.0
CUST0075,37,Male,Self-employed,Savings,123,2,75050,13,12,11,1,0.82,0,23,37525.0
CUST0552,40,Male,Employed,Savings,156,1,77329,13,6,11,1,0.63,1,17,77329.0
CUST1788,39,Female,Self-employed,Savings,150,3,73902,11,12,12,0,0.79,1,24,24634.0
CUST2388,43,Female,Employed,Savings,129,1,271683,20,7,14,0,0.56,0,21,271683.0
CUST0276,31,Female,Self-employed,Savings,140,4,32577,9,7,11,1,0.9,0,18,8144.25
CUST2242,30,Male,Employed,Savings,87,1,25386,7,10,12,0,0.65,0,22,25386.0
CUST2793,45,Female,Employed,Current,89,3,42727,17,8,9,0,0.89,0,17,14242.33
CUST1098,36,Male,Employed,Savings,104,1,90816,15,7,10,0,0.59,1,17,90816.0
CUST2595,21,Female,Unemployed,Savings,18,2,91633,14,6,8,1,0.63,0,14,45816.5
CUST2140,34,Female,Self-employed,Savings,143,1,42742,13,8,16,0,0.53,1,24,42742.0
CUST2441,54,Male,Employed,Current,171,2,255686,20,7,13,0,0.5,0,20,127843.0
CUST2368,19,Male,Employed,Savings,167,3,106471,16,13,14,0,0.83,0,27,35490.33
CUST2300,18,Male,Employed,Current,128,2,421735,20,10,10,0,0.68,0,20,210867.5
CUST2218,31,Male,Employed,Current,177,2,147581,16,7,8,0,0.81,0,15,73790.5
CUST0573,34,Female,Self-employed,Savings,141,1,290634,24,10,6,1,0.95,1,16,290634.0
CUST1724,43,Male,Self-employed,Savings,14,1,134369,12,9,13,0,0.89,0,22,134369.0
CUST0024,18,Male,Self-employed,Savings,79,3,237427,9,9,14,0,0.67,0,23,79142.33
CUST1595,22,Female,Employed,Fixed Deposit,51,1,106750,13,8,14,0,0.96,0,22,106750.0
CUST1539,35,Female,Employed,Savings,77,2,237858,14,6,7,0,0.86,0,13,118929.0
CUST0932,41,Male,Self-employed,Current,63,3,20296,11,12,7,0,0.98,1,19,6765.33
CUST0296,44,Male,Employed,Savings,135,2,90457,19,10,10,0,0.6,0,20,45228.5
CUST1747,19,Female,Unemployed,Savings,66,1,16568,13,9,12,0,0.95,1,21,16568.0
CUST0047,34,Female,Unemployed,Current,32,4,106908,23,3,15,0,0.98,0,18,26727.0
CUST0518,39,Female,Employed,Current,164,3,233737,20,7,10,0,0.89,1,17,77912.33
CUST2738,26,Female,Unemployed,Current,166,1,80962,20,10,13,0,0.7,0,23,80962.0
CUST1571,45,Male,Employed,Savings,92,2,384899,13,3,10,0,0.62,0,13,192449.5
CUST2207,28,Female,Employed,Savings,28,1,230217,13,5,12,0,0.74,1,17,230217.0
CUST1885,51,Male,Self-employed,Savings,158,2,10196,23,11,8,0,0.63,0,19,5098.0
CUST1446,49,Female,Self-employed,Current,55,3,146482,11,9,8,0,0.69,0,17,48827.33
CUST2927,34,Male,Employed,Current,127,1,11341,12,7,8,0,0.85,0,15,11341.0
CUST1448,25,Male,Employed,Savings,85,2,335885,8,10,14,0,0.86,0,24,167942.5
CUST1991,18,Male,Unemployed,Savings,88,1,221097,17,7,6,0,0.85,0,13,221097.0
CUST2952,43,Male,Employed,Current,119,1,49756,17,7,7,1,0.86,0,14,49756.0
CUST0884,33,Female,Self-employed,Current,126,3,87249,15,11,6,0,0.57,0,17,29083.0
CUST0099,55,Female,Employed,Savings,147,1,5649,22,5,9,0,0.84,0,14,5649.0
CUST0848,55,Female,Employed,Savings,22,1,430393,16,5,8,0,0.91,1,13,430393.0
CUST0122,25,Male,Unemployed,Savings,118,2,178711,14,6,10,0,0.95,0,16,89355.5
CUST0559,36,Male,Employed,Current,112,1,191223,12,7,15,0,0.95,0,22,191223.0
CUST1745,34,Male,Employed,Savings,140,1,103685,7,10,10,0,0.54,0,20,103685.0
CUST2624,53,Female,Employed,Savings,156,1,146874,13,14,10,0,0.73,0,24,146874.0
CUST0937,33,Male,Employed,Savings,45,1,46503,14,6,11,0,0.86,1,17,46503.0
CUST2791,27,Male,Employed,Current,146,3,232755,20,12,9,0,0.74,0,21,77585.0
CUST2216,46,Female,Self-employed,Savings,32,1,241224,16,12,17,1,0.9,0,29,241224.0
CUST2428,23,Male,Employed,Current,56,2,140788,16,9,6,1,0.57,0,15,70394.0
CUST2326,43,Male,Employed,Fixed Deposit,123,1,292236,12,9,14,0,0.8,1,23,292236.0
CUST0650,51,Male,Employed,Savings,91,1,364201,17,8,8,0,0.67,0,16,364201.0
CUST2396,39,Female,Employed,Fixed Deposit,108,3,10851,14,6,11,0,0.56,1,17,3617.0
CUST2606,31,Male,Employed,Savings,87,1,130516,24,4,8,0,0.87,1,12,130516.0
CUST1063,36,Male,Employed,Fixed Deposit,170,2,295898,9,11,16,0,0.92,1,27,147949.0
CUST0406,36,Male,Employed,Current,84,3,160099,19,13,11,0,0.92,0,24,53366.33
CUST1619,37,Male,Employed,Current,20,1,95149,12,9,10,0,0.82,0,19,95149.0
CUST0046,38,Male,Employed,Fixed Deposit,87,3,85571,14,5,12,0,0.74,1,17,28523.67
CUST1536,44,Male,Employed,Fixed Deposit,122,1,89651,13,6,8,0,0.61,1,14,89651.0
CUST1767,35,Male,Employed,Fixed Deposit,105,1,38494,12,9,8,0,0.87,0,17,38494.0
CUST2077,40,Male,Employed,Current,45,4,303387,19,2,13,2,0.97,1,15,75846.75
CUST2203,26,Male,Employed,Fixed Deposit,91,2,406185,13,4,5,1,0.87,1,9,203092.5
CUST2454,51,Female,Employed,Current,36,3,108628,12,8,9,0,0.87,0,17,36209.33
CUST2782,37,Male,Employed,Current,61,4,443282,16,11,6,0,0.95,0,17,110820.5
CUST1281,53,Male,Self-employed,Current,160,2,143399,15,10,11,0,0.98,0,21,71699.5
CUST0686,40,Male,Employed,Current,81,3,59666,11,4,6,1,0.72,0,10,19888.67
CUST1289,41,Male,Self-employed,Savings,83,2,6023,12,7,8,1,0.67,1,15,3011.5
CUST1782,48,Male,Self-employed,Current,162,2,12532,18,7,13,0,0.71,0,20,6266.0
CUST2044,35,Male,Self-employed,Savings,55,2,221628,12,2,9,0,0.8,0,11,110814.0
CUST1244,28,Male,Self-employed,Current,154,1,56387,15,6,11,0,0.65,0,17,56387.0
CUST1859,39,Male,Employed,Current,162,4,119708,22,5,11,0,0.73,1,16,29927.0
CUST2470,41,Female,Self-employed,Current,17,4,236529,18,10,13,1,0.54,0,23,59132.25
CUST2710,39,Female,Unemployed,Current,173,2,44525,16,11,14,0,0.89,1,25,22262.5
CUST2361,36,Male,Employed,Savings,97,2,5141,17,6,13,0,0.88,0,19,2570.5
CUST1976,29,Female,Employed,Savings,123,2,72772,13,4,7,0,0.71,0,11,36386.0
CUST0947,28,Male,Self-employed,Fixed Deposit,145,1,4862,18,7,7,0,0.79,0,14,4862.0
CUST0970,26,Female,Employed,Fixed Deposit,152,1,407338,24,11,6,0,0.83,1,17,407338.0
CUST2438,31,Male,Unemployed,Savings,135,4,145375,17,4,6,1,0.98,0,10,36343.75
CUST1548,43,Male,Self-employed,Savings,20,1,40411,21,8,7,0,0.74,1,15,40411.0
CUST1362,43,Female,Unemployed,Savings,17,2,24377,16,10,12,0,0.73,1,22,12188.5
CUST2563,46,Female,Employed,Savings,144,4,430280,15,6,16,1,0.79,0,22,107570.0
CUST1849,33,Female,Employed,Savings,124,3,56061,13,10,7,0,0.73,1,17,18687.0
CUST2244,33,Female,Employed,Savings,134,3,122349,14,4,9,0,0.61,0,13,40783.0
CUST1691,19,Female,Self-employed,Current,103,2,98334,7,11,11,0,0.55,0,22,49167.0
CUST0355,47,Female,Employed,Savings,15,2,332599,11,6,10,0,0.86,1,16,166299.5
CUST1712,45,Female,Unemployed,Savings,100,1,128346,12,11,8,0,0.85,0,19,128346.0
CUST0590,24,Female,Employed,Current,63,3,248126,21,9,11,0,0.81,0,20,82708.67
CUST0749,35,Female,Employed,Fixed Deposit,52,1,47489,16,7,11,0,0.66,0,18,47489.0
CUST2105,24,Female,Employed,Savings,44,3,119379,20,12,5,0,0.88,0,17,39793.0
CUST1056,48,Male,Employed,Fixed Deposit,113,3,190455,17,9,13,0,0.79,0,22,63485.0
CUST2782,34,Female,Employed,Current,78,1,31858,19,8,8,0,0.6,0,16,31858.0
CUST1359,42,Male,Employed,Current,30,1,572666,11,12,7,1,0.86,1,19,572666.0
CUST1508,34,Male,Employed,Savings,131,2,22513,17,10,19,0,0.62,1,29,11256.5
CUST2997,37,Female,Self-employed,Savings,69,1,441954,14,10,12,1,0.55,1,22,441954.0
CUST0514,22,Female,Unemployed,Current,123,3,55891,22,11,13,0,0.62,0,24,18630.33
CUST0836,38,Female,Employed,Fixed Deposit,129,1,131370,18,7,5,0,0.93,0,12,131370.0
CUST0496,34,Male,Employed,Current,136,4,161470,18,4,7,0,0.93,0,11,40367.5
CUST1323,36,Male,Self-employed,Current,119,1,215138,19,9,10,0,0.56,0,19,215138.0
CUST0732,27,Female,Employed,Savings,98,3,31147,19,12,4,0,0.86,0,16,10382.33
CUST0714,31,Female,Self-employed,Current,123,2,416948,16,9,8,0,0.62,0,17,208474.0
CUST1103,34,Female,Employed,Savings,111,2,4601,21,7,10,0,0.67,0,17,2300.5
CUST2915,39,Male,Employed,Savings,130,1,50143,25,12,11,0,0.72,1,23,50143.0
CUST2618,53,Female,Employed,Savings,68,4,19194,10,9,10,0,0.69,0,19,4798.5
CUST0499,44,Female,Employed,Current,175,3,36132,15,13,7,0,0.64,0,20,12044.0
CUST0013,22,Male,Employed,Fixed Deposit,105,4,90916,21,4,8,0,0.75,0,12,22729.0
CUST2123,18,Female,Self-employed,Savings,117,1,423458,9,10,8,0,0.68,1,18,423458.0
CUST0163,39,Female,Employed,Savings,75,2,37435,14,5,9,0,0.7,0,14,18717.5
CUST2719,45,Male,Self-employed,Savings,177,1,45345,19,5,12,0,0.79,0,17,45345.0
CUST0614,63,Male,Employed,Savings,51,3,102624,16,8,9,0,0.73,0,17,34208.0
CUST0831,43,Male,Self-employed,Savings,172,2,46846,16,10,5,0,0.87,0,15,23423.0
CUST1032,35,Male,Employed,Savings,90,1,250702,13,7,9,0,0.91,0,16,250702.0
CUST1933,34,Male,Self-employed,Savings,54,2,102197,19,7,6,0,0.9,1,13,51098.5
CUST0051,36,Female,Unemployed,Savings,23,3,105401,15,13,8,0,0.97,0,21,35133.67
CUST1088,31,Male,Employed,Savings,156,2,64089,15,6,6,0,0.66,0,12,32044.5
CUST1208,39,Male,Employed,Savings,177,2,174805,14,7,7,1,0.65,0,14,87402.5
CUST2636,19,Male,Employed,Savings,169,2,74657,17,8,10,0,0.96,0,18,37328.5
CUST2057,28,Female,Unemployed,Savings,41,2,186132,16,4,11,1,0.86,0,15,93066.0
CUST1517,32,Female,Self-employed,Fixed Deposit,158,3,39594,20,5,13,0,0.7,0,18,13198.0
CUST0280,36,Male,Self-employed,Savings,160,2,127768,19,2,14,0,0.61,0,16,63884.0
CUST1313,44,Female,Employed,Savings,131,1,5914,14,4,8,0,0.98,0,12,5914.0
CUST1120,26,Male,Employed,Savings,21,3,23011,11,4,11,1,0.65,0,15,7670.33
CUST1129,41,Male,Employed,Savings,73,1,144315,9,9,14,0,0.69,0,23,144315.0
CUST1880,39,Male,Self-employed,Current,33,1,134485,20,10,8,1,0.68,1,18,134485.0
CUST0714,47,Female,Self-employed,Current,134,1,27045,10,6,10,1,0.6,1,16,27045.0
CUST0789,35,Female,Unemployed,Current,113,1,64955,16,9,12,0,0.69,0,21,64955.0
CUST0250,47,Male,Employed,Current,135,1,29403,16,7,4,0,0.96,0,11,29403.0
CUST0869,33,Male,Unemployed,Savings,96,2,163350,9,7,10,1,0.68,0,17,81675.0
CUST1317,42,Male,Employed,Savings,169,2,56100,25,11,10,0,0.94,0,21,28050.0
CUST2807,44,Male,Self-employed,Current,112,1,156338,21,9,19,0,0.59,0,28,156338.0
CUST1606,26,Female,Employed,Current,27,2,157577,21,7,6,0,0.83,0,13,78788.5
CUST1722,18,Female,Employed,Savings,32,3,1112,16,5,14,0,0.99,0,19,370.67
CUST2115,32,Female,Unemployed,Current,71,1,510333,15,8,9,0,0.97,1,17,510333.0
CUST0275,38,Female,Unemployed,Savings,165,1,183286,11,6,12,1,0.75,1,18,183286.0
CUST0116,33,Female,Employed,Current,122,2,10546,16,6,4,0,0.81,1,10,5273.0
CUST1690,31,Female,Employed,Current,165,2,39653,11,7,12,0,0.97,0,19,19826.5
CUST1574,18,Male,Employed,Savings,49,1,29355,8,6,15,0,0.55,1,21,29355.0
CUST1081,18,Female,Employed,Savings,60,4,140078,10,9,7,0,0.73,0,16,35019.5
CUST2783,21,Female,Employed,Savings,25,1,166664,16,13,11,0,0.88,0,24,166664.0
CUST1702,24,Female,Employed,Savings,121,2,23523,14,9,11,0,0.61,0,20,11761.5
CUST2131,22,Male,Self-employed,Current,162,2,97971,13,6,7,0,0.78,0,13,48985.5
CUST0012,34,Female,Employed,Savings,126,2,52673,14,5,9,1,0.57,1,14,26336.5
CUST1851,37,Female,Employed,Current,162,1,79300,29,9,14,0,0.77,0,23,79300.0
CUST0280,33,Male,Employed,Savings,78,1,104945,13,6,8,0,0.61,0,14,104945.0
CUST1230,47,Female,Employed,Savings,14,1,94749,17,6,12,0,0.78,1,18,94749.0
CUST1874,51,Male,Employed,Savings,122,1,221898,14,7,14,0,0.69,0,21,221898.0
CUST1905,37,Female,Self-employed,Fixed Deposit,149,3,68352,17,11,9,1,0.63,0,20,22784.0
CUST1448,39,Male,Employed,Savings,72,3,434271,13,7,14,0,0.56,0,21,144757.0
CUST1608,61,Female,Employed,Current,101,2,160127,20,14,9,0,0.53,0,23,80063.5
CUST0188,32,Female,Employed,Savings,83,3,115644,18,4,12,1,0.9,0,16,38548.0
CUST1377,22,Female,Employed,Current,102,2,110714,12,6,11,0,0.88,0,17,55357.0
CUST1533,33,Male,Employed,Fixed Deposit,179,3,391202,14,8,10,0,0.99,0,18,130400.67
CUST2793,46,Female,Employed,Savings,14,2,219088,17,5,5,1,0.97,0,10,109544.0
CUST0440,32,Female,Employed,Savings,54,3,45764,17,8,9,0,0.72,1,17,15254.67
CUST0485,59,Male,Employed,Savings,102,1,426217,12,12,7,1,0.75,0,19,426217.0
CUST2869,19,Male,Employed,Current,149,4,240661,20,10,13,0,0.55,0,23,60165.25
CUST2983,34,Male,Employed,Current,100,3,92746,15,11,13,0,0.75,1,24,30915.33
CUST1058,24,Female,Self-employed,Current,19,2,113830,16,8,7,0,0.67,0,15,56915.0
CUST2437,31,Male,Employed,Savings,107,1,66741,17,5,11,0,0.99,1,16,66741.0
CUST2377,27,Female,Employed,Savings,16,3,29264,13,6,8,0,0.92,0,14,9754.67
CUST0716,43,Male,Self-employed,Fixed Deposit,55,4,95550,19,15,10,0,0.63,1,25,23887.5
CUST2416,33,Male,Employed,Current,112,1,37204,13,11,10,0,0.67,1,21,37204.0
CUST0408,19,Male,Employed,Savings,140,2,40306,14,6,7,0,0.65,0,13,20153.0
CUST1086,51,Female,Self-employed,Current,68,2,447270,16,8,18,1,0.8,0,26,223635.0
CUST1870,32,Female,Employed,Savings,158,1,1602,15,10,8,1,0.88,0,18,1602.0
CUST2658,34,Male,Self-employed,Current,155,2,21334,15,5,13,0,0.85,0,18,10667.0
CUST1064,28,Female,Employed,Current,170,3,75775,18,9,8,0,0.58,0,17,25258.33
CUST0521,31,Male,Self-employed,Savings,147,1,44442,17,14,18,0,0.6,0,32,44442.0
CUST1737,34,Male,Employed,Current,108,3,215514,17,11,17,0,0.58,0,28,71838.0
CUST2719,30,Female,Employed,Current,94,3,394425,17,8,13,1,0.99,0,21,131475.0
CUST1349,30,Female,Employed,Current,34,4,221279,14,9,13,0,0.9,1,22,55319.75
CUST1311,20,Male,Self-employed,Savings,103,2,130092,21,9,18,1,1.0,0,27,65046.0
CUST1115,48,Female,Self-employed,Current,111,1,540687,18,9,6,0,0.95,1,15,540687.0
CUST0357,36,Male,Employed,Fixed Deposit,123,3,114013,24,6,23,0,0.67,1,29,38004.33
CUST1968,39,Male,Employed,Current,47,2,94642,15,2,11,0,0.71,1,13,47321.0
CUST2683,51,Male,Employed,Savings,52,1,52697,16,10,14,0,0.62,0,24,52697.0
CUST2053,20,Male,Self-employed,Fixed Deposit,86,4,30651,5,6,9,0,0.54,0,15,7662.75
CUST2193,18,Female,Unemployed,Savings,162,2,102145,15,6,13,0,0.63,0,19,51072.5
CUST0909,42,Female,Self-employed,Savings,45,2,216059,17,9,9,0,0.53,0,18,108029.5
CUST0728,51,Female,Employed,Savings,14,3,272471,16,9,8,0,0.51,0,17,90823.67
CUST1610,36,Male,Employed,Savings,58,2,125914,13,5,11,0,0.96,1,16,62957.0
CUST1184,46,Female,Employed,Savings,81,2,134163,8,5,16,0,0.65,1,21,67081.5
CUST2032,42,Female,Unemployed,Current,35,3,193698,20,2,11,0,0.96,0,13,64566.0
CUST2518,35,Male,Employed,Savings,106,3,62338,13,12,8,1,0.71,0,20,20779.33
CUST2715,38,Female,Employed,Savings,176,1,358395,11,7,10,0,0.92,0,17,358395.0
CUST1253,21,Male,Employed,Savings,154,1,19038,17,5,11,0,0.91,0,16,19038.0
CUST2160,26,Female,Employed,Savings,62,1,167188,12,3,11,0,0.75,0,14,167188.0
CUST2277,34,Male,Employed,Fixed Deposit,108,2,254517,17,5,8,0,0.91,0,13,127258.5
CUST0907,39,Male,Unemployed,Current,170,1,172822,10,4,5,0,0.64,1,9,172822.0
CUST1028,34,Female,Unemployed,Savings,35,1,18432,9,9,19,0,0.97,0,28,18432.0
CUST0361,32,Male,Unemployed,Savings,178,1,27017,16,5,6,0,0.98,1,11,27017.0
CUST2361,43,Male,Unemployed,Savings,167,1,185790,18,5,8,0,0.83,0,13,185790.0
CUST0404,37,Male,Employed,Savings,173,1,109939,14,9,21,0,0.62,0,30,109939.0
CUST2920,27,Female,Employed,Savings,78,1,16898,10,11,12,0,0.51,0,23,16898.0
CUST1819,22,Male,Employed,Savings,15,1,210285,25,10,10,0,0.61,0,20,210285.0
CUST0289,31,Male,Employed,Current,135,1,240241,14,4,13,0,0.96,0,17,240241.0
CUST2486,49,Female,Employed,Current,35,2,93066,19,5,7,1,0.76,1,12,46533.0
CUST2874,29,Male,Employed,Savings,78,4,448121,13,7,11,0,0.97,1,18,112030.25
CUST2331,38,Female,Self-employed,Savings,114,1,11949,6,6,13,0,0.9,0,19,11949.0
CUST2260,39,Female,Self-employed,Savings,29,3,22216,14,7,7,0,0.9,1,14,7405.33
CUST1934,35,Female,Self-employed,Savings,76,1,32919,17,8,14,1,0.85,0,22,32919.0
CUST1909,59,Female,Self-employed,Savings,124,3,426491,15,10,4,0,0.6,0,14,142163.67
CUST0689,36,Male,Employed,Savings,43,2,230604,16,5,10,0,0.67,0,15,115302.0
CUST1131,31,Male,Employed,Savings,28,2,30161,14,9,14,0,0.52,1,23,15080.5
CUST0285,43,Female,Unemployed,Current,29,1,26551,9,8,15,0,0.74,0,23,26551.0
CUST1618,37,Female,Self-employed,Current,105,1,47467,11,9,8,0,0.9,1,17,47467.0
CUST1158,36,Male,Employed,Savings,100,1,71414,7,8,9,1,0.56,1,17,71414.0
CUST2318,20,Male,Employed,Savings,125,1,176500,13,5,10,0,0.72,0,15,176500.0
CUST0675,32,Male,Self-employed,Savings,82,3,134951,21,7,10,0,0.61,0,17,44983.67
CUST2504,30,Female,Employed,Savings,46,2,1839,16,7,11,0,0.53,0,18,919.5
CUST0687,45,Female,Employed,Savings,104,3,151819,15,8,12,0,0.84,1,20,50606.33
CUST2915,34,Male,Employed,Savings,105,4,58197,20,6,6,0,0.88,0,12,14549.25
CUST1799,50,Male,Employed,Savings,55,1,170056,14,9,10,0,0.78,1,19,170056.0
CUST0051,47,Male,Employed,Savings,105,2,106322,21,4,11,0,0.81,0,15,53161.0
CUST2465,37,Male,Employed,Savings,90,1,188295,11,6,6,1,0.5,1,12,188295.0
CUST2094,42,Male,Employed,Savings,139,4,162028,14,8,13,0,0.7,1,21,40507.0
CUST2074,43,Female,Employed,Savings,89,2,82674,12,10,7,0,0.88,0,17,41337.0
CUST1656,41,Female,Employed,Savings,107,2,275382,14,10,8,0,0.94,0,18,137691.0
CUST2738,42,Female,Self-employed,Current,47,2,84287,7,9,8,1,0.81,0,17,42143.5
CUST0500,26,Male,Employed,Fixed Deposit,57,1,339207,9,8,7,0,0.71,0,15,339207.0
CUST0608,33,Female,Self-employed,Savings,147,2,42933,11,6,13,0,0.9,0,19,21466.5
CUST2630,35,Female,Employed,Savings,116,1,100578,19,12,8,0,0.54,0,20,100578.0
CUST0006,38,Female,Employed,Savings,123,2,111601,15,6,15,0,0.52,0,21,55800.5
CUST2869,38,Female,Self-employed,Savings,58,3,210464,10,7,16,0,0.89,0,23,70154.67
CUST2886,35,Male,Employed,Savings,34,1,41680,16,3,15,0,0.78,0,18,41680.0
CUST1503,32,Female,Employed,Savings,30,2,620541,15,8,11,0,0.71,0,19,310270.5
CUST1280,24,Female,Employed,Savings,168,1,3193,11,7,11,0,0.88,0,18,3193.0
CUST2838,26,Female,Self-employed,Savings,87,1,61881,17,7,10,0,0.75,0,17,61881.0
CUST0357,28,Male,Employed,Current,165,2,89919,14,8,9,0,0.97,0,17,44959.5
CUST2910,43,Male,Employed,Savings,153,2,163266,11,8,11,0,0.8,1,19,81633.0
CUST0610,38,Female,Self-employed,Fixed Deposit,26,1,91315,22,10,10,0,0.77,0,20,91315.0
CUST1931,53,Female,Employed,Savings,119,2,81785,10,9,6,1,0.56,0,15,40892.5
CUST2536,56,Male,Employed,Current,63,1,69527,18,10,12,0,0.63,0,22,69527.0
CUST2961,24,Male,Employed,Savings,17,3,134903,23,9,16,1,0.87,1,25,44967.67
CUST1807,32,Male,Employed,Savings,138,1,178974,11,7,13,0,0.85,0,20,178974.0
CUST2604,39,Female,Employed,Savings,107,2,384523,20,3,8,0,0.95,0,11,192261.5
CUST2248,55,Female,Employed,Current,29,2,104559,17,10,6,0,0.83,0,16,52279.5
CUST0400,18,Male,Self-employed,Savings,77,1,489140,16,10,7,0,0.51,0,17,489140.0
CUST1678,47,Female,Employed,Savings,165,4,495060,9,3,13,0,0.99,0,16,123765.0
CUST0822,35,Male,Employed,Savings,167,1,353833,10,9,14,0,0.89,0,23,353833.0
CUST2074,32,Male,Employed,Savings,28,1,395311,17,7,9,1,0.88,1,16,395311.0
CUST2469,43,Male,Employed,Current,127,1,359706,14,4,13,0,0.77,0,17,359706.0
CUST1525,56,Male,Self-employed,Current,160,3,54282,12,9,8,0,0.96,1,17,18094.0
CUST0879,35,Male,Employed,Savings,179,1,249329,10,9,10,0,0.89,0,19,249329.0
CUST2919,25,Male,Employed,Savings,147,4,140984,19,7,14,0,0.63,0,21,35246.0
CUST1122,30,Female,Unemployed,Savings,44,4,416531,5,5,11,0,0.57,0,16,104132.75
CUST0960,45,Female,Employed,Savings,15,4,138236,14,7,17,0,0.58,1,24,34559.0
CUST0063,40,Male,Self-employed,Current,71,2,12878,8,8,17,0,0.71,0,25,6439.0
CUST1665,33,Female,Employed,Current,153,2,679300,13,10,8,1,0.5,0,18,339650.0
CUST0920,34,Female,Unemployed,Current,145,1,64865,13,10,14,0,0.72,0,24,64865.0
CUST2576,32,Male,Employed,Savings,103,1,255161,25,7,11,1,0.96,0,18,255161.0
CUST2473,46,Male,Employed,Savings,110,4,50054,13,5,8,0,0.54,0,13,12513.5
CUST1825,42,Male,Employed,Savings,160,3,149495,16,5,10,0,0.73,1,15,49831.67
CUST2873,26,Female,Unemployed,Savings,81,2,302617,17,8,10,0,0.91,1,18,151308.5
CUST2767,48,Female,Employed,Current,18,1,101940,14,2,9,0,0.89,0,11,101940.0
CUST1680,37,Male,Employed,Savings,50,3,375169,7,11,10,0,0.64,1,21,125056.33
CUST0240,38,Male,Self-employed,Savings,150,2,198720,16,9,9,1,0.52,0,18,99360.0
CUST2045,43,Male,Self-employed,Savings,172,3,535069,15,7,8,1,0.86,0,15,178356.33
CUST2558,51,Male,Employed,Savings,62,1,61806,10,11,10,0,0.78,1,21,61806.0
CUST1719,18,Male,Unemployed,Savings,86,2,35560,11,6,12,0,0.7,0,18,17780.0
CUST1347,32,Female,Employed,Savings,90,2,66118,21,8,7,0,1.0,0,15,33059.0
CUST1754,36,Female,Unemployed,Savings,112,2,100315,21,8,13,0,0.82,1,21,50157.5
CUST0582,38,Female,Employed,Current,129,4,183569,19,8,11,0,0.53,1,19,45892.25
CUST0218,35,Female,Employed,Savings,95,1,69688,9,14,10,0,0.87,0,24,69688.0
CUST0098,32,Female,Employed,Savings,14,2,209013,9,9,10,0,0.82,0,19,104506.5
CUST1789,66,Female,Self-employed,Current,98,3,6855,16,8,11,0,0.9,0,19,2285.0
CUST0551,21,Male,Employed,Fixed Deposit,175,1,51572,14,9,9,0,0.99,0,18,51572.0
CUST1379,24,Female,Self-employed,Savings,162,2,57086,14,9,10,0,0.92,0,19,28543.0
CUST0791,39,Male,Employed,Current,71,1,189727,13,7,13,0,0.69,0,20,189727.0
CUST0983,31,Female,Self-employed,Savings,112,1,232921,11,5,8,0,0.85,0,13,232921.0
CUST2886,37,Male,Unemployed,Savings,42,3,93351,15,5,13,2,0.84,0,18,31117.0
CUST1125,23,Male,Self-employed,Fixed Deposit,59,1,81846,14,8,9,0,0.74,0,17,81846.0
CUST2885,39,Female,Unemployed,Current,18,3,31032,20,10,13,0,0.97,0,23,10344.0
CUST2913,34,Female,Employed,Savings,19,4,49768,17,6,13,0,0.95,1,19,12442.0
CUST2579,18,Female,Unemployed,Savings,174,3,193321,11,9,10,0,0.93,0,19,64440.33
CUST2742,33,Female,Unemployed,Savings,140,4,7124,16,10,11,0,0.85,1,21,1781.0
CUST2971,18,Male,Employed,Savings,167,1,76044,15,3,11,0,0.58,0,14,76044.0
CUST0533,33,Male,Employed,Savings,105,3,93675,14,7,7,1,0.57,1,14,31225.0
CUST1096,34,Female,Employed,Current,73,2,104399,13,9,10,0,0.85,1,19,52199.5
CUST2257,19,Male,Employed,Current,42,4,173632,10,10,13,0,0.67,1,23,43408.0
CUST1266,46,Female,Unemployed,Savings,114,1,21185,19,6,12,0,0.87,0,18,21185.0
CUST0385,37,Male,Employed,Current,72,2,21389,11,8,8,0,0.76,0,16,10694.5
CUST2687,33,Male,Self-employed,Savings,124,3,9374,13,5,4,0,0.99,1,9,3124.67
CUST1673,44,Female,Employed,Savings,140,2,453965,13,6,9,0,0.54,0,15,226982.5
CUST0445,34,Male,Employed,Savings,28,1,527681,15,7,9,0,0.91,1,16,527681.0
CUST2329,25,Female,Self-employed,Savings,153,2,202263,16,14,5,1,0.84,0,19,101131.5
CUST0773,46,Female,Employed,Savings,123,1,128621,12,5,11,1,0.87,0,16,128621.0
CUST1257,40,Female,Employed,Fixed Deposit,47,4,2887,18,9,8,0,0.9,1,17,721.75
CUST0667,25,Female,Employed,Current,34,1,104252,20,4,9,0,0.94,0,13,104252.0
CUST2712,41,Male,Self-employed,Savings,53,1,379294,14,9,10,0,0.57,0,19,379294.0
CUST1902,40,Female,Employed,Savings,91,3,15004,10,13,8,0,0.95,0,21,5001.33
CUST2638,59,Female,Employed,Current,86,1,26773,20,8,17,0,0.7,1,25,26773.0
CUST0668,45,Female,Unemployed,Fixed Deposit,84,1,109652,14,11,9,0,0.58,0,20,109652.0
CUST2270,58,Male,Unemployed,Savings,83,3,244996,12,8,10,0,0.64,0,18,81665.33
CUST2604,51,Female,Self-employed,Current,161,1,9599,14,7,10,1,0.91,0,17,9599.0
CUST1839,30,Female,Employed,Fixed Deposit,115,1,140203,19,6,8,0,0.8,0,14,140203.0
CUST0432,36,Male,Employed,Savings,81,1,197818,7,7,10,0,0.99,0,17,197818.0
CUST0553,27,Female,Employed,Savings,120,3,46227,14,7,10,0,0.82,0,17,15409.0
CUST1034,37,Female,Self-employed,Savings,113,3,112441,18,15,14,0,0.71,0,29,37480.33
CUST0822,33,Female,Unemployed,Current,112,1,120752,13,8,14,0,0.89,1,22,120752.0
CUST0843,39,Male,Employed,Savings,102,1,312827,21,8,10,0,0.6,0,18,312827.0
CUST1101,32,Male,Employed,Current,174,1,35327,18,9,11,0,0.78,0,20,35327.0
CUST0897,31,Male,Employed,Savings,75,2,191816,15,4,8,0,0.64,0,12,95908.0
CUST2942,31,Male,Employed,Savings,67,4,82549,12,8,17,1,0.72,0,25,20637.25
CUST0712,41,Female,Employed,Savings,164,2,39520,12,8,6,0,0.51,0,14,19760.0
CUST0999,25,Male,Self-employed,Current,177,2,286671,15,13,9,0,0.57,0,22,143335.5
CUST0725,26,Male,Employed,Current,21,1,475367,8,7,12,0,0.78,0,19,475367.0
CUST0636,18,Female,Self-employed,Current,116,1,55844,17,8,12,0,0.89,1,20,55844.0
CUST0617,43,Male,Self-employed,Savings,98,1,70294,16,10,10,0,0.83,1,20,70294.0
CUST0221,46,Female,Employed,Savings,25,1,29474,16,2,13,0,0.6,1,15,29474.0
CUST0191,36,Female,Employed,Savings,52,1,99614,17,12,8,0,0.51,1,20,99614.0
CUST2324,34,Female,Employed,Current,125,2,220090,14,6,10,1,0.71,1,16,110045.0
CUST1552,42,Male,Employed,Current,114,1,104104,23,10,11,0,0.7,0,21,104104.0
CUST2086,29,Male,Self-employed,Current,41,4,168837,17,14,8,0,0.97,0,22,42209.25
CUST0831,43,Female,Employed,Current,84,2,7456,12,8,11,0,0.9,0,19,3728.0
CUST1044,40,Female,Employed,Current,72,1,60833,15,10,13,0,0.98,0,23,60833.0
CUST1419,18,Male,Employed,Savings,96,1,270419,17,6,15,1,0.66,0,21,270419.0
CUST1973,39,Male,Employed,Fixed Deposit,66,1,34273,21,10,10,0,0.7,0,20,34273.0
CUST0551,29,Female,Employed,Savings,148,1,306492,8,8,13,1,0.73,1,21,306492.0
CUST0431,26,Male,Employed,Current,143,1,168673,15,7,14,1,0.92,0,21,168673.0
CUST0582,43,Female,Employed,Savings,149,3,93069,9,3,7,1,0.76,0,10,31023.0
CUST1056,40,Female,Unemployed,Savings,55,1,235209,19,7,10,0,0.63,0,17,235209.0
CUST0451,47,Female,Unemployed,Savings,87,3,17212,15,7,4,0,0.58,1,11,5737.33
CUST0002,52,Female,Self-employed,Savings,44,1,83725,24,4,9,2,0.98,1,13,83725.0
CUST0870,40,Male,Self-employed,Savings,92,1,151160,14,15,7,1,0.67,0,22,151160.0
CUST2843,24,Female,Employed,Current,89,2,18321,8,8,12,0,0.86,0,20,9160.5
CUST1235,42,Female,Self-employed,Savings,55,2,410911,14,6,13,0,0.59,0,19,205455.5
CUST2788,35,Female,Employed,Current,105,3,15836,18,3,12,0,0.85,0,15,5278.67
CUST1834,26,Female,Employed,Savings,175,2,125012,14,10,12,0,0.55,0,22,62506.0
CUST1396,34,Male,Employed,Savings,87,1,37848,13,10,10,0,0.98,0,20,37848.0
CUST2351,29,Male,Self-employed,Fixed Deposit,110,1,69292,23,11,6,0,0.83,0,17,69292.0
CUST2591,26,Male,Self-employed,Savings,147,1,218654,13,13,10,0,0.71,0,23,218654.0
CUST0250,24,Male,Unemployed,Savings,145,1,223740,20,10,4,2,0.82,0,14,223740.0
CUST1415,34,Female,Self-employed,Savings,135,1,437899,13,7,7,0,0.65,0,14,437899.0
CUST2217,20,Male,Employed,Savings,70,2,161635,24,12,6,1,0.78,0,18,80817.5
CUST1400,18,Male,Employed,Current,143,1,159354,22,6,9,1,0.82,0,15,159354.0
CUST0342,45,Male,Employed,Savings,56,3,110662,17,10,12,0,0.85,0,22,36887.33
CUST1719,34,Female,Employed,Current,53,3,81404,11,5,9,0,0.8,0,14,27134.67
CUST0587,37,Male,Employed,Current,21,2,84062,19,9,3,0,0.62,0,12,42031.0
CUST1465,53,Female,Self-employed,Savings,90,1,4362,18,7,9,1,0.85,1,16,4362.0
CUST1008,24,Female,Employed,Savings,67,4,159277,11,14,8,0,0.98,0,22,39819.25
CUST1250,55,Female,Employed,Savings,166,1,95060,12,4,10,0,0.96,1,14,95060.0
CUST1892,40,Female,Employed,Current,79,3,27664,14,10,11,1,0.89,1,21,9221.33
CUST0766,35,Female,Employed,Current,118,1,136164,19,10,12,0,0.55,0,22,136164.0
CUST1259,48,Female,Employed,Current,97,4,71981,16,11,6,0,0.82,1,17,17995.25
CUST0808,33,Male,Employed,Current,40,3,55565,24,10,10,0,0.93,0,20,18521.67
CUST0440,25,Female,Employed,Savings,118,3,73878,18,10,14,0,0.8,1,24,24626.0
CUST0387,31,Male,Employed,Current,45,2,54642,7,15,12,0,0.51,1,27,27321.0
CUST1602,19,Female,Self-employed,Fixed Deposit,129,1,172529,18,7,11,0,0.64,1,18,172529.0
CUST1595,28,Male,Employed,Current,26,1,73874,20,10,12,0,0.55,1,22,73874.0
CUST0001,39,Male,Unemployed,Savings,175,2,337885,23,7,9,0,0.6,0,16,168942.5
CUST0345,41,Male,Unemployed,Savings,108,1,98453,9,7,13,0,0.69,0,20,98453.0
CUST1169,34,Female,Employed,Current,62,3,209761,11,7,9,1,0.85,0,16,69920.33
CUST2567,23,Female,Self-employed,Savings,83,4,17314,16,16,9,0,0.79,1,25,4328.5
CUST1077,32,Male,Employed,Savings,24,3,120774,15,11,12,0,0.89,1,23,40258.0
CUST2501,32,Female,Employed,Fixed Deposit,118,1,94414,16,10,10,1,0.53,0,20,94414.0
CUST0090,32,Male,Employed,Savings,87,1,69544,12,7,10,0,0.52,0,17,69544.0
CUST0525,43,Female,Employed,Current,128,2,47382,18,9,6,0,0.94,0,15,23691.0
CUST1679,56,Male,Unemployed,Savings,47,2,292115,15,9,15,1,0.8,0,24,146057.5
CUST1138,25,Male,Self-employed,Current,150,3,230608,15,7,5,0,0.97,0,12,76869.33
CUST2571,32,Female,Self-employed,Savings,140,1,281930,18,15,12,0,0.5,0,27,281930.0
CUST1371,43,Male,Employed,Current,175,2,8114,9,6,16,0,0.63,0,22,4057.0
CUST1601,48,Male,Employed,Savings,154,1,136327,14,7,9,0,0.81,1,16,136327.0
CUST0148,37,Male,Unemployed,Current,36,2,160996,15,8,15,0,0.7,0,23,80498.0
CUST0043,19,Female,Self-employed,Savings,135,1,144141,15,9,10,0,0.86,0,19,144141.0
CUST1100,31,Female,Self-employed,Savings,57,3,136885,13,5,8,0,0.53,0,13,45628.33
CUST0209,27,Male,Self-employed,Fixed Deposit,154,4,297079,16,5,10,2,0.62,0,15,74269.75
CUST0105,32,Female,Self-employed,Savings,38,2,23947,18,4,10,0,0.51,0,14,11973.5
CUST1776,37,Male,Employed,Savings,134,2,12602,14,5,6,0,0.96,0,11,6301.0
CUST2633,31,Female,Employed,Fixed Deposit,68,1,246363,15,3,9,0,0.72,0,12,246363.0
CUST1149,62,Male,Employed,Savings,27,2,830006,13,8,11,0,0.82,0,19,415003.0
CUST1064,36,Female,Self-employed,Fixed Deposit,141,1,150422,15,9,11,0,0.88,0,20,150422.0
CUST0184,27,Male,Employed,Current,66,1,33273,15,6,13,0,0.71,0,19,33273.0
CUST2455,34,Female,Employed,Current,150,2,159499,15,10,12,0,0.71,0,22,79749.5
CUST1024,28,Female,Self-employed,Savings,132,1,13422,14,5,10,0,0.69,1,15,13422.0
CUST0633,45,Female,Employed,Savings,137,2,123199,16,8,11,0,0.62,1,19,61599.5
CUST0298,37,Female,Employed,Savings,118,1,195395,11,9,11,0,0.95,0,20,195395.0
CUST2902,23,Male,Employed,Current,69,1,93607,10,7,7,0,0.87,0,14,93607.0
CUST2835,37,Male,Unemployed,Savings,110,3,164445,22,3,8,0,0.9,1,11,54815.0
CUST1069,33,Male,Unemployed,Savings,148,1,395180,16,6,8,0,0.64,0,14,395180.0
CUST0240,31,Female,Self-employed,Savings,169,1,358339,19,9,11,0,0.88,0,20,358339.0
CUST0052,41,Male,Employed,Savings,28,3,251819,17,10,10,1,0.69,1,20,83939.67
CUST1953,40,Female,Employed,Savings,56,2,64436,15,6,11,0,0.63,0,17,32218.0
CUST0372,42,Female,Unemployed,Savings,83,2,83261,6,13,11,0,0.75,1,24,41630.5
CUST0809,31,Male,Self-employed,Current,142,1,439145,12,3,12,1,0.65,0,15,439145.0
CUST0307,40,Female,Self-employed,Savings,130,1,598557,15,11,3,0,0.92,0,14,598557.0
CUST2829,36,Male,Self-employed,Fixed Deposit,109,1,62899,24,9,9,0,0.87,0,18,62899.0
CUST0438,18,Male,Employed,Current,98,2,83961,18,6,13,0,0.56,0,19,41980.5
CUST1698,34,Female,Unemployed,Current,21,1,24635,19,7,6,0,0.51,1,13,24635.0
CUST0794,30,Female,Employed,Savings,68,2,60355,12,6,9,0,0.9,0,15,30177.5
CUST0547,34,Male,Unemployed,Savings,52,3,301534,14,8,9,0,0.58,0,17,100511.33
CUST2378,25,Female,Self-employed,Savings,104,2,56508,20,9,11,2,1.0,0,20,28254.0
CUST1598,41,Male,Self-employed,Savings,126,1,299204,14,6,6,1,0.74,0,12,299204.0
CUST0666,30,Male,Self-employed,Fixed Deposit,54,1,237997,21,11,10,1,0.93,0,21,237997.0
CUST1229,27,Female,Employed,Current,177,2,4345,19,6,5,0,1.0,1,11,2172.5
CUST1324,36,Male,Employed,Savings,87,2,51958,12,2,6,0,0.64,0,8,25979.0
CUST1657,33,Female,Unemployed,Fixed Deposit,38,1,77749,16,11,7,1,0.95,0,18,77749.0
CUST1004,31,Female,Employed,Savings,36,2,225456,15,12,7,0,0.97,1,19,112728.0
CUST2730,29,Male,Self-employed,Current,33,1,23389,14,12,11,0,0.92,1,23,23389.0
CUST0121,37,Female,Self-employed,Current,88,3,67880,12,5,11,0,0.62,0,16,22626.67
CUST1704,42,Male,Self-employed,Savings,35,4,274479,18,5,7,0,0.57,1,12,68619.75
CUST0142,40,Male,Employed,Savings,178,4,222017,12,6,14,1,0.99,0,20,55504.25
CUST0695,29,Female,Employed,Savings,50,1,42851,7,9,10,0,0.94,1,19,42851.0
CUST2525,18,Male,Unemployed,Fixed Deposit,63,1,137511,12,3,9,0,0.64,0,12,137511.0
CUST2912,23,Female,Employed,Savings,53,1,109038,18,13,14,0,0.88,0,27,109038.0
CUST1006,41,Male,Employed,Current,151,1,53842,13,6,12,0,0.63,0,18,53842.0
CUST2726,44,Male,Employed,Savings,87,1,150800,11,14,7,0,0.89,0,21,150800.0
CUST1538,35,Female,Self-employed,Current,21,1,225191,9,6,13,1,0.84,0,19,225191.0
CUST1988,62,Female,Employed,Savings,163,3,70085,17,6,7,0,0.69,0,13,23361.67
CUST2567,25,Female,Employed,Current,161,1,39630,17,4,10,1,0.64,0,14,39630.0
CUST0533,35,Female,Employed,Savings,34,2,201074,15,6,10,0,0.98,0,16,100537.0
CUST1921,30,Male,Employed,Savings,155,2,93752,14,16,15,0,0.74,0,31,46876.0
CUST1307,29,Female,Self-employed,Current,78,3,80123,10,15,6,0,0.66,0,21,26707.67
CUST1029,51,Female,Self-employed,Savings,79,2,109997,10,5,12,0,0.76,0,17,54998.5
CUST2869,51,Female,Self-employed,Savings,89,2,70083,13,7,7,0,0.79,0,14,35041.5
CUST1749,18,Female,Employed,Savings,86,1,176545,12,10,6,0,0.94,1,16,176545.0
CUST0803,22,Male,Employed,Current,73,4,157371,15,9,17,0,0.93,0,26,39342.75
CUST1051,34,Female,Self-employed,Fixed Deposit,51,1,71993,21,8,18,0,0.88,0,26,71993.0
CUST1994,38,Male,Employed,Savings,125,1,659062,14,7,6,0,0.59,1,13,659062.0
CUST0772,40,Female,Self-employed,Current,158,1,247363,12,3,9,0,0.81,0,12,247363.0
CUST0716,34,Female,Self-employed,Savings,46,1,53997,11,14,17,0,0.99,1,31,53997.0
CUST1763,41,Male,Employed,Savings,50,3,19631,20,3,27,0,0.88,0,30,6543.67
CUST1829,21,Male,Employed,Current,86,3,56273,14,7,9,0,0.56,0,16,18757.67
CUST1184,18,Female,Self-employed,Savings,44,1,391723,16,7,7,0,0.87,0,14,391723.0
CUST0136,27,Female,Employed,Current,144,4,58703,10,5,7,1,0.81,1,12,14675.75
CUST1022,40,Male,Self-employed,Fixed Deposit,94,1,287315,12,6,9,0,0.71,1,15,287315.0
CUST1783,18,Male,Employed,Savings,81,1,629,7,9,8,1,0.53,1,17,629.0
CUST0277,32,Male,Employed,Current,27,4,117339,6,9,11,0,0.76,1,20,29334.75
CUST2857,26,Male,Employed,Savings,175,3,297620,16,11,8,0,0.73,0,19,99206.67
CUST1257,36,Male,Unemployed,Savings,86,3,337845,12,6,5,0,0.69,0,11,112615.0
CUST0803,25,Female,Self-employed,Savings,57,4,149870,22,11,7,0,0.64,0,18,37467.5
CUST2239,33,Female,Employed,Current,23,1,21150,17,5,13,0,0.55,0,18,21150.0
CUST0980,40,Male,Employed,Savings,43,2,51426,13,10,11,0,0.6,0,21,25713.0
CUST0732,31,Female,Employed,Savings,105,2,111823,17,9,6,0,0.52,0,15,55911.5
CUST1714,37,Female,Employed,Savings,135,3,144071,14,3,5,1,0.68,1,8,48023.67
CUST1073,33,Female,Employed,Current,87,1,354817,19,6,9,0,0.71,1,15,354817.0
CUST1294,30,Male,Self-employed,Fixed Deposit,69,3,14807,12,10,12,0,0.87,1,22,4935.67
CUST2109,18,Male,Employed,Savings,180,4,23590,17,2,8,0,0.78,0,10,5897.5
CUST0361,49,Male,Employed,Savings,77,3,347972,17,3,11,0,0.93,0,14,115990.67
CUST0873,32,Female,Employed,Savings,118,1,267199,13,7,9,0,0.97,1,16,267199.0
CUST1868,49,Male,Employed,Current,60,2,238940,13,7,5,0,0.94,0,12,119470.0
CUST2721,52,Female,Employed,Fixed Deposit,128,1,219437,12,8,10,0,0.65,0,18,219437.0
CUST2414,22,Female,Employed,Current,95,1,302921,13,7,9,0,0.61,1,16,302921.0
CUST0576,41,Male,Employed,Savings,65,1,118577,15,5,13,0,0.83,0,18,118577.0
CUST1095,32,Female,Employed,Current,90,3,141291,11,9,11,1,0.6,1,20,47097.0
CUST1547,49,Female,Employed,Savings,136,2,234371,15,7,13,1,0.82,0,20,117185.5
CUST2862,32,Male,Self-employed,Current,21,1,93776,18,11,9,0,0.95,0,20,93776.0
CUST1770,37,Female,Self-employed,Savings,171,1,235773,15,3,13,0,0.88,0,16,235773.0
CUST2590,35,Male,Employed,Savings,13,1,484035,15,8,9,0,0.58,1,17,484035.0
CUST2105,41,Female,Employed,Savings,179,4,126416,14,8,4,0,0.63,0,12,31604.0
CUST0101,18,Male,Employed,Current,36,3,101016,11,5,13,1,0.99,1,18,33672.0
CUST0912,35,Female,Employed,Savings,101,1,12450,20,5,8,1,0.96,0,13,12450.0
CUST1673,36,Female,Self-employed,Fixed Deposit,110,4,41479,13,8,10,0,0.72,0,18,10369.75
CUST0325,51,Female,Self-employed,Current,157,4,100368,17,7,5,0,0.92,0,12,25092.0
CUST2997,37,Female,Employed,Fixed Deposit,83,1,51862,13,4,14,0,0.83,0,18,51862.0
CUST2100,33,Female,Employed,Savings,39,2,57539,13,6,12,0,0.66,1,18,28769.5
CUST2535,38,Male,Employed,Savings,158,3,50067,14,7,11,0,0.53,0,18,16689.0
CUST2004,33,Male,Employed,Savings,104,2,1309,9,6,15,0,0.94,0,21,654.5
CUST1847,33,Male,Employed,Savings,167,4,238429,16,4,8,0,0.78,0,12,59607.25
CUST0475,27,Male,Employed,Savings,102,2,10406,13,7,6,0,0.95,0,13,5203.0
CUST1278,42,Male,Employed,Savings,66,2,227579,17,5,12,0,0.73,0,17,113789.5
CUST2470,26,Male,Employed,Savings,160,2,383715,18,9,8,0,0.77,0,17,191857.5
CUST2386,27,Female,Employed,Savings,142,1,102778,19,9,8,2,0.97,0,17,102778.0
CUST0923,31,Male,Self-employed,Savings,95,3,59611,12,7,6,0,0.93,0,13,19870.33
CUST1611,39,Female,Employed,Savings,128,2,77530,17,9,11,0,0.69,0,20,38765.0
CUST2611,37,Male,Employed,Savings,148,4,206553,18,9,11,0,0.83,0,20,51638.25
CUST0217,35,Female,Employed,Savings,141,4,180775,15,7,18,1,0.81,0,25,45193.75
CUST2022,32,Female,Employed,Savings,29,3,151969,21,11,12,0,0.66,0,23,50656.33
CUST1709,30,Male,Employed,Current,119,1,148405,11,9,9,0,0.6,0,18,148405.0
CUST2951,43,Male,Employed,Savings,69,2,582539,10,8,13,0,0.94,0,21,291269.5
CUST0424,29,Female,Employed,Savings,80,1,135722,13,11,7,0,0.98,1,18,135722.0
CUST1293,27,Male,Employed,Savings,136,2,94743,13,6,8,1,0.67,0,14,47371.5
CUST2656,29,Female,Self-employed,Savings,34,1,45551,12,8,4,1,0.54,1,12,45551.0
CUST2059,30,Female,Employed,Current,49,4,6108,13,6,16,0,0.77,0,22,1527.0
CUST0634,31,Female,Self-employed,Savings,97,3,140003,12,6,13,0,0.61,0,19,46667.67
CUST0201,40,Male,Self-employed,Current,161,1,208273,15,8,8,1,0.69,0,16,208273.0
CUST1296,43,Female,Employed,Savings,53,1,71275,12,7,12,0,0.75,0,19,71275.0
CUST1322,27,Female,Employed,Savings,76,2,98363,15,4,9,0,0.63,0,13,49181.5
CUST0502,28,Male,Employed,Savings,149,1,132844,15,11,17,0,0.54,0,28,132844.0
CUST0384,34,Female,Self-employed,Current,83,1,116250,9,6,11,0,0.66,1,17,116250.0
CUST1928,38,Male,Self-employed,Savings,164,1,92989,11,5,11,0,0.94,0,16,92989.0
CUST0627,36,Male,Self-employed,Current,49,2,291972,19,6,8,0,0.54,1,14,145986.0
CUST0891,36,Female,Self-employed,Savings,173,2,373272,11,9,8,0,0.59,0,17,186636.0
CUST0269,34,Male,Employed,Current,62,4,94606,18,9,13,1,0.81,0,22,23651.5
CUST2515,18,Male,Employed,Fixed Deposit,56,1,12851,17,7,8,0,0.75,0,15,12851.0
CUST1314,47,Male,Employed,Savings,115,3,253827,18,5,5,0,0.55,0,10,84609.0
CUST0799,46,Female,Employed,Savings,170,2,194951,12,9,8,0,0.6,0,17,97475.5
CUST0960,28,Female,Self-employed,Savings,172,4,76758,18,6,6,1,0.96,0,12,19189.5
CUST2313,40,Male,Self-employed,Fixed Deposit,25,1,15947,14,11,13,0,0.59,0,24,15947.0
CUST0353,37,Female,Self-employed,Current,158,3,22018,14,12,11,0,0.91,0,23,7339.33
CUST2921,40,Female,Employed,Savings,17,1,192884,10,4,12,0,0.89,1,16,192884.0
CUST2030,39,Male,Employed,Current,118,3,233099,15,6,13,0,0.88,0,19,77699.67
CUST1134,27,Female,Employed,Current,106,1,26750,14,9,12,0,0.96,1,21,26750.0
CUST2547,26,Male,Employed,Savings,44,3,86395,19,6,10,0,0.65,0,16,28798.33
CUST2744,43,Female,Unemployed,Savings,35,1,8446,10,8,8,0,0.76,1,16,8446.0
CUST0719,42,Female,Employed,Savings,135,2,24932,13,16,7,0,0.73,0,23,12466.0
CUST0840,31,Male,Employed,Current,23,1,52537,22,9,8,0,0.96,1,17,52537.0
CUST1064,51,Male,Self-employed,Fixed Deposit,26,1,6630,8,13,5,0,0.52,1,18,6630.0
CUST1501,32,Male,Self-employed,Savings,128,2,475547,9,6,11,0,0.5,0,17,237773.5
CUST0786,28,Female,Self-employed,Savings,97,1,101673,18,9,10,1,0.75,0,19,101673.0
CUST1730,33,Male,Employed,Savings,86,2,87729,20,3,3,0,0.6,0,6,43864.5
CUST0921,35,Male,Employed,Savings,146,3,42012,19,11,15,0,0.54,1,26,14004.0
CUST2984,23,Male,Employed,Savings,79,1,14028,10,5,13,0,0.62,0,18,14028.0
CUST0205,28,Male,Employed,Savings,140,2,447093,14,14,12,0,0.58,1,26,223546.5
CUST0075,35,Male,Employed,Fixed Deposit,116,3,400879,19,9,7,2,0.91,1,16,133626.33
CUST0823,22,Male,Self-employed,Current,41,2,86155,26,3,5,1,0.74,0,8,43077.5
CUST0099,46,Male,Employed,Current,105,1,135528,19,8,9,0,0.52,1,17,135528.0
CUST1505,43,Male,Self-employed,Savings,92,4,119501,14,8,8,0,0.96,0,16,29875.25
CUST0169,20,Female,Employed,Savings,165,3,15175,12,8,8,0,0.69,0,16,5058.33
CUST0216,36,Male,Unemployed,Current,142,3,75272,17,11,9,0,0.92,0,20,25090.67
CUST0813,33,Male,Self-employed,Savings,135,1,89604,13,6,11,0,0.58,0,17,89604.0
CUST1345,18,Female,Employed,Current,124,3,6134,16,10,9,1,0.66,1,19,2044.67
CUST0060,38,Female,Self-employed,Current,121,3,72589,16,11,6,0,0.94,0,17,24196.33
CUST1666,25,Female,Employed,Current,162,4,49910,20,6,17,0,0.87,0,23,12477.5
CUST0114,18,Male,Self-employed,Savings,61,1,57310,12,10,8,0,0.89,1,18,57310.0
CUST1511,33,Female,Employed,Current,59,3,63849,16,12,11,1,0.84,0,23,21283.0
CUST1603,31,Female,Self-employed,Savings,85,2,50504,17,6,10,0,0.63,0,16,25252.0
CUST1787,23,Male,Employed,Savings,147,2,32446,11,15,6,0,0.58,0,21,16223.0
CUST0882,38,Male,Employed,Savings,75,1,275649,14,10,8,0,0.98,0,18,275649.0
CUST1400,34,Male,Self-employed,Current,27,1,86860,14,8,12,0,0.54,0,20,86860.0
CUST1332,41,Female,Employed,Savings,140,1,202353,18,11,12,0,0.81,1,23,202353.0
CUST2667,40,Male,Employed,Fixed Deposit,61,2,172295,6,7,5,0,0.6,0,12,86147.5
CUST2853,30,Male,Self-employed,Savings,66,4,52142,21,7,11,0,0.59,0,18,13035.5
CUST2576,21,Female,Employed,Savings,40,4,47107,13,8,5,1,0.76,0,13,11776.75
CUST1027,45,Male,Employed,Savings,92,2,331114,20,4,20,1,0.83,0,24,165557.0
CUST2169,24,Female,Employed,Fixed Deposit,111,3,53557,12,7,8,0,0.91,0,15,17852.33
CUST2441,29,Male,Self-employed,Savings,100,1,247499,20,6,9,0,0.57,0,15,247499.0
CUST1077,25,Female,Self-employed,Savings,77,4,510687,11,16,12,0,0.97,0,28,127671.75
CUST0778,49,Female,Self-employed,Savings,100,1,300225,14,3,15,1,0.75,0,18,300225.0
CUST1970,20,Female,Employed,Savings,60,2,3953,14,8,8,0,0.78,0,16,1976.5
CUST0607,45,Female,Self-employed,Savings,105,2,19962,16,5,14,0,0.64,0,19,9981.0
CUST1812,48,Male,Self-employed,Savings,124,1,38508,13,7,7,0,0.84,0,14,38508.0
CUST0377,39,Female,Self-employed,Current,23,2,62068,20,4,12,0,0.51,1,16,31034.0
CUST2935,39,Female,Unemployed,Savings,79,1,500,22,7,9,0,0.56,0,16,500.0
CUST2103,26,Male,Employed,Savings,150,2,70056,11,8,7,1,0.95,0,15,35028.0
CUST0072,30,Male,Employed,Current,49,2,347470,13,14,9,0,0.6,0,23,173735.0
CUST2272,43,Female,Self-employed,Savings,104,1,26529,10,12,7,1,0.6,0,19,26529.0
CUST2815,33,Female,Employed,Savings,151,1,10026,14,2,8,1,0.63,0,10,10026.0
CUST2966,52,Female,Self-employed,Current,27,2,715357,16,13,13,0,0.64,0,26,357678.5
CUST1039,55,Male,Employed,Savings,26,1,184608,17,9,8,0,0.99,1,17,184608.0
CUST1184,38,Female,Unemployed,Savings,44,2,125156,11,8,9,0,0.92,0,17,62578.0
CUST1059,31,Female,Employed,Savings,88,1,401682,19,11,10,0,0.63,0,21,401682.0
CUST0872,38,Female,Self-employed,Savings,145,3,362059,15,5,9,0,0.51,1,14,120686.33
CUST1844,42,Male,Unemployed,Current,128,3,191276,11,13,8,0,0.59,0,21,63758.67
CUST1749,50,Male,Self-employed,Current,99,1,17230,13,10,6,0,0.6,0,16,17230.0
CUST2240,30,Female,Employed,Savings,143,2,35921,17,7,12,0,0.7,0,19,17960.5
CUST2873,33,Male,Employed,Current,18,4,67499,12,7,8,0,0.96,0,15,16874.75
CUST2122,38,Male,Employed,Savings,131,4,10762,14,14,10,0,1.0,0,24,2690.5
CUST1960,37,Female,Employed,Savings,77,1,406588,13,3,13,0,0.72,1,16,406588.0
CUST2486,28,Male,Employed,Savings,38,3,151402,12,2,11,2,0.85,1,13,50467.33
CUST2465,36,Male,Self-employed,Fixed Deposit,165,2,29955,15,8,11,0,0.9,0,19,14977.5
CUST0836,32,Male,Employed,Current,146,1,36839,13,10,18,0,0.79,0,28,36839.0
CUST0033,48,Female,Employed,Fixed Deposit,178,4,357216,20,8,3,0,0.57,0,11,89304.0
CUST1968,34,Female,Employed,Savings,24,1,28328,15,12,6,0,0.61,1,18,28328.0
CUST0261,20,Female,Self-employed,Savings,166,1,186102,16,7,11,0,0.54,0,18,186102.0
CUST1434,54,Female,Employed,Savings,20,2,160186,14,7,9,0,0.76,0,16,80093.0
CUST2798,21,Male,Employed,Savings,142,1,187029,13,9,9,0,0.97,0,18,187029.0
CUST2810,22,Female,Unemployed,Fixed Deposit,21,2,246479,17,6,8,1,0.62,0,14,123239.5
CUST2622,38,Female,Employed,Fixed Deposit,161,1,504275,17,6,13,0,0.72,0,19,504275.0
CUST0670,33,Male,Unemployed,Savings,60,1,98396,13,5,10,0,0.65,1,15,98396.0
CUST2714,25,Male,Self-employed,Current,133,1,57309,17,11,10,0,0.56,0,21,57309.0
CUST0055,35,Male,Self-employed,Savings,133,1,339283,21,8,11,0,0.62,0,19,339283.0
CUST1940,32,Female,Self-employed,Savings,13,1,12745,12,6,11,0,0.96,1,17,12745.0
CUST1063,18,Male,Employed,Savings,73,4,27042,21,9,15,0,0.67,0,24,6760.5
CUST0453,38,Male,Self-employed,Fixed Deposit,136,1,154576,12,9,9,0,0.94,0,18,154576.0
CUST0521,48,Male,Employed,Savings,15,2,25281,13,11,12,0,0.63,0,23,12640.5
CUST1768,43,Female,Employed,Savings,60,1,20616,22,8,10,0,0.63,1,18,20616.0
CUST1866,44,Female,Self-employed,Current,89,4,8520,14,4,8,0,0.97,0,12,2130.0
CUST0474,40,Female,Employed,Savings,145,1,30690,11,3,8,0,0.57,0,11,30690.0
CUST2053,37,Male,Employed,Savings,170,1,89123,20,6,13,0,0.61,0,19,89123.0
CUST0662,34,Male,Self-employed,Savings,111,1,69393,14,11,10,0,0.53,1,21,69393.0
CUST1692,22,Male,Employed,Savings,152,2,203546,15,10,10,0,0.86,0,20,101773.0
CUST0387,25,Male,Self-employed,Savings,17,2,86031,8,6,10,0,0.77,1,16,43015.5
CUST0785,36,Female,Employed,Savings,155,1,217456,15,7,7,0,0.95,0,14,217456.0
CUST1421,18,Male,Unemployed,Current,74,3,171108,12,5,12,0,0.56,1,17,57036.0
CUST1884,35,Male,Self-employed,Savings,166,2,221463,17,6,12,0,0.64,0,18,110731.5
CUST1230,30,Female,Employed,Savings,160,2,288543,16,8,4,0,0.59,0,12,144271.5
CUST0513,52,Male,Employed,Savings,118,1,47446,11,11,14,0,0.67,0,25,47446.0
CUST2314,47,Male,Unemployed,Savings,151,1,354305,23,17,10,0,0.6,0,27,354305.0
CUST0591,31,Male,Employed,Current,141,3,822473,23,9,9,0,0.55,0,18,274157.67
CUST1041,39,Male,Employed,Fixed Deposit,43,1,119788,17,9,17,0,0.67,1,26,119788.0
CUST0869,19,Female,Employed,Savings,152,3,23123,15,4,14,0,0.91,0,18,7707.67
CUST0412,22,Female,Self-employed,Savings,47,1,51601,14,8,10,0,0.6,0,18,51601.0
CUST1872,43,Male,Self-employed,Savings,17,3,213422,14,6,19,0,0.9,0,25,71140.67
CUST1440,36,Male,Employed,Current,117,1,163262,16,7,6,0,0.76,1,13,163262.0
CUST2698,25,Male,Employed,Savings,108,1,359827,11,7,10,0,0.66,0,17,359827.0
CUST2644,39,Female,Self-employed,Savings,101,1,16360,14,6,14,0,0.94,1,20,16360.0
CUST2091,38,Female,Employed,Savings,105,2,5407,21,10,12,0,0.71,1,22,2703.5
CUST0966,35,Male,Employed,Savings,134,1,121168,22,8,6,0,0.89,1,14,121168.0
CUST1154,39,Male,Employed,Current,167,1,117594,17,11,4,0,0.79,0,15,117594.0
CUST2979,27,Female,Employed,Savings,122,2,15714,18,8,11,1,0.69,0,19,7857.0
CUST2647,30,Female,Employed,Current,147,1,145635,19,10,10,0,0.54,0,20,145635.0
CUST0117,28,Female,Employed,Savings,98,2,26068,12,13,6,0,0.83,1,19,13034.0
CUST2928,32,Male,Unemployed,Current,23,2,156334,18,4,8,0,0.95,0,12,78167.0
CUST2891,39,Male,Employed,Current,13,1,291438,10,5,10,0,0.65,0,15,291438.0
CUST2771,38,Male,Self-employed,Current,30,1,83493,8,5,11,0,0.9,0,16,83493.0
CUST1951,18,Female,Employed,Fixed Deposit,144,3,120556,15,8,6,0,0.79,0,14,40185.33
CUST0259,35,Male,Self-employed,Savings,82,4,54582,22,10,7,1,0.51,0,17,13645.5
CUST1131,39,Female,Self-employed,Savings,123,2,252974,11,10,11,2,0.67,0,21,126487.0
CUST1434,41,Female,Employed,Savings,21,2,66454,20,10,13,0,0.95,1,23,33227.0
CUST1303,54,Male,Self-employed,Savings,131,3,63855,13,5,13,0,0.86,1,18,21285.0
CUST0882,39,Male,Self-employed,Savings,137,1,82942,12,6,7,1,0.86,0,13,82942.0
CUST2514,18,Female,Self-employed,Savings,132,4,182566,16,7,11,1,0.9,0,18,45641.5
CUST0523,34,Female,Employed,Current,20,1,13763,10,7,10,0,0.55,1,17,13763.0
CUST2545,19,Male,Employed,Current,58,1,46559,18,5,9,0,0.8,1,14,46559.0
CUST1457,53,Male,Self-employed,Savings,44,2,100627,17,7,13,0,0.69,1,20,50313.5
CUST0314,55,Female,Self-employed,Savings,16,2,133561,12,4,4,0,0.7,1,8,66780.5
CUST1562,43,Male,Employed,Savings,136,4,138682,14,3,10,0,0.82,0,13,34670.5
CUST2483,26,Male,Unemployed,Savings,125,1,10766,12,6,5,0,0.9,1,11,10766.0
CUST1678,28,Female,Unemployed,Savings,134,1,97977,16,12,11,0,0.58,1,23,97977.0
CUST1634,46,Female,Employed,Savings,106,2,231790,14,5,14,1,0.63,1,19,115895.0
CUST2515,24,Female,Unemployed,Savings,19,4,256840,20,6,14,0,0.98,0,20,64210.0
CUST1102,38,Male,Employed,Current,146,1,153413,19,4,9,0,0.87,0,13,153413.0
CUST2080,36,Male,Employed,Savings,74,1,13603,18,10,13,0,0.77,0,23,13603.0
CUST1889,48,Female,Employed,Savings,77,1,203082,18,7,9,0,0.52,0,16,203082.0
CUST0646,27,Male,Employed,Fixed Deposit,148,1,240219,15,4,9,0,0.86,0,13,240219.0
CUST2291,30,Male,Self-employed,Savings,50,1,137235,11,7,10,1,0.97,1,17,137235.0
CUST0537,44,Male,Self-employed,Fixed Deposit,100,2,327242,24,5,8,0,0.63,0,13,163621.0
CUST1089,25,Male,Self-employed,Current,26,1,54949,14,8,6,0,0.68,0,14,54949.0
CUST1757,33,Female,Employed,Current,104,3,96378,25,10,7,1,0.78,0,17,32126.0
CUST0424,37,Female,Employed,Current,87,2,236020,12,10,8,0,0.68,1,18,118010.0
CUST0912,25,Male,Self-employed,Current,111,2,6389,15,6,7,0,0.94,1,13,3194.5
CUST2984,23,Female,Employed,Current,109,3,38801,10,8,11,0,0.86,0,19,12933.67
CUST1882,48,Male,Self-employed,Current,127,2,308361,17,8,13,0,0.67,0,21,154180.5
CUST1299,33,Male,Employed,Savings,137,4,4752,18,9,5,0,0.71,1,14,1188.0
CUST0645,34,Male,Self-employed,Current,167,1,341917,19,4,10,0,0.86,1,14,341917.0
CUST0348,53,Male,Unemployed,Current,31,2,229746,18,6,14,0,0.97,0,20,114873.0
CUST0315,48,Male,Employed,Savings,151,1,66347,15,12,9,0,0.76,0,21,66347.0
CUST1191,20,Female,Employed,Savings,131,2,65015,18,12,16,2,0.73,0,28,32507.5
CUST0580,37,Male,Employed,Current,38,1,44075,21,8,10,1,0.92,0,18,44075.0
CUST0906,26,Female,Self-employed,Savings,48,1,152979,24,11,11,0,0.51,1,22,152979.0
CUST0883,22,Male,Employed,Savings,147,4,1609,9,7,10,0,0.55,0,17,402.25
CUST2179,38,Female,Employed,Savings,86,2,106250,13,9,8,0,0.62,1,17,53125.0
CUST0972,46,Male,Employed,Savings,127,2,20671,13,10,13,0,0.58,1,23,10335.5
CUST2865,38,Male,Self-employed,Savings,98,2,30348,16,6,8,0,0.84,1,14,15174.0
CUST2600,27,Male,Unemployed,Current,14,3,107954,10,4,8,0,0.8,1,12,35984.67
CUST1909,24,Female,Employed,Current,77,2,48320,19,6,8,0,0.75,0,14,24160.0
CUST2127,19,Female,Employed,Current,26,1,22755,10,7,10,0,0.86,1,17,22755.0
CUST0417,40,Female,Self-employed,Current,66,1,88079,17,11,15,0,0.86,0,26,88079.0
CUST2473,32,Male,Employed,Current,64,2,16879,21,4,4,0,0.71,0,8,8439.5
CUST0363,39,Female,Self-employed,Current,55,1,178603,15,3,11,0,0.76,0,14,178603.0
CUST2404,52,Female,Employed,Savings,80,2,140620,15,8,11,0,0.8,1,19,70310.0
CUST0463,43,Female,Employed,Current,97,1,17721,12,9,6,0,0.8,0,15,17721.0
CUST0897,18,Male,Self-employed,Current,108,4,125115,14,8,10,0,0.61,0,18,31278.75
CUST2629,26,Male,Employed,Fixed Deposit,28,1,58388,12,5,10,0,0.6,0,15,58388.0
CUST1542,38,Female,Employed,Savings,50,1,80174,12,11,14,0,0.91,0,25,80174.0
CUST2986,33,Male,Employed,Fixed Deposit,57,3,18205,22,7,7,0,0.99,1,14,6068.33
CUST2270,21,Male,Unemployed,Savings,22,2,6309,17,11,8,0,0.68,0,19,3154.5
CUST1429,48,Male,Employed,Savings,157,2,27724,14,6,4,1,0.94,0,10,13862.0
CUST0509,34,Male,Self-employed,Fixed Deposit,83,1,125452,13,11,5,0,0.79,1,16,125452.0
CUST2145,47,Female,Employed,Savings,107,2,100705,16,7,11,0,0.98,0,18,50352.5
CUST0630,20,Male,Employed,Savings,133,1,110860,15,7,8,0,0.91,0,15,110860.0
CUST2546,29,Male,Employed,Fixed Deposit,176,2,230370,15,7,11,0,0.53,0,18,115185.0
CUST1207,33,Male,Employed,Savings,157,1,238838,15,7,4,0,0.94,0,11,238838.0
CUST1339,23,Female,Employed,Current,169,2,328889,9,12,4,0,0.63,0,16,164444.5
CUST0700,21,Male,Employed,Savings,179,3,339100,15,6,9,0,0.98,0,15,113033.33
CUST1704,29,Male,Self-employed,Current,179,1,357970,14,6,10,0,0.9,0,16,357970.0
CUST2673,29,Male,Employed,Current,77,2,181696,26,6,12,0,0.84,0,18,90848.0
CUST2181,34,Male,Employed,Current,34,3,183937,12,6,14,0,0.84,0,20,61312.33
CUST0793,32,Male,Self-employed,Savings,153,3,146769,17,8,8,0,0.52,0,16,48923.0
CUST2304,37,Male,Employed,Fixed Deposit,70,4,38846,21,8,5,1,0.81,0,13,9711.5
CUST1517,53,Female,Self-employed,Current,30,2,145415,18,3,9,0,0.92,1,12,72707.5
CUST2567,26,Male,Employed,Current,53,3,272036,18,11,6,0,0.91,1,17,90678.67
CUST0245,28,Male,Unemployed,Savings,42,1,152369,17,8,10,0,0.89,0,18,152369.0
CUST0818,34,Female,Self-employed,Fixed Deposit,124,4,476434,12,12,10,0,0.68,0,22,119108.5
CUST2498,51,Female,Employed,Savings,140,1,42555,9,8,8,0,0.57,0,16,42555.0
CUST0011,41,Male,Employed,Current,65,2,20369,9,9,19,0,0.5,0,28,10184.5
CUST0520,35,Female,Employed,Savings,112,1,46310,9,10,7,2,0.87,0,17,46310.0
CUST2910,27,Female,Employed,Savings,43,1,368775,17,8,13,0,0.62,1,21,368775.0
CUST1925,51,Female,Employed,Savings,81,1,276974,16,9,6,0,0.97,0,15,276974.0
CUST1871,26,Female,Employed,Current,59,1,160447,12,4,7,0,0.55,0,11,160447.0
CUST2386,31,Male,Employed,Savings,134,1,281450,9,11,8,0,0.9,0,19,281450.0
CUST0653,23,Male,Employed,Current,154,4,111523,12,8,12,0,1.0,0,20,27880.75
CUST2632,36,Female,Employed,Current,118,1,4096,19,14,10,0,0.82,0,24,4096.0
CUST2222,56,Male,Employed,Fixed Deposit,161,1,64922,18,7,11,0,0.91,0,18,64922.0
CUST0757,47,Female,Self-employed,Fixed Deposit,62,2,51606,13,9,8,0,0.53,0,17,25803.0
CUST0615,37,Female,Employed,Current,138,1,30594,16,8,10,0,0.96,0,18,30594.0
CUST0153,36,Male,Employed,Savings,37,1,57742,13,9,8,0,0.89,0,17,57742.0
CUST1863,21,Male,Unemployed,Savings,14,2,49851,16,11,14,0,0.93,0,25,24925.5
CUST0254,37,Female,Employed,Savings,137,1,68785,13,7,10,0,0.5,0,17,68785.0
CUST1197,48,Male,Unemployed,Savings,82,1,46143,9,7,7,0,0.5,1,14,46143.0
CUST1899,40,Female,Employed,Savings,79,2,162155,19,7,11,0,0.86,1,18,81077.5
CUST1600,33,Male,Employed,Current,40,3,66847,11,14,9,0,0.93,0,23,22282.33
CUST1226,42,Male,Self-employed,Savings,103,1,71823,13,9,9,0,0.83,0,18,71823.0
CUST2508,34,Male,Employed,Savings,27,2,135749,14,5,5,0,0.61,0,10,67874.5
CUST0174,35,Female,Employed,Current,54,1,577890,12,8,8,1,0.52,1,16,577890.0
CUST1089,40,Female,Self-employed,Current,132,4,160076,16,12,11,0,0.64,0,23,40019.0
CUST2134,24,Female,Self-employed,Fixed Deposit,113,1,285142,19,5,10,0,0.82,1,15,285142.0
CUST0079,37,Male,Employed,Savings,164,4,71971,20,7,8,1,0.5,1,15,17992.75
CUST2838,20,Male,Employed,Current,162,3,275792,20,12,7,1,0.75,0,19,91930.67
CUST0380,61,Female,Employed,Savings,160,4,479121,15,6,17,0,0.5,0,23,119780.25
CUST2695,36,Female,Employed,Savings,39,3,15544,15,14,16,0,0.55,1,30,5181.33
CUST0664,21,Female,Employed,Current,23,1,170730,20,10,5,0,0.54,0,15,170730.0
CUST1185,23,Female,Self-employed,Current,19,4,71499,15,11,6,0,0.53,0,17,17874.75
CUST2921,18,Female,Employed,Savings,110,3,303551,17,6,14,0,0.52,0,20,101183.67
CUST2093,26,Male,Employed,Savings,33,1,138618,11,6,10,0,0.86,0,16,138618.0
CUST2485,29,Female,Employed,Current,154,3,241485,19,8,12,0,0.74,0,20,80495.0
CUST1648,26,Female,Self-employed,Fixed Deposit,76,3,170640,20,10,12,0,0.79,0,22,56880.0
CUST1160,46,Male,Self-employed,Savings,33,2,166568,19,8,11,0,0.93,0,19,83284.0
CUST2603,29,Male,Self-employed,Savings,77,2,82992,11,7,15,0,1.0,0,22,41496.0
CUST1992,25,Female,Employed,Savings,106,2,65616,11,6,14,0,0.65,0,20,32808.0
CUST1507,42,Female,Employed,Current,82,3,179092,16,11,8,0,0.85,0,19,59697.33
CUST1762,48,Female,Employed,Current,44,2,236097,18,6,8,0,0.77,0,14,118048.5
CUST2356,51,Female,Employed,Savings,93,3,303169,13,5,15,0,0.5,1,20,101056.33
CUST2394,38,Male,Employed,Savings,119,2,236062,15,6,9,1,0.89,0,15,118031.0
CUST0539,44,Male,Unemployed,Fixed Deposit,70,1,14521,22,6,8,0,0.65,0,14,14521.0
CUST2557,45,Male,Employed,Savings,98,2,500,8,13,9,0,0.69,0,22,250.0
CUST2888,26,Female,Self-employed,Savings,81,1,358022,12,14,8,1,0.98,0,22,358022.0
CUST2655,29,Female,Employed,Savings,135,1,50696,11,5,17,0,0.75,1,22,50696.0
CUST0128,33,Male,Self-employed,Savings,56,4,70732,15,9,18,0,0.89,1,27,17683.0
CUST0055,36,Male,Employed,Savings,77,3,49441,23,8,6,0,0.74,0,14,16480.33
CUST1148,30,Female,Employed,Savings,157,1,101359,22,7,9,0,0.99,0,16,101359.0
CUST1050,46,Male,Self-employed,Savings,108,1,319317,11,10,10,1,0.75,0,20,319317.0
CUST1209,24,Male,Employed,Savings,33,1,560629,18,11,10,0,0.84,0,21,560629.0
CUST1463,22,Female,Employed,Savings,57,2,270240,20,2,11,1,0.88,0,13,135120.0
CUST2092,46,Female,Employed,Current,52,2,18861,8,8,11,0,0.65,0,19,9430.5
CUST2729,43,Male,Employed,Savings,26,1,147681,13,12,14,0,0.66,0,26,147681.0
CUST1660,26,Female,Employed,Current,117,4,400931,10,11,9,1,0.58,1,20,100232.75
CUST2766,37,Female,Employed,Current,92,4,34578,11,5,16,2,0.51,1,21,8644.5
CUST1304,32,Female,Employed,Savings,152,2,29777,9,6,10,0,0.67,0,16,14888.5
CUST2750,43,Male,Self-employed,Savings,146,2,100807,13,7,12,0,0.77,0,19,50403.5
CUST2937,29,Female,Self-employed,Fixed Deposit,179,3,7053,10,7,9,0,0.56,0,16,2351.0
CUST1786,25,Female,Employed,Savings,110,1,140503,17,6,10,1,0.59,1,16,140503.0
CUST2642,51,Female,Employed,Fixed Deposit,176,2,22969,19,6,10,1,0.64,0,16,11484.5
CUST1591,39,Male,Employed,Savings,113,2,5679,17,4,10,0,0.52,0,14,2839.5
CUST2234,36,Male,Employed,Savings,108,2,32921,15,10,7,0,0.57,1,17,16460.5
CUST0723,50,Male,Unemployed,Savings,107,2,147190,12,9,12,0,0.53,0,21,73595.0
CUST1911,31,Male,Employed,Savings,57,2,254248,18,3,10,0,0.57,1,13,127124.0
CUST0087,42,Male,Employed,Current,127,2,93110,19,8,9,0,0.94,1,17,46555.0
CUST2198,27,Female,Employed,Savings,70,1,6039,11,6,7,0,0.62,1,13,6039.0
CUST0340,30,Female,Employed,Savings,172,1,21850,14,3,10,0,0.82,0,13,21850.0
CUST2319,49,Female,Employed,Savings,131,1,107656,10,5,11,0,0.87,0,16,107656.0
CUST1833,27,Female,Self-employed,Current,171,3,1090528,9,4,18,0,0.96,0,22,363509.33
CUST0798,41,Male,Self-employed,Current,98,2,202026,15,8,9,1,0.53,1,17,101013.0
CUST1038,26,Female,Self-employed,Current,156,2,624313,13,13,11,0,0.71,1,24,312156.5
CUST1513,45,Female,Self-employed,Savings,54,1,233307,18,8,11,0,0.85,0,19,233307.0
CUST0204,40,Female,Self-employed,Current,91,1,73133,17,6,2,0,0.79,1,8,73133.0
CUST2960,18,Male,Employed,Savings,169,3,88174,19,7,7,0,0.56,0,14,29391.33
CUST2069,19,Female,Unemployed,Savings,33,4,70573,15,8,16,0,0.68,0,24,17643.25
CUST1770,43,Male,Self-employed,Current,79,3,37274,17,7,6,0,0.58,1,13,12424.67
CUST0680,25,Female,Self-employed,Savings,96,1,37239,13,8,14,0,0.65,0,22,37239.0
CUST2152,45,Male,Employed,Savings,156,2,52870,19,7,13,0,0.79,1,20,26435.0
CUST2023,18,Female,Unemployed,Fixed Deposit,112,4,38056,16,9,9,0,0.79,1,18,9514.0
CUST1379,61,Female,Self-employed,Savings,100,1,97310,15,13,14,1,0.55,0,27,97310.0
CUST2474,33,Female,Self-employed,Savings,157,3,9592,14,5,13,0,0.52,0,18,3197.33
CUST0445,42,Male,Self-employed,Savings,151,2,292151,24,6,10,0,0.59,0,16,146075.5
CUST2369,23,Female,Unemployed,Savings,152,2,44935,13,7,13,0,0.65,1,20,22467.5
CUST1277,49,Male,Employed,Current,63,2,125232,15,8,13,0,0.66,0,21,62616.0
CUST2927,40,Female,Employed,Savings,74,1,211038,10,13,13,0,0.92,0,26,211038.0
CUST0050,31,Male,Employed,Savings,62,1,108609,21,4,8,2,0.55,1,12,108609.0
CUST2169,18,Male,Employed,Savings,125,2,269252,14,8,17,0,0.72,1,25,134626.0
CUST2915,32,Female,Employed,Savings,103,3,175517,8,10,7,0,0.68,0,17,58505.67
CUST1253,26,Male,Unemployed,Current,13,3,159636,14,9,9,0,0.7,0,18,53212.0
CUST1706,40,Male,Employed,Savings,15,2,53804,13,11,11,0,0.54,1,22,26902.0
CUST0771,18,Male,Employed,Savings,153,3,7779,14,7,9,0,0.97,1,16,2593.0
CUST0341,36,Male,Self-employed,Current,59,3,73985,22,7,9,0,0.6,0,16,24661.67
CUST0013,27,Male,Self-employed,Current,86,1,195059,17,6,6,0,0.63,1,12,195059.0
CUST0893,27,Female,Self-employed,Savings,140,2,133594,17,12,6,0,0.74,0,18,66797.0
CUST2560,48,Female,Self-employed,Fixed Deposit,166,2,143944,13,7,9,0,0.8,0,16,71972.0
CUST1409,44,Female,Employed,Current,25,3,213696,12,8,17,0,0.76,0,25,71232.0
CUST2781,22,Female,Employed,Savings,163,3,95402,15,12,9,0,0.9,0,21,31800.67
CUST1241,36,Male,Employed,Fixed Deposit,174,1,16865,12,8,10,0,0.75,0,18,16865.0
CUST2480,38,Male,Employed,Current,46,2,2281,17,9,13,0,0.54,1,22,1140.5
CUST0492,36,Female,Unemployed,Current,18,2,166048,20,4,7,1,0.78,0,11,83024.0
CUST2971,48,Male,Self-employed,Current,120,1,28058,19,7,9,1,0.97,1,16,28058.0
CUST0498,31,Male,Employed,Savings,156,3,197231,16,12,11,1,0.86,0,23,65743.67
CUST0961,31,Male,Employed,Current,165,4,225638,15,6,17,0,0.68,0,23,56409.5
CUST2499,28,Male,Employed,Savings,13,4,84126,8,5,12,1,0.89,1,17,21031.5
CUST0403,31,Male,Unemployed,Current,154,1,20069,8,8,11,0,0.98,0,19,20069.0
CUST2441,55,Male,Employed,Current,29,2,19949,16,10,14,0,0.88,0,24,9974.5
CUST2706,51,Male,Employed,Current,136,2,275744,9,3,11,0,0.61,0,14,137872.0
CUST0983,41,Female,Unemployed,Savings,131,2,216841,17,10,12,0,0.54,0,22,108420.5
CUST1215,32,Male,Employed,Current,67,2,793,9,11,7,2,0.87,0,18,396.5
CUST1442,33,Female,Unemployed,Current,116,2,122492,15,7,14,0,0.9,0,21,61246.0
CUST2933,26,Female,Self-employed,Current,121,1,209973,23,8,7,0,0.98,0,15,209973.0
CUST0958,27,Female,Employed,Savings,48,1,62268,13,7,13,0,0.56,1,20,62268.0
CUST1150,47,Male,Employed,Savings,33,1,77572,16,11,6,0,0.6,0,17,77572.0
CUST0257,43,Female,Employed,Current,114,2,120222,9,11,10,0,0.85,0,21,60111.0
CUST0102,18,Female,Self-employed,Savings,44,1,192702,20,10,4,0,0.72,0,14,192702.0
CUST2350,39,Male,Employed,Savings,115,1,24026,14,8,8,1,0.73,1,16,24026.0
CUST2246,56,Female,Unemployed,Savings,104,2,76089,18,12,14,0,0.6,1,26,38044.5
CUST1932,32,Male,Unemployed,Savings,37,1,196449,8,11,4,1,0.85,1,15,196449.0
CUST2019,37,Male,Employed,Fixed Deposit,54,4,243156,14,7,6,0,0.6,0,13,60789.0
CUST1923,40,Male,Unemployed,Savings,150,1,541663,6,5,12,0,0.94,0,17,541663.0
CUST0403,34,Female,Employed,Savings,139,1,72519,11,8,6,0,0.85,0,14,72519.0
CUST1023,27,Female,Employed,Savings,166,2,31150,12,5,15,0,0.6,0,20,15575.0
CUST0515,27,Male,Employed,Current,83,1,6535,11,10,9,1,0.61,1,19,6535.0
CUST0420,38,Male,Employed,Savings,82,4,137787,14,5,8,0,0.96,0,13,34446.75
CUST2994,24,Male,Employed,Fixed Deposit,135,1,344588,8,9,8,0,0.99,0,17,344588.0
CUST0582,47,Female,Employed,Savings,105,3,290867,12,5,13,0,0.87,0,18,96955.67
CUST2621,41,Female,Self-employed,Current,107,4,192455,17,11,2,0,0.99,0,13,48113.75
CUST1851,42,Male,Employed,Savings,48,3,70869,16,5,9,0,0.78,1,14,23623.0
CUST1233,37,Male,Employed,Savings,146,1,96832,10,6,8,0,0.58,0,14,96832.0
CUST2397,42,Female,Unemployed,Savings,176,2,45200,10,9,12,1,0.68,0,21,22600.0
CUST2551,59,Female,Employed,Savings,34,2,13407,14,9,9,0,0.97,0,18,6703.5
CUST1078,39,Female,Unemployed,Savings,174,4,119954,16,7,11,0,0.93,0,18,29988.5
CUST2990,31,Male,Employed,Savings,64,1,312638,7,5,8,0,0.97,0,13,312638.0
CUST1944,29,Female,Unemployed,Current,25,1,47451,19,14,9,1,0.95,0,23,47451.0
CUST1825,33,Female,Self-employed,Current,145,4,17418,13,8,7,0,0.93,1,15,4354.5
CUST1265,38,Female,Employed,Savings,159,1,66425,15,3,12,0,0.6,1,15,66425.0
CUST1311,29,Female,Employed,Fixed Deposit,93,3,232525,13,6,6,0,0.78,0,12,77508.33
CUST1902,25,Male,Unemployed,Savings,137,1,198550,17,5,10,0,0.76,0,15,198550.0
CUST2122,29,Female,Employed,Current,132,1,21406,21,10,4,0,0.88,0,14,21406.0
CUST1474,38,Male,Employed,Savings,129,1,350906,13,9,12,0,0.52,0,21,350906.0
CUST2725,18,Female,Unemployed,Savings,68,2,264493,11,7,13,0,0.98,1,20,132246.5
CUST1658,28,Female,Self-employed,Savings,81,2,241999,16,9,8,0,0.57,1,17,120999.5
CUST1659,37,Female,Self-employed,Current,143,2,43973,14,6,8,0,0.54,0,14,21986.5
CUST2617,26,Female,Self-employed,Savings,145,2,57377,16,6,13,0,0.63,0,19,28688.5
CUST0767,41,Male,Employed,Fixed Deposit,19,2,23688,12,10,10,0,0.77,0,20,11844.0
CUST1125,34,Male,Employed,Fixed Deposit,16,3,325387,16,4,12,0,0.56,0,16,108462.33
CUST2201,24,Female,Employed,Current,95,2,62502,10,8,11,0,0.66,0,19,31251.0
CUST2478,42,Female,Employed,Savings,135,4,127489,10,8,6,0,0.95,0,14,31872.25
CUST0052,37,Female,Self-employed,Savings,20,2,626753,9,14,11,0,0.52,0,25,313376.5
CUST0773,36,Male,Employed,Savings,142,3,39280,11,7,11,1,0.91,0,18,13093.33
CUST1668,48,Male,Employed,Savings,92,1,185883,11,4,11,0,0.69,1,15,185883.0
CUST0162,21,Female,Employed,Fixed Deposit,48,2,323580,11,5,8,1,0.89,0,13,161790.0
CUST0473,18,Female,Employed,Current,20,1,411165,15,7,11,0,0.92,0,18,411165.0
CUST2889,54,Female,Self-employed,Current,148,1,2336,14,10,6,0,0.62,0,16,2336.0
CUST1052,38,Male,Employed,Savings,165,1,119325,12,6,7,0,0.81,1,13,119325.0
CUST2377,36,Male,Self-employed,Savings,45,1,13171,14,6,10,0,0.58,1,16,13171.0
CUST0002,33,Male,Employed,Savings,144,1,170747,22,8,10,0,0.92,0,18,170747.0
CUST1251,44,Female,Self-employed,Savings,20,1,128206,15,8,12,0,0.67,0,20,128206.0
CUST1061,46,Female,Employed,Savings,118,2,44565,18,4,9,0,0.69,1,13,22282.5
CUST2424,20,Male,Employed,Savings,116,1,126437,17,7,7,0,0.83,0,14,126437.0
CUST2149,26,Female,Employed,Current,117,1,388203,13,7,10,0,0.98,1,17,388203.0
CUST2984,54,Male,Employed,Savings,75,3,13512,19,7,10,0,0.97,0,17,4504.0
CUST1334,24,Male,Employed,Savings,18,3,16717,8,11,13,0,0.71,0,24,5572.33
CUST2350,30,Male,Self-employed,Current,120,4,193527,16,11,4,1,0.59,0,15,48381.75
CUST2955,45,Female,Employed,Savings,34,3,306415,16,5,12,0,0.81,0,17,102138.33
CUST0941,29,Female,Self-employed,Fixed Deposit,154,1,13602,15,10,9,0,0.57,0,19,13602.0
CUST0700,51,Male,Employed,Savings,98,3,48416,10,6,11,0,0.77,0,17,16138.67
CUST1667,30,Female,Self-employed,Savings,130,2,88258,13,7,11,0,0.59,0,18,44129.0
CUST1528,29,Female,Employed,Savings,23,3,244921,17,15,13,0,0.93,0,28,81640.33
CUST0715,42,Male,Employed,Savings,14,1,501658,16,6,11,0,0.82,0,17,501658.0
CUST0745,18,Female,Employed,Current,54,3,328643,9,6,11,0,0.98,1,17,109547.67
CUST2681,35,Male,Employed,Current,92,2,43607,17,8,8,0,0.66,0,16,21803.5
CUST2847,31,Female,Self-employed,Savings,16,1,115827,12,9,10,0,0.56,0,19,115827.0
CUST0469,45,Male,Self-employed,Current,30,1,187258,10,8,10,0,0.61,1,18,187258.0
CUST1359,24,Male,Employed,Savings,118,3,32852,17,8,6,0,0.62,0,14,10950.67
CUST2081,30,Female,Employed,Savings,165,3,296505,12,9,4,0,0.71,1,13,98835.0
CUST0520,35,Male,Employed,Savings,35,1,456669,20,10,10,0,0.79,0,20,456669.0
CUST2999,29,Male,Employed,Current,62,1,42432,11,8,10,0,0.9,1,18,42432.0
CUST2426,21,Female,Employed,Savings,70,1,106030,18,8,13,0,0.7,1,21,106030.0
CUST1738,30,Female,Unemployed,Savings,179,2,66677,18,6,10,0,0.98,1,16,33338.5
CUST2979,43,Male,Employed,Current,90,2,465359,17,8,8,0,0.67,0,16,232679.5
CUST0601,37,Male,Employed,Savings,154,2,312031,15,8,11,1,0.74,0,19,156015.5
CUST1121,19,Male,Employed,Savings,64,1,136637,15,5,16,0,0.54,0,21,136637.0
CUST1945,21,Female,Self-employed,Savings,142,1,232939,19,10,11,0,0.63,0,21,232939.0
CUST1774,31,Female,Unemployed,Savings,97,2,58936,15,7,9,0,0.57,0,16,29468.0
CUST1888,35,Male,Self-employed,Current,22,3,462055,22,10,17,0,0.54,1,27,154018.33
CUST1359,31,Male,Employed,Savings,31,2,68458,18,2,8,0,0.88,0,10,34229.0
CUST2611,34,Female,Self-employed,Savings,93,1,77995,14,12,11,1,0.79,1,23,77995.0
CUST2457,57,Female,Employed,Savings,119,1,139427,11,11,2,0,0.51,0,13,139427.0
CUST1730,24,Male,Employed,Savings,158,2,163944,12,13,8,0,0.69,0,21,81972.0
CUST2009,26,Male,Employed,Fixed Deposit,14,2,504169,19,10,13,0,0.69,1,23,252084.5
CUST2981,43,Female,Employed,Savings,40,4,693311,13,6,10,1,0.53,1,16,173327.75
CUST0923,39,Male,Self-employed,Current,114,3,186236,17,9,10,0,0.98,0,19,62078.67
CUST2172,59,Male,Employed,Current,148,1,236773,18,6,10,0,0.53,0,16,236773.0
CUST0441,31,Male,Self-employed,Savings,168,2,140533,13,8,8,0,0.77,0,16,70266.5
CUST1750,29,Male,Employed,Current,41,1,20737,15,10,9,0,0.59,1,19,20737.0
CUST1814,50,Female,Employed,Current,40,1,234519,15,9,16,0,0.89,1,25,234519.0
CUST1840,20,Male,Employed,Savings,44,1,78718,25,5,10,0,0.89,0,15,78718.0
CUST2812,29,Female,Self-employed,Current,89,2,72965,15,13,12,0,0.84,0,25,36482.5
CUST0453,43,Female,Employed,Savings,37,2,109423,13,1,9,2,0.61,1,10,54711.5
CUST2532,35,Male,Employed,Current,136,1,167977,14,14,11,1,0.63,0,25,167977.0
CUST1506,41,Female,Employed,Current,23,1,22088,22,10,7,0,0.5,1,17,22088.0
CUST1578,42,Male,Unemployed,Savings,76,2,170815,13,9,6,0,0.87,0,15,85407.5
CUST0081,40,Male,Employed,Savings,145,2,596596,13,17,13,0,0.89,0,30,298298.0
CUST1405,42,Female,Self-employed,Savings,138,1,104634,18,9,7,0,0.98,0,16,104634.0
CUST1797,28,Male,Employed,Savings,61,3,6168,13,7,15,1,0.76,1,22,2056.0
CUST0874,33,Female,Self-employed,Fixed Deposit,32,2,195171,16,7,16,0,0.74,0,23,97585.5
CUST0954,40,Female,Employed,Savings,27,1,31631,13,7,9,1,0.8,1,16,31631.0
CUST1786,43,Female,Self-employed,Current,41,1,236724,9,8,17,1,0.96,0,25,236724.0
CUST0822,68,Female,Employed,Savings,143,2,254869,15,7,11,0,0.69,0,18,127434.5
CUST0009,41,Female,Employed,Savings,176,1,42325,22,7,6,0,0.71,0,13,42325.0
CUST1474,28,Male,Employed,Current,48,2,1288,13,3,8,1,0.82,1,11,644.0
CUST1108,36,Female,Self-employed,Savings,73,2,247408,15,11,14,0,0.6,0,25,123704.0
CUST0052,22,Male,Employed,Current,143,4,73408,17,7,9,0,0.63,1,16,18352.0
CUST0401,42,Female,Employed,Savings,108,1,168866,22,6,8,0,0.57,0,14,168866.0
CUST2616,38,Female,Self-employed,Savings,84,3,109323,6,8,9,0,0.81,0,17,36441.0
CUST1554,40,Female,Self-employed,Fixed Deposit,144,3,17246,15,8,11,0,0.93,0,19,5748.67
CUST2103,38,Female,Unemployed,Savings,85,3,70499,12,8,10,0,0.58,0,18,23499.67
CUST2549,31,Female,Self-employed,Fixed Deposit,171,1,3466,14,12,6,1,0.59,0,18,3466.0
CUST2043,46,Female,Employed,Savings,171,2,64123,18,13,14,0,0.68,0,27,32061.5
CUST2433,34,Male,Employed,Current,150,3,13403,16,13,13,0,0.68,0,26,4467.67
CUST1285,22,Male,Employed,Fixed Deposit,95,3,56818,11,4,5,0,0.5,0,9,18939.33
CUST2183,38,Female,Self-employed,Savings,43,3,190117,15,7,16,0,0.92,1,23,63372.33
CUST0510,28,Male,Employed,Savings,161,2,565488,16,7,14,0,0.97,0,21,282744.0
CUST1766,43,Male,Unemployed,Savings,170,4,58238,10,2,11,0,0.58,0,13,14559.5
CUST2936,26,Male,Employed,Current,82,1,6457,17,9,7,0,0.59,1,16,6457.0
CUST1292,29,Female,Employed,Current,71,1,252268,20,9,11,0,0.69,0,20,252268.0
CUST1009,22,Male,Unemployed,Savings,87,2,215895,16,6,10,0,0.64,0,16,107947.5
CUST2125,29,Female,Self-employed,Savings,135,2,188612,12,8,10,0,0.75,0,18,94306.0
CUST1646,18,Female,Employed,Savings,117,1,500,13,10,6,2,0.86,1,16,500.0
CUST2528,37,Male,Employed,Savings,164,2,346631,20,7,12,0,0.77,0,19,173315.5
CUST0535,39,Female,Employed,Current,135,4,150725,19,5,6,0,0.79,0,11,37681.25
CUST1846,35,Female,Unemployed,Savings,161,3,43898,16,8,16,0,0.54,0,24,14632.67
CUST2125,39,Male,Employed,Savings,58,2,235213,12,6,14,1,0.99,0,20,117606.5
CUST0233,41,Female,Employed,Current,128,1,93251,13,3,8,0,0.58,0,11,93251.0
CUST1048,28,Female,Employed,Current,158,1,729,17,6,11,0,0.68,0,17,729.0
CUST2016,42,Male,Employed,Savings,110,3,193472,15,9,10,0,0.75,0,19,64490.67
CUST2840,39,Male,Employed,Savings,22,1,302894,7,8,7,0,0.92,0,15,302894.0
CUST1391,33,Male,Unemployed,Savings,83,1,19685,18,11,11,0,0.71,1,22,19685.0
CUST1191,46,Male,Self-employed,Savings,52,2,268953,20,9,12,0,0.53,0,21,134476.5
CUST2149,44,Female,Employed,Savings,166,2,80714,21,12,8,0,0.64,0,20,40357.0
CUST2641,24,Female,Self-employed,Savings,35,1,189133,22,6,13,0,0.52,1,19,189133.0
CUST1367,42,Female,Employed,Savings,14,3,129838,11,6,8,0,0.95,0,14,43279.33
CUST0341,18,Female,Employed,Current,106,4,183927,11,11,15,0,0.79,0,26,45981.75
CUST0775,26,Female,Employed,Savings,179,1,24344,16,15,5,0,0.58,0,20,24344.0
CUST0951,24,Male,Employed,Current,14,2,178621,19,9,15,0,0.81,1,24,89310.5
CUST0851,44,Female,Employed,Savings,101,1,101741,19,10,13,0,0.79,0,23,101741.0
CUST0217,46,Male,Employed,Savings,108,2,115719,9,8,13,0,0.93,0,21,57859.5
CUST2949,35,Male,Self-employed,Savings,87,1,85616,11,6,6,0,0.65,0,12,85616.0
CUST2603,26,Male,Employed,Savings,85,3,15960,12,8,8,0,0.85,0,16,5320.0
CUST2912,43,Female,Self-employed,Savings,17,1,39635,19,5,12,1,0.64,0,17,39635.0
CUST2859,35,Male,Employed,Current,25,1,522405,15,9,9,1,0.83,1,18,522405.0
CUST2662,20,Female,Employed,Fixed Deposit,109,1,110084,18,10,5,1,0.6,0,15,110084.0
CUST0125,45,Male,Self-employed,Current,22,3,326892,22,4,9,0,0.52,1,13,108964.0
CUST2123,44,Female,Employed,Savings,118,3,882390,15,12,10,0,0.65,0,22,294130.0
CUST1279,38,Female,Employed,Current,113,1,177982,13,10,7,0,0.59,0,17,177982.0
CUST1297,48,Female,Employed,Savings,34,3,95611,16,7,7,1,0.61,1,14,31870.33
CUST2266,51,Male,Employed,Savings,77,3,133768,22,4,6,0,0.81,0,10,44589.33
CUST1053,56,Female,Self-employed,Savings,156,1,225583,13,12,9,0,0.92,0,21,225583.0
CUST1500,46,Male,Employed,Current,86,2,82917,19,7,8,1,0.6,0,15,41458.5
CUST0587,50,Female,Employed,Savings,75,2,89505,12,12,6,0,0.69,1,18,44752.5
CUST1579,32,Male,Employed,Fixed Deposit,19,2,35610,14,6,16,0,0.9,0,22,17805.0
CUST0147,50,Female,Employed,Savings,114,1,1347,12,6,12,0,0.58,0,18,1347.0
CUST2260,25,Female,Employed,Savings,147,2,97172,13,7,9,0,0.67,1,16,48586.0
CUST0276,53,Male,Employed,Savings,75,2,63918,10,9,10,1,0.87,0,19,31959.0
CUST1543,31,Female,Employed,Savings,23,3,390305,15,5,9,0,0.96,0,14,130101.67
CUST1098,22,Female,Self-employed,Fixed Deposit,57,4,3267,14,9,10,0,0.71,0,19,816.75
CUST1409,26,Female,Self-employed,Fixed Deposit,80,1,93286,17,12,15,0,0.78,0,27,93286.0
CUST0892,34,Female,Self-employed,Savings,85,4,270873,21,6,15,2,0.67,1,21,67718.25
CUST2793,18,Male,Employed,Current,29,1,293208,16,6,11,0,0.79,1,17,293208.0
CUST0823,42,Male,Self-employed,Savings,54,3,584286,10,6,10,0,0.54,0,16,194762.0
CUST2664,47,Female,Employed,Current,91,1,18900,15,4,10,0,0.87,0,14,18900.0
CUST1494,19,Male,Employed,Savings,83,1,58274,24,7,10,1,0.91,0,17,58274.0
CUST2718,53,Female,Employed,Current,62,2,116172,13,8,13,1,0.88,0,21,58086.0
CUST2969,32,Male,Employed,Fixed Deposit,71,3,85826,15,6,9,0,0.6,0,15,28608.67
CUST0910,39,Male,Self-employed,Savings,82,1,128778,19,6,12,0,0.78,0,18,128778.0
CUST0031,26,Female,Employed,Savings,65,3,234948,17,10,11,0,0.93,1,21,78316.0
CUST0261,30,Male,Employed,Current,87,2,122357,13,9,15,1,0.62,0,24,61178.5
CUST0021,38,Male,Employed,Savings,116,2,50956,18,9,12,0,0.57,0,21,25478.0
CUST2368,44,Male,Employed,Savings,87,3,91235,16,7,7,1,0.71,0,14,30411.67
CUST2440,28,Female,Self-employed,Savings,131,3,22082,9,9,9,1,0.8,1,18,7360.67
CUST1370,33,Female,Employed,Savings,36,1,191332,23,9,8,0,0.95,1,17,191332.0
CUST1066,41,Female,Unemployed,Savings,53,2,190587,10,9,7,1,0.89,0,16,95293.5
CUST0357,38,Female,Employed,Current,165,1,2876,15,9,10,1,0.57,1,19,2876.0
CUST1342,33,Male,Employed,Savings,28,1,23735,19,6,7,0,0.67,0,13,23735.0
CUST0011,30,Male,Unemployed,Savings,71,3,103498,11,9,8,1,0.56,1,17,34499.33
CUST0870,26,Female,Self-employed,Current,20,2,73791,11,8,14,0,0.62,0,22,36895.5
CUST2244,25,Male,Employed,Savings,121,3,158991,12,10,9,0,0.52,0,19,52997.0
CUST0707,41,Male,Employed,Fixed Deposit,83,2,72117,21,4,9,0,0.87,0,13,36058.5
CUST1787,38,Female,Self-employed,Savings,173,3,410172,17,8,12,1,0.52,0,20,136724.0
CUST0674,26,Female,Employed,Savings,118,2,621328,14,10,6,0,0.76,0,16,310664.0
CUST2545,49,Male,Employed,Savings,93,2,44859,22,5,9,0,1.0,0,14,22429.5
CUST0358,18,Male,Self-employed,Savings,121,1,28676,16,7,8,0,0.82,1,15,28676.0
CUST0194,31,Female,Employed,Savings,120,3,607625,15,7,9,1,0.77,0,16,202541.67
CUST2353,37,Male,Self-employed,Savings,141,3,141704,21,13,11,0,0.82,0,24,47234.67
CUST1923,18,Male,Employed,Savings,127,1,74134,14,7,8,1,0.72,0,15,74134.0
CUST2137,48,Male,Self-employed,Savings,115,3,245188,12,11,16,0,0.62,0,27,81729.33
CUST0090,30,Male,Unemployed,Savings,127,2,242245,17,7,9,0,0.58,0,16,121122.5
CUST0433,46,Female,Self-employed,Fixed Deposit,64,2,21947,20,5,10,0,0.95,0,15,10973.5
CUST2880,30,Female,Employed,Current,42,4,260516,17,7,5,0,0.68,1,12,65129.0
CUST0099,19,Female,Unemployed,Current,138,2,146391,13,5,14,0,0.75,0,19,73195.5
CUST2871,42,Male,Employed,Fixed Deposit,119,2,61628,20,10,10,1,0.5,0,20,30814.0
CUST1970,32,Female,Employed,Savings,57,1,29690,22,7,18,1,0.68,0,25,29690.0
CUST1064,34,Female,Employed,Savings,125,1,16900,20,8,11,1,0.51,0,19,16900.0
CUST1897,32,Male,Employed,Current,175,3,57979,6,5,16,0,0.85,0,21,19326.33
CUST2710,34,Female,Self-employed,Savings,113,2,165847,15,7,9,0,0.93,0,16,82923.5
CUST2765,29,Female,Employed,Savings,120,1,87910,18,7,16,0,0.73,1,23,87910.0
CUST0183,30,Female,Unemployed,Savings,106,4,6824,19,6,12,0,0.92,1,18,1706.0
CUST1340,31,Female,Self-employed,Savings,24,2,610847,17,4,11,0,0.67,0,15,305423.5
CUST0990,45,Male,Employed,Savings,162,3,5382,15,3,10,0,0.59,0,13,1794.0
CUST2711,21,Male,Employed,Savings,78,3,215092,13,8,7,1,0.58,0,15,71697.33
CUST1277,42,Female,Employed,Current,79,3,181432,10,12,12,0,0.88,0,24,60477.33
CUST0883,34,Male,Self-employed,Savings,161,2,76355,24,10,9,0,0.68,1,19,38177.5
CUST0442,43,Male,Unemployed,Savings,49,4,506423,16,8,7,0,0.52,0,15,126605.75
CUST1378,35,Female,Employed,Current,23,3,394301,16,10,8,0,0.82,0,18,131433.67
CUST1141,18,Female,Employed,Savings,145,1,28915,10,5,7,0,0.71,1,12,28915.0
CUST0349,19,Male,Employed,Current,135,1,78280,22,7,14,0,1.0,0,21,78280.0
CUST2439,25,Female,Self-employed,Savings,178,2,83953,14,8,10,0,0.9,0,18,41976.5
CUST2182,35,Female,Employed,Current,47,2,79797,21,7,15,0,0.69,0,22,39898.5
CUST2162,36,Male,Self-employed,Savings,114,4,77402,8,6,7,0,0.55,1,13,19350.5
CUST2935,31,Male,Employed,Savings,20,4,310075,15,5,17,0,0.87,0,22,77518.75
CUST2803,31,Male,Self-employed,Fixed Deposit,150,1,194059,20,6,10,0,0.58,0,16,194059.0
CUST2717,37,Male,Self-employed,Current,27,1,802251,11,9,8,0,0.87,0,17,802251.0
CUST1143,23,Female,Unemployed,Fixed Deposit,159,2,49797,20,17,11,0,0.62,0,28,24898.5
CUST0314,18,Male,Employed,Fixed Deposit,174,3,16005,10,13,5,1,0.54,1,18,5335.0
CUST1922,18,Female,Employed,Current,43,2,26759,21,3,6,0,0.87,0,9,13379.5
CUST2936,18,Male,Self-employed,Savings,120,2,282274,19,3,8,0,0.53,0,11,141137.0
CUST0873,34,Male,Self-employed,Current,77,1,31928,16,7,12,0,0.88,0,19,31928.0
CUST2827,35,Male,Employed,Savings,108,1,151986,13,6,5,0,0.91,0,11,151986.0
CUST2578,30,Male,Unemployed,Current,136,4,98149,11,10,8,0,0.56,0,18,24537.25
CUST0257,29,Male,Employed,Savings,97,1,193495,6,6,14,0,0.65,0,20,193495.0
CUST0336,41,Male,Employed,Fixed Deposit,21,1,10401,19,7,15,0,0.93,1,22,10401.0
CUST2889,22,Male,Employed,Current,63,2,377259,13,11,9,1,0.96,0,20,188629.5
CUST1059,34,Female,Employed,Current,177,3,37795,19,7,9,0,0.65,0,16,12598.33
CUST2805,34,Male,Employed,Current,146,3,140125,20,14,9,0,0.75,0,23,46708.33
CUST1302,28,Female,Employed,Savings,120,2,269106,23,7,11,0,0.97,0,18,134553.0
CUST1336,37,Male,Employed,Savings,130,1,117311,14,4,9,0,0.58,1,13,117311.0
CUST0001,30,Female,Self-employed,Fixed Deposit,139,3,89313,14,6,12,0,0.82,1,18,29771.0
CUST2040,28,Male,Employed,Savings,51,2,46014,13,9,12,0,0.68,1,21,23007.0
CUST0110,54,Male,Self-employed,Current,18,2,406534,16,6,10,0,0.54,1,16,203267.0
CUST2577,18,Male,Employed,Fixed Deposit,34,2,137350,9,9,12,1,0.76,1,21,68675.0
CUST2373,41,Female,Self-employed,Savings,34,1,35507,26,10,11,0,0.58,0,21,35507.0
CUST1137,43,Female,Employed,Current,132,1,263453,19,10,13,0,0.6,0,23,263453.0
CUST0858,33,Male,Employed,Current,14,1,104501,14,13,8,0,0.86,0,21,104501.0
CUST0489,49,Female,Employed,Savings,91,1,27339,14,3,14,0,0.9,1,17,27339.0
CUST0311,30,Female,Employed,Savings,141,1,122724,15,4,14,0,0.6,0,18,122724.0
CUST1529,36,Male,Self-employed,Savings,29,3,144900,13,9,17,0,0.92,0,26,48300.0
CUST1136,25,Male,Self-employed,Savings,54,3,449783,12,7,10,0,0.52,0,17,149927.67
CUST2607,32,Male,Self-employed,Current,45,2,138705,21,4,7,2,0.82,1,11,69352.5
CUST2970,18,Male,Unemployed,Current,102,4,57655,12,6,9,0,0.91,0,15,14413.75
CUST2822,35,Male,Employed,Savings,28,1,260721,19,18,18,0,0.52,0,36,260721.0
CUST1646,19,Male,Employed,Savings,54,1,173169,18,4,15,0,0.78,1,19,173169.0
CUST2264,34,Male,Unemployed,Savings,167,2,103043,18,6,7,0,0.94,0,13,51521.5
CUST1540,46,Female,Employed,Savings,140,2,543990,16,4,10,1,0.83,1,14,271995.0
CUST1711,30,Male,Self-employed,Savings,176,1,264789,18,5,10,0,0.92,0,15,264789.0
CUST1438,33,Female,Employed,Savings,54,3,243480,12,7,14,0,0.57,1,21,81160.0
CUST2126,32,Male,Employed,Savings,159,1,41073,16,13,10,0,0.88,0,23,41073.0
CUST1784,27,Female,Employed,Savings,106,4,82091,15,7,13,0,0.54,0,20,20522.75
CUST2766,53,Male,Employed,Savings,62,1,128772,20,8,11,0,0.6,1,19,128772.0
CUST1018,28,Female,Self-employed,Fixed Deposit,28,3,58172,13,7,7,1,0.96,0,14,19390.67
CUST0685,51,Male,Self-employed,Current,79,1,629872,15,12,10,0,0.77,0,22,629872.0
CUST0256,36,Female,Employed,Savings,161,4,11797,21,4,12,0,0.8,0,16,2949.25
CUST2187,33,Male,Unemployed,Current,100,2,27884,14,11,15,0,0.84,0,26,13942.0
CUST2926,29,Female,Self-employed,Current,151,3,48002,17,5,8,0,0.59,0,13,16000.67
CUST2710,26,Male,Employed,Savings,136,2,408615,13,10,9,0,0.83,1,19,204307.5
CUST2804,27,Female,Self-employed,Savings,176,3,248700,18,15,10,1,0.9,0,25,82900.0
CUST1834,27,Male,Employed,Current,83,2,339123,24,10,9,0,0.53,1,19,169561.5
CUST2479,38,Male,Employed,Current,67,3,111954,16,7,10,1,0.72,0,17,37318.0
CUST0520,31,Female,Unemployed,Current,83,1,79025,10,5,11,0,0.61,0,16,79025.0
CUST2977,33,Male,Self-employed,Savings,67,4,38712,11,6,14,0,0.79,1,20,9678.0
CUST2166,35,Female,Self-employed,Current,14,1,144106,17,8,9,1,0.87,1,17,144106.0
CUST0990,34,Female,Employed,Savings,23,1,47995,17,3,16,0,0.81,1,19,47995.0
CUST1729,23,Female,Employed,Savings,50,4,108379,14,2,7,0,0.8,1,9,27094.75
CUST0227,28,Male,Employed,Current,20,1,160109,15,12,9,0,0.97,0,21,160109.0
CUST1753,34,Male,Self-employed,Savings,21,3,112719,19,9,9,0,0.52,0,18,37573.0
CUST2540,27,Female,Employed,Savings,99,1,110341,20,4,11,0,0.69,1,15,110341.0
CUST1237,32,Female,Self-employed,Current,47,1,215528,16,9,9,1,0.59,0,18,215528.0
CUST2685,33,Male,Unemployed,Savings,162,2,3689,15,12,8,0,0.77,0,20,1844.5
CUST0480,60,Male,Unemployed,Fixed Deposit,141,2,37060,15,5,5,0,0.8,0,10,18530.0
CUST1405,18,Male,Employed,Savings,175,2,45214,14,9,15,0,0.71,0,24,22607.0
CUST0273,34,Male,Self-employed,Savings,131,1,54550,20,12,11,0,0.69,1,23,54550.0
CUST2290,29,Female,Employed,Current,13,2,26449,16,7,12,0,0.9,0,19,13224.5
CUST0959,28,Male,Employed,Savings,148,1,196568,16,8,12,0,0.92,0,20,196568.0
CUST0088,35,Female,Employed,Savings,110,2,500,17,9,6,0,0.78,0,15,250.0
CUST0296,39,Female,Self-employed,Savings,164,1,65150,19,7,4,0,0.58,0,11,65150.0
CUST2055,21,Male,Employed,Current,68,4,11324,19,10,10,0,0.75,0,20,2831.0
CUST0674,43,Male,Employed,Fixed Deposit,167,1,333752,9,7,8,0,0.82,0,15,333752.0
CUST1729,39,Female,Self-employed,Savings,27,3,224483,11,4,11,0,0.52,1,15,74827.67
CUST1271,28,Female,Employed,Fixed Deposit,132,3,148711,15,16,9,0,0.96,0,25,49570.33
CUST2685,42,Female,Employed,Savings,159,1,216829,15,4,10,1,0.99,0,14,216829.0
CUST0526,37,Male,Unemployed,Savings,87,1,99247,14,5,7,0,0.89,1,12,99247.0
CUST2392,31,Male,Employed,Current,60,2,43255,9,9,13,0,0.62,0,22,21627.5
CUST2692,38,Female,Unemployed,Fixed Deposit,46,2,1041788,15,4,9,0,0.86,0,13,520894.0
CUST1070,31,Female,Unemployed,Savings,169,2,81222,15,13,14,1,0.74,0,27,40611.0
CUST2865,22,Male,Unemployed,Savings,48,2,24216,21,7,8,0,0.58,0,15,12108.0
CUST0964,34,Female,Employed,Savings,17,3,155530,10,7,8,0,0.77,0,15,51843.33
CUST2974,58,Female,Self-employed,Savings,108,1,318063,14,7,9,0,0.99,0,16,318063.0
CUST1512,37,Female,Self-employed,Savings,65,3,273471,12,7,7,0,0.58,0,14,91157.0
CUST2709,30,Male,Employed,Savings,98,3,33383,17,7,12,0,0.58,0,19,11127.67
CUST1703,41,Female,Employed,Current,69,1,162159,8,10,10,0,0.54,0,20,162159.0
CUST2349,30,Male,Self-employed,Savings,168,2,24055,20,3,11,0,0.92,0,14,12027.5
CUST1002,23,Male,Employed,Savings,49,2,97746,19,8,8,1,0.75,0,16,48873.0
CUST2248,26,Female,Employed,Current,51,1,11689,16,11,9,0,0.99,0,20,11689.0
CUST0743,46,Female,Employed,Savings,142,4,10931,9,6,8,0,0.9,0,14,2732.75
CUST0043,30,Female,Self-employed,Fixed Deposit,167,1,185257,9,11,11,0,0.77,0,22,185257.0
CUST2048,49,Male,Employed,Current,105,1,133808,21,5,6,1,0.59,0,11,133808.0
CUST2603,28,Male,Employed,Savings,63,4,500,11,14,8,0,0.6,0,22,125.0
CUST2866,40,Male,Employed,Savings,76,4,26359,12,14,6,0,0.98,0,20,6589.75
CUST1117,18,Female,Employed,Fixed Deposit,140,3,155062,21,4,10,0,0.54,0,14,51687.33
CUST0644,37,Female,Employed,Savings,90,3,82386,16,14,4,1,0.56,1,18,27462.0
CUST2608,18,Female,Employed,Savings,147,1,20607,14,11,5,0,0.83,0,16,20607.0
CUST1359,27,Male,Self-employed,Savings,137,1,49267,11,9,11,0,0.98,0,20,49267.0
CUST2919,53,Male,Employed,Savings,128,4,44309,10,6,7,0,0.62,0,13,11077.25
CUST1524,35,Female,Employed,Current,144,1,67713,20,7,9,0,0.61,0,16,67713.0
CUST0208,50,Female,Employed,Savings,43,1,178173,19,10,8,0,0.88,1,18,178173.0
CUST0771,39,Female,Unemployed,Savings,164,2,65174,11,7,14,0,0.84,0,21,32587.0
CUST2358,55,Female,Employed,Savings,37,2,378604,12,6,12,0,0.72,0,18,189302.0
CUST0191,34,Male,Self-employed,Savings,72,3,80195,21,9,12,0,0.98,1,21,26731.67
CUST2053,33,Male,Employed,Savings,135,2,42116,16,4,12,0,0.57,0,16,21058.0
CUST2636,18,Male,Employed,Savings,167,3,74043,17,7,8,0,0.89,1,15,24681.0
CUST1210,24,Male,Employed,Savings,39,3,140238,16,7,10,1,0.74,1,17,46746.0
CUST1697,30,Female,Employed,Current,20,3,38760,14,10,14,0,0.88,0,24,12920.0
CUST0580,44,Female,Employed,Savings,116,2,329505,18,6,4,0,0.9,0,10,164752.5
CUST1132,33,Female,Unemployed,Fixed Deposit,57,2,66114,20,11,12,0,0.9,0,23,33057.0
CUST1536,47,Male,Employed,Savings,126,2,506447,9,6,12,1,0.78,0,18,253223.5
CUST1542,55,Female,Unemployed,Savings,140,1,345816,12,12,16,1,0.98,0,28,345816.0
CUST1037,42,Female,Self-employed,Savings,44,3,31765,13,6,11,2,0.54,0,17,10588.33
CUST1992,37,Male,Self-employed,Savings,120,2,21004,10,7,6,0,0.57,1,13,10502.0
CUST0033,20,Female,Employed,Fixed Deposit,174,1,29742,17,10,12,0,0.84,0,22,29742.0
CUST0259,45,Male,Employed,Savings,143,1,282521,12,6,13,0,0.85,0,19,282521.0
CUST1262,53,Female,Self-employed,Savings,155,2,49886,16,15,13,0,0.94,0,28,24943.0
CUST0918,32,Female,Unemployed,Savings,111,1,275589,14,10,13,0,0.6,1,23,275589.0
CUST2033,32,Male,Employed,Current,96,2,146225,11,4,8,0,0.86,0,12,73112.5
CUST2623,44,Female,Self-employed,Savings,118,3,14538,15,8,9,0,0.79,1,17,4846.0
CUST1204,19,Male,Employed,Savings,138,3,5058,17,6,5,0,0.55,1,11,1686.0
CUST1843,24,Female,Self-employed,Savings,119,3,212886,17,7,8,0,0.94,1,15,70962.0
CUST2393,47,Male,Employed,Savings,154,2,20082,19,9,7,0,0.69,0,16,10041.0
CUST1334,50,Male,Employed,Current,29,3,42809,13,8,11,0,0.86,1,19,14269.67
CUST1175,32,Male,Employed,Savings,116,3,68893,19,9,11,0,0.95,1,20,22964.33
CUST0647,43,Male,Self-employed,Savings,28,3,8304,17,12,11,0,0.85,0,23,2768.0
CUST2581,19,Male,Self-employed,Savings,87,4,225230,14,7,10,0,0.87,0,17,56307.5
CUST1698,32,Male,Employed,Current,177,4,240015,15,10,10,1,0.78,0,20,60003.75
CUST2081,31,Male,Employed,Savings,126,4,175575,16,10,4,0,0.99,0,14,43893.75
CUST1376,37,Female,Self-employed,Savings,147,1,44894,17,7,10,0,0.6,0,17,44894.0
CUST1661,29,Male,Self-employed,Current,18,2,358892,12,11,8,0,0.73,1,19,179446.0
CUST1705,31,Male,Employed,Savings,28,2,38421,18,6,10,0,0.93,0,16,19210.5
CUST1177,36,Female,Employed,Savings,18,2,223375,18,6,10,0,0.82,0,16,111687.5
CUST0030,25,Female,Unemployed,Savings,37,3,57537,20,12,13,0,0.62,1,25,19179.0
CUST0328,25,Male,Self-employed,Savings,114,2,166949,11,13,23,1,0.78,1,36,83474.5
CUST1470,43,Female,Self-employed,Savings,179,2,3155,13,8,6,0,0.9,0,14,1577.5
CUST1279,25,Male,Self-employed,Current,130,4,167467,16,11,7,0,0.53,0,18,41866.75
CUST2606,46,Male,Self-employed,Savings,134,1,35566,8,10,8,0,0.51,0,18,35566.0
CUST0319,20,Male,Unemployed,Savings,14,4,229718,19,6,10,0,0.63,0,16,57429.5
CUST0190,33,Male,Self-employed,Current,40,1,490820,19,9,6,0,0.89,0,15,490820.0
CUST1700,18,Female,Employed,Fixed Deposit,85,2,87253,12,7,8,0,0.84,0,15,43626.5
CUST1979,37,Female,Employed,Savings,74,2,63052,25,10,8,0,0.82,0,18,31526.0
CUST1671,37,Female,Employed,Current,84,2,35352,12,8,6,0,0.74,1,14,17676.0
CUST0310,41,Male,Employed,Savings,24,1,22437,17,7,7,0,0.59,0,14,22437.0
CUST0692,25,Male,Employed,Savings,160,2,5114,13,8,11,1,0.88,0,19,2557.0
CUST0286,18,Male,Unemployed,Savings,121,4,75078,21,11,9,0,0.78,0,20,18769.5
CUST2128,32,Male,Employed,Current,33,1,227515,23,4,11,0,0.98,0,15,227515.0
CUST2138,20,Male,Employed,Current,122,2,79785,17,7,11,0,0.6,0,18,39892.5
CUST0691,32,Male,Employed,Savings,56,2,99176,14,8,16,1,0.93,1,24,49588.0
CUST2850,44,Male,Unemployed,Current,33,3,39725,22,7,9,0,0.84,1,16,13241.67
CUST0112,41,Male,Employed,Fixed Deposit,35,1,103640,13,6,10,0,0.89,0,16,103640.0
CUST1869,46,Female,Employed,Current,171,3,114115,13,7,5,0,0.97,1,12,38038.33
CUST1286,39,Male,Employed,Savings,130,3,366825,16,6,10,1,0.89,0,16,122275.0
CUST0049,36,Female,Self-employed,Savings,20,1,81832,8,8,11,0,0.76,0,19,81832.0
CUST0810,52,Male,Unemployed,Current,167,3,7109,14,12,10,0,0.89,0,22,2369.67
CUST1635,38,Male,Employed,Current,107,2,163317,14,9,8,0,0.78,0,17,81658.5
CUST2920,41,Male,Employed,Savings,172,3,107141,19,3,17,0,0.87,0,20,35713.67
CUST1420,44,Female,Employed,Fixed Deposit,172,1,3273,19,12,9,0,0.69,1,21,3273.0
CUST2449,31,Male,Employed,Current,73,1,321505,11,10,15,0,0.57,1,25,321505.0
CUST2813,30,Female,Employed,Current,149,2,137248,17,10,7,0,0.6,1,17,68624.0
CUST2117,22,Male,Employed,Current,91,3,110046,8,3,11,0,0.9,0,14,36682.0
CUST0076,35,Female,Employed,Savings,142,2,28755,9,9,10,0,0.96,1,19,14377.5
CUST2328,30,Female,Employed,Savings,171,1,52396,18,12,7,0,0.59,0,19,52396.0
CUST1042,39,Male,Employed,Savings,130,2,82904,13,6,15,0,0.61,0,21,41452.0
CUST2838,36,Female,Employed,Current,95,1,207388,9,11,5,0,0.67,0,16,207388.0
CUST0261,39,Female,Employed,Savings,34,3,367219,16,10,11,0,0.96,1,21,122406.33
CUST2117,28,Male,Employed,Savings,72,1,169556,17,6,11,1,0.8,1,17,169556.0
CUST0041,31,Female,Employed,Current,175,2,23866,16,9,9,0,0.63,0,18,11933.0
CUST2263,31,Male,Employed,Savings,57,3,357608,14,6,11,0,0.83,0,17,119202.67
CUST2783,35,Male,Self-employed,Savings,179,3,3670,16,9,9,0,0.7,0,18,1223.33
CUST2864,39,Male,Employed,Savings,105,1,44112,21,5,4,0,0.9,1,9,44112.0
CUST1947,32,Male,Employed,Savings,25,2,117563,12,8,6,0,0.63,0,14,58781.5
CUST0651,29,Male,Employed,Current,37,1,342785,9,8,7,0,0.55,1,15,342785.0
CUST1114,23,Female,Self-employed,Current,154,3,72313,16,7,12,1,0.77,0,19,24104.33
CUST2801,28,Male,Self-employed,Savings,179,1,39352,16,8,9,1,0.71,1,17,39352.0
CUST0771,38,Female,Employed,Savings,55,1,7046,20,4,8,0,0.72,1,12,7046.0
CUST2208,38,Female,Self-employed,Savings,42,4,17874,12,7,14,0,0.85,1,21,4468.5
CUST0397,50,Male,Employed,Savings,19,2,500,15,2,8,1,0.72,0,10,250.0
CUST1897,33,Female,Employed,Fixed Deposit,174,2,661800,16,5,13,0,0.91,0,18,330900.0
CUST1764,29,Female,Self-employed,Savings,59,2,199861,14,7,14,0,0.6,1,21,99930.5
CUST1628,35,Female,Self-employed,Current,96,3,85031,15,8,7,0,0.7,0,15,28343.67
CUST2977,27,Female,Employed,Savings,169,2,12884,15,8,11,0,0.71,0,19,6442.0
CUST1102,41,Male,Self-employed,Savings,162,4,395405,11,6,12,0,0.85,0,18,98851.25
CUST0106,38,Male,Self-employed,Savings,149,2,150708,12,6,11,0,0.59,0,17,75354.0
CUST1119,37,Female,Self-employed,Savings,44,1,23634,18,10,15,0,0.72,0,25,23634.0
CUST1715,45,Male,Employed,Current,62,3,93654,16,11,9,0,0.76,0,20,31218.0
CUST2305,51,Male,Employed,Savings,125,1,176461,16,7,12,0,0.79,0,19,176461.0
CUST0928,31,Male,Employed,Savings,87,1,48061,13,11,8,0,0.84,0,19,48061.0
CUST2719,47,Female,Employed,Savings,74,2,12078,13,12,8,0,0.84,0,20,6039.0
CUST2646,37,Female,Employed,Current,159,2,150654,12,9,16,0,0.51,1,25,75327.0
CUST0765,51,Male,Employed,Savings,46,1,90983,11,11,8,0,0.7,0,19,90983.0
CUST1696,51,Female,Employed,Savings,31,3,142720,15,7,9,0,0.72,0,16,47573.33
CUST1576,44,Female,Self-employed,Savings,164,2,362204,14,13,13,0,0.93,0,26,181102.0
CUST0835,52,Male,Unemployed,Fixed Deposit,56,3,63637,11,8,12,0,0.88,0,20,21212.33
CUST2545,34,Female,Self-employed,Savings,162,4,27307,29,8,16,1,0.81,0,24,6826.75
CUST2666,22,Male,Employed,Current,103,1,92063,14,8,15,2,0.63,0,23,92063.0
CUST0638,33,Male,Employed,Current,88,4,167024,15,4,8,0,0.51,0,12,41756.0
CUST1286,20,Male,Employed,Savings,159,3,59390,17,8,13,0,0.66,0,21,19796.67
CUST2635,37,Female,Self-employed,Savings,110,4,501184,19,9,12,1,0.79,1,21,125296.0
CUST2237,33,Female,Employed,Savings,65,1,22384,17,8,11,0,0.94,0,19,22384.0
CUST2896,35,Female,Employed,Current,130,1,264127,11,8,8,1,0.64,0,16,264127.0
CUST1207,25,Female,Self-employed,Current,59,1,139887,20,5,9,1,0.71,1,14,139887.0
CUST0912,37,Female,Unemployed,Savings,56,4,1442429,13,8,7,2,0.9,1,15,360607.25
CUST0254,42,Female,Employed,Current,134,4,2971,7,2,8,0,0.53,0,10,742.75
CUST0050,30,Female,Employed,Current,35,3,208211,15,9,11,0,0.8,1,20,69403.67
CUST2537,33,Male,Employed,Current,132,1,33573,17,7,10,0,0.71,0,17,33573.0
CUST0298,27,Male,Unemployed,Current,111,1,62351,21,7,10,0,0.51,0,17,62351.0
CUST2113,25,Male,Employed,Savings,104,1,12225,14,5,8,0,0.67,1,13,12225.0
CUST1214,36,Female,Self-employed,Savings,149,2,15282,11,5,5,0,0.76,0,10,7641.0
CUST2061,24,Female,Self-employed,Current,174,1,4437,13,8,11,0,0.99,0,19,4437.0
CUST0207,22,Female,Self-employed,Savings,50,1,75318,15,8,6,0,0.63,1,14,75318.0
CUST0980,38,Male,Employed,Savings,175,2,369618,21,7,12,0,0.62,0,19,184809.0
CUST2775,41,Female,Self-employed,Current,52,4,75566,16,8,13,0,0.57,1,21,18891.5
CUST2392,43,Male,Employed,Savings,14,4,80426,18,8,11,0,0.69,0,19,20106.5
CUST0498,24,Female,Employed,Savings,78,1,33154,23,15,13,0,0.76,1,28,33154.0
CUST2161,51,Female,Self-employed,Savings,85,2,50487,15,8,7,0,0.9,0,15,25243.5
CUST0352,33,Female,Unemployed,Savings,108,1,72245,16,9,6,0,0.86,0,15,72245.0
CUST0179,43,Male,Employed,Savings,68,2,246282,14,5,16,0,0.65,0,21,123141.0
CUST1897,20,Male,Self-employed,Savings,43,2,102102,12,6,11,0,0.65,1,17,51051.0
CUST2918,42,Female,Employed,Savings,133,3,138240,7,8,11,0,0.64,0,19,46080.0
CUST2856,39,Male,Unemployed,Savings,171,3,16432,17,9,11,0,0.73,0,20,5477.33
CUST2115,40,Female,Employed,Current,168,1,93879,21,9,8,1,0.88,0,17,93879.0
CUST2992,40,Male,Unemployed,Current,56,1,490415,13,6,9,0,1.0,1,15,490415.0
CUST1029,42,Female,Self-employed,Savings,58,1,28195,11,12,9,0,0.87,1,21,28195.0
CUST2206,36,Male,Employed,Current,46,2,12343,16,12,13,0,0.56,0,25,6171.5
CUST2813,36,Male,Employed,Savings,179,4,87972,14,10,6,0,0.78,0,16,21993.0
CUST2086,39,Male,Employed,Savings,124,3,147805,15,11,16,0,0.9,0,27,49268.33
CUST0606,40,Female,Employed,Current,61,3,11912,21,12,11,0,0.65,1,23,3970.67
CUST0090,26,Female,Unemployed,Fixed Deposit,119,1,146445,18,14,9,0,0.55,1,23,146445.0
CUST2386,38,Male,Employed,Savings,41,2,580830,15,7,10,0,1.0,0,17,290415.0
CUST1014,30,Female,Self-employed,Savings,104,1,69310,16,10,9,0,0.96,0,19,69310.0
CUST2558,22,Male,Employed,Savings,178,1,257217,18,5,9,0,0.62,0,14,257217.0
CUST0331,34,Female,Unemployed,Savings,153,3,78426,15,9,9,0,0.85,0,18,26142.0
CUST0806,20,Male,Self-employed,Current,101,3,20099,11,6,8,1,0.6,0,14,6699.67
CUST0539,31,Female,Employed,Fixed Deposit,93,4,7586,24,7,13,0,0.96,1,20,1896.5
CUST0341,37,Male,Employed,Current,147,2,129446,11,4,10,0,0.87,0,14,64723.0
CUST1848,24,Female,Employed,Savings,35,3,110653,14,8,11,0,0.63,0,19,36884.33
CUST1296,22,Male,Employed,Fixed Deposit,115,1,35711,19,6,12,0,0.77,1,18,35711.0
CUST1046,50,Female,Employed,Current,102,1,92183,11,10,15,0,0.82,1,25,92183.0
CUST2707,38,Male,Employed,Savings,86,1,232464,10,11,5,0,0.79,1,16,232464.0
CUST2579,48,Male,Employed,Savings,32,3,88770,14,10,11,0,0.57,1,21,29590.0
CUST1953,27,Female,Employed,Savings,71,1,57593,11,9,8,0,0.51,0,17,57593.0
CUST2208,40,Male,Employed,Current,44,1,181234,18,11,8,2,0.84,1,19,181234.0
CUST1384,32,Female,Self-employed,Savings,163,2,235910,16,10,6,0,0.55,0,16,117955.0
CUST2510,41,Female,Employed,Fixed Deposit,107,4,36621,16,2,8,0,0.99,0,10,9155.25
CUST2175,40,Male,Self-employed,Savings,78,3,187177,8,7,8,1,0.75,0,15,62392.33
CUST0567,43,Female,Employed,Savings,148,1,500,20,10,18,1,0.94,0,28,500.0
CUST2978,38,Female,Unemployed,Savings,16,1,350992,22,7,8,1,0.71,1,15,350992.0
CUST0615,41,Female,Self-employed,Savings,63,1,80093,17,11,13,0,0.84,0,24,80093.0
CUST0790,25,Male,Self-employed,Savings,98,3,10916,21,9,8,0,0.64,1,17,3638.67
CUST0859,46,Female,Employed,Savings,87,1,134379,21,6,11,0,0.81,0,17,134379.0
CUST1452,18,Male,Employed,Savings,132,1,220926,20,8,13,0,0.52,1,21,220926.0
CUST2231,18,Female,Self-employed,Savings,74,1,181426,17,8,6,0,0.6,0,14,181426.0
CUST0699,27,Female,Employed,Savings,85,3,28001,14,11,9,0,0.54,0,20,9333.67
CUST1186,36,Male,Self-employed,Fixed Deposit,134,1,72192,18,3,13,0,0.95,1,16,72192.0
CUST2845,37,Male,Employed,Current,176,1,200801,13,6,8,0,0.96,0,14,200801.0
CUST2513,46,Male,Employed,Current,132,1,103705,11,11,8,0,0.86,1,19,103705.0
CUST1057,29,Male,Employed,Savings,159,2,228593,15,10,13,1,0.69,0,23,114296.5
CUST2200,41,Male,Self-employed,Savings,18,1,278685,17,7,7,0,0.65,0,14,278685.0
CUST1622,40,Male,Self-employed,Fixed Deposit,179,1,234574,11,5,8,1,0.52,0,13,234574.0
CUST2531,47,Female,Unemployed,Current,94,4,163330,18,10,7,0,0.65,1,17,40832.5
CUST1506,35,Female,Employed,Current,112,4,225929,10,6,12,0,0.83,1,18,56482.25
CUST0552,40,Male,Unemployed,Savings,80,2,32850,20,7,18,1,0.63,0,25,16425.0
CUST1577,30,Female,Employed,Fixed Deposit,114,3,143264,13,12,11,0,0.74,0,23,47754.67
CUST2157,36,Female,Employed,Savings,104,1,62124,16,8,10,0,0.59,1,18,62124.0
CUST2235,28,Female,Self-employed,Current,179,3,163326,18,6,13,0,0.63,0,19,54442.0
CUST0594,18,Female,Self-employed,Savings,86,1,23439,10,9,14,0,0.73,0,23,23439.0
CUST2460,46,Male,Unemployed,Current,67,1,59286,7,5,8,0,0.86,0,13,59286.0
CUST0117,42,Male,Employed,Current,42,2,274909,16,4,13,0,0.51,0,17,137454.5
CUST1397,32,Male,Unemployed,Savings,79,1,57780,14,6,12,0,0.95,0,18,57780.0
CUST0037,24,Male,Self-employed,Current,56,2,3640,10,6,9,0,0.6,0,15,1820.0
CUST2366,20,Female,Unemployed,Current,62,3,1668,17,7,11,0,0.86,0,18,556.0
CUST1254,31,Female,Unemployed,Savings,42,3,26988,11,12,5,0,0.51,0,17,8996.0
CUST0398,40,Female,Employed,Fixed Deposit,80,3,16978,15,5,6,0,0.54,1,11,5659.33
CUST2884,42,Male,Self-employed,Savings,161,3,119302,13,5,7,0,0.91,0,12,39767.33
CUST1056,35,Female,Unemployed,Current,138,2,68593,14,7,7,0,0.7,0,14,34296.5
CUST2471,30,Female,Employed,Savings,45,2,140844,11,6,11,0,0.58,0,17,70422.0
CUST2156,50,Male,Employed,Current,149,1,33777,26,7,4,0,0.63,0,11,33777.0
CUST2268,33,Male,Self-employed,Savings,88,2,644358,13,6,11,1,0.69,0,17,322179.0
CUST0024,36,Male,Employed,Current,154,1,264518,21,10,11,0,0.77,1,21,264518.0
CUST2049,29,Female,Employed,Savings,42,1,8800,13,11,13,0,0.54,1,24,8800.0
CUST1866,39,Female,Employed,Fixed Deposit,133,1,241344,15,3,7,0,0.76,0,10,241344.0
CUST1092,42,Female,Self-employed,Current,128,3,186108,13,9,10,0,0.71,0,19,62036.0
CUST0359,41,Male,Self-employed,Fixed Deposit,67,2,164669,12,4,6,0,0.79,0,10,82334.5
CUST2526,39,Male,Unemployed,Savings,143,1,82212,15,5,4,0,0.7,0,9,82212.0
CUST0940,48,Female,Employed,Current,141,3,292074,19,4,7,0,0.56,0,11,97358.0
CUST0609,41,Female,Employed,Current,18,2,350126,16,11,9,0,0.84,1,20,175063.0
CUST2992,28,Female,Employed,Fixed Deposit,57,1,40972,15,7,10,0,0.95,0,17,40972.0
CUST2508,29,Female,Employed,Savings,167,4,14502,14,9,8,1,0.61,0,17,3625.5
CUST2664,30,Female,Employed,Current,164,1,289489,17,10,13,0,0.67,0,23,289489.0
CUST1842,53,Female,Unemployed,Fixed Deposit,68,4,87756,17,7,4,0,0.69,1,11,21939.0
CUST1000,29,Male,Employed,Savings,104,4,210809,17,7,13,0,0.66,1,20,52702.25
CUST0437,35,Female,Employed,Savings,65,2,387762,15,11,10,0,0.59,0,21,193881.0
CUST1756,41,Female,Employed,Current,166,2,137093,19,11,9,0,0.69,0,20,68546.5
CUST2070,32,Male,Self-employed,Current,46,4,403239,12,9,3,0,0.62,0,12,100809.75
CUST2054,48,Male,Employed,Savings,135,1,213311,17,8,13,0,0.54,1,21,213311.0
CUST2665,22,Male,Self-employed,Savings,132,1,466062,19,8,11,0,0.82,0,19,466062.0
CUST0382,47,Female,Self-employed,Savings,131,1,79945,18,3,10,0,0.74,0,13,79945.0
CUST1962,43,Male,Self-employed,Savings,70,3,276834,15,14,14,0,0.51,0,28,92278.0
CUST2697,58,Female,Employed,Savings,44,3,172712,11,5,8,0,0.64,1,13,57570.67
CUST2133,34,Male,Self-employed,Savings,153,1,147502,16,10,11,0,0.82,1,21,147502.0
CUST1972,38,Female,Self-employed,Fixed Deposit,73,1,38776,11,5,5,0,0.66,0,10,38776.0
CUST2811,50,Male,Employed,Current,147,1,219049,12,8,9,0,0.9,1,17,219049.0
CUST1770,20,Male,Employed,Savings,156,2,151286,19,7,9,1,0.69,0,16,75643.0
CUST1521,34,Female,Self-employed,Fixed Deposit,23,2,201238,12,6,11,0,0.88,0,17,100619.0
CUST1742,35,Male,Employed,Current,129,2,75042,12,5,9,1,0.54,0,14,37521.0
CUST1803,31,Male,Self-employed,Savings,155,1,433824,19,9,10,0,0.81,0,19,433824.0
CUST0328,44,Male,Employed,Current,54,1,138631,20,4,10,1,0.6,0,14,138631.0
CUST1245,32,Male,Employed,Savings,137,2,82492,15,1,14,0,0.78,0,15,41246.0
CUST0616,29,Male,Employed,Savings,121,2,143778,18,8,7,1,0.91,0,15,71889.0
CUST2221,39,Female,Employed,Fixed Deposit,58,2,64320,16,10,11,0,0.7,1,21,32160.0
CUST1019,33,Male,Employed,Savings,70,3,18411,12,7,8,1,0.6,0,15,6137.0
CUST2847,38,Female,Employed,Savings,99,3,26227,12,9,13,1,0.78,0,22,8742.33
CUST0498,20,Female,Self-employed,Savings,29,3,407803,12,8,11,0,0.81,0,19,135934.33
CUST0516,36,Male,Unemployed,Fixed Deposit,123,2,356056,16,5,12,0,0.65,1,17,178028.0
CUST1003,46,Female,Employed,Current,141,2,67599,10,7,9,0,0.71,0,16,33799.5
CUST1715,27,Male,Self-employed,Current,14,4,102968,13,5,5,0,0.96,0,10,25742.0
CUST1517,18,Female,Employed,Savings,157,1,135563,19,6,11,0,0.81,0,17,135563.0
CUST1005,41,Male,Self-employed,Current,86,1,78597,17,13,10,0,0.91,0,23,78597.0
CUST2096,18,Female,Employed,Current,17,4,427668,20,7,10,0,0.73,1,17,106917.0
CUST0120,32,Male,Employed,Current,88,2,93460,15,9,12,0,0.63,1,21,46730.0
CUST1755,49,Male,Employed,Savings,82,2,20440,15,12,17,0,0.87,0,29,10220.0
CUST1823,26,Male,Employed,Savings,174,2,44499,9,14,7,0,0.62,0,21,22249.5
CUST0083,22,Female,Employed,Current,166,1,418176,19,9,7,0,0.74,0,16,418176.0
CUST1652,37,Male,Employed,Savings,130,3,71981,14,9,6,0,0.59,0,15,23993.67
CUST2727,39,Female,Employed,Savings,85,2,143811,12,10,12,0,0.63,0,22,71905.5
CUST0358,33,Female,Self-employed,Savings,170,4,608511,15,16,9,1,0.97,0,25,152127.75
CUST1239,39,Male,Unemployed,Savings,24,1,514089,16,6,9,0,0.84,0,15,514089.0
CUST2008,38,Female,Self-employed,Savings,108,2,85604,12,4,14,1,0.68,1,18,42802.0
CUST1674,49,Male,Self-employed,Savings,62,3,216813,15,9,11,0,0.82,0,20,72271.0
CUST0429,45,Male,Employed,Current,155,1,65032,17,6,6,0,0.73,0,12,65032.0
CUST2202,44,Male,Employed,Current,157,3,338606,6,8,9,0,0.64,1,17,112868.67
CUST2598,29,Female,Employed,Savings,34,1,48971,13,14,14,0,0.66,0,28,48971.0
CUST1536,19,Female,Employed,Savings,167,4,106158,14,1,13,0,0.96,0,14,26539.5
CUST2052,34,Male,Self-employed,Current,105,3,82192,13,13,6,1,0.97,1,19,27397.33
CUST2855,23,Female,Employed,Savings,59,1,68021,17,8,8,1,0.92,0,16,68021.0
CUST2813,46,Male,Employed,Savings,168,2,43571,18,10,5,1,0.78,0,15,21785.5
CUST2611,29,Male,Employed,Savings,47,2,284997,16,14,8,0,0.98,0,22,142498.5
CUST0115,33,Female,Employed,Savings,57,2,141802,18,7,3,0,0.53,0,10,70901.0
CUST1116,55,Female,Employed,Savings,101,1,844030,16,9,9,0,0.56,1,18,844030.0
CUST2967,36,Male,Employed,Fixed Deposit,134,1,104541,21,9,15,0,0.86,0,24,104541.0
CUST2847,24,Female,Employed,Savings,118,3,217238,14,7,3,0,0.75,1,10,72412.67
CUST0846,45,Female,Employed,Fixed Deposit,152,2,67987,11,4,15,0,0.6,0,19,33993.5
CUST2386,18,Female,Unemployed,Savings,149,2,98155,21,4,6,0,0.55,0,10,49077.5
CUST2078,47,Male,Employed,Savings,134,1,23203,14,9,11,0,0.89,0,20,23203.0
CUST1861,52,Male,Employed,Savings,57,1,592197,18,6,9,0,0.73,0,15,592197.0
CUST1310,18,Female,Employed,Current,59,3,41041,17,4,11,0,0.85,0,15,13680.33
CUST0402,30,Male,Employed,Current,133,1,350446,15,7,4,0,0.88,0,11,350446.0
CUST0041,34,Female,Employed,Savings,112,1,1996,16,14,7,0,0.81,1,21,1996.0
CUST2626,35,Male,Employed,Savings,31,2,85459,19,8,7,0,0.68,0,15,42729.5
CUST2549,40,Female,Employed,Savings,95,1,258428,9,13,11,0,0.92,0,24,258428.0
CUST0002,36,Female,Employed,Current,96,3,107334,17,12,12,1,0.59,0,24,35778.0
CUST0397,32,Male,Employed,Current,64,2,166660,15,5,12,1,0.75,0,17,83330.0
CUST1082,34,Female,Unemployed,Current,38,2,139838,12,6,13,0,0.77,0,19,69919.0
CUST2381,41,Male,Self-employed,Fixed Deposit,16,1,66887,17,8,8,0,0.51,1,16,66887.0
CUST2463,30,Male,Employed,Current,171,2,208550,25,6,17,0,0.74,0,23,104275.0
CUST1987,27,Female,Employed,Current,168,2,219379,21,6,18,1,0.62,0,24,109689.5
CUST0243,42,Male,Self-employed,Savings,108,1,186631,15,5,10,0,0.82,0,15,186631.0
CUST2124,40,Female,Employed,Savings,18,2,327304,16,2,8,1,0.83,1,10,163652.0
CUST1819,26,Female,Employed,Savings,155,1,403815,18,10,10,0,0.61,0,20,403815.0
CUST1630,48,Female,Unemployed,Savings,130,4,15059,17,9,8,0,0.61,0,17,3764.75
CUST1561,26,Male,Self-employed,Savings,13,4,236564,15,9,8,0,0.55,0,17,59141.0
CUST0530,32,Female,Employed,Current,153,2,258439,15,3,8,0,0.8,0,11,129219.5
CUST1740,38,Female,Employed,Current,146,3,144617,13,6,8,0,0.54,0,14,48205.67
CUST1797,37,Female,Employed,Current,104,2,39950,13,7,15,0,0.86,1,22,19975.0
CUST2996,24,Male,Unemployed,Savings,54,2,16383,16,6,9,0,0.84,1,15,8191.5
CUST0442,30,Male,Self-employed,Savings,62,1,32626,16,5,10,0,0.59,0,15,32626.0
CUST0078,49,Female,Employed,Savings,73,2,70510,15,7,10,0,0.64,0,17,35255.0
CUST0229,31,Male,Self-employed,Fixed Deposit,164,1,58878,19,5,9,0,0.85,0,14,58878.0
CUST0514,37,Female,Self-employed,Current,47,1,134108,13,6,5,0,0.76,1,11,134108.0
CUST2286,34,Female,Employed,Current,92,1,37988,12,6,6,0,0.85,1,12,37988.0
CUST2313,29,Male,Employed,Fixed Deposit,98,2,90398,17,8,4,0,0.93,0,12,45199.0
CUST0442,27,Female,Employed,Savings,131,1,256824,12,8,10,0,0.82,0,18,256824.0
CUST2671,24,Male,Employed,Savings,75,3,50718,16,5,9,0,0.94,0,14,16906.0
CUST1094,32,Male,Employed,Current,145,1,15916,9,12,12,0,0.93,0,24,15916.0
CUST2961,45,Female,Unemployed,Fixed Deposit,48,1,17677,17,10,6,0,0.64,1,16,17677.0
CUST1500,52,Male,Self-employed,Savings,139,3,72816,10,18,7,0,0.54,0,25,24272.0
CUST1198,46,Male,Employed,Current,163,2,244032,16,6,12,0,0.69,0,18,122016.0
CUST2288,28,Male,Employed,Savings,87,1,270992,11,10,10,0,0.52,1,20,270992.0
CUST0533,46,Male,Self-employed,Current,103,1,179397,11,7,8,0,0.96,0,15,179397.0
CUST1420,38,Male,Self-employed,Savings,116,2,21321,16,8,9,0,0.6,0,17,10660.5
CUST1713,33,Female,Self-employed,Current,35,1,129209,19,4,11,0,0.69,0,15,129209.0
CUST0055,23,Female,Employed,Fixed Deposit,88,1,96671,16,6,18,0,1.0,0,24,96671.0
CUST0167,34,Male,Employed,Current,45,4,4942,16,5,17,0,0.92,0,22,1235.5
CUST0297,32,Male,Employed,Current,177,1,114521,17,12,5,0,0.88,0,17,114521.0
CUST0776,46,Male,Self-employed,Current,119,1,428480,13,4,8,0,0.9,0,12,428480.0
CUST0274,42,Male,Self-employed,Current,24,2,198260,10,7,15,0,0.69,1,22,99130.0
CUST1562,47,Male,Self-employed,Current,41,3,169215,18,6,15,0,0.99,0,21,56405.0
CUST2559,28,Female,Employed,Current,82,4,21905,13,5,8,0,0.68,1,13,5476.25
CUST2682,20,Female,Self-employed,Savings,93,2,8571,14,7,10,1,0.83,0,17,4285.5
CUST0630,26,Female,Employed,Savings,62,4,62110,14,5,12,0,0.95,1,17,15527.5
CUST0365,32,Female,Unemployed,Savings,121,2,227023,21,10,10,0,0.75,0,20,113511.5
CUST2738,29,Male,Self-employed,Savings,83,1,120150,16,5,9,0,0.9,0,14,120150.0
CUST0602,35,Female,Self-employed,Current,65,1,69073,17,10,7,0,0.78,0,17,69073.0
CUST0853,57,Female,Self-employed,Current,47,2,729233,15,9,8,0,0.51,0,17,364616.5
CUST2702,18,Male,Employed,Savings,134,1,8003,18,7,8,0,0.53,0,15,8003.0
CUST0246,36,Female,Unemployed,Current,35,3,69166,7,6,7,0,0.93,0,13,23055.33
CUST1077,37,Male,Employed,Savings,115,3,25557,14,5,10,0,0.97,0,15,8519.0
CUST0207,35,Male,Employed,Fixed Deposit,178,1,126956,17,6,10,0,0.75,0,16,126956.0
CUST0933,29,Male,Self-employed,Savings,114,2,31201,16,14,8,0,0.61,0,22,15600.5
CUST2274,46,Female,Employed,Savings,93,2,98794,12,10,10,0,0.51,0,20,49397.0
CUST0065,37,Female,Employed,Fixed Deposit,64,2,53204,16,11,5,0,0.67,1,16,26602.0
CUST0648,42,Male,Unemployed,Savings,46,4,98504,5,10,7,1,0.75,0,17,24626.0
CUST0304,23,Female,Self-employed,Current,14,4,15676,10,8,10,0,0.65,1,18,3919.0
CUST0583,36,Male,Employed,Fixed Deposit,114,4,32969,18,2,10,0,0.58,0,12,8242.25
CUST2129,18,Male,Self-employed,Savings,15,4,200678,13,7,15,0,0.57,0,22,50169.5
CUST1893,36,Male,Self-employed,Fixed Deposit,157,2,69957,11,15,7,0,0.79,0,22,34978.5
CUST1695,30,Female,Employed,Savings,93,2,173009,12,14,11,0,0.79,0,25,86504.5
CUST1089,46,Male,Employed,Current,16,3,4743,14,10,9,0,0.8,1,19,1581.0
CUST2224,38,Male,Self-employed,Savings,165,1,285930,13,8,9,0,0.91,0,17,285930.0
CUST1563,46,Female,Self-employed,Current,47,1,109193,15,7,10,0,0.65,0,17,109193.0
CUST1879,50,Male,Self-employed,Current,115,2,37969,7,3,9,0,0.99,0,12,18984.5
CUST1165,42,Female,Self-employed,Current,54,1,67718,11,8,17,1,0.59,0,25,67718.0
CUST0220,39,Male,Unemployed,Savings,154,3,230080,15,8,11,0,0.84,0,19,76693.33
CUST1021,33,Female,Self-employed,Current,113,4,41997,14,7,11,0,0.8,1,18,10499.25
CUST1034,38,Female,Unemployed,Savings,94,1,320901,17,8,6,0,0.54,0,14,320901.0
CUST1751,35,Male,Employed,Current,85,1,6186,9,7,6,0,0.56,1,13,6186.0
CUST2826,18,Female,Employed,Fixed Deposit,84,3,96869,28,10,8,0,0.94,0,18,32289.67
CUST1215,31,Female,Employed,Savings,177,3,275196,20,4,11,1,0.91,1,15,91732.0
CUST0044,35,Male,Self-employed,Current,23,1,18349,11,6,15,0,0.63,1,21,18349.0
CUST2548,33,Female,Employed,Savings,44,4,38947,12,4,8,0,0.87,1,12,9736.75
CUST0115,36,Female,Self-employed,Current,147,1,100274,14,8,20,0,0.81,0,28,100274.0
CUST2784,55,Female,Self-employed,Current,130,3,903839,17,7,15,0,0.71,0,22,301279.67
CUST1860,18,Female,Employed,Savings,113,2,79118,14,7,6,1,1.0,0,13,39559.0
CUST0354,24,Male,Employed,Savings,117,2,2778,13,7,12,0,0.59,0,19,1389.0
CUST1622,44,Male,Unemployed,Fixed Deposit,66,4,59657,10,8,11,0,0.56,0,19,14914.25
CUST2190,30,Female,Employed,Savings,34,3,563119,18,5,12,0,0.73,0,17,187706.33
CUST0010,23,Female,Employed,Savings,125,1,35001,13,8,16,1,0.77,1,24,35001.0
CUST1556,36,Female,Employed,Fixed Deposit,28,1,28067,16,8,10,1,0.65,1,18,28067.0
CUST2091,19,Male,Employed,Savings,72,1,335458,13,7,11,0,0.77,0,18,335458.0
CUST2942,26,Male,Employed,Savings,179,1,71475,22,7,4,0,0.7,0,11,71475.0
CUST2045,39,Female,Self-employed,Savings,92,1,290755,13,7,15,0,0.63,0,22,290755.0
CUST2917,25,Female,Self-employed,Savings,31,3,229427,18,8,9,0,0.82,0,17,76475.67
CUST2072,40,Male,Employed,Current,58,1,243039,24,6,12,0,0.78,0,18,243039.0
CUST0765,42,Female,Self-employed,Current,56,3,231820,17,8,10,0,0.96,0,18,77273.33
CUST0404,34,Female,Self-employed,Savings,83,1,42873,9,6,16,0,0.81,0,22,42873.0
CUST2148,35,Male,Unemployed,Savings,113,2,81743,12,8,15,0,0.82,0,23,40871.5
CUST1446,37,Female,Self-employed,Savings,36,1,75808,24,10,16,0,0.8,0,26,75808.0
CUST2240,20,Male,Employed,Savings,163,3,20629,21,7,12,0,0.69,0,19,6876.33
CUST2915,24,Male,Self-employed,Fixed Deposit,108,4,76673,13,4,13,0,0.79,1,17,19168.25
CUST0599,26,Male,Employed,Savings,79,2,67556,16,6,9,0,0.73,0,15,33778.0
CUST1454,44,Male,Employed,Fixed Deposit,126,2,179404,15,11,10,1,0.59,1,21,89702.0
CUST2653,62,Female,Unemployed,Savings,15,2,33699,10,7,11,0,0.88,1,18,16849.5
CUST0474,43,Female,Self-employed,Fixed Deposit,148,1,41429,16,14,7,0,0.52,0,21,41429.0
CUST0376,43,Male,Employed,Fixed Deposit,54,1,243184,19,8,13,0,0.89,0,21,243184.0
CUST0006,18,Female,Employed,Current,156,2,21652,13,6,14,0,0.74,1,20,10826.0
CUST1321,23,Female,Employed,Savings,99,2,122466,24,9,14,0,0.63,0,23,61233.0
CUST0923,30,Female,Self-employed,Savings,175,3,123185,6,9,9,0,0.88,0,18,41061.67
CUST1162,35,Male,Employed,Savings,111,1,57088,11,10,12,0,0.88,1,22,57088.0
CUST1882,30,Male,Employed,Current,33,1,3370,15,12,12,0,0.65,0,24,3370.0
CUST2719,44,Female,Employed,Savings,53,2,38632,18,6,6,1,0.59,1,12,19316.0
CUST0498,37,Male,Employed,Savings,84,1,51526,27,6,10,0,0.92,0,16,51526.0
CUST1729,18,Female,Employed,Current,156,2,113385,12,12,8,1,0.95,0,20,56692.5
CUST1018,33,Female,Employed,Savings,49,2,141287,17,10,8,0,0.75,1,18,70643.5
CUST2391,34,Female,Employed,Fixed Deposit,28,1,108284,12,6,8,0,0.8,1,14,108284.0
CUST1433,48,Male,Employed,Savings,69,2,34605,14,12,11,0,0.62,0,23,17302.5
CUST0632,27,Male,Employed,Savings,58,3,210952,15,10,9,0,0.58,0,19,70317.33
CUST1474,46,Male,Employed,Savings,19,2,814239,18,14,11,0,0.62,0,25,407119.5
CUST0395,26,Female,Self-employed,Current,28,4,11386,17,8,5,0,0.71,1,13,2846.5
CUST0531,29,Female,Self-employed,Fixed Deposit,34,4,519411,15,11,11,1,0.93,0,22,129852.75
CUST0563,37,Female,Self-employed,Savings,27,3,56255,11,15,4,0,0.64,0,19,18751.67
CUST2395,34,Male,Employed,Savings,165,1,366550,13,4,13,0,0.83,0,17,366550.0
CUST2691,60,Female,Employed,Current,88,2,117842,11,7,8,1,0.89,0,15,58921.0
CUST1116,18,Female,Employed,Current,64,2,101971,15,8,14,0,0.79,0,22,50985.5
CUST0429,36,Female,Self-employed,Current,72,2,207317,12,5,10,0,0.72,1,15,103658.5
CUST0841,34,Female,Employed,Savings,25,1,143208,14,6,7,2,0.77,1,13,143208.0
CUST2465,35,Female,Self-employed,Current,128,2,82903,14,7,11,0,0.65,0,18,41451.5
CUST2929,44,Female,Self-employed,Current,109,3,261382,19,4,17,0,0.6,0,21,87127.33
CUST0558,31,Male,Employed,Savings,70,1,176170,14,7,18,0,0.76,0,25,176170.0
CUST1712,39,Female,Employed,Current,69,1,110016,14,10,10,0,0.89,0,20,110016.0
CUST0130,52,Male,Self-employed,Savings,150,1,114190,16,8,6,0,0.56,0,14,114190.0
CUST0964,38,Male,Employed,Current,111,2,55981,11,16,10,0,0.77,0,26,27990.5
CUST2815,36,Male,Self-employed,Savings,167,3,408055,10,8,11,0,0.95,1,19,136018.33
CUST1814,23,Female,Self-employed,Savings,15,3,7289,19,10,20,0,0.5,1,30,2429.67
CUST2003,32,Male,Employed,Current,122,3,106630,12,7,9,0,0.68,0,16,35543.33
CUST0338,27,Male,Unemployed,Current,37,1,921323,16,4,9,0,0.58,0,13,921323.0
CUST0462,28,Female,Self-employed,Savings,74,1,165571,15,8,16,0,0.57,0,24,165571.0
CUST2037,39,Male,Self-employed,Current,113,2,36495,14,9,14,0,0.76,0,23,18247.5
CUST1519,45,Female,Employed,Savings,121,2,183243,19,7,12,0,0.79,0,19,91621.5
CUST2635,23,Female,Employed,Savings,44,2,442609,22,7,11,0,0.9,0,18,221304.5
CUST0279,27,Female,Employed,Savings,37,4,355883,15,9,10,0,0.51,0,19,88970.75
CUST1545,18,Female,Employed,Savings,66,2,205096,6,6,17,0,0.84,0,23,102548.0
CUST2244,34,Female,Employed,Savings,95,2,156399,14,8,12,0,0.96,0,20,78199.5
CUST0997,47,Male,Employed,Savings,134,1,64048,15,9,7,0,0.8,0,16,64048.0
CUST2051,35,Female,Employed,Current,157,2,198774,18,9,7,0,0.66,0,16,99387.0
CUST1617,38,Female,Self-employed,Savings,26,1,194880,11,8,12,1,0.87,0,20,194880.0
CUST0974,28,Female,Employed,Fixed Deposit,38,1,59819,20,7,10,1,0.79,1,17,59819.0
CUST2143,21,Male,Self-employed,Savings,83,1,147734,18,9,10,0,0.76,0,19,147734.0
CUST0202,36,Female,Self-employed,Savings,179,1,309149,19,4,10,0,0.82,0,14,309149.0
CUST0979,21,Male,Employed,Savings,63,3,76721,13,6,13,0,0.95,0,19,25573.67
CUST1590,24,Male,Employed,Current,20,1,125167,18,10,19,0,0.71,0,29,125167.0
CUST2711,38,Male,Employed,Current,161,4,367444,17,4,7,0,0.63,0,11,91861.0
CUST1570,38,Female,Employed,Current,135,2,59591,21,10,11,1,0.56,0,21,29795.5
CUST2352,36,Female,Employed,Current,17,1,473798,23,5,6,0,0.8,1,11,473798.0
CUST2387,43,Male,Self-employed,Savings,16,1,266043,10,10,5,0,0.7,0,15,266043.0
CUST0638,33,Female,Employed,Savings,166,1,123841,13,6,9,0,0.74,0,15,123841.0
CUST1325,37,Female,Self-employed,Savings,18,2,26317,7,4,10,0,0.68,0,14,13158.5
CUST1990,23,Female,Employed,Savings,21,3,7745,8,8,12,0,0.86,1,20,2581.67
CUST0930,36,Female,Employed,Savings,39,1,112150,15,6,12,1,0.96,1,18,112150.0
CUST1109,24,Male,Self-employed,Savings,24,4,187533,15,8,16,0,0.95,0,24,46883.25
CUST2898,42,Female,Employed,Current,64,1,75551,11,5,13,0,0.5,0,18,75551.0
CUST1095,18,Male,Self-employed,Savings,171,2,53491,11,8,11,0,0.71,0,19,26745.5
CUST2655,44,Male,Employed,Current,72,3,68269,17,6,14,1,0.97,1,20,22756.33
CUST0399,29,Female,Self-employed,Savings,84,1,104104,15,7,10,0,0.54,1,17,104104.0
CUST1307,48,Female,Employed,Savings,104,3,175542,13,5,11,1,0.98,0,16,58514.0
CUST0417,29,Male,Unemployed,Savings,176,1,74936,16,9,6,0,0.97,0,15,74936.0
CUST2174,35,Female,Employed,Savings,58,1,160681,19,6,5,0,0.97,0,11,160681.0
CUST1978,24,Female,Employed,Savings,138,1,69953,23,7,6,0,0.99,1,13,69953.0
CUST1122,32,Female,Self-employed,Savings,163,3,35061,14,10,8,0,0.97,0,18,11687.0
CUST0445,54,Female,Employed,Current,47,1,261590,13,14,11,0,0.87,0,25,261590.0
CUST0965,55,Female,Employed,Current,40,3,20228,18,7,10,0,0.87,1,17,6742.67
CUST0301,23,Male,Employed,Current,96,3,21156,13,6,8,1,0.94,0,14,7052.0
CUST0164,35,Female,Unemployed,Savings,23,3,441790,23,7,13,0,0.78,1,20,147263.33
CUST2664,42,Male,Unemployed,Savings,176,2,18009,11,13,2,0,0.94,0,15,9004.5
CUST1743,52,Female,Self-employed,Savings,82,1,172282,17,8,8,0,0.95,1,16,172282.0
CUST2894,36,Female,Self-employed,Current,65,1,51537,14,5,5,0,0.51,1,10,51537.0
CUST0597,50,Female,Self-employed,Current,63,1,166522,17,7,10,0,0.58,1,17,166522.0
CUST0397,41,Male,Employed,Savings,121,1,122682,12,8,9,0,0.67,0,17,122682.0
CUST2639,29,Male,Employed,Savings,37,2,75525,24,4,7,0,0.81,1,11,37762.5
CUST1975,24,Female,Employed,Current,120,1,36748,13,7,11,0,0.8,0,18,36748.0
CUST0071,37,Male,Self-employed,Current,112,1,168214,9,9,12,0,0.86,1,21,168214.0
CUST1703,38,Male,Self-employed,Current,29,1,166879,12,8,10,0,0.51,1,18,166879.0
CUST1537,36,Female,Employed,Fixed Deposit,70,2,332327,13,5,11,0,0.95,0,16,166163.5
CUST1055,50,Male,Employed,Savings,25,3,56993,9,15,10,1,0.63,0,25,18997.67
CUST2108,27,Male,Employed,Current,116,3,282450,19,10,7,0,0.53,1,17,94150.0
CUST0673,55,Male,Employed,Savings,162,2,78517,10,7,9,0,0.72,1,16,39258.5
CUST1084,42,Female,Employed,Current,23,3,387230,14,7,5,0,0.7,1,12,129076.67
CUST2168,36,Male,Employed,Current,47,3,120478,19,6,12,0,0.66,0,18,40159.33
CUST2980,25,Male,Employed,Savings,138,2,37179,13,8,10,0,0.51,0,18,18589.5
CUST2355,18,Male,Employed,Savings,131,1,14421,9,6,8,0,0.76,0,14,14421.0
CUST0284,23,Female,Self-employed,Savings,21,2,997056,6,6,13,1,0.54,0,19,498528.0
CUST0957,37,Female,Unemployed,Savings,70,1,253091,8,3,13,0,0.92,0,16,253091.0
CUST0188,29,Male,Employed,Fixed Deposit,85,3,7319,18,8,7,1,0.98,0,15,2439.67
CUST0554,23,Male,Employed,Current,16,3,303575,14,7,9,1,0.65,0,16,101191.67
CUST0577,49,Male,Self-employed,Current,74,3,198660,15,6,13,0,0.56,1,19,66220.0
CUST0734,25,Male,Unemployed,Savings,146,4,19426,26,5,8,0,0.82,0,13,4856.5
CUST0414,26,Female,Employed,Savings,155,2,25822,26,8,4,0,0.54,0,12,12911.0
CUST0253,28,Male,Employed,Savings,61,3,39238,14,9,10,0,0.9,0,19,13079.33
CUST0995,44,Female,Self-employed,Current,143,1,177468,20,7,7,0,0.85,0,14,177468.0
CUST1311,47,Female,Self-employed,Savings,84,2,85655,11,12,9,0,0.75,0,21,42827.5
CUST0853,38,Female,Self-employed,Fixed Deposit,76,3,156645,5,15,10,0,0.7,0,25,52215.0
CUST1385,46,Female,Employed,Savings,18,4,112489,16,5,11,0,0.78,0,16,28122.25
CUST2419,31,Female,Employed,Savings,19,1,483778,13,3,10,0,0.79,1,13,483778.0
CUST0196,24,Female,Unemployed,Fixed Deposit,68,3,333134,10,11,7,0,0.74,0,18,111044.67
CUST2837,18,Male,Unemployed,Current,109,3,102867,18,4,10,0,0.84,0,14,34289.0
CUST2753,29,Female,Employed,Current,51,2,48511,17,9,17,1,0.87,0,26,24255.5
CUST0276,20,Female,Self-employed,Current,132,2,123012,14,7,9,0,0.65,1,16,61506.0
CUST0241,38,Female,Self-employed,Savings,62,1,38371,12,6,6,1,0.87,0,12,38371.0
CUST0802,31,Female,Employed,Current,56,2,85707,13,8,9,0,0.99,1,17,42853.5
CUST1556,24,Male,Employed,Savings,54,2,86198,15,9,7,1,0.71,0,16,43099.0
CUST1372,32,Female,Employed,Savings,103,1,65036,18,11,8,1,0.87,0,19,65036.0
CUST2242,18,Male,Employed,Current,143,3,12053,17,7,11,1,0.57,0,18,4017.67
CUST0057,47,Male,Self-employed,Current,164,1,260336,19,8,7,0,0.77,0,15,260336.0
CUST1354,27,Male,Employed,Current,146,3,63896,17,7,6,0,0.69,0,13,21298.67
CUST2681,27,Female,Employed,Savings,175,1,102781,12,6,6,0,0.93,0,12,102781.0
