Age,Gender,Employment_Status,Account_Type,Tenure_Months,Number_of_Products,Avg_Balance,Monthly_Transactions,Online_Banking_Usage,Mobile_Banking_Usage,Number_of_Complaints,Complaint_Resolution_Rate,Total_Digital_Usage,Balance_per_Product
18,Male,Employed,Current,158,1,71795,8,12,5,0,0.69,17,71795.0
27,Male,Self-employed,Current,147,3,37216,15,7,16,0,0.63,23,12405.33
27,Male,Self-employed,Savings,147,3,70791,13,5,7,0,0.63,12,23597.0
28,Female,Employed,Current,76,4,39131,14,7,10,0,0.87,17,9782.75
32,Female,Employed,Savings,15,2,419706,13,8,12,0,0.6,20,209853.0
48,Female,Employed,Savings,34,3,95611,16,7,7,1,0.61,14,31870.33
23,Male,Self-employed,Savings,158,2,43420,18,8,8,0,0.55,16,21710.0
37,Female,Self-employed,Savings,65,3,273471,12,7,7,0,0.58,14,91157.0
19,Female,Employed,Current,17,2,277063,18,7,11,0,0.68,18,138531.5
37,Male,Employed,Current,49,4,202055,17,8,11,1,0.52,19,50513.75
33,Female,Employed,Fixed Deposit,47,1,31686,15,7,7,1,0.51,14,31686.0
36,Male,Employed,Current,74,3,385522,14,8,10,0,0.98,18,128507.33
42,Female,Self-employed,Savings,44,3,31765,13,6,11,2,0.54,17,10588.33
36,Male,Employed,Savings,143,4,1041,19,10,10,0,0.59,20,260.25
42,Female,Employed,Savings,68,3,104648,14,3,2,0,0.76,5,34882.67
32,Male,Self-employed,Fixed Deposit,122,4,148013,17,5,20,0,0.87,25,37003.25
27,Male,Unemployed,Savings,131,2,71682,12,10,12,0,0.84,22,35841.0
25,Male,Employed,Fixed Deposit,43,1,22994,8,8,11,0,0.99,19,22994.0
19,Female,Employed,Savings,15,2,168396,17,6,11,0,0.91,17,84198.0
30,Female,Self-employed,Savings,59,1,113967,7,10,8,0,0.89,18,113967.0
36,Male,Self-employed,Savings,33,1,203342,13,9,6,0,0.71,15,203342.0
32,Female,Employed,Savings,54,1,72636,17,9,7,0,0.67,16,72636.0
36,Female,Self-employed,Current,85,4,65262,19,8,16,0,0.74,24,16315.5
33,Female,Employed,Savings,58,2,38901,18,6,17,0,0.76,23,19450.5
48,Female,Employed,Savings,70,2,39636,11,4,11,0,0.51,15,19818.0
24,Female,Employed,Savings,131,2,40412,9,9,7,0,0.89,16,20206.0
21,Female,Unemployed,Current,22,1,23849,15,11,13,0,0.86,24,23849.0
58,Female,Employed,Fixed Deposit,58,1,250265,18,14,12,0,0.62,26,250265.0
58,Female,Employed,Savings,173,3,47891,11,8,11,1,0.57,19,15963.67
34,Male,Unemployed,Current,73,3,116665,12,7,12,0,0.82,19,38888.33
29,Male,Employed,Current,78,1,303607,14,4,10,0,0.68,14,303607.0
37,Male,Employed,Savings,146,1,96832,10,6,8,0,0.58,14,96832.0
21,Male,Employed,Savings,78,1,161821,16,4,5,0,0.62,9,161821.0
43,Male,Employed,Savings,175,3,161143,14,11,10,0,0.51,21,53714.33
22,Female,Employed,Current,74,3,33811,17,10,8,0,0.7,18,11270.33
45,Male,Employed,Current,62,3,93654,16,11,9,0,0.76,20,31218.0
28,Female,Employed,Savings,89,1,237995,12,10,10,0,0.85,20,237995.0
36,Male,Employed,Savings,43,2,230604,16,5,10,0,0.67,15,115302.0
41,Female,Employed,Savings,116,3,91311,21,9,15,0,0.52,24,30437.0
20,Male,Self-employed,Savings,145,1,174719,16,6,9,0,0.88,15,174719.0
35,Male,Unemployed,Fixed Deposit,29,4,2898,16,5,13,0,0.83,18,724.5
33,Male,Employed,Savings,53,3,73832,12,10,13,0,0.67,23,24610.67
35,Male,Employed,Current,137,3,28623,17,9,12,0,0.81,21,9541.0
45,Female,Employed,Savings,56,1,458025,15,9,7,0,0.86,16,458025.0
41,Male,Employed,Savings,25,1,60814,14,9,7,1,0.6,16,60814.0
46,Female,Self-employed,Fixed Deposit,113,1,3134,20,5,14,1,0.53,19,3134.0
40,Male,Unemployed,Current,122,2,169485,14,4,9,0,0.77,13,84742.5
33,Female,Self-employed,Current,78,3,89959,14,11,13,1,0.68,24,29986.33
35,Male,Employed,Savings,44,3,39818,18,7,15,0,0.8,22,13272.67
49,Male,Self-employed,Savings,119,1,32168,16,11,10,1,0.9,21,32168.0
49,Male,Employed,Savings,168,2,706261,17,6,13,0,0.54,19,353130.5
29,Female,Employed,Savings,72,2,89038,18,6,9,0,0.6,15,44519.0
32,Male,Employed,Current,77,3,49147,10,10,12,0,0.6,22,16382.33
35,Male,Unemployed,Current,112,1,73134,21,5,8,0,0.63,13,73134.0
32,Male,Employed,Savings,121,2,86593,10,13,13,1,0.51,26,43296.5
29,Male,Employed,Fixed Deposit,105,3,52812,13,11,11,0,0.61,22,17604.0
29,Female,Self-employed,Current,62,2,61444,18,5,15,0,0.64,20,30722.0
44,Female,Employed,Savings,138,3,417598,18,0,12,0,0.64,12,139199.33
45,Male,Self-employed,Current,22,3,326892,22,4,9,0,0.52,13,108964.0
27,Female,Employed,Savings,43,1,368775,17,8,13,0,0.62,21,368775.0
47,Female,Employed,Savings,14,1,94749,17,6,12,0,0.78,18,94749.0
54,Male,Employed,Savings,65,1,89187,13,6,10,0,0.68,16,89187.0
23,Male,Employed,Savings,41,1,21024,19,7,13,1,0.62,20,21024.0
55,Female,Unemployed,Savings,140,1,345816,12,12,16,1,0.98,28,345816.0
26,Female,Employed,Savings,169,1,562964,13,10,6,0,0.62,16,562964.0
22,Female,Unemployed,Current,126,3,3909,9,5,13,0,0.9,18,1303.0
36,Female,Employed,Savings,56,3,137049,15,14,17,0,0.8,31,45683.0
43,Male,Self-employed,Savings,172,3,535069,15,7,8,1,0.86,15,178356.33
34,Male,Employed,Fixed Deposit,82,3,67152,20,6,10,0,0.74,16,22384.0
30,Female,Self-employed,Savings,94,4,79254,12,9,7,1,0.88,16,19813.5
28,Female,Employed,Savings,113,2,30161,15,12,12,0,0.83,24,15080.5
24,Male,Employed,Savings,132,1,13042,21,13,11,0,0.62,24,13042.0
26,Female,Employed,Savings,124,1,174682,14,5,7,0,0.59,12,174682.0
31,Female,Employed,Savings,122,3,194511,16,17,9,1,0.81,26,64837.0
23,Male,Employed,Current,16,3,303575,14,7,9,1,0.65,16,101191.67
34,Male,Self-employed,Current,152,2,115517,12,7,10,0,0.65,17,57758.5
26,Male,Employed,Savings,115,1,71568,15,8,9,0,0.76,17,71568.0
22,Female,Self-employed,Savings,179,2,181542,14,4,5,0,0.72,9,90771.0
39,Female,Employed,Current,164,1,30443,10,7,10,0,0.56,17,30443.0
29,Male,Employed,Savings,35,1,267095,17,8,5,0,0.86,13,267095.0
22,Male,Employed,Savings,147,4,1609,9,7,10,0,0.55,17,402.25
31,Male,Unemployed,Current,22,4,34713,15,11,13,0,0.87,24,8678.25
38,Male,Self-employed,Current,142,1,364970,17,11,17,0,0.72,28,364970.0
31,Female,Employed,Current,139,1,20014,15,8,5,0,0.77,13,20014.0
38,Female,Self-employed,Savings,163,2,7740,13,6,9,0,0.82,15,3870.0
48,Female,Employed,Current,154,1,54604,16,9,7,0,0.95,16,54604.0
42,Female,Employed,Fixed Deposit,13,4,211300,11,10,13,0,0.68,23,52825.0
38,Female,Self-employed,Fixed Deposit,74,2,263298,18,7,14,0,0.79,21,131649.0
26,Male,Self-employed,Savings,68,3,11720,16,8,11,0,0.79,19,3906.67
50,Female,Employed,Savings,27,3,184945,13,17,12,1,0.98,29,61648.33
45,Male,Employed,Savings,95,1,27148,13,11,8,0,0.81,19,27148.0
38,Female,Self-employed,Current,32,1,247037,11,6,5,0,0.89,11,247037.0
48,Male,Employed,Savings,114,2,254236,13,8,6,0,0.67,14,127118.0
34,Male,Unemployed,Savings,98,3,290469,11,3,8,0,0.79,11,96823.0
47,Female,Employed,Savings,106,1,247714,13,13,15,0,0.5,28,247714.0
40,Male,Employed,Savings,29,2,224654,13,14,8,0,0.59,22,112327.0
27,Male,Employed,Savings,177,3,1873,12,6,6,1,0.8,12,624.33
47,Male,Unemployed,Savings,173,2,53074,17,8,14,0,0.52,22,26537.0
39,Female,Employed,Current,117,1,243581,13,5,16,0,0.8,21,243581.0
70,Female,Unemployed,Current,65,3,166356,21,7,7,0,0.69,14,55452.0
34,Male,Employed,Fixed Deposit,108,2,254517,17,5,8,0,0.91,13,127258.5
44,Male,Unemployed,Savings,103,3,103735,15,9,7,0,0.99,16,34578.33
46,Male,Self-employed,Savings,37,1,4761,13,4,11,0,0.65,15,4761.0
41,Male,Employed,Savings,65,1,118577,15,5,13,0,0.83,18,118577.0
26,Female,Self-employed,Savings,87,1,61881,17,7,10,0,0.75,17,61881.0
41,Male,Self-employed,Savings,159,3,154927,11,13,6,0,0.99,19,51642.33
21,Male,Self-employed,Current,32,1,149856,15,6,9,0,0.72,15,149856.0
51,Female,Employed,Current,90,4,210366,14,5,10,0,0.94,15,52591.5
32,Female,Employed,Savings,70,1,127175,16,14,8,0,0.79,22,127175.0
42,Male,Employed,Savings,14,1,501658,16,6,11,0,0.82,17,501658.0
48,Female,Unemployed,Savings,130,1,18097,15,8,12,0,0.97,20,18097.0
34,Female,Employed,Savings,41,2,75967,13,8,6,0,0.76,14,37983.5
44,Male,Employed,Savings,138,2,7589,16,11,7,0,0.85,18,3794.5
25,Female,Employed,Current,90,1,358422,16,7,13,0,0.8,20,358422.0
33,Female,Employed,Savings,52,2,161401,17,11,8,0,0.73,19,80700.5
31,Male,Unemployed,Savings,76,2,98711,16,9,10,0,0.95,19,49355.5
34,Male,Self-employed,Current,84,3,41960,12,5,14,0,0.92,19,13986.67
27,Female,Employed,Savings,71,1,57593,11,9,8,0,0.51,17,57593.0
18,Male,Employed,Savings,72,4,232104,8,10,14,0,0.63,24,58026.0
32,Female,Unemployed,Savings,78,1,160815,15,6,7,0,0.94,13,160815.0
33,Male,Employed,Fixed Deposit,57,3,18205,22,7,7,0,0.99,14,6068.33
33,Male,Self-employed,Current,51,3,186187,17,8,6,0,0.54,14,62062.33
28,Male,Employed,Savings,131,4,117791,11,7,11,0,0.52,18,29447.75
29,Female,Self-employed,Savings,168,1,110186,8,9,8,2,0.78,17,110186.0
30,Female,Self-employed,Current,143,1,222295,9,12,13,1,0.59,25,222295.0
18,Female,Self-employed,Savings,164,2,57862,22,9,6,0,0.62,15,28931.0
34,Male,Employed,Current,77,1,365604,21,6,12,0,0.88,18,365604.0
27,Female,Employed,Savings,130,1,34981,20,5,8,0,0.81,13,34981.0
37,Male,Employed,Savings,48,1,90866,20,9,7,0,0.81,16,90866.0
55,Female,Employed,Savings,166,1,95060,12,4,10,0,0.96,14,95060.0
26,Female,Employed,Fixed Deposit,50,1,124131,13,11,9,0,0.99,20,124131.0
24,Female,Employed,Savings,98,2,450853,10,9,11,0,0.76,20,225426.5
39,Male,Self-employed,Fixed Deposit,150,1,299528,16,4,12,0,0.51,16,299528.0
34,Male,Employed,Savings,28,1,527681,15,7,9,0,0.91,16,527681.0
18,Male,Employed,Savings,171,1,331090,21,8,5,0,0.73,13,331090.0
18,Male,Self-employed,Savings,171,2,53491,11,8,11,0,0.71,19,26745.5
35,Male,Self-employed,Savings,104,1,1060248,14,10,11,1,0.6,21,1060248.0
53,Female,Self-employed,Fixed Deposit,70,1,10991,17,11,14,0,0.88,25,10991.0
35,Female,Employed,Current,31,1,19780,17,5,12,1,0.69,17,19780.0
18,Female,Employed,Fixed Deposit,108,2,107267,19,7,9,1,0.52,16,53633.5
51,Male,Unemployed,Savings,124,2,126920,17,8,8,0,0.55,16,63460.0
37,Female,Unemployed,Savings,56,4,1442429,13,8,7,2,0.9,15,360607.25
29,Female,Self-employed,Current,37,4,12188,11,8,10,0,0.98,18,3047.0
20,Male,Employed,Savings,125,1,176500,13,5,10,0,0.72,15,176500.0
38,Male,Self-employed,Savings,97,1,39803,15,8,8,0,0.6,16,39803.0
45,Female,Employed,Savings,28,1,58501,17,12,14,0,0.78,26,58501.0
41,Female,Employed,Fixed Deposit,61,1,119660,17,6,5,0,0.58,11,119660.0
46,Female,Self-employed,Current,151,1,71736,14,13,9,1,0.62,22,71736.0
51,Female,Employed,Savings,59,3,52797,17,9,14,0,0.62,23,17599.0
22,Female,Employed,Current,130,3,54098,19,9,8,1,0.72,17,18032.67
42,Male,Employed,Savings,104,3,158115,27,5,9,0,0.56,14,52705.0
44,Male,Employed,Savings,122,1,143276,15,8,13,0,0.84,21,143276.0
37,Male,Employed,Current,38,1,44075,21,8,10,1,0.92,18,44075.0
36,Female,Employed,Savings,77,1,33634,10,15,6,1,0.7,21,33634.0
30,Female,Employed,Savings,80,3,20695,13,10,10,0,0.57,20,6898.33
18,Female,Self-employed,Savings,86,1,23439,10,9,14,0,0.73,23,23439.0
53,Female,Unemployed,Fixed Deposit,68,4,87756,17,7,4,0,0.69,11,21939.0
35,Male,Self-employed,Current,141,1,105751,13,9,8,0,0.87,17,105751.0
48,Male,Self-employed,Current,120,1,28058,19,7,9,1,0.97,16,28058.0
40,Male,Self-employed,Fixed Deposit,25,1,15947,14,11,13,0,0.59,24,15947.0
32,Female,Unemployed,Fixed Deposit,39,1,10064,7,9,8,0,0.97,17,10064.0
25,Male,Self-employed,Current,130,4,167467,16,11,7,0,0.53,18,41866.75
22,Male,Employed,Current,143,4,73408,17,7,9,0,0.63,16,18352.0
28,Male,Unemployed,Fixed Deposit,44,4,2181,9,10,4,0,0.79,14,545.25
25,Male,Employed,Savings,165,3,3925,20,9,7,0,0.84,16,1308.33
24,Male,Employed,Savings,118,1,149075,11,5,7,0,0.57,12,149075.0
39,Female,Self-employed,Savings,57,4,151552,16,6,10,0,0.63,16,37888.0
51,Female,Self-employed,Savings,50,2,292263,13,11,8,0,0.92,19,146131.5
56,Male,Employed,Current,63,1,69527,18,10,12,0,0.63,22,69527.0
42,Female,Self-employed,Savings,158,1,125226,14,6,4,0,0.91,10,125226.0
18,Male,Employed,Savings,97,4,48023,16,10,13,0,0.59,23,12005.75
38,Female,Employed,Savings,100,2,279791,16,5,7,1,0.98,12,139895.5
40,Male,Employed,Fixed Deposit,70,2,480631,15,10,12,0,0.95,22,240315.5
42,Female,Self-employed,Current,177,1,69094,19,9,8,0,0.59,17,69094.0
24,Female,Self-employed,Fixed Deposit,113,1,285142,19,5,10,0,0.82,15,285142.0
33,Male,Self-employed,Savings,112,3,317222,17,8,9,0,0.86,17,105740.67
38,Male,Self-employed,Savings,150,2,198720,16,9,9,1,0.52,18,99360.0
30,Male,Self-employed,Current,162,4,87032,24,10,10,0,0.94,20,21758.0
27,Female,Employed,Savings,73,2,79368,17,6,8,0,0.97,14,39684.0
34,Female,Employed,Savings,23,1,47995,17,3,16,0,0.81,19,47995.0
19,Male,Employed,Savings,103,1,229724,22,10,8,0,0.96,18,229724.0
39,Female,Employed,Fixed Deposit,147,1,171168,14,5,7,0,0.77,12,171168.0
40,Male,Employed,Current,138,1,460184,13,12,10,0,0.82,22,460184.0
35,Female,Employed,Current,78,1,400827,7,12,7,0,0.66,19,400827.0
25,Male,Employed,Current,58,1,130009,10,7,8,0,0.97,15,130009.0
46,Male,Unemployed,Current,143,1,41492,14,7,6,2,0.81,13,41492.0
32,Female,Self-employed,Fixed Deposit,164,2,60468,9,13,4,0,0.62,17,30234.0
28,Male,Employed,Savings,127,2,169925,15,9,7,0,0.88,16,84962.5
29,Female,Self-employed,Current,63,4,67047,15,13,11,0,0.71,24,16761.75
37,Male,Self-employed,Savings,87,2,51490,15,10,6,0,0.76,16,25745.0
27,Female,Self-employed,Current,165,4,186541,14,5,14,0,0.95,19,46635.25
22,Male,Unemployed,Current,58,2,63854,21,7,10,0,0.71,17,31927.0
25,Male,Self-employed,Savings,123,1,284632,13,17,16,0,0.67,33,284632.0
25,Male,Self-employed,Current,61,3,197604,17,3,11,0,0.56,14,65868.0
46,Female,Self-employed,Savings,47,1,235731,10,11,7,1,0.87,18,235731.0
37,Female,Self-employed,Savings,84,1,69857,14,1,15,1,0.79,16,69857.0
49,Female,Unemployed,Current,162,4,93337,19,4,12,1,0.83,16,23334.25
45,Male,Employed,Savings,85,2,136574,13,13,12,0,0.5,25,68287.0
42,Male,Employed,Savings,38,2,79882,11,8,11,0,0.61,19,39941.0
36,Male,Employed,Current,117,3,43522,18,11,5,0,0.99,16,14507.33
27,Female,Self-employed,Current,62,1,138353,27,9,10,0,0.52,19,138353.0
37,Female,Employed,Savings,98,1,120299,20,7,5,0,0.88,12,120299.0
61,Female,Employed,Current,96,3,19124,18,6,7,0,0.76,13,6374.67
35,Male,Unemployed,Savings,113,2,81743,12,8,15,0,0.82,23,40871.5
18,Male,Employed,Current,152,4,125503,21,6,8,0,0.85,14,31375.75
21,Female,Employed,Savings,70,1,106030,18,8,13,0,0.7,21,106030.0
40,Male,Employed,Current,58,1,243039,24,6,12,0,0.78,18,243039.0
37,Male,Employed,Savings,23,2,55694,17,8,13,0,0.8,21,27847.0
22,Male,Unemployed,Savings,95,2,885,14,13,11,0,0.71,24,442.5
38,Female,Employed,Savings,140,1,62806,20,9,8,0,0.69,17,62806.0
31,Female,Self-employed,Savings,25,1,129035,21,7,11,0,0.72,18,129035.0
26,Male,Employed,Fixed Deposit,57,1,339207,9,8,7,0,0.71,15,339207.0
26,Female,Self-employed,Savings,48,1,152979,24,11,11,0,0.51,22,152979.0
34,Female,Employed,Current,50,2,83953,17,6,6,0,0.51,12,41976.5
29,Male,Employed,Current,23,3,50352,14,7,9,0,0.62,16,16784.0
32,Female,Self-employed,Savings,119,2,167766,17,13,7,0,0.93,20,83883.0
23,Female,Self-employed,Savings,98,4,8542,21,5,11,0,0.72,16,2135.5
26,Male,Employed,Fixed Deposit,85,1,372482,18,9,3,1,0.51,12,372482.0
48,Male,Employed,Current,178,2,59534,17,10,12,0,0.69,22,29767.0
45,Female,Employed,Savings,51,2,188755,16,8,5,0,0.99,13,94377.5
47,Male,Employed,Savings,74,1,115011,16,6,13,0,0.56,19,115011.0
30,Male,Employed,Savings,179,1,5198,14,6,5,0,0.7,11,5198.0
49,Male,Employed,Savings,176,1,266222,18,10,14,2,0.89,24,266222.0
30,Female,Employed,Savings,73,4,191034,20,12,8,0,0.64,20,47758.5
38,Female,Employed,Fixed Deposit,75,2,131289,14,14,13,0,0.55,27,65644.5
19,Male,Employed,Savings,169,2,74657,17,8,10,0,0.96,18,37328.5
39,Female,Employed,Savings,89,2,112066,21,9,8,0,0.87,17,56033.0
36,Female,Employed,Current,19,3,38280,15,7,3,0,0.68,10,12760.0
31,Male,Employed,Current,16,3,433430,12,9,11,0,0.88,20,144476.67
24,Male,Employed,Savings,93,3,44035,9,6,11,0,1.0,17,14678.33
53,Male,Employed,Savings,152,4,188288,21,13,11,1,0.68,24,47072.0
58,Female,Employed,Current,126,1,75451,12,9,12,0,0.55,21,75451.0
37,Male,Self-employed,Savings,129,1,107628,16,16,12,0,0.62,28,107628.0
23,Male,Self-employed,Savings,132,1,508823,10,8,7,0,0.62,15,508823.0
48,Male,Self-employed,Savings,59,2,866872,10,10,13,0,0.75,23,433436.0
36,Female,Employed,Savings,30,2,93718,13,6,8,0,0.92,14,46859.0
31,Male,Employed,Savings,64,1,312638,7,5,8,0,0.97,13,312638.0
44,Male,Self-employed,Savings,120,3,9819,16,5,6,0,0.64,11,3273.0
24,Female,Employed,Savings,31,1,100041,21,6,4,0,0.58,10,100041.0
31,Male,Self-employed,Savings,99,2,35739,20,10,9,0,0.67,19,17869.5
48,Female,Employed,Savings,81,2,279132,11,11,11,1,0.79,22,139566.0
37,Male,Self-employed,Savings,123,2,75050,13,12,11,1,0.82,23,37525.0
44,Male,Employed,Savings,23,4,420705,17,9,7,0,0.79,16,105176.25
22,Male,Employed,Current,91,3,110046,8,3,11,0,0.9,14,36682.0
33,Male,Employed,Current,112,1,37204,13,11,10,0,0.67,21,37204.0
46,Male,Employed,Savings,168,2,43571,18,10,5,1,0.78,15,21785.5
29,Male,Employed,Current,84,1,129303,6,10,10,0,0.71,20,129303.0
35,Male,Employed,Savings,112,4,342669,10,9,15,0,0.78,24,85667.25
51,Male,Employed,Savings,62,1,61806,10,11,10,0,0.78,21,61806.0
40,Male,Self-employed,Current,14,3,11742,19,5,13,0,0.53,18,3914.0
44,Female,Employed,Savings,140,2,453965,13,6,9,0,0.54,15,226982.5
44,Female,Employed,Savings,117,3,76125,13,12,10,1,0.86,22,25375.0
43,Female,Self-employed,Savings,17,2,34926,22,2,4,0,0.51,6,17463.0
21,Female,Employed,Current,48,1,136628,12,8,12,0,0.71,20,136628.0
47,Male,Employed,Savings,14,4,237454,12,10,14,0,0.8,24,59363.5
18,Male,Employed,Savings,110,1,186494,23,6,8,0,0.9,14,186494.0
38,Female,Self-employed,Savings,58,3,210464,10,7,16,0,0.89,23,70154.67
36,Female,Employed,Savings,178,3,61577,13,5,10,0,0.66,15,20525.67
44,Male,Self-employed,Savings,145,4,294854,17,10,11,0,0.86,21,73713.5
31,Male,Unemployed,Savings,123,4,95312,18,8,11,0,0.81,19,23828.0
42,Male,Employed,Savings,110,3,193472,15,9,10,0,0.75,19,64490.67
18,Female,Employed,Savings,34,3,97270,15,10,12,0,0.58,22,32423.33
48,Male,Employed,Current,164,3,325609,12,7,9,0,0.79,16,108536.33
32,Female,Self-employed,Savings,148,2,337040,17,5,17,0,0.87,22,168520.0
45,Female,Employed,Savings,16,3,69154,17,3,9,1,0.82,12,23051.33
47,Female,Self-employed,Current,51,3,509077,17,7,12,0,0.99,19,169692.33
38,Female,Self-employed,Savings,125,2,68842,20,6,8,2,0.7,14,34421.0
31,Male,Employed,Current,180,3,576850,16,9,10,0,0.53,19,192283.33
45,Female,Unemployed,Current,57,2,49543,15,11,7,0,0.6,18,24771.5
18,Male,Employed,Fixed Deposit,179,1,16021,16,1,16,0,0.65,17,16021.0
25,Male,Employed,Current,74,3,81271,18,6,12,1,0.71,18,27090.33
38,Male,Self-employed,Savings,51,1,212567,11,8,13,1,0.84,21,212567.0
42,Male,Employed,Current,119,1,24930,25,13,8,0,0.78,21,24930.0
27,Female,Employed,Savings,46,4,19586,15,11,11,0,0.9,22,4896.5
33,Male,Employed,Current,49,2,565401,16,8,12,0,0.74,20,282700.5
29,Female,Employed,Fixed Deposit,168,1,79926,18,9,13,1,0.84,22,79926.0
34,Male,Employed,Savings,79,1,327667,14,10,14,0,0.69,24,327667.0
47,Male,Self-employed,Fixed Deposit,158,1,133312,18,9,6,1,0.52,15,133312.0
32,Male,Unemployed,Fixed Deposit,140,1,57683,18,11,10,0,0.83,21,57683.0
42,Female,Self-employed,Savings,140,2,57050,15,7,11,0,0.59,18,28525.0
47,Female,Employed,Fixed Deposit,51,2,168483,9,10,7,0,0.76,17,84241.5
30,Female,Unemployed,Savings,70,2,55863,16,8,18,0,0.71,26,27931.5
23,Male,Employed,Current,178,1,295105,17,7,10,0,0.95,17,295105.0
38,Female,Employed,Current,86,2,52678,10,7,10,0,0.56,17,26339.0
40,Female,Employed,Savings,160,2,777995,8,10,8,0,0.55,18,388997.5
33,Female,Unemployed,Current,93,1,88938,9,9,15,0,0.71,24,88938.0
26,Male,Employed,Savings,102,1,55914,17,9,9,1,0.51,18,55914.0
32,Male,Employed,Savings,31,4,216317,12,4,11,1,0.65,15,54079.25
46,Female,Employed,Savings,176,2,95620,12,11,13,1,0.62,24,47810.0
44,Female,Employed,Savings,53,2,38632,18,6,6,1,0.59,12,19316.0
56,Female,Employed,Current,60,2,88633,10,8,3,0,0.82,11,44316.5
44,Male,Employed,Savings,83,1,58678,17,8,10,1,0.81,18,58678.0
30,Male,Self-employed,Savings,168,1,101057,16,7,11,0,0.76,18,101057.0
40,Male,Self-employed,Savings,151,4,386561,19,9,10,1,0.87,19,96640.25
26,Male,Unemployed,Current,91,3,20977,22,6,8,1,0.9,14,6992.33
32,Female,Self-employed,Savings,77,3,415938,13,3,8,0,0.69,11,138646.0
25,Female,Employed,Savings,110,1,140503,17,6,10,1,0.59,16,140503.0
49,Female,Employed,Savings,42,3,191604,16,9,5,0,0.68,14,63868.0
18,Male,Self-employed,Current,178,1,25937,15,8,5,0,0.77,13,25937.0
35,Female,Employed,Savings,67,1,79569,15,10,7,0,0.59,17,79569.0
34,Female,Employed,Fixed Deposit,48,1,182854,19,5,5,0,0.82,10,182854.0
38,Male,Employed,Savings,133,1,447550,23,12,9,0,0.7,21,447550.0
31,Female,Employed,Current,45,2,1090542,15,9,11,1,0.78,20,545271.0
33,Female,Self-employed,Current,20,1,160182,14,14,8,1,0.79,22,160182.0
41,Male,Self-employed,Savings,53,1,379294,14,9,10,0,0.57,19,379294.0
60,Female,Employed,Savings,89,4,434396,13,8,8,1,0.92,16,108599.0
28,Male,Employed,Savings,76,3,62944,15,11,14,1,0.58,25,20981.33
51,Female,Employed,Current,48,2,40930,15,5,9,0,0.64,14,20465.0
33,Male,Employed,Savings,173,4,559971,21,5,8,0,0.99,13,139992.75
42,Male,Employed,Savings,57,2,259847,21,8,13,1,0.92,21,129923.5
54,Female,Self-employed,Current,156,3,84365,14,6,4,0,0.54,10,28121.67
47,Male,Self-employed,Savings,135,2,330607,15,10,15,1,0.99,25,165303.5
35,Female,Employed,Savings,19,3,74478,20,7,8,0,0.53,15,24826.0
30,Male,Employed,Fixed Deposit,111,1,261342,14,9,9,0,0.57,18,261342.0
44,Male,Employed,Savings,69,1,117225,21,10,7,0,0.69,17,117225.0
43,Male,Self-employed,Savings,63,2,175325,19,10,11,0,0.57,21,87662.5
27,Male,Employed,Savings,37,3,318806,19,10,19,0,0.77,29,106268.67
38,Female,Employed,Savings,125,4,225029,23,9,10,0,0.85,19,56257.25
29,Female,Self-employed,Current,125,1,417937,12,4,6,0,0.72,10,417937.0
31,Female,Unemployed,Fixed Deposit,37,1,14032,19,7,12,1,0.74,19,14032.0
34,Female,Employed,Savings,53,1,324562,19,5,10,0,0.85,15,324562.0
44,Female,Unemployed,Current,30,1,86747,6,6,16,1,0.78,22,86747.0
49,Female,Employed,Savings,106,1,225957,9,9,9,2,0.51,18,225957.0
31,Male,Employed,Current,52,2,102977,24,5,9,0,0.84,14,51488.5
28,Female,Self-employed,Current,51,1,25806,6,3,12,0,0.74,15,25806.0
45,Female,Unemployed,Savings,56,3,160882,13,15,10,0,0.82,25,53627.33
45,Female,Employed,Current,86,3,74868,18,10,9,0,0.73,19,24956.0
42,Female,Self-employed,Current,132,3,174482,11,7,10,0,0.98,17,58160.67
33,Female,Employed,Savings,134,3,122349,14,4,9,0,0.61,13,40783.0
39,Female,Self-employed,Current,144,3,44052,16,10,8,0,0.55,18,14684.0
48,Female,Employed,Savings,137,1,149168,18,8,13,0,0.8,21,149168.0
32,Male,Unemployed,Savings,134,1,70112,14,13,7,0,0.52,20,70112.0
52,Female,Unemployed,Savings,46,2,79400,13,5,15,0,0.56,20,39700.0
58,Female,Self-employed,Savings,108,1,318063,14,7,9,0,0.99,16,318063.0
55,Male,Employed,Savings,162,2,78517,10,7,9,0,0.72,16,39258.5
32,Female,Employed,Savings,173,1,92422,12,2,8,0,0.92,10,92422.0
26,Female,Unemployed,Current,166,1,80962,20,10,13,0,0.7,23,80962.0
40,Female,Employed,Current,79,3,27664,14,10,11,1,0.89,21,9221.33
31,Male,Self-employed,Current,110,4,218714,14,13,14,0,0.76,27,54678.5
43,Female,Employed,Savings,167,2,500,12,5,11,2,0.92,16,250.0
50,Male,Employed,Savings,160,1,33348,8,8,11,0,0.84,19,33348.0
34,Male,Employed,Fixed Deposit,89,3,60988,15,5,11,0,0.59,16,20329.33
39,Female,Employed,Fixed Deposit,133,1,241344,15,3,7,0,0.76,10,241344.0
40,Female,Unemployed,Current,154,2,185007,14,10,7,0,0.87,17,92503.5
29,Female,Self-employed,Current,88,3,153082,16,15,9,0,0.96,24,51027.33
29,Male,Self-employed,Savings,154,3,42497,7,10,9,1,0.85,19,14165.67
30,Male,Self-employed,Savings,29,3,122717,16,16,8,1,0.98,24,40905.67
43,Female,Employed,Savings,139,1,262809,13,10,13,0,0.77,23,262809.0
51,Female,Employed,Savings,47,3,95762,8,9,10,0,0.91,19,31920.67
30,Female,Employed,Savings,120,3,130160,15,4,10,1,0.54,14,43386.67
33,Male,Employed,Savings,126,2,349247,16,8,7,0,0.5,15,174623.5
21,Female,Employed,Savings,155,3,1693,9,8,9,0,0.82,17,564.33
39,Male,Employed,Savings,142,1,146768,15,9,13,0,0.71,22,146768.0
23,Female,Self-employed,Current,19,4,71499,15,11,6,0,0.53,17,17874.75
43,Female,Self-employed,Current,54,3,106364,18,10,7,0,0.91,17,35454.67
40,Male,Employed,Savings,18,1,27329,14,10,12,0,0.85,22,27329.0
30,Female,Employed,Savings,86,1,14402,16,8,9,1,0.79,17,14402.0
36,Female,Employed,Savings,129,3,45456,16,10,9,0,0.83,19,15152.0
26,Female,Employed,Savings,62,1,167188,12,3,11,0,0.75,14,167188.0
18,Male,Employed,Current,102,2,225543,14,9,21,0,0.59,30,112771.5
38,Male,Employed,Current,176,2,6412,14,11,12,0,0.75,23,3206.0
20,Female,Employed,Savings,156,1,56719,18,7,11,1,0.72,18,56719.0
32,Female,Employed,Fixed Deposit,100,3,7585,21,7,10,2,0.57,17,2528.33
38,Male,Self-employed,Savings,177,3,207362,27,3,12,0,0.78,15,69120.67
29,Male,Self-employed,Savings,100,1,247499,20,6,9,0,0.57,15,247499.0
20,Female,Employed,Fixed Deposit,174,1,29742,17,10,12,0,0.84,22,29742.0
45,Male,Self-employed,Savings,49,1,41140,7,6,9,0,0.87,15,41140.0
41,Male,Self-employed,Savings,126,1,299204,14,6,6,1,0.74,12,299204.0
27,Female,Self-employed,Savings,67,1,27967,13,5,6,0,0.66,11,27967.0
39,Female,Employed,Savings,63,1,131182,8,8,10,1,0.54,18,131182.0
27,Male,Self-employed,Current,28,1,698410,16,8,7,0,0.96,15,698410.0
36,Female,Employed,Fixed Deposit,112,2,84434,9,6,8,0,0.81,14,42217.0
32,Male,Employed,Current,84,2,24278,13,8,14,0,0.91,22,12139.0
18,Female,Employed,Savings,42,2,73267,16,15,13,0,0.77,28,36633.5
29,Female,Employed,Savings,54,2,135358,9,5,6,1,0.86,11,67679.0
30,Female,Self-employed,Savings,139,3,3940,14,13,9,0,0.92,22,1313.33
26,Female,Self-employed,Savings,78,3,474539,15,9,14,0,0.62,23,158179.67
32,Male,Unemployed,Savings,66,1,135195,19,5,12,0,0.98,17,135195.0
36,Female,Employed,Savings,104,1,62124,16,8,10,0,0.59,18,62124.0
35,Male,Self-employed,Savings,29,1,413122,12,4,12,1,0.99,16,413122.0
31,Female,Self-employed,Current,88,3,198894,14,7,12,1,0.68,19,66298.0
24,Male,Self-employed,Savings,90,3,265901,12,2,9,0,0.65,11,88633.67
34,Female,Self-employed,Current,125,3,23457,14,8,10,0,0.6,18,7819.0
33,Male,Employed,Savings,45,1,559723,25,7,10,0,0.81,17,559723.0
18,Female,Employed,Savings,36,4,89612,14,6,17,1,0.56,23,22403.0
35,Male,Employed,Current,51,2,31987,16,8,10,0,0.87,18,15993.5
38,Male,Self-employed,Savings,96,3,58222,13,9,7,0,0.85,16,19407.33
34,Female,Self-employed,Savings,20,1,43019,15,9,11,0,0.88,20,43019.0
27,Female,Unemployed,Savings,54,1,56495,12,6,7,0,0.72,13,56495.0
46,Male,Employed,Current,105,1,135528,19,8,9,0,0.52,17,135528.0
41,Female,Employed,Fixed Deposit,107,4,36621,16,2,8,0,0.99,10,9155.25
34,Female,Employed,Savings,95,2,156399,14,8,12,0,0.96,20,78199.5
38,Male,Unemployed,Current,18,1,59977,14,14,9,0,0.89,23,59977.0
47,Male,Employed,Savings,30,1,61649,8,9,13,0,0.81,22,61649.0
49,Male,Unemployed,Savings,22,4,13413,15,4,14,0,0.85,18,3353.25
34,Male,Self-employed,Current,142,1,174823,16,5,11,0,0.99,16,174823.0
33,Female,Employed,Savings,130,3,67083,23,11,8,0,0.58,19,22361.0
33,Male,Self-employed,Savings,60,2,27366,12,5,10,0,0.54,15,13683.0
30,Female,Self-employed,Savings,134,2,38243,19,7,16,0,0.93,23,19121.5
40,Female,Self-employed,Current,91,1,73133,17,6,2,0,0.79,8,73133.0
43,Male,Employed,Fixed Deposit,124,2,765533,26,2,7,0,0.97,9,382766.5
45,Male,Employed,Current,145,1,19957,19,10,13,0,0.83,23,19957.0
39,Male,Self-employed,Savings,50,3,113551,19,9,10,0,0.82,19,37850.33
20,Male,Employed,Current,166,1,89670,14,5,10,0,0.91,15,89670.0
32,Male,Employed,Savings,137,2,82492,15,1,14,0,0.78,15,41246.0
30,Male,Self-employed,Savings,61,2,114525,12,7,8,0,0.76,15,57262.5
48,Male,Employed,Savings,179,1,3100,17,11,8,0,0.78,19,3100.0
37,Male,Employed,Savings,140,3,47084,14,7,9,0,0.63,16,15694.67
44,Female,Employed,Savings,113,4,124842,19,5,6,0,0.92,11,31210.5
50,Male,Employed,Current,147,1,219049,12,8,9,0,0.9,17,219049.0
30,Male,Self-employed,Savings,131,2,124830,16,7,6,0,0.54,13,62415.0
48,Female,Employed,Savings,153,1,22230,14,8,8,1,0.96,16,22230.0
35,Female,Employed,Savings,33,2,46122,12,3,13,1,0.83,16,23061.0
19,Male,Self-employed,Savings,171,4,451164,13,11,10,0,0.78,21,112791.0
22,Male,Self-employed,Savings,36,1,147724,19,14,14,0,0.79,28,147724.0
46,Male,Employed,Savings,118,1,56193,9,12,4,0,0.79,16,56193.0
41,Male,Self-employed,Savings,41,2,31401,16,7,7,0,0.51,14,15700.5
39,Female,Employed,Fixed Deposit,141,2,31360,13,7,9,0,0.93,16,15680.0
25,Female,Employed,Current,121,4,135630,12,5,13,0,0.5,18,33907.5
32,Male,Unemployed,Fixed Deposit,174,2,17425,30,14,15,0,0.82,29,8712.5
29,Female,Self-employed,Fixed Deposit,154,1,13602,15,10,9,0,0.57,19,13602.0
44,Female,Employed,Savings,94,2,209856,15,10,9,0,0.54,19,104928.0
33,Male,Employed,Current,40,3,66847,11,14,9,0,0.93,23,22282.33
32,Female,Employed,Savings,118,1,267199,13,7,9,0,0.97,16,267199.0
36,Male,Employed,Savings,16,1,122259,16,5,6,0,0.93,11,122259.0
37,Female,Employed,Savings,27,4,66189,10,6,7,0,0.86,13,16547.25
50,Male,Employed,Savings,70,1,104262,11,6,11,0,0.77,17,104262.0
53,Female,Employed,Savings,66,1,55656,16,7,13,0,0.63,20,55656.0
25,Female,Employed,Fixed Deposit,102,3,89693,19,8,12,0,0.79,20,29897.67
50,Male,Employed,Savings,20,1,255627,15,9,10,0,0.91,19,255627.0
20,Female,Self-employed,Current,13,2,178177,15,7,10,0,0.99,17,89088.5
43,Female,Unemployed,Savings,35,1,8446,10,8,8,0,0.76,16,8446.0
42,Female,Employed,Savings,58,4,442500,10,8,13,0,0.7,21,110625.0
18,Male,Unemployed,Fixed Deposit,63,1,137511,12,3,9,0,0.64,12,137511.0
33,Female,Employed,Savings,157,4,101448,8,10,5,0,0.9,15,25362.0
28,Female,Self-employed,Savings,74,1,165571,15,8,16,0,0.57,24,165571.0
30,Female,Employed,Current,34,4,221279,14,9,13,0,0.9,22,55319.75
35,Male,Employed,Fixed Deposit,13,1,37233,11,13,9,0,0.89,22,37233.0
34,Male,Employed,Savings,78,2,195112,5,5,9,1,0.72,14,97556.0
30,Female,Self-employed,Current,58,4,522844,14,7,11,0,0.82,18,130711.0
33,Male,Unemployed,Savings,163,1,10958,20,3,7,0,0.8,10,10958.0
43,Male,Self-employed,Savings,98,1,70294,16,10,10,0,0.83,20,70294.0
30,Female,Unemployed,Current,82,1,25581,19,4,8,0,0.85,12,25581.0
39,Male,Self-employed,Savings,29,1,229519,15,7,9,0,0.81,16,229519.0
44,Female,Employed,Savings,95,1,63703,14,4,11,0,0.56,15,63703.0
31,Female,Employed,Savings,23,4,132875,17,10,9,0,0.5,19,33218.75
21,Female,Unemployed,Current,13,1,338038,20,10,10,0,0.87,20,338038.0
31,Male,Employed,Savings,152,3,275456,15,10,14,0,0.52,24,91818.67
34,Female,Employed,Current,27,1,24124,12,8,3,0,0.65,11,24124.0
32,Female,Self-employed,Savings,50,1,154369,11,12,8,0,0.66,20,154369.0
25,Female,Employed,Current,34,1,104252,20,4,9,0,0.94,13,104252.0
39,Female,Employed,Savings,104,4,169140,13,5,14,0,0.56,19,42285.0
45,Female,Employed,Current,40,3,92740,8,10,11,0,0.87,21,30913.33
32,Female,Unemployed,Fixed Deposit,40,2,240937,10,5,11,0,0.91,16,120468.5
46,Male,Employed,Current,32,1,108051,15,7,13,0,0.76,20,108051.0
47,Male,Unemployed,Current,52,2,55427,23,11,10,0,0.57,21,27713.5
31,Male,Employed,Savings,118,1,73571,18,9,5,0,0.88,14,73571.0
38,Female,Employed,Fixed Deposit,65,2,167793,12,9,13,0,0.72,22,83896.5
52,Female,Self-employed,Savings,65,2,48787,11,9,10,0,0.75,19,24393.5
39,Male,Employed,Current,71,1,189727,13,7,13,0,0.69,20,189727.0
18,Male,Employed,Savings,132,1,220926,20,8,13,0,0.52,21,220926.0
35,Female,Employed,Current,147,2,303358,15,6,12,2,0.5,18,151679.0
27,Male,Employed,Current,66,1,33273,15,6,13,0,0.71,19,33273.0
29,Female,Employed,Savings,97,1,18407,10,4,11,0,0.82,15,18407.0
30,Male,Unemployed,Savings,36,2,12920,21,13,9,0,0.73,22,6460.0
25,Male,Unemployed,Current,86,2,215738,13,11,12,0,0.52,23,107869.0
49,Female,Employed,Savings,173,2,271707,11,10,11,0,0.72,21,135853.5
46,Male,Employed,Savings,68,3,248015,13,9,9,0,0.79,18,82671.67
39,Male,Employed,Savings,155,3,19657,20,11,11,0,0.52,22,6552.33
36,Female,Self-employed,Savings,115,2,5851,17,4,10,0,0.81,14,2925.5
33,Female,Employed,Current,122,2,10546,16,6,4,0,0.81,10,5273.0
34,Male,Employed,Current,146,3,140125,20,14,9,0,0.75,23,46708.33
59,Female,Employed,Savings,34,2,13407,14,9,9,0,0.97,18,6703.5
25,Male,Self-employed,Current,124,2,69839,13,6,9,0,0.66,15,34919.5
24,Female,Employed,Savings,90,1,42340,16,5,7,1,0.62,12,42340.0
40,Female,Self-employed,Current,72,2,149227,6,4,10,0,0.67,14,74613.5
30,Male,Employed,Savings,165,1,114107,10,12,15,0,0.62,27,114107.0
20,Female,Self-employed,Savings,166,1,186102,16,7,11,0,0.54,18,186102.0
22,Male,Employed,Fixed Deposit,123,3,17738,15,10,8,1,0.99,18,5912.67
28,Female,Self-employed,Savings,18,2,17139,12,10,9,0,0.79,19,8569.5
38,Male,Unemployed,Savings,140,4,179258,14,2,7,1,1.0,9,44814.5
27,Male,Self-employed,Savings,137,1,49267,11,9,11,0,0.98,20,49267.0
28,Female,Self-employed,Savings,65,1,121002,22,6,11,0,0.55,17,121002.0
40,Female,Self-employed,Fixed Deposit,48,3,120162,12,11,9,1,0.91,20,40054.0
43,Male,Self-employed,Savings,70,3,276834,15,14,14,0,0.51,28,92278.0
34,Female,Self-employed,Savings,85,4,270873,21,6,15,2,0.67,21,67718.25
63,Male,Self-employed,Savings,161,3,18270,13,8,12,0,0.82,20,6090.0
24,Male,Unemployed,Current,105,1,31960,9,8,10,0,0.59,18,31960.0
43,Female,Employed,Current,67,3,307525,10,13,12,0,0.93,25,102508.33
35,Female,Employed,Savings,176,1,8816,13,7,13,0,0.69,20,8816.0
37,Male,Employed,Savings,144,1,237714,17,5,10,1,0.97,15,237714.0
46,Female,Self-employed,Savings,131,1,4599,16,13,10,0,0.96,23,4599.0
42,Female,Employed,Savings,71,2,221898,20,6,6,0,0.58,12,110949.0
25,Male,Self-employed,Savings,59,2,260514,10,4,10,0,0.73,14,130257.0
49,Male,Employed,Savings,22,1,161381,16,4,10,1,0.73,14,161381.0
48,Male,Employed,Fixed Deposit,113,3,190455,17,9,13,0,0.79,22,63485.0
39,Male,Self-employed,Savings,17,1,118271,13,2,8,0,0.61,10,118271.0
32,Female,Employed,Savings,124,2,127451,19,5,9,0,0.54,14,63725.5
20,Female,Employed,Current,42,4,112133,13,9,4,0,0.89,13,28033.25
44,Female,Self-employed,Savings,118,3,14538,15,8,9,0,0.79,17,4846.0
42,Male,Employed,Current,20,3,46981,18,6,12,0,0.97,18,15660.33
43,Male,Employed,Fixed Deposit,120,3,110425,14,7,16,0,0.6,23,36808.33
46,Female,Employed,Savings,143,1,139803,21,6,8,0,0.73,14,139803.0
50,Female,Employed,Savings,109,3,4161,22,14,8,0,0.98,22,1387.0
37,Male,Self-employed,Savings,104,2,217051,13,10,13,0,0.59,23,108525.5
31,Female,Self-employed,Savings,43,4,7534,14,9,10,0,0.58,19,1883.5
31,Male,Self-employed,Savings,60,1,68552,9,12,11,0,0.62,23,68552.0
25,Male,Employed,Savings,135,3,57900,12,7,6,0,0.75,13,19300.0
45,Male,Employed,Savings,143,3,116573,15,6,8,0,0.9,14,38857.67
43,Male,Unemployed,Current,21,1,186622,18,9,11,0,0.66,20,186622.0
49,Male,Employed,Savings,16,4,130785,17,9,12,0,0.51,21,32696.25
45,Male,Self-employed,Savings,172,2,64853,10,8,6,1,0.89,14,32426.5
31,Female,Self-employed,Savings,85,2,50504,17,6,10,0,0.63,16,25252.0
25,Male,Self-employed,Current,150,3,230608,15,7,5,0,0.97,12,76869.33
42,Male,Unemployed,Fixed Deposit,177,2,78661,11,5,9,0,0.63,14,39330.5
48,Female,Employed,Fixed Deposit,161,2,145791,15,3,6,0,0.66,9,72895.5
38,Female,Unemployed,Savings,96,1,146152,19,5,12,0,0.76,17,146152.0
33,Male,Self-employed,Current,61,1,101604,17,1,10,0,0.87,11,101604.0
46,Male,Employed,Savings,101,3,178397,12,3,13,0,0.56,16,59465.67
38,Female,Employed,Savings,77,2,217121,18,9,15,0,0.87,24,108560.5
51,Female,Unemployed,Current,152,1,200058,16,4,12,0,0.73,16,200058.0
37,Male,Employed,Current,157,1,382949,12,7,16,0,0.78,23,382949.0
18,Female,Employed,Fixed Deposit,116,1,345024,20,5,7,0,0.63,12,345024.0
28,Male,Employed,Current,126,4,260101,16,6,10,1,0.78,16,65025.25
32,Female,Self-employed,Savings,107,1,50370,13,10,11,0,0.94,21,50370.0
54,Male,Employed,Savings,162,1,101312,10,10,7,0,0.55,17,101312.0
29,Female,Self-employed,Savings,83,2,23751,8,7,7,0,0.51,14,11875.5
18,Female,Self-employed,Current,138,1,251104,23,10,9,0,0.79,19,251104.0
27,Female,Employed,Savings,165,1,240751,8,13,9,0,0.75,22,240751.0
40,Male,Employed,Savings,46,1,149796,12,6,10,1,0.78,16,149796.0
27,Female,Employed,Current,53,1,84383,15,11,7,0,0.53,18,84383.0
38,Female,Employed,Current,129,4,183569,19,8,11,0,0.53,19,45892.25
33,Female,Unemployed,Savings,140,4,7124,16,10,11,0,0.85,21,1781.0
22,Female,Employed,Savings,178,4,91419,14,12,6,0,0.69,18,22854.75
21,Male,Self-employed,Savings,111,2,158334,14,15,7,0,0.58,22,79167.0
41,Female,Employed,Savings,92,1,315059,17,7,12,0,0.96,19,315059.0
38,Male,Employed,Savings,72,2,13484,11,2,9,0,0.79,11,6742.0
38,Female,Unemployed,Savings,165,1,183286,11,6,12,1,0.75,18,183286.0
31,Male,Self-employed,Savings,78,1,383400,18,7,12,1,0.71,19,383400.0
42,Female,Employed,Savings,46,1,269627,10,11,11,0,0.57,22,269627.0
55,Female,Employed,Current,127,3,230454,17,4,4,0,0.62,8,76818.0
29,Male,Employed,Savings,95,1,96143,14,7,12,1,0.76,19,96143.0
37,Female,Employed,Current,21,3,260029,16,3,15,0,0.73,18,86676.33
43,Female,Employed,Current,57,1,292428,20,9,9,0,0.9,18,292428.0
40,Female,Employed,Current,86,1,132189,16,4,12,0,0.99,16,132189.0
62,Female,Self-employed,Savings,115,2,434122,13,9,9,0,0.71,18,217061.0
39,Male,Employed,Savings,47,2,27007,15,12,8,0,0.65,20,13503.5
46,Female,Employed,Savings,64,3,105035,12,6,9,0,0.65,15,35011.67
31,Female,Unemployed,Savings,24,2,252091,24,8,6,0,0.75,14,126045.5
30,Female,Unemployed,Current,113,3,237901,18,8,8,0,0.99,16,79300.33
29,Female,Employed,Current,36,2,110118,19,9,7,0,0.71,16,55059.0
30,Female,Self-employed,Savings,159,2,139565,10,8,10,0,0.59,18,69782.5
56,Male,Employed,Savings,58,4,266915,12,7,7,0,0.96,14,66728.75
31,Female,Employed,Savings,61,1,93705,15,10,12,0,0.91,22,93705.0
37,Male,Employed,Savings,14,1,56995,17,9,6,0,0.62,15,56995.0
26,Female,Employed,Savings,89,2,46687,10,10,7,0,0.99,17,23343.5
35,Male,Employed,Savings,139,2,16847,18,8,14,0,0.78,22,8423.5
48,Female,Employed,Savings,33,1,11115,12,5,7,1,0.83,12,11115.0
35,Female,Employed,Current,118,1,136164,19,10,12,0,0.55,22,136164.0
29,Female,Self-employed,Savings,27,3,34058,12,10,13,0,0.67,23,11352.67
26,Female,Self-employed,Savings,142,2,140225,16,7,8,1,0.59,15,70112.5
38,Female,Unemployed,Savings,119,1,7337,15,5,9,0,0.66,14,7337.0
42,Male,Employed,Fixed Deposit,165,4,55564,17,10,12,0,0.86,22,13891.0
46,Female,Employed,Current,104,3,93107,22,9,8,0,0.69,17,31035.67
25,Male,Employed,Savings,170,2,63058,16,4,11,0,0.67,15,31529.0
48,Male,Employed,Savings,148,2,148029,16,7,5,0,0.99,12,74014.5
47,Male,Employed,Savings,171,3,692012,8,10,15,0,0.81,25,230670.67
34,Female,Employed,Current,20,1,13763,10,7,10,0,0.55,17,13763.0
21,Male,Self-employed,Savings,19,3,8523,10,4,10,0,0.77,14,2841.0
32,Female,Employed,Fixed Deposit,118,1,94414,16,10,10,1,0.53,20,94414.0
41,Female,Self-employed,Savings,134,1,11628,11,14,3,0,0.5,17,11628.0
19,Male,Self-employed,Savings,163,2,14999,15,17,16,0,0.62,33,7499.5
29,Female,Employed,Current,51,2,48511,17,9,17,1,0.87,26,24255.5
36,Male,Employed,Savings,106,2,186311,14,9,7,1,0.97,16,93155.5
18,Female,Employed,Savings,80,1,133108,7,10,11,0,0.83,21,133108.0
35,Female,Self-employed,Fixed Deposit,119,1,37649,14,7,7,0,0.58,14,37649.0
45,Female,Unemployed,Savings,59,2,325228,14,13,8,1,0.82,21,162614.0
34,Female,Employed,Current,33,1,9865,18,7,13,0,0.54,20,9865.0
29,Male,Employed,Fixed Deposit,114,1,10649,13,9,11,1,0.98,20,10649.0
41,Male,Employed,Savings,28,3,251819,17,10,10,1,0.69,20,83939.67
50,Male,Employed,Current,155,3,24256,19,6,7,0,0.64,13,8085.33
39,Male,Employed,Savings,72,2,12283,16,7,7,0,0.73,14,6141.5
39,Female,Employed,Savings,77,1,73465,11,16,8,0,0.75,24,73465.0
27,Female,Employed,Savings,94,1,199765,10,3,12,0,0.55,15,199765.0
32,Female,Employed,Current,52,1,15806,12,14,10,0,0.78,24,15806.0
18,Female,Self-employed,Current,113,2,87630,14,6,11,0,0.54,17,43815.0
52,Female,Employed,Current,140,1,69390,11,5,10,0,0.73,15,69390.0
46,Male,Employed,Savings,65,2,320378,14,10,12,1,0.75,22,160189.0
45,Male,Employed,Savings,143,1,282521,12,6,13,0,0.85,19,282521.0
37,Female,Unemployed,Fixed Deposit,174,4,26820,19,11,9,1,0.67,20,6705.0
35,Female,Unemployed,Savings,23,3,441790,23,7,13,0,0.78,20,147263.33
33,Female,Employed,Savings,44,4,38947,12,4,8,0,0.87,12,9736.75
31,Male,Employed,Savings,18,4,665217,16,6,11,0,0.72,17,166304.25
25,Male,Unemployed,Savings,118,2,178711,14,6,10,0,0.95,16,89355.5
45,Female,Self-employed,Fixed Deposit,161,2,44900,12,10,14,0,0.81,24,22450.0
37,Female,Self-employed,Savings,37,4,296178,10,8,13,0,0.76,21,74044.5
46,Female,Employed,Current,141,2,67599,10,7,9,0,0.71,16,33799.5
31,Female,Unemployed,Current,93,2,470604,17,12,18,1,0.77,30,235302.0
34,Male,Employed,Current,49,2,17479,16,3,14,1,0.59,17,8739.5
33,Male,Employed,Fixed Deposit,179,3,391202,14,8,10,0,0.99,18,130400.67
40,Female,Employed,Savings,77,1,72066,13,9,12,0,0.77,21,72066.0
35,Female,Self-employed,Savings,79,3,300983,17,3,7,0,0.62,10,100327.67
55,Male,Employed,Savings,103,3,100724,23,9,10,0,0.76,19,33574.67
29,Female,Employed,Savings,151,3,212133,16,11,7,1,0.71,18,70711.0
36,Female,Self-employed,Savings,129,3,16112,17,7,8,0,0.78,15,5370.67
43,Male,Self-employed,Current,83,1,125866,11,5,7,0,0.93,12,125866.0
24,Female,Unemployed,Current,146,2,110743,14,12,10,0,0.9,22,55371.5
32,Male,Employed,Savings,124,3,177383,15,8,9,2,0.72,17,59127.67
44,Male,Self-employed,Current,55,4,6001,19,14,8,0,0.75,22,1500.25
20,Female,Unemployed,Savings,177,1,206458,17,6,8,0,0.59,14,206458.0
23,Female,Employed,Savings,50,4,108379,14,2,7,0,0.8,9,27094.75
19,Female,Employed,Current,32,4,79059,10,2,11,0,0.53,13,19764.75
40,Male,Employed,Savings,172,3,156275,22,8,10,1,0.86,18,52091.67
42,Female,Employed,Savings,63,1,11205,14,7,7,0,0.56,14,11205.0
34,Male,Self-employed,Savings,72,3,80195,21,9,12,0,0.98,21,26731.67
31,Male,Self-employed,Savings,14,1,64214,19,4,10,0,0.84,14,64214.0
31,Male,Self-employed,Savings,168,1,58757,20,5,6,0,0.81,11,58757.0
34,Female,Employed,Savings,138,2,130818,20,7,9,1,0.94,16,65409.0
32,Male,Employed,Savings,159,4,45100,15,8,9,0,0.76,17,11275.0
21,Female,Employed,Current,108,4,73898,17,6,16,0,0.85,22,18474.5
23,Female,Employed,Fixed Deposit,40,1,99564,14,6,6,0,0.77,12,99564.0
32,Male,Employed,Current,110,1,142781,11,9,15,0,0.96,24,142781.0
44,Male,Unemployed,Savings,53,2,359221,10,8,12,0,0.99,20,179610.5
26,Female,Employed,Current,117,4,400931,10,11,9,1,0.58,20,100232.75
49,Female,Employed,Savings,118,2,94045,22,12,8,0,0.89,20,47022.5
24,Male,Self-employed,Savings,99,4,820143,10,4,10,0,1.0,14,205035.75
28,Male,Employed,Savings,152,3,82752,20,10,9,0,0.73,19,27584.0
37,Female,Employed,Current,79,2,371112,13,9,12,0,0.97,21,185556.0
43,Female,Employed,Savings,46,1,240160,9,10,10,0,0.9,20,240160.0
25,Male,Employed,Fixed Deposit,15,1,361029,13,7,9,1,0.71,16,361029.0
26,Male,Employed,Current,104,1,31174,16,9,11,0,0.72,20,31174.0
34,Female,Employed,Current,164,1,44177,10,4,14,0,0.95,18,44177.0
47,Male,Employed,Savings,96,2,28247,13,6,10,0,0.87,16,14123.5
34,Female,Self-employed,Savings,140,1,182294,20,6,10,0,0.62,16,182294.0
48,Male,Self-employed,Current,39,4,138175,15,13,5,2,0.96,18,34543.75
31,Female,Employed,Savings,88,1,401682,19,11,10,0,0.63,21,401682.0
36,Male,Self-employed,Current,99,2,34913,11,13,9,0,0.56,22,17456.5
24,Male,Self-employed,Savings,144,1,135866,15,7,15,1,0.74,22,135866.0
41,Female,Employed,Fixed Deposit,40,4,23260,17,5,13,0,0.56,18,5815.0
38,Female,Employed,Savings,136,1,144711,16,6,14,0,0.67,20,144711.0
33,Female,Unemployed,Fixed Deposit,76,2,650168,15,8,10,0,0.62,18,325084.0
29,Female,Self-employed,Savings,94,3,130856,14,5,12,0,0.59,17,43618.67
42,Male,Self-employed,Current,24,2,198260,10,7,15,0,0.69,22,99130.0
37,Male,Unemployed,Savings,28,1,39071,17,14,8,1,0.99,22,39071.0
31,Female,Employed,Current,107,3,14231,11,8,13,0,0.91,21,4743.67
27,Male,Employed,Savings,31,2,275961,10,3,9,0,0.92,12,137980.5
22,Female,Employed,Savings,162,1,262482,9,7,15,0,0.57,22,262482.0
38,Male,Employed,Savings,145,2,69531,15,6,10,0,0.97,16,34765.5
46,Male,Employed,Current,33,1,169279,13,14,12,0,0.67,26,169279.0
37,Female,Employed,Savings,179,2,66725,17,7,8,0,0.55,15,33362.5
23,Male,Employed,Savings,42,2,61138,12,10,12,0,0.71,22,30569.0
44,Female,Employed,Savings,157,3,10310,12,8,11,0,0.58,19,3436.67
23,Male,Employed,Current,159,2,160421,17,9,10,0,0.79,19,80210.5
35,Female,Employed,Savings,24,1,103072,19,9,10,0,0.94,19,103072.0
37,Male,Employed,Fixed Deposit,174,2,25520,15,7,5,2,0.98,12,12760.0
36,Female,Self-employed,Fixed Deposit,123,1,38748,16,4,12,0,0.69,16,38748.0
23,Male,Employed,Savings,119,1,218798,16,8,9,0,0.77,17,218798.0
31,Male,Employed,Current,169,1,52437,10,5,7,1,0.95,12,52437.0
34,Male,Unemployed,Savings,81,2,37988,16,6,9,0,0.62,15,18994.0
31,Female,Employed,Fixed Deposit,68,1,246363,15,3,9,0,0.72,12,246363.0
31,Female,Employed,Savings,88,1,159302,21,6,8,1,0.74,14,159302.0
45,Male,Employed,Savings,164,2,150580,11,7,6,1,0.61,13,75290.0
41,Male,Employed,Savings,159,1,104028,19,10,6,0,0.95,16,104028.0
28,Male,Self-employed,Savings,164,1,391376,11,7,8,0,0.94,15,391376.0
47,Male,Unemployed,Savings,54,4,40509,20,4,15,0,0.52,19,10127.25
30,Female,Self-employed,Savings,70,2,257089,17,11,13,1,0.94,24,128544.5
46,Male,Self-employed,Fixed Deposit,180,1,105994,16,7,12,1,0.74,19,105994.0
38,Male,Unemployed,Current,127,1,22068,20,6,14,0,0.82,20,22068.0
45,Male,Self-employed,Savings,70,2,154666,11,6,12,0,0.72,18,77333.0
46,Female,Employed,Savings,100,2,598144,16,7,6,0,0.61,13,299072.0
46,Female,Employed,Savings,20,2,66238,15,6,4,0,0.71,10,33119.0
48,Female,Employed,Savings,97,1,5214,14,9,7,1,0.63,16,5214.0
33,Female,Employed,Savings,98,2,337950,19,11,9,0,0.91,20,168975.0
38,Male,Employed,Savings,165,1,119325,12,6,7,0,0.81,13,119325.0
18,Male,Employed,Savings,75,1,95144,17,11,13,0,0.84,24,95144.0
31,Female,Employed,Current,81,3,61642,13,7,5,0,0.56,12,20547.33
47,Female,Employed,Current,128,2,127974,13,6,10,0,0.82,16,63987.0
35,Female,Self-employed,Current,100,1,35130,13,6,5,0,0.82,11,35130.0
33,Male,Self-employed,Current,14,3,31424,13,10,4,1,0.52,14,10474.67
34,Male,Self-employed,Savings,51,2,669982,11,10,8,0,0.93,18,334991.0
28,Female,Employed,Current,92,2,157816,19,12,5,1,0.66,17,78908.0
46,Male,Employed,Savings,127,2,20671,13,10,13,0,0.58,23,10335.5
60,Male,Self-employed,Current,29,2,85470,8,4,13,0,0.77,17,42735.0
26,Male,Employed,Fixed Deposit,91,2,406185,13,4,5,1,0.87,9,203092.5
32,Female,Self-employed,Savings,98,3,107120,18,5,9,0,0.85,14,35706.67
33,Female,Employed,Fixed Deposit,142,1,123983,10,9,11,1,0.99,20,123983.0
48,Male,Employed,Savings,32,3,88770,14,10,11,0,0.57,21,29590.0
18,Female,Employed,Current,169,1,95522,22,8,6,0,0.92,14,95522.0
20,Male,Self-employed,Fixed Deposit,86,4,30651,5,6,9,0,0.54,15,7662.75
45,Male,Employed,Current,164,1,109239,16,8,8,0,0.61,16,109239.0
33,Male,Employed,Savings,38,4,118038,16,12,14,0,0.68,26,29509.5
18,Male,Employed,Fixed Deposit,34,2,137350,9,9,12,1,0.76,21,68675.0
27,Female,Self-employed,Savings,17,3,343728,8,5,10,1,0.77,15,114576.0
18,Male,Employed,Savings,125,4,73367,17,9,4,0,0.89,13,18341.75
49,Male,Employed,Savings,28,2,154909,12,13,6,0,0.95,19,77454.5
35,Male,Self-employed,Savings,21,2,62624,16,4,10,0,0.54,14,31312.0
49,Female,Employed,Savings,34,4,123145,23,10,14,0,0.58,24,30786.25
33,Male,Self-employed,Savings,162,2,21055,20,5,9,0,0.74,14,10527.5
34,Male,Employed,Savings,88,2,18568,22,6,14,1,0.9,20,9284.0
41,Female,Employed,Current,39,4,15625,11,5,6,0,0.66,11,3906.25
32,Female,Self-employed,Current,44,2,11437,14,6,12,0,0.85,18,5718.5
25,Female,Self-employed,Current,168,1,100860,10,7,10,0,0.96,17,100860.0
27,Male,Employed,Current,17,2,145441,17,3,10,0,0.55,13,72720.5
34,Male,Self-employed,Savings,40,1,140904,14,12,11,0,0.7,23,140904.0
31,Male,Employed,Fixed Deposit,96,1,4788,17,7,10,0,0.95,17,4788.0
39,Female,Self-employed,Current,35,4,65542,17,5,6,0,0.53,11,16385.5
22,Female,Employed,Savings,121,1,147727,13,16,8,0,0.59,24,147727.0
31,Female,Employed,Current,121,1,32777,12,8,10,0,0.92,18,32777.0
41,Female,Employed,Savings,38,1,20545,9,11,14,0,0.85,25,20545.0
56,Male,Employed,Savings,155,2,88980,16,6,10,0,0.75,16,44490.0
28,Female,Self-employed,Savings,177,1,15265,10,4,11,0,0.85,15,15265.0
40,Male,Self-employed,Current,136,1,277203,18,5,9,0,0.6,14,277203.0
36,Female,Employed,Savings,23,4,14002,19,9,12,0,0.87,21,3500.5
46,Male,Self-employed,Current,143,2,589559,20,4,10,1,0.89,14,294779.5
23,Male,Employed,Savings,112,2,155117,20,9,11,0,0.71,20,77558.5
32,Male,Employed,Current,151,1,174409,17,8,9,1,0.56,17,174409.0
51,Male,Employed,Savings,149,1,61274,16,5,13,1,0.85,18,61274.0
30,Female,Self-employed,Savings,21,3,98934,17,6,16,0,0.81,22,32978.0
34,Female,Employed,Fixed Deposit,22,2,116763,17,13,8,0,0.93,21,58381.5
21,Male,Self-employed,Savings,103,4,42129,20,9,10,0,0.97,19,10532.25
37,Male,Employed,Fixed Deposit,165,1,2702,17,7,8,1,0.54,15,2702.0
20,Male,Self-employed,Savings,158,1,121092,15,5,6,0,0.99,11,121092.0
33,Female,Self-employed,Current,157,3,430064,13,7,9,0,0.64,16,143354.67
36,Male,Employed,Savings,22,2,89830,10,11,7,1,0.76,18,44915.0
37,Male,Unemployed,Current,115,1,17510,11,6,12,0,0.97,18,17510.0
41,Male,Employed,Savings,119,2,50624,15,9,7,0,0.84,16,25312.0
39,Male,Employed,Savings,134,2,141138,16,8,8,0,0.76,16,70569.0
39,Male,Unemployed,Savings,175,2,337885,23,7,9,0,0.6,16,168942.5
45,Female,Self-employed,Savings,164,2,20153,21,12,8,0,0.54,20,10076.5
32,Male,Employed,Current,171,1,328797,16,5,13,0,0.94,18,328797.0
34,Male,Unemployed,Savings,68,1,244487,19,12,15,2,0.75,27,244487.0
22,Male,Employed,Savings,179,1,100045,16,12,12,0,0.98,24,100045.0
20,Male,Employed,Savings,48,2,16824,20,7,11,0,0.89,18,8412.0
48,Female,Employed,Fixed Deposit,171,4,150174,14,3,13,0,0.9,16,37543.5
31,Male,Employed,Savings,111,3,18895,12,11,9,0,0.78,20,6298.33
31,Female,Self-employed,Savings,169,1,358339,19,9,11,0,0.88,20,358339.0
38,Female,Employed,Savings,31,1,25089,18,4,6,1,0.99,10,25089.0
51,Male,Employed,Fixed Deposit,65,1,108328,20,5,6,0,0.72,11,108328.0
39,Female,Self-employed,Fixed Deposit,148,1,8373,14,10,8,0,0.98,18,8373.0
39,Male,Employed,Savings,179,1,57311,12,7,9,0,0.95,16,57311.0
54,Male,Employed,Savings,126,1,114343,8,7,9,0,0.53,16,114343.0
50,Male,Employed,Current,79,1,28945,20,7,5,0,0.75,12,28945.0
34,Male,Employed,Savings,140,1,103685,7,10,10,0,0.54,20,103685.0
44,Female,Self-employed,Current,109,3,261382,19,4,17,0,0.6,21,87127.33
29,Male,Employed,Savings,82,4,351279,14,4,11,0,0.98,15,87819.75
38,Male,Employed,Savings,167,1,378635,10,13,20,0,0.62,33,378635.0
34,Male,Self-employed,Savings,24,3,110229,15,9,9,0,0.77,18,36743.0
54,Male,Employed,Savings,176,1,216675,20,6,7,0,0.68,13,216675.0
53,Male,Unemployed,Current,31,2,229746,18,6,14,0,0.97,20,114873.0
30,Female,Employed,Current,46,4,1176628,13,14,8,0,0.51,22,294157.0
35,Female,Employed,Current,33,1,386882,14,11,12,0,0.82,23,386882.0
22,Female,Employed,Current,95,2,7064,17,16,11,0,0.67,27,3532.0
19,Female,Employed,Savings,88,1,31588,17,8,9,0,0.68,17,31588.0
45,Female,Employed,Current,53,4,164193,11,5,10,0,0.55,15,41048.25
30,Male,Employed,Savings,94,2,2122,13,11,10,2,0.84,21,1061.0
29,Female,Employed,Fixed Deposit,59,1,173519,11,7,11,1,0.97,18,173519.0
36,Male,Self-employed,Savings,28,1,44141,23,13,14,0,0.95,27,44141.0
29,Male,Self-employed,Savings,72,2,322761,19,7,8,0,0.94,15,161380.5
38,Female,Self-employed,Savings,128,1,112369,9,12,7,0,0.65,19,112369.0
34,Male,Employed,Savings,131,2,22513,17,10,19,0,0.62,29,11256.5
31,Female,Employed,Savings,23,3,390305,15,5,9,0,0.96,14,130101.67
41,Male,Employed,Savings,106,4,158816,9,8,12,1,0.94,20,39704.0
37,Male,Employed,Savings,151,1,66302,20,7,7,0,0.86,14,66302.0
30,Female,Employed,Current,78,2,52204,18,10,10,1,0.86,20,26102.0
26,Female,Employed,Fixed Deposit,82,2,49113,17,5,7,0,0.57,12,24556.5
29,Female,Employed,Savings,24,1,328842,14,3,14,0,0.79,17,328842.0
18,Male,Employed,Current,83,4,42487,15,8,13,0,0.6,21,10621.75
43,Male,Employed,Current,137,1,29497,25,5,9,0,0.52,14,29497.0
23,Male,Employed,Savings,176,4,101991,14,8,11,0,0.65,19,25497.75
31,Female,Unemployed,Current,74,2,239093,16,7,7,1,0.69,14,119546.5
25,Male,Self-employed,Current,114,1,205677,12,5,9,1,0.96,14,205677.0
38,Male,Employed,Savings,175,2,369618,21,7,12,0,0.62,19,184809.0
28,Female,Employed,Savings,26,2,161752,21,9,14,0,0.75,23,80876.0
33,Male,Unemployed,Current,163,1,161929,16,10,16,0,0.87,26,161929.0
31,Female,Unemployed,Savings,72,2,40021,18,8,11,0,0.79,19,20010.5
33,Male,Employed,Savings,45,1,46503,14,6,11,0,0.86,17,46503.0
29,Female,Employed,Savings,157,1,108545,22,8,9,0,0.62,17,108545.0
36,Male,Employed,Savings,81,2,64259,17,7,7,0,0.73,14,32129.5
33,Male,Self-employed,Savings,107,1,13512,12,10,11,0,0.94,21,13512.0
58,Male,Employed,Savings,67,2,75963,15,8,8,0,0.52,16,37981.5
29,Male,Employed,Current,37,1,342785,9,8,7,0,0.55,15,342785.0
33,Female,Self-employed,Savings,22,2,297026,16,6,9,0,0.71,15,148513.0
47,Male,Employed,Savings,17,4,181239,19,2,8,1,0.77,10,45309.75
40,Male,Self-employed,Savings,72,4,35311,13,7,6,1,0.5,13,8827.75
44,Male,Employed,Savings,177,4,104047,17,13,7,0,0.92,20,26011.75
28,Male,Employed,Savings,110,1,57221,13,8,10,0,0.69,18,57221.0
34,Male,Employed,Fixed Deposit,86,4,21412,16,13,8,0,0.59,21,5353.0
38,Male,Self-employed,Fixed Deposit,97,4,141422,13,7,10,1,0.97,17,35355.5
26,Male,Employed,Current,53,3,272036,18,11,6,0,0.91,17,90678.67
44,Male,Employed,Savings,77,2,435952,16,15,4,0,0.75,19,217976.0
32,Male,Employed,Fixed Deposit,173,3,647444,21,9,13,0,0.82,22,215814.67
36,Male,Employed,Savings,172,3,25930,17,5,13,1,0.84,18,8643.33
45,Male,Self-employed,Savings,119,1,309845,18,10,9,0,0.86,19,309845.0
58,Male,Self-employed,Savings,95,3,47991,16,7,7,0,0.77,14,15997.0
35,Male,Employed,Current,163,1,64953,17,7,8,0,0.6,15,64953.0
53,Male,Employed,Savings,128,4,44309,10,6,7,0,0.62,13,11077.25
34,Female,Unemployed,Savings,153,3,78426,15,9,9,0,0.85,18,26142.0
38,Male,Self-employed,Fixed Deposit,17,1,118410,8,10,10,0,0.74,20,118410.0
24,Female,Self-employed,Current,157,1,28191,17,1,8,1,0.63,9,28191.0
39,Female,Employed,Current,24,3,11933,8,14,10,0,0.68,24,3977.67
42,Male,Employed,Current,75,3,107968,17,9,13,0,0.7,22,35989.33
40,Female,Employed,Savings,91,1,162094,12,11,10,0,0.6,21,162094.0
39,Male,Self-employed,Savings,156,4,386910,14,6,8,0,0.68,14,96727.5
41,Female,Employed,Current,17,3,82516,18,13,14,0,0.65,27,27505.33
44,Female,Employed,Savings,64,1,394691,21,12,10,0,0.88,22,394691.0
34,Male,Employed,Savings,60,2,82940,16,3,13,0,0.64,16,41470.0
26,Female,Employed,Savings,106,1,216853,16,5,11,0,0.63,16,216853.0
52,Male,Employed,Current,95,2,70306,15,7,8,0,0.71,15,35153.0
18,Male,Employed,Savings,155,1,108818,21,7,11,0,0.53,18,108818.0
48,Male,Self-employed,Savings,106,3,85842,13,8,9,0,0.77,17,28614.0
27,Female,Self-employed,Savings,134,3,235795,13,4,11,0,0.57,15,78598.33
28,Female,Self-employed,Savings,172,4,76758,18,6,6,1,0.96,12,19189.5
29,Male,Employed,Savings,168,2,1644080,13,10,7,0,0.51,17,822040.0
34,Male,Employed,Current,114,1,19886,22,3,10,0,0.83,13,19886.0
38,Female,Self-employed,Savings,22,2,40700,15,7,12,0,0.89,19,20350.0
36,Male,Self-employed,Current,35,2,13335,16,7,9,0,0.85,16,6667.5
44,Female,Employed,Current,20,1,299527,8,9,10,0,0.86,19,299527.0
36,Female,Self-employed,Fixed Deposit,110,4,41479,13,8,10,0,0.72,18,10369.75
32,Male,Employed,Savings,92,2,144058,21,5,17,2,0.52,22,72029.0
29,Female,Employed,Savings,79,1,205407,18,8,11,0,0.71,19,205407.0
40,Male,Employed,Savings,108,1,57524,14,9,8,0,0.66,17,57524.0
40,Female,Employed,Savings,64,2,141675,14,7,12,0,0.79,19,70837.5
42,Male,Employed,Current,42,2,274909,16,4,13,0,0.51,17,137454.5
57,Male,Self-employed,Savings,93,4,44810,19,8,9,0,0.5,17,11202.5
40,Male,Unemployed,Savings,150,1,541663,6,5,12,0,0.94,17,541663.0
43,Male,Self-employed,Savings,17,3,213422,14,6,19,0,0.9,25,71140.67
36,Female,Employed,Savings,18,1,55416,12,6,13,0,0.5,19,55416.0
43,Male,Employed,Savings,150,2,157082,18,6,12,1,1.0,18,78541.0
49,Male,Employed,Savings,82,2,20440,15,12,17,0,0.87,29,10220.0
18,Female,Employed,Fixed Deposit,140,3,155062,21,4,10,0,0.54,14,51687.33
18,Female,Employed,Current,43,2,26759,21,3,6,0,0.87,9,13379.5
35,Male,Self-employed,Current,24,1,7283,13,7,16,0,0.59,23,7283.0
26,Female,Employed,Savings,103,3,224001,20,6,7,0,0.55,13,74667.0
49,Male,Employed,Current,113,1,32260,12,5,10,0,0.88,15,32260.0
42,Male,Employed,Savings,125,3,109451,10,7,11,1,0.67,18,36483.67
37,Male,Self-employed,Savings,140,1,26570,21,8,9,0,0.8,17,26570.0
34,Male,Self-employed,Current,71,1,231283,14,12,10,0,0.81,22,231283.0
46,Male,Self-employed,Savings,16,1,47924,9,8,17,0,0.69,25,47924.0
49,Female,Employed,Savings,59,3,186910,12,8,14,0,0.97,22,62303.33
25,Female,Self-employed,Savings,96,1,37239,13,8,14,0,0.65,22,37239.0
34,Male,Employed,Current,56,3,183603,15,4,3,1,0.53,7,61201.0
32,Female,Employed,Fixed Deposit,27,1,200376,27,11,11,0,0.8,22,200376.0
40,Female,Employed,Current,174,2,478150,18,13,12,1,0.91,25,239075.0
32,Female,Employed,Current,98,2,81750,20,4,8,0,0.68,12,40875.0
31,Female,Employed,Savings,172,2,278378,16,8,10,0,0.99,18,139189.0
53,Female,Self-employed,Savings,174,4,136253,14,12,15,0,0.62,27,34063.25
26,Male,Unemployed,Savings,160,1,22178,18,7,9,1,0.77,16,22178.0
37,Female,Self-employed,Current,143,2,43973,14,6,8,0,0.54,14,21986.5
34,Female,Employed,Savings,138,3,62278,18,9,9,1,0.89,18,20759.33
40,Male,Employed,Current,155,1,99979,6,9,8,0,0.7,17,99979.0
20,Male,Self-employed,Current,78,1,3865,17,7,9,0,0.92,16,3865.0
39,Male,Self-employed,Savings,42,3,632102,19,6,11,0,0.52,17,210700.67
23,Female,Employed,Savings,104,2,233742,14,4,10,0,0.93,14,116871.0
18,Male,Unemployed,Current,169,1,33701,16,3,12,2,0.53,15,33701.0
38,Female,Self-employed,Current,102,1,936471,16,5,14,0,0.77,19,936471.0
33,Female,Employed,Savings,76,2,191839,12,10,6,0,0.7,16,95919.5
35,Female,Employed,Savings,102,3,263841,14,6,11,0,0.59,17,87947.0
36,Male,Self-employed,Savings,174,2,483954,10,10,7,0,0.76,17,241977.0
31,Female,Employed,Savings,19,1,483778,13,3,10,0,0.79,13,483778.0
40,Male,Employed,Current,70,2,129676,9,8,8,0,1.0,16,64838.0
37,Male,Employed,Fixed Deposit,67,1,126183,17,9,8,0,0.59,17,126183.0
33,Female,Self-employed,Savings,137,3,349554,25,9,14,0,0.76,23,116518.0
40,Male,Self-employed,Savings,25,3,116921,17,8,9,0,0.76,17,38973.67
18,Male,Unemployed,Current,133,1,78233,7,10,6,0,0.94,16,78233.0
53,Female,Employed,Savings,156,1,146874,13,14,10,0,0.73,24,146874.0
63,Male,Employed,Savings,18,2,1144,15,8,11,0,0.6,19,572.0
29,Male,Employed,Savings,114,2,12572,15,8,14,0,0.78,22,6286.0
48,Male,Employed,Current,177,3,184503,14,11,14,0,0.68,25,61501.0
47,Female,Employed,Fixed Deposit,28,1,68224,21,10,10,1,0.88,20,68224.0
36,Female,Self-employed,Current,147,1,100274,14,8,20,0,0.81,28,100274.0
22,Male,Employed,Fixed Deposit,31,1,18007,15,13,9,0,0.85,22,18007.0
24,Male,Employed,Fixed Deposit,84,3,172955,14,9,15,0,0.97,24,57651.67
38,Male,Employed,Savings,79,3,56265,8,12,10,1,0.8,22,18755.0
30,Female,Employed,Current,47,3,486558,14,9,11,1,0.92,20,162186.0
33,Female,Self-employed,Savings,45,3,76795,15,3,7,0,0.6,10,25598.33
28,Female,Self-employed,Current,145,3,138484,14,12,12,0,0.74,24,46161.33
33,Female,Self-employed,Savings,124,1,191379,23,6,11,0,0.7,17,191379.0
56,Female,Employed,Savings,164,1,158070,16,9,16,0,0.9,25,158070.0
35,Female,Employed,Current,88,2,14783,17,10,11,0,0.87,21,7391.5
34,Female,Employed,Savings,66,4,7963,22,7,7,0,0.75,14,1990.75
31,Male,Employed,Savings,64,2,26336,10,10,8,0,0.54,18,13168.0
36,Male,Self-employed,Savings,176,2,11396,11,4,5,0,0.54,9,5698.0
54,Male,Self-employed,Current,91,1,15873,5,7,9,0,0.75,16,15873.0
26,Male,Employed,Savings,82,1,9833,20,8,10,0,0.69,18,9833.0
54,Male,Employed,Savings,160,2,243350,12,8,8,0,0.92,16,121675.0
43,Female,Unemployed,Savings,82,2,507217,8,8,11,3,0.76,19,253608.5
34,Male,Self-employed,Savings,79,1,214848,11,8,8,0,0.82,16,214848.0
28,Male,Employed,Fixed Deposit,109,2,258707,18,10,10,0,0.88,20,129353.5
26,Female,Self-employed,Fixed Deposit,80,1,93286,17,12,15,0,0.78,27,93286.0
31,Female,Self-employed,Fixed Deposit,36,1,253636,12,8,12,0,0.65,20,253636.0
46,Male,Unemployed,Savings,17,4,442300,17,9,6,1,0.79,15,110575.0
38,Female,Employed,Savings,64,1,368601,17,6,6,1,0.65,12,368601.0
43,Female,Employed,Savings,157,1,120420,16,11,3,0,0.73,14,120420.0
32,Male,Employed,Current,33,1,227515,23,4,11,0,0.98,15,227515.0
43,Female,Employed,Current,43,3,5266,15,12,11,1,0.95,23,1755.33
18,Male,Employed,Current,116,1,51499,19,12,7,0,0.92,19,51499.0
27,Male,Employed,Savings,35,1,41986,23,17,9,0,0.91,26,41986.0
52,Male,Employed,Fixed Deposit,177,1,303780,16,8,15,0,0.67,23,303780.0
31,Female,Employed,Savings,100,2,165725,14,11,14,0,0.8,25,82862.5
23,Female,Unemployed,Savings,67,1,12752,22,10,6,0,0.83,16,12752.0
39,Female,Self-employed,Savings,40,2,310054,24,12,4,0,1.0,16,155027.0
30,Female,Employed,Savings,26,3,215754,11,10,9,0,0.94,19,71918.0
48,Female,Employed,Fixed Deposit,60,3,75835,15,9,11,0,0.56,20,25278.33
40,Male,Employed,Current,53,2,217797,13,8,6,0,0.7,14,108898.5
53,Female,Employed,Current,82,2,24034,10,11,1,0,0.6,12,12017.0
42,Male,Employed,Savings,110,2,411679,20,8,12,0,0.85,20,205839.5
51,Female,Employed,Savings,104,2,94184,21,11,9,0,0.92,20,47092.0
27,Female,Self-employed,Savings,138,3,272336,11,12,9,0,0.95,21,90778.67
33,Male,Self-employed,Savings,58,3,125388,16,3,13,0,0.96,16,41796.0
54,Female,Unemployed,Current,176,2,90829,22,6,8,0,0.86,14,45414.5
32,Male,Employed,Savings,99,2,52014,19,4,10,0,0.61,14,26007.0
28,Female,Employed,Savings,28,1,230217,13,5,12,0,0.74,17,230217.0
48,Male,Employed,Current,130,4,25377,13,4,5,0,0.96,9,6344.25
27,Female,Self-employed,Current,34,3,44679,15,10,10,0,0.55,20,14893.0
49,Male,Employed,Savings,170,1,2487,18,7,10,0,0.78,17,2487.0
46,Male,Self-employed,Fixed Deposit,44,3,186562,14,11,12,0,0.86,23,62187.33
32,Male,Employed,Savings,158,1,26598,9,10,8,0,0.9,18,26598.0
34,Male,Self-employed,Savings,27,4,71377,9,8,11,1,0.59,19,17844.25
25,Male,Self-employed,Savings,162,1,31382,16,10,9,0,0.56,19,31382.0
18,Female,Employed,Current,79,1,171118,18,7,10,0,0.95,17,171118.0
47,Male,Self-employed,Savings,112,1,207586,18,7,8,0,0.66,15,207586.0
31,Male,Employed,Savings,74,2,68505,20,9,10,0,0.62,19,34252.5
37,Female,Unemployed,Savings,114,1,10916,17,5,13,0,0.58,18,10916.0
24,Male,Self-employed,Savings,24,4,187533,15,8,16,0,0.95,24,46883.25
20,Male,Self-employed,Fixed Deposit,93,2,61933,12,11,7,0,0.64,18,30966.5
55,Female,Employed,Current,40,3,20228,18,7,10,0,0.87,17,6742.67
56,Male,Employed,Savings,103,2,265589,17,10,14,0,0.8,24,132794.5
48,Female,Employed,Savings,75,1,45845,20,10,8,1,0.66,18,45845.0
32,Female,Employed,Savings,137,2,20534,12,13,10,1,0.87,23,10267.0
28,Male,Employed,Savings,145,1,171702,13,5,13,1,0.81,18,171702.0
25,Female,Unemployed,Savings,72,1,5967,13,6,11,1,0.81,17,5967.0
38,Female,Self-employed,Savings,31,1,103461,14,9,9,0,0.63,18,103461.0
36,Male,Employed,Current,154,1,264518,21,10,11,0,0.77,21,264518.0
47,Female,Employed,Savings,107,2,133982,11,3,7,0,0.86,10,66991.0
22,Male,Employed,Current,103,1,92063,14,8,15,2,0.63,23,92063.0
27,Female,Self-employed,Savings,128,2,160142,16,12,8,0,0.9,20,80071.0
50,Female,Self-employed,Savings,177,3,132798,13,9,8,1,0.85,17,44266.0
25,Male,Employed,Savings,83,3,72205,16,9,5,0,0.52,14,24068.33
42,Female,Unemployed,Savings,86,1,315171,13,12,8,0,0.78,20,315171.0
34,Female,Employed,Savings,64,1,100926,18,10,16,0,0.99,26,100926.0
35,Female,Employed,Current,159,3,149762,27,9,9,0,0.62,18,49920.67
18,Male,Employed,Savings,127,3,12517,22,9,6,0,0.97,15,4172.33
34,Female,Employed,Fixed Deposit,139,1,220750,13,4,13,0,0.85,17,220750.0
38,Male,Employed,Savings,28,1,29744,11,12,8,0,0.79,20,29744.0
19,Male,Employed,Savings,64,1,136637,15,5,16,0,0.54,21,136637.0
41,Female,Employed,Savings,140,1,202353,18,11,12,0,0.81,23,202353.0
18,Male,Unemployed,Current,94,1,53129,23,10,10,0,0.54,20,53129.0
43,Female,Employed,Fixed Deposit,36,1,77018,13,7,9,0,0.55,16,77018.0
33,Male,Employed,Savings,114,2,117549,16,10,8,0,0.57,18,58774.5
30,Male,Employed,Savings,122,1,219789,14,9,10,0,0.82,19,219789.0
25,Female,Employed,Savings,144,1,194283,13,9,13,0,0.8,22,194283.0
57,Female,Employed,Fixed Deposit,88,1,24743,18,7,10,0,0.63,17,24743.0
44,Male,Employed,Savings,178,2,422846,13,9,8,1,0.99,17,211423.0
28,Female,Self-employed,Savings,126,2,349453,16,3,9,0,0.54,12,174726.5
40,Male,Employed,Savings,93,2,273905,14,12,9,1,0.57,21,136952.5
34,Male,Self-employed,Savings,132,3,30757,13,7,12,0,0.81,19,10252.33
36,Female,Self-employed,Savings,67,2,264100,14,7,10,0,0.64,17,132050.0
37,Male,Employed,Fixed Deposit,127,4,127170,10,5,6,0,0.73,11,31792.5
52,Male,Employed,Savings,82,2,54310,21,3,12,0,0.91,15,27155.0
21,Female,Unemployed,Current,92,1,173417,13,9,12,0,0.97,21,173417.0
32,Female,Self-employed,Savings,163,2,235910,16,10,6,0,0.55,16,117955.0
22,Male,Self-employed,Current,41,2,86155,26,3,5,1,0.74,8,43077.5
21,Female,Employed,Savings,16,3,151055,13,8,7,0,0.73,15,50351.67
42,Female,Employed,Current,97,2,385793,24,10,11,1,0.87,21,192896.5
30,Female,Employed,Current,35,1,420357,12,1,14,0,0.51,15,420357.0
42,Male,Employed,Savings,153,3,22762,12,7,9,1,0.99,16,7587.33
35,Male,Employed,Savings,75,1,841,14,5,5,2,0.98,10,841.0
35,Male,Employed,Savings,98,3,87379,7,7,15,0,0.88,22,29126.33
34,Male,Employed,Current,45,4,4942,16,5,17,0,0.92,22,1235.5
43,Female,Employed,Current,83,1,73975,17,14,9,0,0.82,23,73975.0
35,Male,Self-employed,Current,22,3,462055,22,10,17,0,0.54,27,154018.33
28,Female,Self-employed,Savings,119,1,6664,11,4,16,1,0.52,20,6664.0
18,Female,Employed,Current,156,2,21652,13,6,14,0,0.74,20,10826.0
45,Female,Employed,Current,89,3,42727,17,8,9,0,0.89,17,14242.33
37,Male,Employed,Current,164,2,21536,18,12,11,0,0.91,23,10768.0
36,Male,Self-employed,Savings,177,3,257275,12,8,15,0,0.78,23,85758.33
36,Female,Self-employed,Current,70,1,8673,16,10,10,0,0.93,20,8673.0
46,Male,Employed,Savings,22,1,45143,15,10,10,0,0.5,20,45143.0
35,Male,Employed,Current,138,1,63258,13,4,13,0,0.86,17,63258.0
25,Male,Self-employed,Savings,74,3,16451,21,8,12,0,0.98,20,5483.67
35,Male,Unemployed,Savings,41,2,80403,16,14,11,0,0.63,25,40201.5
41,Female,Employed,Current,112,3,143954,15,5,6,0,0.53,11,47984.67
29,Male,Unemployed,Fixed Deposit,52,1,62134,12,11,8,0,0.8,19,62134.0
35,Female,Employed,Current,127,4,642505,13,7,11,0,0.84,18,160626.25
35,Male,Employed,Savings,142,1,14847,18,5,9,0,0.59,14,14847.0
37,Female,Self-employed,Savings,67,2,144516,11,7,12,0,0.66,19,72258.0
29,Male,Self-employed,Savings,45,4,108060,18,11,10,0,0.95,21,27015.0
53,Female,Employed,Savings,68,4,19194,10,9,10,0,0.69,19,4798.5
35,Female,Employed,Current,111,4,74962,14,6,9,0,0.73,15,18740.5
32,Male,Self-employed,Current,25,1,224370,12,10,12,0,0.82,22,224370.0
41,Male,Self-employed,Savings,162,4,395405,11,6,12,0,0.85,18,98851.25
34,Male,Self-employed,Current,128,2,74631,14,6,5,0,0.67,11,37315.5
43,Male,Unemployed,Savings,169,1,317184,15,5,12,0,0.91,17,317184.0
27,Male,Self-employed,Savings,118,4,113736,16,9,11,0,0.76,20,28434.0
35,Female,Employed,Savings,47,1,163819,11,4,6,0,0.95,10,163819.0
32,Female,Self-employed,Current,155,2,64165,12,4,9,0,1.0,13,32082.5
24,Female,Employed,Fixed Deposit,123,2,91729,19,3,6,0,0.82,9,45864.5
43,Female,Self-employed,Current,118,1,5112,23,8,13,0,0.71,21,5112.0
40,Female,Employed,Fixed Deposit,50,1,270268,16,10,8,0,0.57,18,270268.0
20,Female,Self-employed,Current,132,2,123012,14,7,9,0,0.65,16,61506.0
48,Male,Unemployed,Savings,114,1,76481,16,5,10,1,0.52,15,76481.0
36,Male,Employed,Fixed Deposit,123,3,114013,24,6,23,0,0.67,29,38004.33
46,Female,Employed,Fixed Deposit,154,1,139797,13,6,3,0,0.7,9,139797.0
22,Female,Employed,Current,42,2,218958,15,11,17,0,0.8,28,109479.0
33,Female,Self-employed,Savings,51,1,73308,8,8,16,0,0.56,24,73308.0
43,Male,Self-employed,Savings,27,1,73214,16,4,9,1,0.52,13,73214.0
35,Female,Employed,Current,77,1,12662,15,8,10,0,0.85,18,12662.0
43,Male,Employed,Savings,69,2,582539,10,8,13,0,0.94,21,291269.5
27,Female,Self-employed,Current,44,1,194065,19,7,6,0,0.6,13,194065.0
37,Male,Employed,Fixed Deposit,79,3,160472,16,11,15,0,0.78,26,53490.67
32,Male,Employed,Current,145,1,15916,9,12,12,0,0.93,24,15916.0
39,Female,Employed,Savings,85,3,275000,11,9,5,0,0.55,14,91666.67
21,Female,Employed,Current,140,2,103622,13,4,9,0,0.88,13,51811.0
34,Male,Employed,Savings,27,1,409977,16,7,6,0,0.54,13,409977.0
50,Male,Employed,Savings,25,3,56993,9,15,10,1,0.63,25,18997.67
22,Female,Employed,Savings,139,3,156330,12,9,17,1,0.56,26,52110.0
38,Male,Employed,Savings,86,1,232464,10,11,5,0,0.79,16,232464.0
39,Male,Employed,Current,55,2,113820,17,14,16,0,0.55,30,56910.0
36,Female,Unemployed,Savings,87,1,20818,11,7,8,0,0.62,15,20818.0
22,Female,Employed,Savings,48,4,74364,23,10,16,0,0.52,26,18591.0
45,Female,Employed,Savings,107,2,212355,13,7,10,0,0.96,17,106177.5
36,Male,Self-employed,Savings,76,1,860216,15,11,11,0,0.51,22,860216.0
27,Female,Employed,Savings,131,1,256824,12,8,10,0,0.82,18,256824.0
23,Female,Employed,Savings,19,3,217787,18,7,13,0,0.99,20,72595.67
61,Male,Employed,Fixed Deposit,79,1,162468,13,7,6,0,0.87,13,162468.0
41,Female,Employed,Current,23,1,22088,22,10,7,0,0.5,17,22088.0
33,Male,Employed,Savings,135,1,108421,15,10,12,0,0.66,22,108421.0
55,Male,Employed,Current,93,2,145985,16,8,6,0,0.69,14,72992.5
31,Female,Self-employed,Savings,119,1,95889,17,8,9,0,0.9,17,95889.0
34,Female,Self-employed,Fixed Deposit,51,1,71993,21,8,18,0,0.88,26,71993.0
29,Female,Unemployed,Savings,167,2,251312,11,6,8,0,0.86,14,125656.0
34,Female,Employed,Savings,102,3,83400,16,8,8,1,0.6,16,27800.0
24,Female,Employed,Savings,118,3,217238,14,7,3,0,0.75,10,72412.67
34,Male,Employed,Savings,95,4,404720,11,8,8,0,0.53,16,101180.0
26,Male,Self-employed,Savings,42,1,214622,19,11,7,0,0.5,18,214622.0
36,Female,Unemployed,Current,124,2,117094,7,7,9,0,0.96,16,58547.0
46,Female,Self-employed,Current,13,3,181509,11,7,9,0,0.9,16,60503.0
27,Female,Employed,Savings,95,1,29223,12,10,6,0,0.53,16,29223.0
27,Female,Employed,Savings,172,2,240556,13,7,11,0,0.86,18,120278.0
23,Female,Employed,Savings,128,1,470409,11,9,10,0,0.74,19,470409.0
29,Female,Employed,Savings,26,2,144488,9,14,11,2,0.72,25,72244.0
29,Female,Employed,Fixed Deposit,123,3,43667,12,8,11,0,0.58,19,14555.67
49,Male,Employed,Savings,118,4,23216,18,11,15,0,0.99,26,5804.0
52,Female,Employed,Current,35,2,12140,14,11,13,0,0.99,24,6070.0
42,Male,Employed,Current,171,2,2745,11,9,12,0,0.58,21,1372.5
45,Female,Employed,Current,55,1,64327,13,9,6,0,0.81,15,64327.0
40,Male,Self-employed,Current,116,3,47351,16,4,12,0,0.99,16,15783.67
31,Female,Employed,Savings,76,2,58696,9,9,13,0,0.89,22,29348.0
25,Female,Unemployed,Current,169,2,436573,15,5,7,0,0.72,12,218286.5
48,Female,Employed,Current,74,2,309733,18,5,12,0,0.85,17,154866.5
30,Male,Self-employed,Savings,144,1,268582,20,12,6,0,0.87,18,268582.0
43,Male,Employed,Current,90,2,465359,17,8,8,0,0.67,16,232679.5
38,Female,Employed,Current,58,1,175330,11,6,9,0,0.94,15,175330.0
19,Female,Unemployed,Savings,138,2,158256,14,7,14,1,0.57,21,79128.0
36,Male,Employed,Savings,118,1,547304,11,12,14,1,0.77,26,547304.0
39,Male,Employed,Savings,84,2,5334,15,3,15,0,0.79,18,2667.0
31,Female,Employed,Savings,25,3,510459,14,5,13,1,0.87,18,170153.0
45,Female,Self-employed,Savings,13,2,86610,10,14,18,0,0.98,32,43305.0
38,Male,Employed,Savings,171,4,25783,25,8,12,0,0.68,20,6445.75
49,Male,Unemployed,Savings,21,2,72182,21,12,10,0,0.61,22,36091.0
58,Female,Employed,Current,162,3,106346,18,8,6,0,0.63,14,35448.67
37,Female,Employed,Fixed Deposit,168,2,142751,17,7,10,0,0.66,17,71375.5
38,Female,Self-employed,Current,17,1,814390,13,7,15,0,0.88,22,814390.0
53,Male,Self-employed,Current,160,2,143399,15,10,11,0,0.98,21,71699.5
35,Male,Unemployed,Current,172,1,71444,17,13,14,0,0.75,27,71444.0
31,Male,Employed,Savings,57,2,254248,18,3,10,0,0.57,13,127124.0
42,Male,Employed,Savings,173,1,315483,13,8,11,0,0.9,19,315483.0
45,Female,Employed,Savings,33,3,43594,27,4,7,0,0.6,11,14531.33
43,Female,Employed,Savings,87,2,170919,10,6,23,0,0.99,29,85459.5
36,Female,Unemployed,Savings,149,1,91721,16,7,7,0,0.77,14,91721.0
33,Female,Self-employed,Savings,151,2,69010,20,10,13,0,0.56,23,34505.0
28,Female,Employed,Current,114,1,10654,10,8,5,0,0.91,13,10654.0
52,Female,Employed,Fixed Deposit,134,1,590899,14,5,7,0,0.64,12,590899.0
28,Male,Employed,Current,153,1,173545,13,8,6,1,0.86,14,173545.0
52,Male,Employed,Savings,115,2,28026,12,9,10,0,0.88,19,14013.0
32,Male,Employed,Current,172,4,76671,13,9,11,0,0.92,20,19167.75
27,Female,Unemployed,Current,20,3,76073,16,10,5,0,0.74,15,25357.67
43,Male,Self-employed,Current,145,3,376964,18,7,12,0,0.82,19,125654.67
38,Female,Employed,Current,101,1,31590,15,8,8,0,0.9,16,31590.0
37,Female,Employed,Current,118,1,237833,15,12,9,0,0.87,21,237833.0
25,Male,Employed,Fixed Deposit,45,1,42863,21,10,8,0,0.89,18,42863.0
25,Male,Self-employed,Savings,92,1,92984,18,5,14,0,0.77,19,92984.0
39,Female,Self-employed,Savings,147,3,19478,10,6,12,0,0.67,18,6492.67
18,Male,Employed,Current,23,3,364252,20,9,15,0,0.93,24,121417.33
44,Female,Employed,Current,50,3,27586,17,6,7,0,0.59,13,9195.33
54,Male,Unemployed,Savings,104,1,166930,12,9,15,0,0.75,24,166930.0
35,Male,Self-employed,Current,130,1,721619,14,6,5,0,0.74,11,721619.0
51,Female,Self-employed,Savings,89,2,70083,13,7,7,0,0.79,14,35041.5
22,Female,Employed,Savings,115,1,224885,8,9,11,0,0.9,20,224885.0
31,Female,Self-employed,Fixed Deposit,171,1,3466,14,12,6,1,0.59,18,3466.0
38,Female,Self-employed,Current,13,2,190161,17,9,14,0,0.6,23,95080.5
43,Female,Employed,Savings,25,3,500,13,7,11,0,0.7,18,166.67
24,Female,Employed,Savings,45,1,149847,17,14,8,0,0.88,22,149847.0
46,Female,Employed,Savings,131,1,110834,25,7,19,1,0.55,26,110834.0
34,Male,Self-employed,Current,42,3,102536,19,4,8,0,0.54,12,34178.67
44,Female,Employed,Savings,166,1,16951,18,7,8,0,0.6,15,16951.0
37,Male,Employed,Fixed Deposit,86,1,59204,12,9,7,0,0.69,16,59204.0
38,Female,Employed,Savings,60,1,85386,13,6,5,0,0.53,11,85386.0
26,Male,Employed,Savings,175,3,297620,16,11,8,0,0.73,19,99206.67
36,Female,Employed,Savings,13,1,275300,14,17,7,0,0.77,24,275300.0
23,Female,Self-employed,Savings,83,4,17314,16,16,9,0,0.79,25,4328.5
50,Female,Employed,Current,178,1,108595,16,3,8,0,0.61,11,108595.0
44,Female,Self-employed,Current,73,2,4868,15,8,8,0,0.62,16,2434.0
23,Male,Employed,Savings,157,2,51172,19,4,11,0,0.95,15,25586.0
41,Female,Self-employed,Savings,166,2,66698,17,9,10,0,0.9,19,33349.0
34,Male,Employed,Current,104,2,15408,23,14,5,1,0.73,19,7704.0
36,Male,Self-employed,Current,144,1,8210,12,8,5,1,0.59,13,8210.0
30,Female,Employed,Savings,70,1,260363,11,6,10,1,0.87,16,260363.0
43,Female,Self-employed,Current,176,1,205416,10,7,9,0,0.58,16,205416.0
32,Female,Employed,Current,120,1,19840,22,7,12,1,0.79,19,19840.0
42,Female,Self-employed,Current,151,1,32184,13,6,6,0,0.7,12,32184.0
43,Male,Employed,Savings,101,2,292894,20,7,16,1,0.57,23,146447.0
30,Male,Self-employed,Savings,62,1,32626,16,5,10,0,0.59,15,32626.0
52,Female,Unemployed,Savings,87,2,329260,12,5,5,0,0.68,10,164630.0
63,Female,Self-employed,Savings,160,1,186896,14,9,10,0,0.68,19,186896.0
41,Female,Employed,Savings,55,1,80689,18,6,14,1,0.9,20,80689.0
52,Male,Employed,Current,156,4,70617,15,10,14,0,0.54,24,17654.25
51,Male,Employed,Current,70,2,173993,19,7,9,0,0.61,16,86996.5
44,Male,Employed,Savings,102,2,800160,11,9,8,0,0.53,17,400080.0
37,Male,Employed,Current,147,2,101403,18,7,8,0,0.75,15,50701.5
29,Female,Employed,Fixed Deposit,123,2,337069,11,6,7,0,0.97,13,168534.5
54,Female,Employed,Savings,33,2,56412,14,6,5,1,0.54,11,28206.0
34,Female,Employed,Savings,14,3,65498,18,7,12,0,0.73,19,21832.67
44,Female,Employed,Savings,70,2,139174,11,3,13,0,0.87,16,69587.0
36,Female,Employed,Savings,161,4,11797,21,4,12,0,0.8,16,2949.25
25,Male,Employed,Savings,140,3,23349,14,5,8,0,0.53,13,7783.0
29,Male,Employed,Current,180,1,63992,13,4,15,0,0.67,19,63992.0
41,Female,Employed,Current,66,4,405911,6,10,10,0,0.54,20,101477.75
37,Female,Employed,Savings,151,1,131639,13,4,16,0,0.87,20,131639.0
48,Male,Employed,Savings,47,1,864192,19,6,7,0,0.77,13,864192.0
28,Male,Self-employed,Savings,42,1,79673,10,7,17,0,0.6,24,79673.0
46,Male,Employed,Current,141,2,89134,11,7,6,0,0.58,13,44567.0
43,Male,Self-employed,Savings,159,2,196673,20,8,6,0,0.63,14,98336.5
18,Male,Employed,Current,130,2,312863,15,11,7,0,0.74,18,156431.5
29,Female,Self-employed,Fixed Deposit,23,1,85985,11,6,12,0,0.58,18,85985.0
39,Male,Employed,Savings,96,2,130499,13,7,13,0,1.0,20,65249.5
38,Male,Self-employed,Current,25,3,178144,12,11,12,0,0.57,23,59381.33
45,Male,Unemployed,Current,34,1,7172,19,7,13,0,0.56,20,7172.0
31,Male,Self-employed,Current,56,1,75683,13,9,11,0,0.84,20,75683.0
39,Female,Employed,Savings,123,3,131252,8,9,10,1,0.54,19,43750.67
29,Female,Self-employed,Fixed Deposit,34,4,519411,15,11,11,1,0.93,22,129852.75
27,Male,Self-employed,Savings,56,1,10344,14,11,4,0,0.95,15,10344.0
47,Female,Employed,Current,163,2,55227,12,7,9,0,0.54,16,27613.5
45,Female,Employed,Savings,19,2,10028,19,8,15,0,0.55,23,5014.0
47,Male,Self-employed,Savings,61,1,421948,13,8,3,0,0.6,11,421948.0
33,Male,Employed,Savings,121,1,17752,14,7,9,0,0.87,16,17752.0
27,Female,Employed,Savings,142,1,102778,19,9,8,2,0.97,17,102778.0
45,Female,Employed,Fixed Deposit,152,2,67987,11,4,15,0,0.6,19,33993.5
48,Male,Unemployed,Savings,153,1,12317,15,9,14,0,0.63,23,12317.0
42,Male,Self-employed,Current,42,1,277958,13,16,14,0,0.91,30,277958.0
30,Male,Employed,Current,112,2,76727,10,8,9,0,0.77,17,38363.5
31,Male,Employed,Savings,77,1,24622,9,2,9,0,0.88,11,24622.0
30,Male,Unemployed,Current,139,2,126990,9,7,11,0,0.64,18,63495.0
43,Male,Self-employed,Savings,23,3,7431,20,10,8,1,0.51,18,2477.0
39,Female,Employed,Current,109,1,145502,18,6,6,1,0.76,12,145502.0
53,Female,Employed,Savings,131,2,774003,14,4,11,0,0.79,15,387001.5
32,Female,Employed,Fixed Deposit,96,2,201276,16,8,15,0,0.51,23,100638.0
31,Female,Employed,Savings,115,3,165448,16,5,10,0,0.86,15,55149.33
49,Male,Self-employed,Savings,156,2,150826,19,3,14,0,0.58,17,75413.0
18,Female,Self-employed,Savings,48,1,68025,16,8,5,0,0.51,13,68025.0
36,Male,Unemployed,Savings,20,4,1701,13,8,9,0,0.88,17,425.25
29,Female,Unemployed,Current,162,1,203210,17,12,15,0,0.55,27,203210.0
22,Female,Self-employed,Savings,102,1,280168,17,8,13,0,0.53,21,280168.0
42,Male,Employed,Current,125,1,5884,12,4,9,0,0.97,13,5884.0
32,Male,Self-employed,Current,21,1,93776,18,11,9,0,0.95,20,93776.0
20,Female,Unemployed,Current,119,3,259432,16,3,10,0,0.75,13,86477.33
28,Male,Employed,Current,132,3,57549,20,6,7,0,0.56,13,19183.0
39,Male,Employed,Current,143,2,240326,20,12,12,0,0.79,24,120163.0
40,Female,Employed,Savings,22,1,103500,16,5,8,1,0.64,13,103500.0
41,Male,Self-employed,Savings,21,1,59102,14,8,12,0,0.63,20,59102.0
26,Female,Employed,Savings,155,1,403815,18,10,10,0,0.61,20,403815.0
56,Female,Employed,Current,167,3,296234,12,9,10,0,0.54,19,98744.67
44,Female,Self-employed,Savings,133,4,199762,19,8,6,0,0.86,14,49940.5
40,Male,Employed,Current,131,2,249305,16,5,10,1,0.65,15,124652.5
25,Female,Unemployed,Savings,59,1,38912,15,10,13,0,0.68,23,38912.0
26,Female,Employed,Savings,35,2,242668,11,7,7,0,0.82,14,121334.0
24,Female,Employed,Current,63,3,248126,21,9,11,0,0.81,20,82708.67
38,Female,Employed,Savings,45,1,57342,12,13,8,1,0.53,21,57342.0
39,Male,Employed,Savings,93,1,238017,14,6,9,0,0.72,15,238017.0
18,Female,Self-employed,Current,116,1,55844,17,8,12,0,0.89,20,55844.0
26,Female,Employed,Savings,76,1,175581,10,9,10,0,0.62,19,175581.0
68,Female,Employed,Savings,143,2,254869,15,7,11,0,0.69,18,127434.5
25,Male,Employed,Savings,102,1,65380,20,6,13,0,0.9,19,65380.0
30,Male,Employed,Savings,26,3,152203,13,9,14,0,0.53,23,50734.33
18,Male,Self-employed,Savings,79,3,237427,9,9,14,0,0.67,23,79142.33
43,Female,Self-employed,Current,66,2,199818,9,5,10,1,0.8,15,99909.0
36,Male,Self-employed,Savings,160,2,127768,19,2,14,0,0.61,16,63884.0
44,Male,Employed,Fixed Deposit,116,3,77982,14,9,8,0,0.8,17,25994.0
36,Male,Self-employed,Savings,123,1,293171,12,10,11,0,0.54,21,293171.0
45,Male,Employed,Savings,118,4,1295,17,9,7,0,0.71,16,323.75
40,Male,Self-employed,Savings,114,4,188411,20,5,11,1,0.51,16,47102.75
35,Female,Employed,Fixed Deposit,68,3,59427,11,11,7,0,0.63,18,19809.0
28,Male,Employed,Savings,13,4,84126,8,5,12,1,0.89,17,21031.5
40,Female,Employed,Savings,158,2,100549,16,5,8,0,0.95,13,50274.5
45,Male,Employed,Savings,103,4,18249,23,7,4,0,0.85,11,4562.25
42,Female,Self-employed,Savings,45,2,216059,17,9,9,0,0.53,18,108029.5
33,Female,Employed,Current,23,1,615316,8,9,8,1,0.59,17,615316.0
39,Male,Employed,Current,24,3,142220,14,5,7,0,0.99,12,47406.67
30,Female,Self-employed,Savings,17,2,50053,13,9,14,0,0.56,23,25026.5
33,Male,Self-employed,Current,77,3,465798,19,7,11,0,0.91,18,155266.0
26,Female,Employed,Savings,55,2,111040,17,9,14,0,0.69,23,55520.0
18,Male,Employed,Current,151,1,53555,19,10,9,0,0.81,19,53555.0
44,Female,Employed,Savings,131,1,5914,14,4,8,0,0.98,12,5914.0
21,Female,Employed,Savings,29,2,304876,15,8,8,0,0.9,16,152438.0
56,Male,Employed,Current,39,1,91794,9,8,9,0,0.57,17,91794.0
47,Female,Unemployed,Current,94,4,163330,18,10,7,0,0.65,17,40832.5
30,Male,Employed,Current,87,2,122357,13,9,15,1,0.62,24,61178.5
18,Male,Self-employed,Current,106,2,119147,17,6,7,0,0.58,13,59573.5
42,Female,Employed,Current,82,3,179092,16,11,8,0,0.85,19,59697.33
32,Male,Unemployed,Current,36,3,204809,11,12,9,1,0.99,21,68269.67
43,Female,Employed,Savings,68,2,4305,17,9,8,0,0.54,17,2152.5
30,Male,Employed,Savings,114,1,15902,16,8,11,0,0.79,19,15902.0
41,Male,Employed,Savings,126,4,52103,13,7,10,0,0.91,17,13025.75
44,Male,Employed,Fixed Deposit,84,3,333736,18,8,7,0,0.84,15,111245.33
27,Male,Employed,Savings,31,1,108292,15,7,7,0,0.78,14,108292.0
37,Female,Employed,Fixed Deposit,83,1,51862,13,4,14,0,0.83,18,51862.0
35,Female,Self-employed,Savings,51,2,46452,20,13,11,0,0.64,24,23226.0
32,Male,Employed,Savings,103,1,255161,25,7,11,1,0.96,18,255161.0
41,Male,Employed,Current,104,1,104478,10,10,7,0,0.78,17,104478.0
33,Female,Self-employed,Savings,131,4,1009,9,6,11,0,0.78,17,252.25
33,Male,Employed,Savings,64,1,31467,16,8,8,1,0.65,16,31467.0
40,Female,Employed,Savings,168,3,19533,5,10,13,1,0.84,23,6511.0
52,Female,Employed,Savings,55,4,40178,17,5,9,0,0.6,14,10044.5
37,Female,Employed,Savings,146,1,88270,9,11,4,0,0.74,15,88270.0
35,Male,Self-employed,Current,41,1,100914,11,11,4,0,0.89,15,100914.0
39,Female,Employed,Savings,115,2,60398,22,10,12,0,0.58,22,30199.0
34,Female,Employed,Current,105,3,3994,16,11,8,0,0.61,19,1331.33
21,Female,Self-employed,Current,39,1,197319,14,9,6,0,0.72,15,197319.0
46,Male,Self-employed,Savings,66,1,10627,15,5,6,1,0.68,11,10627.0
18,Female,Employed,Current,160,1,533317,19,7,12,0,0.67,19,533317.0
42,Female,Self-employed,Current,66,2,69796,16,11,13,0,0.96,24,34898.0
38,Male,Employed,Current,162,3,1463,13,10,10,0,0.8,20,487.67
39,Male,Employed,Savings,134,2,2600,11,8,11,0,0.51,19,1300.0
18,Male,Employed,Savings,23,2,8804,14,8,6,1,0.94,14,4402.0
22,Male,Employed,Savings,100,1,55051,16,10,11,0,0.81,21,55051.0
25,Male,Employed,Savings,69,3,47878,26,5,11,1,0.51,16,15959.33
33,Female,Employed,Savings,108,2,32742,12,6,15,0,0.56,21,16371.0
18,Female,Employed,Savings,17,3,22118,14,7,8,0,0.99,15,7372.67
35,Male,Employed,Savings,115,2,214784,13,9,8,0,0.95,17,107392.0
31,Female,Employed,Savings,66,1,39363,15,5,14,1,0.67,19,39363.0
27,Female,Unemployed,Current,137,4,43909,13,11,5,0,0.85,16,10977.25
25,Female,Self-employed,Fixed Deposit,170,2,685309,16,6,10,0,0.54,16,342654.5
18,Male,Self-employed,Savings,97,1,103953,17,8,7,0,0.66,15,103953.0
40,Male,Self-employed,Fixed Deposit,87,1,312082,11,12,16,0,0.93,28,312082.0
18,Female,Self-employed,Savings,80,4,48490,15,5,9,0,0.81,14,12122.5
37,Female,Self-employed,Fixed Deposit,51,4,113935,20,10,8,0,0.79,18,28483.75
20,Male,Employed,Savings,84,4,15402,9,8,7,0,0.94,15,3850.5
41,Male,Employed,Fixed Deposit,79,3,398994,12,5,6,0,0.57,11,132998.0
33,Male,Employed,Savings,93,1,54745,12,6,12,0,0.86,18,54745.0
36,Female,Employed,Current,117,3,181923,9,10,9,2,0.76,19,60641.0
34,Female,Employed,Savings,107,2,17884,14,9,4,0,0.64,13,8942.0
18,Female,Employed,Current,180,3,6908,11,14,10,0,0.85,24,2302.67
39,Female,Self-employed,Savings,29,3,22216,14,7,7,0,0.9,14,7405.33
35,Female,Employed,Current,40,2,393205,15,7,10,0,0.88,17,196602.5
36,Female,Self-employed,Current,59,1,38979,12,8,11,1,0.57,19,38979.0
34,Female,Employed,Fixed Deposit,65,1,24253,16,4,12,0,0.56,16,24253.0
46,Female,Self-employed,Savings,156,1,144878,20,8,10,0,0.71,18,144878.0
22,Male,Self-employed,Current,131,1,41567,8,8,10,0,0.64,18,41567.0
43,Female,Unemployed,Savings,86,1,210214,12,7,7,0,0.98,14,210214.0
18,Female,Employed,Current,128,1,142885,16,7,6,0,0.51,13,142885.0
46,Male,Employed,Savings,125,2,341050,16,11,12,0,0.83,23,170525.0
43,Male,Employed,Fixed Deposit,54,1,243184,19,8,13,0,0.89,21,243184.0
36,Male,Employed,Savings,144,1,59706,20,7,11,0,0.7,18,59706.0
44,Female,Self-employed,Savings,41,1,4803,17,9,9,0,0.56,18,4803.0
23,Male,Employed,Savings,175,2,259134,17,2,7,0,0.92,9,129567.0
29,Male,Employed,Savings,117,1,87838,15,15,9,0,0.61,24,87838.0
37,Male,Unemployed,Current,36,2,160996,15,8,15,0,0.7,23,80498.0
24,Male,Self-employed,Savings,126,2,8077,23,4,16,0,0.85,20,4038.5
37,Female,Unemployed,Savings,25,1,101523,12,6,12,0,0.91,18,101523.0
41,Female,Employed,Current,71,4,327374,18,6,13,1,0.6,19,81843.5
32,Male,Self-employed,Current,45,2,138705,21,4,7,2,0.82,11,69352.5
46,Male,Employed,Savings,31,3,46378,12,4,5,1,0.94,9,15459.33
30,Female,Employed,Savings,18,2,8474,12,5,9,1,0.81,14,4237.0
42,Female,Employed,Fixed Deposit,19,1,308868,18,8,5,0,0.68,13,308868.0
40,Male,Self-employed,Savings,97,2,85600,14,5,10,0,0.52,15,42800.0
45,Male,Employed,Fixed Deposit,180,1,112301,24,11,7,1,0.51,18,112301.0
46,Male,Unemployed,Current,67,1,59286,7,5,8,0,0.86,13,59286.0
43,Male,Unemployed,Fixed Deposit,120,2,157116,17,5,6,0,0.76,11,78558.0
33,Male,Employed,Current,153,1,500,15,7,15,0,0.51,22,500.0
53,Female,Self-employed,Current,37,2,110030,18,10,10,2,0.6,20,55015.0
24,Female,Self-employed,Current,62,1,31638,17,7,8,0,0.92,15,31638.0
33,Male,Employed,Current,158,1,17963,13,7,9,0,0.76,16,17963.0
47,Female,Employed,Savings,105,3,290867,12,5,13,0,0.87,18,96955.67
25,Male,Self-employed,Savings,114,2,166949,11,13,23,1,0.78,36,83474.5
23,Male,Employed,Savings,79,1,14028,10,5,13,0,0.62,18,14028.0
45,Male,Self-employed,Savings,125,1,176746,21,8,13,3,0.89,21,176746.0
31,Male,Employed,Current,71,2,141544,8,4,8,0,0.63,12,70772.0
42,Female,Self-employed,Current,111,4,265891,12,14,11,0,0.8,25,66472.75
37,Female,Unemployed,Current,41,2,96807,15,7,9,0,0.82,16,48403.5
39,Female,Employed,Current,163,1,284738,15,3,11,0,0.7,14,284738.0
53,Female,Self-employed,Savings,139,1,81412,19,14,10,0,0.97,24,81412.0
38,Male,Self-employed,Savings,100,3,27772,5,5,17,0,0.6,22,9257.33
48,Male,Employed,Current,145,1,85038,21,9,8,0,0.61,17,85038.0
35,Female,Unemployed,Savings,62,2,11025,15,5,5,0,0.88,10,5512.5
35,Female,Employed,Fixed Deposit,108,4,192001,20,9,10,0,0.57,19,48000.25
30,Female,Employed,Current,80,2,80345,15,8,13,0,0.74,21,40172.5
26,Male,Employed,Savings,134,3,59366,18,10,12,0,0.93,22,19788.67
22,Female,Employed,Savings,120,1,120480,19,11,10,0,0.67,21,120480.0
52,Male,Employed,Current,89,3,181802,14,7,13,0,0.74,20,60600.67
23,Female,Self-employed,Savings,52,2,139405,17,7,8,0,0.9,15,69702.5
25,Female,Employed,Current,160,2,57515,12,11,6,0,0.72,17,28757.5
38,Female,Employed,Fixed Deposit,77,1,98150,16,7,7,0,0.6,14,98150.0
32,Male,Employed,Savings,59,3,63553,25,6,10,0,0.6,16,21184.33
30,Female,Self-employed,Current,167,2,84144,30,6,7,0,0.58,13,42072.0
36,Female,Self-employed,Current,65,1,1498,22,6,11,0,0.51,17,1498.0
38,Female,Employed,Savings,95,2,80786,18,9,17,0,0.67,26,40393.0
26,Female,Employed,Fixed Deposit,153,4,100067,17,11,12,0,0.97,23,25016.75
19,Female,Unemployed,Current,138,2,146391,13,5,14,0,0.75,19,73195.5
23,Female,Employed,Current,62,1,132203,21,9,11,0,0.77,20,132203.0
25,Female,Employed,Savings,47,1,129615,10,7,9,0,0.93,16,129615.0
29,Male,Self-employed,Savings,114,2,31201,16,14,8,0,0.61,22,15600.5
18,Male,Employed,Savings,128,3,460853,12,9,9,1,0.62,18,153617.67
30,Male,Employed,Savings,43,2,174507,18,4,10,0,0.89,14,87253.5
26,Female,Employed,Current,29,1,146709,15,5,10,1,0.7,15,146709.0
29,Male,Employed,Current,78,4,213590,17,10,10,0,0.79,20,53397.5
29,Female,Employed,Savings,164,3,223008,15,12,7,1,0.92,19,74336.0
36,Male,Employed,Savings,152,2,87348,17,6,10,0,0.84,16,43674.0
53,Male,Employed,Savings,146,2,81355,15,4,6,0,0.98,10,40677.5
18,Male,Self-employed,Savings,120,2,282274,19,3,8,0,0.53,11,141137.0
55,Female,Employed,Savings,62,1,255962,16,4,10,0,0.88,14,255962.0
35,Female,Self-employed,Savings,76,1,32919,17,8,14,1,0.85,22,32919.0
54,Male,Self-employed,Savings,24,1,85904,22,8,10,0,0.72,18,85904.0
33,Female,Employed,Current,161,2,234167,14,6,14,0,0.72,20,117083.5
38,Male,Employed,Savings,98,1,40306,11,11,9,0,0.52,20,40306.0
26,Male,Employed,Fixed Deposit,28,1,58388,12,5,10,0,0.6,15,58388.0
52,Female,Employed,Savings,45,2,377014,10,4,9,1,0.81,13,188507.0
31,Male,Employed,Fixed Deposit,25,1,123834,10,7,10,0,0.79,17,123834.0
22,Female,Unemployed,Current,123,3,55891,22,11,13,0,0.62,24,18630.33
32,Male,Unemployed,Savings,126,2,102651,18,10,9,2,0.78,19,51325.5
25,Male,Self-employed,Savings,122,2,94462,9,12,11,0,0.54,23,47231.0
38,Male,Employed,Current,137,2,72541,10,9,8,0,0.71,17,36270.5
41,Male,Self-employed,Current,31,1,110460,18,7,14,0,0.6,21,110460.0
22,Male,Employed,Current,63,2,377259,13,11,9,1,0.96,20,188629.5
42,Male,Employed,Savings,164,1,91853,15,7,15,1,0.55,22,91853.0
45,Female,Self-employed,Savings,152,3,128372,9,9,10,0,0.93,19,42790.67
35,Male,Employed,Savings,127,3,13824,15,8,11,1,0.85,19,4608.0
47,Female,Self-employed,Savings,172,1,33002,18,4,8,0,0.71,12,33002.0
26,Male,Employed,Current,116,2,3846,15,10,15,0,0.51,25,1923.0
19,Male,Employed,Savings,167,3,106471,16,13,14,0,0.83,27,35490.33
37,Female,Employed,Savings,89,1,79918,15,8,9,0,0.71,17,79918.0
38,Female,Self-employed,Savings,107,4,383093,16,5,10,1,0.77,15,95773.25
40,Female,Employed,Savings,154,4,25139,13,12,10,0,0.71,22,6284.75
35,Male,Employed,Savings,167,1,122869,9,7,14,0,0.76,21,122869.0
34,Male,Employed,Current,131,1,17834,16,8,7,0,0.9,15,17834.0
31,Female,Employed,Current,35,4,206690,16,14,13,0,0.56,27,51672.5
54,Male,Employed,Savings,177,4,114046,7,6,9,1,0.86,15,28511.5
35,Male,Employed,Savings,121,1,13066,20,7,11,0,0.91,18,13066.0
25,Male,Employed,Savings,167,3,78954,19,6,8,0,0.78,14,26318.0
32,Male,Unemployed,Current,27,1,26454,10,10,14,0,0.53,24,26454.0
44,Male,Employed,Current,122,2,16384,10,11,13,0,0.79,24,8192.0
36,Female,Self-employed,Current,72,1,75341,25,9,10,0,0.53,19,75341.0
40,Male,Self-employed,Savings,170,4,493138,12,7,5,0,0.84,12,123284.5
37,Male,Employed,Savings,178,1,783143,15,12,8,0,0.73,20,783143.0
36,Male,Employed,Fixed Deposit,36,2,95963,10,8,14,0,0.74,22,47981.5
37,Male,Employed,Savings,137,2,37882,15,9,15,1,0.66,24,18941.0
41,Female,Self-employed,Savings,56,2,95768,21,11,6,0,0.96,17,47884.0
37,Male,Employed,Current,120,2,270173,8,14,11,0,0.54,25,135086.5
34,Female,Employed,Savings,87,3,35296,20,10,13,0,0.58,23,11765.33
47,Female,Employed,Savings,15,2,332599,11,6,10,0,0.86,16,166299.5
41,Female,Unemployed,Savings,53,2,190587,10,9,7,1,0.89,16,95293.5
34,Male,Unemployed,Savings,86,1,368335,9,12,11,0,0.95,23,368335.0
31,Female,Employed,Current,78,1,177343,7,8,7,0,0.72,15,177343.0
53,Female,Self-employed,Current,30,2,145415,18,3,9,0,0.92,12,72707.5
24,Male,Employed,Savings,175,2,51536,13,9,7,0,0.63,16,25768.0
28,Female,Self-employed,Savings,81,2,241999,16,9,8,0,0.57,17,120999.5
53,Male,Employed,Savings,39,3,59850,13,5,6,0,0.78,11,19950.0
19,Female,Self-employed,Fixed Deposit,29,1,262632,17,6,13,0,0.61,19,262632.0
37,Female,Employed,Current,90,1,73772,11,9,10,0,0.74,19,73772.0
33,Male,Unemployed,Savings,143,4,333651,15,6,10,0,0.89,16,83412.75
18,Female,Employed,Savings,32,3,1112,16,5,14,0,0.99,19,370.67
41,Male,Employed,Current,115,2,293556,19,11,7,0,0.8,18,146778.0
53,Female,Unemployed,Savings,38,1,84405,16,5,7,0,0.83,12,84405.0
49,Female,Employed,Savings,98,1,385797,16,9,10,0,0.66,19,385797.0
34,Male,Self-employed,Current,147,1,162601,12,13,10,0,0.89,23,162601.0
42,Male,Employed,Savings,140,4,371095,12,9,12,1,0.71,21,92773.75
44,Female,Employed,Fixed Deposit,164,1,172296,16,14,5,0,0.73,19,172296.0
21,Male,Self-employed,Savings,35,3,6133,10,8,6,0,0.52,14,2044.33
36,Male,Self-employed,Fixed Deposit,165,2,29955,15,8,11,0,0.9,19,14977.5
35,Female,Self-employed,Savings,67,2,59258,10,7,12,0,0.95,19,29629.0
21,Female,Employed,Savings,93,3,190672,22,4,11,0,0.99,15,63557.33
18,Male,Self-employed,Savings,155,3,12748,14,8,10,0,0.7,18,4249.33
51,Male,Employed,Current,166,1,28890,14,7,8,0,0.84,15,28890.0
37,Female,Self-employed,Savings,86,1,1146,21,9,11,0,0.85,20,1146.0
37,Female,Self-employed,Savings,99,1,110096,12,5,15,0,0.82,20,110096.0
34,Female,Employed,Savings,24,1,28328,15,12,6,0,0.61,18,28328.0
23,Male,Employed,Savings,83,2,46609,15,4,7,0,0.64,11,23304.5
42,Male,Employed,Savings,18,1,156540,23,12,9,0,0.84,21,156540.0
29,Male,Employed,Savings,98,4,330198,13,9,11,0,0.52,20,82549.5
46,Male,Self-employed,Savings,128,2,354258,29,11,13,0,0.76,24,177129.0
36,Female,Employed,Current,147,2,3420,15,1,9,1,0.54,10,1710.0
35,Male,Employed,Savings,175,2,268159,24,8,15,0,0.96,23,134079.5
44,Male,Unemployed,Current,130,1,193093,23,6,11,1,0.58,17,193093.0
21,Male,Unemployed,Savings,14,2,49851,16,11,14,0,0.93,25,24925.5
39,Female,Employed,Current,61,1,56288,16,10,5,0,0.81,15,56288.0
41,Female,Unemployed,Savings,172,3,77722,20,8,13,0,0.68,21,25907.33
61,Female,Self-employed,Savings,100,1,97310,15,13,14,1,0.55,27,97310.0
25,Male,Employed,Savings,63,1,261941,14,8,10,0,0.84,18,261941.0
20,Female,Employed,Current,37,3,69865,15,7,10,0,0.82,17,23288.33
27,Female,Employed,Current,38,2,201820,15,10,8,0,0.81,18,100910.0
40,Female,Employed,Current,72,2,177371,11,9,8,1,0.89,17,88685.5
40,Female,Employed,Current,52,4,273967,17,15,14,0,0.62,29,68491.75
40,Male,Employed,Current,155,1,171347,14,9,13,0,0.87,22,171347.0
25,Female,Employed,Savings,106,4,109802,14,3,13,1,0.7,16,27450.5
30,Female,Self-employed,Savings,104,1,69310,16,10,9,0,0.96,19,69310.0
37,Female,Self-employed,Current,158,3,22018,14,12,11,0,0.91,23,7339.33
41,Female,Employed,Savings,66,4,327156,23,10,8,0,0.74,18,81789.0
28,Male,Employed,Savings,65,1,36238,20,9,11,0,0.73,20,36238.0
37,Male,Employed,Current,66,1,177483,16,9,9,1,0.86,18,177483.0
45,Female,Employed,Savings,32,1,158427,8,5,7,0,0.72,12,158427.0
44,Female,Self-employed,Savings,76,1,38002,12,7,8,0,0.68,15,38002.0
42,Male,Employed,Savings,18,1,101972,15,6,11,0,0.71,17,101972.0
37,Female,Self-employed,Savings,20,2,295026,11,5,9,0,0.53,14,147513.0
25,Female,Self-employed,Current,83,2,49315,14,13,9,2,0.62,22,24657.5
18,Female,Self-employed,Current,96,3,186989,14,3,11,0,0.51,14,62329.67
21,Female,Self-employed,Fixed Deposit,24,1,71967,14,2,7,0,0.6,9,71967.0
30,Female,Employed,Current,147,1,145635,19,10,10,0,0.54,20,145635.0
50,Male,Unemployed,Savings,107,2,147190,12,9,12,0,0.53,21,73595.0
44,Female,Employed,Savings,77,2,6373,8,6,8,0,0.72,14,3186.5
48,Female,Self-employed,Savings,73,2,233335,17,7,9,0,0.94,16,116667.5
42,Female,Self-employed,Current,128,3,186108,13,9,10,0,0.71,19,62036.0
31,Female,Employed,Savings,121,2,359786,9,9,12,0,0.93,21,179893.0
20,Male,Employed,Current,156,2,16387,14,9,12,0,0.74,21,8193.5
33,Male,Self-employed,Savings,18,1,149577,16,13,12,0,0.98,25,149577.0
34,Male,Self-employed,Savings,117,4,43193,11,11,7,0,0.91,18,10798.25
40,Female,Self-employed,Savings,165,1,22497,19,4,11,0,0.7,15,22497.0
42,Male,Employed,Savings,157,1,277642,18,8,9,0,0.61,17,277642.0
31,Female,Employed,Fixed Deposit,43,2,178808,18,9,9,0,0.5,18,89404.0
37,Female,Self-employed,Current,179,2,151777,10,7,12,0,0.51,19,75888.5
34,Female,Employed,Current,36,1,166852,12,10,8,0,0.81,18,166852.0
46,Female,Employed,Savings,73,3,163050,18,10,9,0,0.73,19,54350.0
45,Female,Employed,Current,168,2,316239,11,10,6,0,0.96,16,158119.5
37,Male,Employed,Current,28,3,500,16,10,7,0,0.62,17,166.67
18,Male,Employed,Savings,134,1,8003,18,7,8,0,0.53,15,8003.0
39,Female,Employed,Current,174,3,31406,14,8,5,0,0.98,13,10468.67
42,Female,Self-employed,Current,168,2,206786,14,10,8,0,0.7,18,103393.0
33,Female,Employed,Current,89,2,28511,17,10,9,1,0.62,19,14255.5
36,Male,Unemployed,Current,24,3,96790,10,8,12,0,0.58,20,32263.33
43,Male,Employed,Fixed Deposit,99,2,51646,12,10,7,0,0.89,17,25823.0
32,Male,Employed,Current,160,4,34255,17,4,12,1,0.68,16,8563.75
46,Male,Employed,Current,32,2,45476,12,7,8,0,0.97,15,22738.0
44,Male,Self-employed,Current,138,3,292806,18,10,10,0,0.54,20,97602.0
28,Male,Self-employed,Fixed Deposit,125,1,918939,11,5,9,2,0.53,14,918939.0
53,Male,Employed,Savings,77,1,44724,17,8,13,2,0.7,21,44724.0
31,Female,Employed,Savings,98,2,257481,13,11,9,0,0.91,20,128740.5
38,Female,Self-employed,Savings,42,4,17874,12,7,14,0,0.85,21,4468.5
19,Male,Employed,Savings,179,2,6578,11,9,6,0,0.88,15,3289.0
18,Female,Self-employed,Savings,132,4,182566,16,7,11,1,0.9,18,45641.5
33,Male,Employed,Current,15,2,662440,16,3,9,0,0.79,12,331220.0
22,Male,Employed,Savings,152,2,203546,15,10,10,0,0.86,20,101773.0
36,Male,Employed,Fixed Deposit,20,4,55936,18,8,12,0,0.57,20,13984.0
40,Male,Unemployed,Savings,15,3,259859,11,6,8,0,0.57,14,86619.67
35,Female,Self-employed,Current,66,2,121110,18,9,16,0,0.92,25,60555.0
24,Male,Employed,Savings,21,4,5707,20,7,6,0,0.59,13,1426.75
46,Male,Employed,Savings,119,4,7166,9,13,17,0,0.87,30,1791.5
28,Male,Unemployed,Savings,19,1,5128,17,9,8,0,0.56,17,5128.0
27,Male,Employed,Current,15,1,103415,18,5,9,0,0.84,14,103415.0
34,Female,Employed,Current,53,3,81404,11,5,9,0,0.8,14,27134.67
36,Male,Self-employed,Current,59,3,73985,22,7,9,0,0.6,16,24661.67
24,Male,Employed,Fixed Deposit,38,1,291629,17,4,7,0,0.86,11,291629.0
42,Female,Self-employed,Current,128,3,104035,12,5,9,0,0.81,14,34678.33
27,Male,Employed,Current,100,1,60953,14,10,9,0,0.62,19,60953.0
37,Male,Employed,Savings,84,1,51526,27,6,10,0,0.92,16,51526.0
29,Female,Employed,Savings,34,1,48971,13,14,14,0,0.66,28,48971.0
28,Male,Employed,Savings,34,1,23390,13,5,10,0,0.8,15,23390.0
39,Male,Employed,Savings,50,1,919282,18,10,7,0,0.57,17,919282.0
29,Male,Self-employed,Current,179,1,357970,14,6,10,0,0.9,16,357970.0
44,Female,Employed,Savings,97,1,133435,17,7,9,0,1.0,16,133435.0
28,Female,Employed,Fixed Deposit,108,2,179341,12,4,8,1,0.9,12,89670.5
37,Female,Employed,Savings,44,3,590015,12,3,8,1,0.52,11,196671.67
34,Female,Employed,Current,150,2,159499,15,10,12,0,0.71,22,79749.5
20,Female,Employed,Fixed Deposit,140,4,180206,15,12,9,1,0.78,21,45051.5
27,Female,Self-employed,Savings,14,3,343597,27,9,11,0,0.67,20,114532.33
25,Female,Employed,Current,51,1,21399,14,9,11,0,0.67,20,21399.0
38,Female,Employed,Current,23,2,61914,11,13,11,0,0.62,24,30957.0
40,Female,Employed,Savings,155,1,86717,14,7,19,0,0.61,26,86717.0
25,Female,Employed,Savings,65,2,128177,15,8,8,1,0.88,16,64088.5
45,Female,Employed,Current,116,4,214266,10,4,10,0,0.82,14,53566.5
35,Male,Employed,Current,129,2,75042,12,5,9,1,0.54,14,37521.0
18,Male,Employed,Savings,73,4,27042,21,9,15,0,0.67,24,6760.5
34,Male,Employed,Savings,51,3,67244,24,6,11,0,0.67,17,22414.67
38,Male,Employed,Current,43,3,262706,16,8,7,0,0.88,15,87568.67
46,Female,Self-employed,Savings,42,1,557905,15,9,11,0,0.54,20,557905.0
36,Male,Employed,Savings,179,3,288215,17,9,9,0,0.64,18,96071.67
48,Female,Employed,Current,97,4,71981,16,11,6,0,0.82,17,17995.25
27,Male,Self-employed,Fixed Deposit,70,2,324273,18,9,13,0,0.75,22,162136.5
41,Female,Employed,Savings,68,1,495252,20,9,13,0,0.59,22,495252.0
29,Female,Self-employed,Savings,164,1,402162,10,9,15,0,0.8,24,402162.0
28,Male,Self-employed,Savings,128,2,18623,12,6,9,0,0.9,15,9311.5
38,Female,Employed,Savings,88,1,11956,15,7,17,0,0.95,24,11956.0
45,Female,Employed,Savings,34,3,306415,16,5,12,0,0.81,17,102138.33
50,Male,Employed,Current,16,3,344960,22,5,12,1,0.97,17,114986.67
36,Male,Self-employed,Savings,133,1,36365,13,8,15,0,0.89,23,36365.0
44,Male,Self-employed,Current,92,2,59931,15,13,7,0,0.92,20,29965.5
42,Female,Self-employed,Current,176,2,50819,11,11,9,0,0.53,20,25409.5
46,Female,Employed,Savings,38,1,132480,16,11,6,0,0.86,17,132480.0
31,Female,Employed,Savings,105,2,163567,14,3,7,0,0.9,10,81783.5
29,Male,Self-employed,Current,72,1,224605,18,11,5,0,0.58,16,224605.0
38,Female,Employed,Savings,173,1,73328,16,3,9,0,0.62,12,73328.0
61,Male,Employed,Fixed Deposit,163,3,527703,20,6,6,0,0.69,12,175901.0
27,Male,Employed,Savings,145,3,195548,11,9,9,0,0.51,18,65182.67
40,Female,Employed,Current,133,4,16457,17,9,12,0,0.56,21,4114.25
34,Male,Employed,Savings,78,1,88026,13,9,12,0,0.71,21,88026.0
35,Female,Employed,Fixed Deposit,23,1,61653,17,10,6,0,0.53,16,61653.0
41,Female,Unemployed,Savings,52,2,382668,23,11,12,0,0.93,23,191334.0
47,Male,Unemployed,Savings,151,1,354305,23,17,10,0,0.6,27,354305.0
52,Female,Employed,Savings,22,2,77833,12,6,12,0,0.64,18,38916.5
27,Female,Employed,Savings,88,4,390567,17,14,10,0,0.71,24,97641.75
27,Female,Employed,Savings,175,1,102781,12,6,6,0,0.93,12,102781.0
26,Male,Employed,Current,21,1,475367,8,7,12,0,0.78,19,475367.0
32,Female,Employed,Savings,125,2,49686,19,4,16,1,0.61,20,24843.0
27,Female,Employed,Savings,158,2,274909,14,6,7,0,0.54,13,137454.5
34,Female,Self-employed,Current,134,2,87813,8,3,12,0,0.6,15,43906.5
33,Female,Employed,Current,19,1,126192,12,9,11,1,0.67,20,126192.0
26,Male,Employed,Savings,150,2,70056,11,8,7,1,0.95,15,35028.0
44,Male,Employed,Savings,136,1,248735,13,8,7,0,0.99,15,248735.0
37,Female,Self-employed,Current,128,2,225951,17,6,10,0,0.67,16,112975.5
29,Male,Employed,Savings,104,4,210809,17,7,13,0,0.66,20,52702.25
44,Male,Employed,Savings,55,3,136252,15,5,15,0,0.71,20,45417.33
20,Female,Self-employed,Savings,93,2,8571,14,7,10,1,0.83,17,4285.5
19,Male,Employed,Savings,54,1,173169,18,4,15,0,0.78,19,173169.0
35,Female,Employed,Current,45,1,5490,22,7,8,0,0.8,15,5490.0
31,Male,Employed,Savings,75,2,191816,15,4,8,0,0.64,12,95908.0
34,Female,Self-employed,Current,107,4,285923,14,11,12,0,0.62,23,71480.75
32,Female,Employed,Savings,14,2,209013,9,9,10,0,0.82,19,104506.5
37,Female,Employed,Savings,65,2,14644,12,7,5,0,0.6,12,7322.0
36,Female,Employed,Savings,150,3,204804,18,9,10,0,0.6,19,68268.0
27,Male,Self-employed,Savings,40,4,252524,16,8,8,0,0.98,16,63131.0
55,Male,Self-employed,Current,123,3,78299,17,12,12,0,0.73,24,26099.67
43,Male,Employed,Savings,111,3,42480,14,8,7,1,0.53,15,14160.0
18,Female,Self-employed,Savings,87,2,10457,11,8,14,1,0.77,22,5228.5
45,Male,Employed,Current,180,1,79636,18,5,11,0,0.79,16,79636.0
33,Female,Self-employed,Savings,162,3,30765,14,2,10,0,0.53,12,10255.0
42,Male,Self-employed,Savings,177,1,25806,8,6,8,1,0.58,14,25806.0
33,Male,Employed,Current,59,3,359470,15,8,13,0,0.71,21,119823.33
28,Male,Employed,Savings,179,2,30441,17,10,14,1,0.61,24,15220.5
30,Male,Employed,Savings,163,3,139258,7,9,9,0,0.64,18,46419.33
30,Male,Self-employed,Savings,86,1,283255,19,9,9,0,0.53,18,283255.0
51,Female,Employed,Current,36,3,108628,12,8,9,0,0.87,17,36209.33
33,Female,Self-employed,Current,35,1,129209,19,4,11,0,0.69,15,129209.0
51,Male,Employed,Savings,98,1,269913,12,3,6,0,0.92,9,269913.0
18,Male,Employed,Fixed Deposit,174,3,16005,10,13,5,1,0.54,18,5335.0
39,Female,Employed,Savings,132,1,111313,11,9,10,0,0.9,19,111313.0
24,Female,Employed,Savings,44,3,119379,20,12,5,0,0.88,17,39793.0
48,Male,Employed,Savings,154,1,136327,14,7,9,0,0.81,16,136327.0
27,Female,Self-employed,Savings,96,3,37840,15,5,14,0,0.97,19,12613.33
25,Female,Self-employed,Current,141,1,46758,15,3,14,0,0.91,17,46758.0
45,Male,Self-employed,Savings,133,1,273237,15,8,12,0,0.55,20,273237.0
44,Male,Self-employed,Current,51,1,296696,12,4,11,1,0.57,15,296696.0
41,Female,Self-employed,Current,97,1,36353,16,11,10,1,0.89,21,36353.0
30,Male,Employed,Current,143,1,10159,21,10,11,1,0.76,21,10159.0
38,Male,Self-employed,Savings,149,2,108835,13,5,6,0,0.85,11,54417.5
38,Male,Self-employed,Savings,98,2,30348,16,6,8,0,0.84,14,15174.0
25,Female,Self-employed,Savings,77,4,510687,11,16,12,0,0.97,28,127671.75
24,Male,Employed,Current,86,1,156597,13,8,12,0,0.93,20,156597.0
32,Male,Employed,Current,13,2,57001,19,6,10,0,0.97,16,28500.5
35,Male,Self-employed,Savings,162,1,260319,15,6,14,0,0.95,20,260319.0
36,Female,Unemployed,Fixed Deposit,157,1,426101,13,12,9,1,0.78,21,426101.0
30,Male,Employed,Savings,87,1,25386,7,10,12,0,0.65,22,25386.0
30,Female,Self-employed,Savings,114,2,21687,16,9,14,0,0.9,23,10843.5
31,Female,Self-employed,Savings,171,1,512185,15,6,13,0,0.87,19,512185.0
40,Female,Self-employed,Current,92,2,80430,16,9,6,0,0.66,15,40215.0
21,Male,Employed,Savings,36,1,136548,11,8,11,0,0.53,19,136548.0
32,Male,Self-employed,Savings,67,1,535643,13,8,12,0,0.96,20,535643.0
51,Male,Self-employed,Current,98,3,102182,15,9,9,0,0.94,18,34060.67
54,Female,Employed,Current,47,1,261590,13,14,11,0,0.87,25,261590.0
40,Male,Employed,Savings,150,1,255382,16,12,12,0,0.94,24,255382.0
39,Female,Employed,Savings,123,1,426638,8,5,7,0,0.88,12,426638.0
42,Male,Employed,Savings,67,4,136854,10,8,13,0,0.7,21,34213.5
55,Female,Self-employed,Savings,16,2,133561,12,4,4,0,0.7,8,66780.5
40,Male,Self-employed,Savings,84,1,41993,14,9,9,0,0.96,18,41993.0
33,Female,Employed,Current,149,1,192140,18,7,11,0,0.95,18,192140.0
26,Female,Self-employed,Savings,157,2,181594,16,5,8,0,0.62,13,90797.0
28,Male,Employed,Savings,84,3,134791,17,9,10,1,0.95,19,44930.33
47,Female,Self-employed,Savings,91,1,92213,17,8,15,1,0.52,23,92213.0
37,Male,Self-employed,Savings,108,1,50953,18,7,10,0,0.57,17,50953.0
20,Male,Employed,Savings,134,2,87917,20,11,13,0,0.85,24,43958.5
33,Male,Self-employed,Savings,64,1,36709,12,14,6,0,0.52,20,36709.0
35,Male,Unemployed,Savings,18,1,61261,21,10,12,0,0.59,22,61261.0
38,Male,Self-employed,Current,163,1,34900,13,12,10,0,0.77,22,34900.0
53,Female,Employed,Savings,119,2,81785,10,9,6,1,0.56,15,40892.5
19,Male,Employed,Current,72,3,163918,20,11,9,0,0.81,20,54639.33
19,Male,Employed,Savings,83,1,58274,24,7,10,1,0.91,17,58274.0
41,Female,Employed,Savings,117,4,9140,16,6,13,1,0.66,19,2285.0
46,Female,Self-employed,Savings,132,2,201269,13,8,10,1,0.63,18,100634.5
40,Male,Employed,Savings,173,1,155096,16,11,15,0,0.95,26,155096.0
35,Female,Employed,Savings,28,1,101062,10,4,7,0,0.76,11,101062.0
53,Male,Employed,Savings,45,1,119227,18,8,16,0,0.7,24,119227.0
19,Male,Employed,Savings,142,2,132381,14,10,13,0,0.58,23,66190.5
28,Male,Employed,Current,28,2,277470,15,4,12,0,0.71,16,138735.0
41,Female,Employed,Savings,157,1,147011,28,10,9,0,0.98,19,147011.0
57,Male,Self-employed,Savings,91,3,496641,16,10,10,0,0.62,20,165547.0
29,Male,Employed,Savings,103,1,195685,15,6,9,1,0.53,15,195685.0
26,Female,Employed,Current,51,1,11689,16,11,9,0,0.99,20,11689.0
22,Female,Employed,Savings,19,3,1398,17,4,5,0,0.51,9,466.0
33,Female,Employed,Savings,99,4,233621,14,5,8,0,0.51,13,58405.25
32,Male,Unemployed,Savings,149,3,8352,18,12,6,0,0.69,18,2784.0
39,Male,Employed,Savings,130,3,366825,16,6,10,1,0.89,16,122275.0
18,Female,Employed,Fixed Deposit,85,2,87253,12,7,8,0,0.84,15,43626.5
22,Male,Self-employed,Current,152,2,85764,11,7,14,1,0.87,21,42882.0
28,Male,Unemployed,Savings,140,3,379808,12,6,8,0,0.52,14,126602.67
26,Female,Employed,Savings,44,2,151040,24,9,15,0,0.54,24,75520.0
29,Male,Employed,Savings,115,1,387267,9,14,13,1,0.93,27,387267.0
26,Female,Employed,Savings,114,1,251567,10,8,15,0,0.81,23,251567.0
32,Female,Employed,Savings,29,3,151969,21,11,12,0,0.66,23,50656.33
38,Male,Self-employed,Savings,86,1,102470,12,14,7,0,0.5,21,102470.0
36,Female,Employed,Savings,38,2,111067,14,6,8,0,0.76,14,55533.5
25,Male,Unemployed,Savings,133,1,229840,20,9,9,1,0.83,18,229840.0
30,Female,Employed,Current,171,2,132855,18,4,10,0,0.64,14,66427.5
36,Female,Self-employed,Savings,79,1,190144,17,11,18,1,0.63,29,190144.0
36,Female,Self-employed,Savings,68,3,199487,9,8,12,0,0.51,20,66495.67
30,Female,Employed,Savings,163,3,134408,24,3,8,0,0.97,11,44802.67
19,Male,Employed,Savings,37,1,177438,13,10,10,0,0.83,20,177438.0
37,Male,Employed,Savings,113,1,57510,19,9,7,1,0.72,16,57510.0
30,Male,Self-employed,Current,171,4,40705,15,9,17,0,1.0,26,10176.25
51,Male,Employed,Savings,77,3,133768,22,4,6,0,0.81,10,44589.33
42,Male,Self-employed,Savings,66,3,183375,10,11,12,0,0.97,23,61125.0
44,Female,Employed,Savings,32,3,204698,20,3,9,0,0.54,12,68232.67
50,Male,Employed,Savings,158,2,146771,14,7,6,0,0.62,13,73385.5
63,Male,Employed,Savings,51,3,102624,16,8,9,0,0.73,17,34208.0
23,Male,Employed,Current,129,2,508753,13,15,11,0,0.68,26,254376.5
39,Male,Employed,Current,29,2,32623,13,2,11,0,0.94,13,16311.5
39,Male,Employed,Savings,88,1,139026,15,7,10,0,0.63,17,139026.0
37,Male,Employed,Savings,50,3,375169,7,11,10,0,0.64,21,125056.33
50,Female,Employed,Current,120,2,46802,21,9,10,0,0.95,19,23401.0
25,Female,Unemployed,Current,120,1,67724,13,8,7,0,0.95,15,67724.0
43,Female,Employed,Savings,136,1,326146,16,6,15,0,0.86,21,326146.0
39,Male,Employed,Current,159,1,88176,20,5,4,0,0.74,9,88176.0
34,Male,Self-employed,Savings,131,1,54550,20,12,11,0,0.69,23,54550.0
38,Male,Employed,Savings,158,3,50067,14,7,11,0,0.53,18,16689.0
33,Female,Employed,Savings,117,2,65429,16,7,10,0,0.6,17,32714.5
32,Female,Self-employed,Savings,117,3,519729,19,7,13,0,0.92,20,173243.0
45,Female,Employed,Savings,91,2,500,14,7,10,0,0.68,17,250.0
39,Female,Self-employed,Savings,84,3,7002,16,5,9,0,0.92,14,2334.0
41,Female,Employed,Current,55,1,163959,19,8,12,0,0.7,20,163959.0
39,Male,Self-employed,Current,135,4,252154,15,8,9,0,0.62,17,63038.5
48,Female,Employed,Current,18,1,101940,14,2,9,0,0.89,11,101940.0
24,Male,Self-employed,Savings,33,1,40266,13,11,8,0,0.83,19,40266.0
47,Female,Employed,Savings,120,3,46738,16,8,6,1,0.82,14,15579.33
40,Female,Employed,Savings,95,1,258428,9,13,11,0,0.92,24,258428.0
50,Female,Employed,Savings,102,1,375999,17,6,12,0,0.53,18,375999.0
24,Female,Self-employed,Current,98,2,99088,22,7,13,0,0.93,20,49544.0
34,Male,Unemployed,Savings,167,2,103043,18,6,7,0,0.94,13,51521.5
52,Male,Self-employed,Fixed Deposit,137,3,21085,15,7,11,0,0.87,18,7028.33
18,Female,Unemployed,Savings,68,2,264493,11,7,13,0,0.98,20,132246.5
34,Female,Employed,Current,79,2,283663,14,4,10,0,0.69,14,141831.5
35,Female,Employed,Savings,112,1,46310,9,10,7,2,0.87,17,46310.0
28,Male,Employed,Current,117,4,60058,19,12,11,0,0.66,23,15014.5
59,Male,Employed,Savings,105,1,225813,13,10,10,0,0.94,20,225813.0
27,Female,Self-employed,Savings,143,2,181954,17,5,7,0,0.8,12,90977.0
37,Female,Self-employed,Savings,24,3,61942,14,13,14,0,0.93,27,20647.33
53,Female,Employed,Current,94,4,13925,8,8,9,0,0.61,17,3481.25
40,Male,Unemployed,Savings,107,2,46516,15,3,14,1,0.68,17,23258.0
32,Female,Employed,Savings,56,4,144119,18,9,19,0,0.92,28,36029.75
29,Female,Employed,Savings,99,2,150549,11,7,7,1,0.77,14,75274.5
30,Female,Unemployed,Current,147,2,106738,18,6,9,0,0.82,15,53369.0
29,Female,Self-employed,Current,109,2,98654,16,3,7,0,0.98,10,49327.0
18,Male,Unemployed,Current,102,4,57655,12,6,9,0,0.91,15,14413.75
19,Female,Employed,Savings,167,4,106158,14,1,13,0,0.96,14,26539.5
43,Female,Employed,Savings,80,2,17767,20,11,12,0,0.65,23,8883.5
22,Male,Employed,Savings,114,2,72585,8,9,14,0,0.78,23,36292.5
38,Female,Self-employed,Savings,70,3,71445,21,11,6,0,0.84,17,23815.0
40,Male,Employed,Current,33,2,254165,15,5,10,0,0.87,15,127082.5
33,Male,Employed,Current,132,1,33573,17,7,10,0,0.71,17,33573.0
23,Male,Employed,Current,86,4,35118,11,10,12,0,0.93,22,8779.5
41,Female,Employed,Savings,134,1,113611,19,7,12,0,0.9,19,113611.0
36,Male,Employed,Current,171,4,70905,13,9,15,0,0.75,24,17726.25
30,Female,Employed,Current,149,2,137248,17,10,7,0,0.6,17,68624.0
37,Female,Self-employed,Savings,103,2,37035,22,7,12,0,0.96,19,18517.5
31,Female,Employed,Savings,177,3,275196,20,4,11,1,0.91,15,91732.0
18,Male,Employed,Savings,64,1,274858,18,12,10,0,0.92,22,274858.0
25,Male,Employed,Savings,41,3,20010,14,8,6,0,0.91,14,6670.0
35,Male,Self-employed,Fixed Deposit,45,3,87733,12,1,11,0,0.62,12,29244.33
48,Male,Employed,Current,74,1,314734,10,4,8,0,0.93,12,314734.0
33,Male,Self-employed,Savings,83,1,8711,12,9,13,0,0.6,22,8711.0
53,Female,Unemployed,Current,113,2,72723,17,6,10,1,0.94,16,36361.5
28,Female,Employed,Current,68,2,16082,17,8,12,0,0.88,20,8041.0
27,Female,Employed,Current,74,2,6711,9,9,9,0,0.82,18,3355.5
41,Male,Employed,Fixed Deposit,35,1,103640,13,6,10,0,0.89,16,103640.0
45,Female,Self-employed,Current,152,4,79034,12,5,9,0,0.54,14,19758.5
42,Female,Self-employed,Fixed Deposit,151,1,10853,17,6,8,0,0.85,14,10853.0
34,Female,Employed,Current,86,3,132632,21,8,9,0,0.53,17,44210.67
35,Male,Employed,Current,93,1,500,13,11,17,0,0.52,28,500.0
18,Male,Employed,Savings,84,1,82267,16,8,11,0,0.82,19,82267.0
46,Male,Self-employed,Savings,108,1,319317,11,10,10,1,0.75,20,319317.0
26,Female,Unemployed,Current,151,2,2896,6,6,12,0,0.55,18,1448.0
42,Female,Employed,Current,151,1,42656,12,11,8,0,0.82,19,42656.0
29,Female,Self-employed,Current,158,1,184926,18,7,6,1,0.82,13,184926.0
29,Female,Self-employed,Current,54,1,263279,16,5,6,0,0.79,11,263279.0
26,Male,Employed,Savings,19,3,94572,20,7,13,0,0.87,20,31524.0
18,Female,Employed,Savings,152,2,18979,15,11,16,0,0.57,27,9489.5
39,Male,Employed,Savings,80,3,95042,12,9,20,0,0.53,29,31680.67
43,Female,Employed,Savings,75,3,214081,12,7,19,0,0.98,26,71360.33
26,Female,Employed,Savings,18,1,16286,21,9,14,1,0.6,23,16286.0
42,Female,Employed,Current,47,2,374515,24,10,15,1,0.9,25,187257.5
31,Male,Employed,Savings,22,2,476666,13,11,10,1,0.52,21,238333.0
38,Female,Employed,Savings,99,2,52051,14,3,8,0,0.94,11,26025.5
52,Male,Unemployed,Savings,32,2,153024,12,10,7,0,0.91,17,76512.0
35,Male,Self-employed,Savings,157,2,318979,16,9,15,1,0.76,24,159489.5
42,Male,Employed,Savings,111,3,46622,13,7,11,0,0.99,18,15540.67
18,Male,Self-employed,Current,152,2,24488,12,9,11,0,0.59,20,12244.0
41,Male,Self-employed,Savings,105,1,91688,11,5,9,0,0.51,14,91688.0
26,Female,Employed,Savings,119,1,219573,13,14,6,0,0.93,20,219573.0
28,Male,Employed,Savings,100,2,104224,12,8,13,0,0.57,21,52112.0
38,Female,Employed,Savings,22,3,92128,21,9,11,0,0.73,20,30709.33
18,Male,Employed,Savings,169,3,88174,19,7,7,0,0.56,14,29391.33
33,Male,Employed,Savings,167,4,238429,16,4,8,0,0.78,12,59607.25
31,Female,Employed,Current,15,1,132290,9,9,8,0,0.5,17,132290.0
47,Female,Self-employed,Current,134,1,27045,10,6,10,1,0.6,16,27045.0
18,Female,Employed,Current,13,2,144315,22,8,12,0,0.95,20,72157.5
41,Female,Unemployed,Savings,104,3,251372,13,8,10,1,0.73,18,83790.67
34,Female,Employed,Savings,125,1,16900,20,8,11,1,0.51,19,16900.0
19,Female,Employed,Savings,161,3,225514,8,11,14,0,0.79,25,75171.33
37,Female,Employed,Current,105,3,404690,12,4,13,0,0.87,17,134896.67
30,Male,Self-employed,Savings,36,1,78321,16,10,8,2,0.54,18,78321.0
34,Female,Employed,Fixed Deposit,81,1,345543,12,7,8,0,0.63,15,345543.0
24,Male,Employed,Savings,99,2,113099,18,9,10,0,0.92,19,56549.5
26,Male,Employed,Current,143,1,168673,15,7,14,1,0.92,21,168673.0
49,Male,Employed,Current,52,1,78805,17,12,9,0,0.8,21,78805.0
42,Female,Unemployed,Current,58,2,10612,13,10,10,0,0.97,20,5306.0
34,Female,Self-employed,Fixed Deposit,124,4,476434,12,12,10,0,0.68,22,119108.5
44,Male,Self-employed,Fixed Deposit,93,4,193116,19,3,8,1,0.81,11,48279.0
45,Male,Employed,Savings,56,2,472181,11,10,8,1,0.87,18,236090.5
39,Female,Employed,Fixed Deposit,108,3,10851,14,6,11,0,0.56,17,3617.0
41,Male,Self-employed,Current,93,2,101543,11,11,15,0,0.72,26,50771.5
60,Male,Employed,Savings,151,1,162167,13,7,10,1,0.51,17,162167.0
23,Female,Self-employed,Current,99,1,59326,15,5,8,0,0.57,13,59326.0
25,Male,Self-employed,Savings,64,3,7975,18,5,10,1,0.89,15,2658.33
34,Male,Self-employed,Savings,94,2,252154,16,6,9,0,0.79,15,126077.0
62,Male,Employed,Savings,27,2,830006,13,8,11,0,0.82,19,415003.0
39,Male,Employed,Current,85,1,34828,20,10,17,0,0.85,27,34828.0
28,Male,Employed,Savings,87,1,270992,11,10,10,0,0.52,20,270992.0
24,Male,Self-employed,Current,56,2,3640,10,6,9,0,0.6,15,1820.0
29,Female,Employed,Current,71,1,252268,20,9,11,0,0.69,20,252268.0
28,Female,Unemployed,Savings,65,1,514172,9,5,7,0,0.78,12,514172.0
29,Female,Unemployed,Current,153,1,68655,13,10,15,0,0.72,25,68655.0
45,Female,Unemployed,Savings,100,1,128346,12,11,8,0,0.85,19,128346.0
49,Male,Self-employed,Savings,50,2,123536,16,8,8,0,0.96,16,61768.0
46,Male,Self-employed,Current,29,1,133585,15,4,13,1,0.96,17,133585.0
22,Female,Employed,Current,21,1,76605,20,8,12,0,0.91,20,76605.0
44,Female,Unemployed,Savings,146,4,212822,15,6,11,0,0.84,17,53205.5
31,Female,Employed,Savings,62,2,91258,14,5,9,0,0.78,14,45629.0
43,Female,Employed,Fixed Deposit,120,1,246734,23,13,13,0,0.66,26,246734.0
35,Female,Self-employed,Savings,90,2,298164,16,7,10,1,0.6,17,149082.0
23,Female,Self-employed,Savings,89,1,365461,16,10,3,0,0.7,13,365461.0
31,Male,Employed,Savings,119,2,281205,18,6,11,0,0.76,17,140602.5
43,Female,Employed,Savings,89,2,82674,12,10,7,0,0.88,17,41337.0
34,Male,Unemployed,Current,30,1,697710,12,6,11,1,0.71,17,697710.0
34,Male,Employed,Savings,45,2,6994,15,6,14,0,0.63,20,3497.0
41,Male,Unemployed,Savings,43,1,56513,16,7,7,1,0.72,14,56513.0
25,Female,Unemployed,Savings,112,2,93489,14,7,12,0,0.93,19,46744.5
41,Female,Self-employed,Savings,63,1,80093,17,11,13,0,0.84,24,80093.0
57,Female,Self-employed,Current,47,2,729233,15,9,8,0,0.51,17,364616.5
27,Female,Employed,Savings,96,3,69429,21,7,7,0,0.7,14,23143.0
34,Female,Self-employed,Savings,45,2,7574,12,9,9,0,0.82,18,3787.0
19,Male,Employed,Savings,138,3,5058,17,6,5,0,0.55,11,1686.0
63,Male,Self-employed,Current,26,2,29746,10,6,9,0,0.67,15,14873.0
34,Male,Employed,Current,136,4,161470,18,4,7,0,0.93,11,40367.5
25,Male,Self-employed,Savings,158,2,436570,16,18,9,1,0.91,27,218285.0
50,Male,Employed,Current,91,1,94886,19,13,12,0,0.99,25,94886.0
42,Female,Employed,Savings,24,2,22011,14,10,8,0,0.51,18,11005.5
20,Male,Self-employed,Savings,63,2,435985,18,4,2,0,0.58,6,217992.5
33,Female,Unemployed,Savings,162,1,133898,14,6,9,0,0.81,15,133898.0
30,Female,Employed,Current,134,1,27460,16,4,6,0,0.73,10,27460.0
32,Female,Employed,Savings,136,1,50697,15,6,9,1,0.55,15,50697.0
48,Male,Employed,Savings,106,2,306378,17,7,14,1,0.61,21,153189.0
18,Male,Employed,Current,60,1,109053,7,4,14,0,0.74,18,109053.0
45,Male,Self-employed,Fixed Deposit,23,2,148514,11,10,15,1,0.54,25,74257.0
41,Female,Employed,Current,116,1,94556,19,7,6,0,0.99,13,94556.0
27,Male,Employed,Savings,156,2,72040,12,7,15,0,0.8,22,36020.0
27,Male,Employed,Savings,114,3,310139,15,4,11,1,0.82,15,103379.67
18,Female,Employed,Current,154,2,242693,17,10,7,0,0.75,17,121346.5
26,Male,Unemployed,Current,30,2,76813,22,12,8,1,0.93,20,38406.5
32,Male,Employed,Fixed Deposit,40,1,15330,16,7,9,0,0.67,16,15330.0
32,Female,Employed,Current,31,2,47359,12,6,9,0,0.88,15,23679.5
28,Female,Employed,Savings,174,2,5541,15,10,11,0,0.97,21,2770.5
25,Female,Unemployed,Current,129,1,148952,19,6,11,0,0.66,17,148952.0
28,Female,Employed,Savings,78,1,122004,20,11,15,0,0.52,26,122004.0
49,Male,Employed,Savings,22,1,70960,17,8,12,1,0.78,20,70960.0
41,Female,Unemployed,Savings,153,2,207287,13,8,9,0,0.84,17,103643.5
29,Male,Employed,Current,66,1,258568,13,4,12,0,0.99,16,258568.0
27,Female,Employed,Current,178,2,49333,14,2,12,0,0.95,14,24666.5
39,Male,Employed,Current,76,3,15417,17,4,6,0,0.9,10,5139.0
45,Female,Employed,Savings,56,1,190605,14,9,5,0,0.7,14,190605.0
44,Female,Employed,Savings,138,3,100753,7,9,7,0,0.51,16,33584.33
57,Female,Employed,Savings,119,1,139427,11,11,2,0,0.51,13,139427.0
34,Male,Self-employed,Current,123,2,287771,11,10,6,0,0.99,16,143885.5
40,Female,Self-employed,Current,165,1,187842,25,9,13,0,0.64,22,187842.0
39,Male,Employed,Fixed Deposit,129,3,216358,16,9,9,1,0.52,18,72119.33
50,Male,Employed,Fixed Deposit,60,1,142998,14,9,14,0,0.96,23,142998.0
37,Female,Self-employed,Fixed Deposit,117,1,294252,14,10,9,0,0.78,19,294252.0
33,Female,Unemployed,Current,124,1,82114,21,6,11,0,0.79,17,82114.0
41,Female,Employed,Savings,85,3,252544,13,10,8,0,0.93,18,84181.33
25,Male,Self-employed,Fixed Deposit,32,2,182770,13,5,11,0,0.82,16,91385.0
32,Female,Employed,Savings,122,4,260116,9,7,11,0,0.96,18,65029.0
18,Male,Employed,Current,76,1,182423,10,7,6,0,0.5,13,182423.0
36,Male,Self-employed,Savings,92,2,7547,15,3,10,0,0.55,13,3773.5
39,Female,Self-employed,Fixed Deposit,94,1,132402,16,7,9,0,0.65,16,132402.0
45,Male,Employed,Savings,43,4,39790,15,11,15,0,0.92,26,9947.5
36,Female,Unemployed,Savings,98,3,117413,14,3,7,0,0.82,10,39137.67
41,Female,Self-employed,Current,36,2,49729,24,10,7,0,0.58,17,24864.5
20,Female,Self-employed,Savings,120,4,63859,13,9,8,0,0.87,17,15964.75
42,Male,Employed,Current,171,3,11043,17,12,11,0,0.65,23,3681.0
32,Male,Self-employed,Savings,53,1,55133,18,6,14,0,0.97,20,55133.0
31,Male,Self-employed,Current,25,2,394907,17,10,8,0,0.82,18,197453.5
42,Male,Employed,Current,78,1,519913,12,11,6,1,0.88,17,519913.0
25,Male,Employed,Savings,121,3,158991,12,10,9,0,0.52,19,52997.0
40,Male,Employed,Fixed Deposit,153,1,9886,11,9,11,1,0.91,20,9886.0
54,Female,Employed,Current,62,4,101692,15,7,13,1,0.54,20,25423.0
28,Female,Employed,Savings,120,4,81698,15,5,11,0,0.68,16,20424.5
38,Male,Self-employed,Savings,88,3,320277,12,10,4,0,0.84,14,106759.0
46,Female,Self-employed,Savings,145,2,184955,25,6,8,0,0.67,14,92477.5
36,Female,Self-employed,Current,33,1,205034,11,9,15,0,0.5,24,205034.0
41,Male,Employed,Savings,64,2,467281,24,7,7,0,0.66,14,233640.5
30,Female,Self-employed,Current,78,1,31969,15,6,13,1,0.88,19,31969.0
34,Male,Employed,Fixed Deposit,105,1,67169,11,8,12,0,0.87,20,67169.0
34,Female,Employed,Current,157,1,335088,14,10,15,0,0.89,25,335088.0
34,Male,Self-employed,Savings,106,1,61847,15,8,9,0,0.66,17,61847.0
18,Female,Employed,Savings,110,1,298142,15,4,11,0,0.65,15,298142.0
40,Female,Unemployed,Current,26,3,102896,15,5,10,0,0.89,15,34298.67
35,Female,Employed,Savings,18,4,51980,16,9,9,0,0.67,18,12995.0
35,Male,Self-employed,Fixed Deposit,15,2,142074,15,7,7,0,0.73,14,71037.0
43,Male,Employed,Fixed Deposit,131,1,300721,16,7,12,1,0.76,19,300721.0
37,Female,Employed,Savings,99,1,208444,17,14,14,0,0.64,28,208444.0
32,Male,Employed,Current,77,1,595294,16,9,15,0,0.56,24,595294.0
33,Male,Employed,Savings,68,1,114155,18,5,12,0,0.77,17,114155.0
48,Female,Employed,Fixed Deposit,75,2,63310,17,9,15,0,0.78,24,31655.0
40,Female,Self-employed,Savings,122,1,117863,9,9,10,0,0.54,19,117863.0
24,Female,Employed,Savings,31,2,654622,11,7,5,0,0.54,12,327311.0
38,Male,Self-employed,Savings,149,2,150708,12,6,11,0,0.59,17,75354.0
42,Male,Employed,Current,111,2,179041,14,5,16,0,0.55,21,89520.5
33,Female,Employed,Current,177,3,12342,16,4,8,0,0.94,12,4114.0
29,Male,Self-employed,Current,18,2,358892,12,11,8,0,0.73,19,179446.0
26,Female,Self-employed,Savings,75,2,225734,12,6,19,0,0.96,25,112867.0
23,Female,Employed,Savings,41,2,14342,16,3,10,0,0.58,13,7171.0
29,Male,Self-employed,Current,19,3,74872,13,5,6,0,0.6,11,24957.33
35,Male,Employed,Savings,34,1,41680,16,3,15,0,0.78,18,41680.0
31,Male,Employed,Current,141,3,822473,23,9,9,0,0.55,18,274157.67
30,Female,Employed,Savings,173,1,446708,10,10,13,1,0.96,23,446708.0
41,Female,Self-employed,Savings,148,1,182461,18,6,8,0,0.97,14,182461.0
44,Male,Self-employed,Current,150,3,174889,12,5,4,1,0.85,9,58296.33
38,Male,Self-employed,Fixed Deposit,165,1,54318,21,8,9,1,0.68,17,54318.0
46,Male,Employed,Current,94,2,218623,17,3,11,0,0.78,14,109311.5
24,Female,Self-employed,Current,18,3,93719,19,17,13,1,0.8,30,31239.67
22,Male,Self-employed,Savings,24,1,36137,16,9,12,0,0.55,21,36137.0
40,Female,Employed,Savings,35,2,78759,12,6,9,0,0.6,15,39379.5
37,Female,Employed,Current,114,2,72547,14,8,10,0,0.69,18,36273.5
31,Female,Employed,Current,71,2,80427,13,8,5,0,0.65,13,40213.5
40,Male,Employed,Current,61,1,80711,13,8,8,0,0.78,16,80711.0
18,Female,Self-employed,Current,93,2,276686,15,5,9,0,0.66,14,138343.0
55,Female,Employed,Savings,37,2,378604,12,6,12,0,0.72,18,189302.0
40,Female,Employed,Current,62,4,36028,13,7,3,0,0.83,10,9007.0
27,Female,Self-employed,Savings,106,3,89779,15,7,10,0,0.76,17,29926.33
38,Male,Unemployed,Current,114,1,19404,15,7,15,0,0.92,22,19404.0
36,Female,Employed,Savings,157,4,227522,9,7,5,0,0.81,12,56880.5
31,Female,Self-employed,Savings,65,2,67457,15,12,13,0,0.59,25,33728.5
24,Female,Employed,Savings,168,1,3193,11,7,11,0,0.88,18,3193.0
36,Female,Self-employed,Fixed Deposit,141,1,150422,15,9,11,0,0.88,20,150422.0
41,Female,Employed,Savings,107,2,275382,14,10,8,0,0.94,18,137691.0
24,Male,Employed,Savings,33,1,560629,18,11,10,0,0.84,21,560629.0
42,Male,Employed,Savings,146,1,188467,19,7,18,1,0.7,25,188467.0
38,Female,Employed,Current,64,3,93998,16,7,8,0,0.64,15,31332.67
31,Male,Employed,Savings,28,2,99665,15,8,10,0,0.52,18,49832.5
38,Female,Self-employed,Savings,13,1,47923,14,6,10,0,0.59,16,47923.0
42,Female,Self-employed,Savings,62,4,11940,13,8,13,0,0.94,21,2985.0
33,Male,Self-employed,Savings,96,1,39481,10,12,6,0,0.94,18,39481.0
43,Female,Employed,Current,49,2,44153,20,10,12,0,0.61,22,22076.5
50,Female,Employed,Savings,90,1,110319,13,8,12,0,0.93,20,110319.0
29,Male,Employed,Savings,133,1,61553,14,9,7,0,0.9,16,61553.0
33,Male,Self-employed,Savings,88,1,298697,13,5,8,0,0.85,13,298697.0
46,Male,Employed,Current,177,2,67697,18,2,6,0,0.74,8,33848.5
27,Female,Unemployed,Fixed Deposit,167,2,131866,23,5,7,0,0.6,12,65933.0
26,Male,Employed,Current,172,3,40240,11,14,9,0,0.65,23,13413.33
35,Male,Employed,Savings,94,2,131644,9,4,12,0,0.99,16,65822.0
51,Male,Self-employed,Savings,118,3,210723,15,14,12,1,0.6,26,70241.0
36,Female,Self-employed,Savings,117,2,14253,13,13,5,0,0.81,18,7126.5
50,Male,Employed,Current,149,1,33777,26,7,4,0,0.63,11,33777.0
27,Female,Employed,Current,104,2,411872,8,5,9,0,0.8,14,205936.0
38,Male,Employed,Savings,75,1,275649,14,10,8,0,0.98,18,275649.0
22,Male,Employed,Current,73,4,157371,15,9,17,0,0.93,26,39342.75
33,Female,Self-employed,Savings,178,1,109258,17,3,11,0,0.67,14,109258.0
38,Male,Employed,Savings,171,2,20745,12,13,12,0,0.75,25,10372.5
38,Male,Employed,Savings,28,2,97126,17,12,10,0,0.53,22,48563.0
38,Male,Self-employed,Fixed Deposit,136,1,154576,12,9,9,0,0.94,18,154576.0
37,Female,Self-employed,Fixed Deposit,51,4,62742,18,10,14,0,0.7,24,15685.5
47,Female,Employed,Savings,55,1,343201,21,4,12,0,0.86,16,343201.0
43,Male,Self-employed,Savings,14,1,134369,12,9,13,0,0.89,22,134369.0
31,Male,Employed,Savings,36,3,312560,19,9,8,1,0.77,17,104186.67
43,Female,Self-employed,Current,23,4,252069,12,8,5,0,0.86,13,63017.25
34,Female,Unemployed,Current,25,1,103629,15,6,4,0,0.5,10,103629.0
28,Female,Employed,Current,63,1,243192,8,6,10,0,0.94,16,243192.0
34,Male,Employed,Savings,143,1,172181,13,1,11,0,0.78,12,172181.0
31,Female,Self-employed,Current,62,1,16906,18,4,14,0,0.59,18,16906.0
26,Female,Employed,Fixed Deposit,76,3,75407,12,7,9,0,0.9,16,25135.67
38,Male,Self-employed,Current,87,1,33210,15,7,12,0,0.78,19,33210.0
25,Female,Self-employed,Savings,39,1,32036,10,11,15,0,0.95,26,32036.0
50,Male,Employed,Savings,17,3,126696,15,12,6,0,0.67,18,42232.0
29,Male,Employed,Savings,116,1,2231,14,5,12,1,0.91,17,2231.0
37,Male,Employed,Savings,121,1,8529,21,5,16,0,0.98,21,8529.0
33,Male,Self-employed,Current,173,1,34030,17,9,14,0,0.69,23,34030.0
48,Female,Employed,Savings,96,4,45748,15,6,12,1,0.67,18,11437.0
35,Female,Employed,Savings,142,3,192956,19,6,6,0,0.6,12,64318.67
35,Male,Employed,Current,32,2,137096,15,5,10,0,0.59,15,68548.0
24,Female,Employed,Savings,155,1,50928,15,4,13,1,0.76,17,50928.0
47,Female,Self-employed,Savings,37,2,551954,17,6,9,0,0.98,15,275977.0
39,Male,Self-employed,Savings,78,2,30326,16,13,10,0,0.5,23,15163.0
50,Male,Employed,Savings,124,1,24977,20,6,7,0,0.7,13,24977.0
36,Male,Self-employed,Savings,150,1,119590,20,6,11,0,0.84,17,119590.0
36,Male,Self-employed,Savings,74,4,371843,16,5,14,0,0.5,19,92960.75
41,Male,Self-employed,Current,37,1,20522,18,13,17,0,0.54,30,20522.0
28,Male,Employed,Current,106,3,5106,12,7,10,0,0.71,17,1702.0
32,Female,Self-employed,Fixed Deposit,66,4,27631,14,4,14,0,0.94,18,6907.75
54,Male,Employed,Current,171,2,255686,20,7,13,0,0.5,20,127843.0
27,Male,Self-employed,Current,24,1,140934,12,8,14,0,0.72,22,140934.0
40,Male,Employed,Current,16,3,558291,15,11,8,0,0.95,19,186097.0
33,Female,Employed,Savings,125,2,494855,13,8,6,0,0.66,14,247427.5
34,Female,Employed,Fixed Deposit,74,2,158882,17,9,14,0,0.96,23,79441.0
28,Female,Self-employed,Fixed Deposit,41,2,101447,19,6,4,1,0.8,10,50723.5
18,Male,Employed,Savings,167,1,14033,17,8,10,0,0.92,18,14033.0
51,Female,Employed,Savings,81,1,276974,16,9,6,0,0.97,15,276974.0
45,Female,Employed,Current,71,2,220426,14,3,13,0,0.74,16,110213.0
29,Male,Employed,Fixed Deposit,85,3,7319,18,8,7,1,0.98,15,2439.67
39,Male,Self-employed,Current,117,3,366310,10,8,7,0,0.86,15,122103.33
26,Male,Employed,Savings,31,1,493667,10,5,6,0,0.6,11,493667.0
35,Female,Self-employed,Current,85,2,420161,14,5,10,1,0.9,15,210080.5
35,Male,Employed,Fixed Deposit,45,3,57090,14,8,5,0,0.5,13,19030.0
47,Male,Employed,Savings,114,2,69206,16,4,13,0,0.78,17,34603.0
34,Female,Self-employed,Savings,85,3,5679,21,5,9,0,0.7,14,1893.0
32,Male,Self-employed,Savings,80,4,157321,16,4,12,0,0.73,16,39330.25
49,Female,Self-employed,Current,119,1,55293,14,10,15,0,0.82,25,55293.0
23,Female,Employed,Savings,104,2,20172,12,9,11,1,0.6,20,10086.0
46,Female,Employed,Current,49,3,29869,19,9,8,0,0.61,17,9956.33
35,Male,Employed,Savings,106,3,62338,13,12,8,1,0.71,20,20779.33
41,Male,Self-employed,Savings,61,4,118195,10,9,14,0,0.58,23,29548.75
48,Male,Self-employed,Savings,116,2,1598,18,2,12,1,0.92,14,799.0
34,Female,Self-employed,Savings,83,1,42873,9,6,16,0,0.81,22,42873.0
36,Female,Employed,Savings,57,2,406865,10,6,9,0,0.71,15,203432.5
48,Female,Employed,Savings,111,1,571970,9,8,16,0,0.67,24,571970.0
40,Male,Self-employed,Savings,105,3,210526,17,9,6,0,0.51,15,70175.33
60,Female,Employed,Current,50,2,180753,17,7,7,0,0.91,14,90376.5
26,Female,Employed,Savings,139,2,55080,19,5,11,0,0.58,16,27540.0
40,Male,Employed,Current,73,2,163203,12,6,15,0,0.56,21,81601.5
53,Male,Employed,Fixed Deposit,21,2,83917,11,8,10,0,0.51,18,41958.5
55,Male,Self-employed,Current,163,1,51461,14,2,11,0,0.97,13,51461.0
34,Male,Employed,Current,163,1,390985,13,7,10,0,0.83,17,390985.0
51,Female,Employed,Savings,14,3,272471,16,9,8,0,0.51,17,90823.67
40,Male,Employed,Current,45,4,303387,19,2,13,2,0.97,15,75846.75
41,Female,Self-employed,Current,134,1,50216,19,11,13,0,0.58,24,50216.0
36,Female,Unemployed,Savings,78,1,87066,22,8,10,2,0.78,18,87066.0
46,Male,Employed,Current,161,1,10580,13,7,10,0,0.75,17,10580.0
48,Female,Employed,Fixed Deposit,69,1,345462,14,10,7,0,0.51,17,345462.0
24,Female,Self-employed,Savings,157,4,15855,11,8,15,0,0.81,23,3963.75
54,Female,Employed,Savings,177,2,89370,13,4,14,0,0.64,18,44685.0
30,Female,Employed,Savings,34,3,563119,18,5,12,0,0.73,17,187706.33
32,Male,Employed,Savings,138,1,178974,11,7,13,0,0.85,20,178974.0
37,Female,Employed,Savings,142,4,489650,19,9,13,1,0.52,22,122412.5
43,Male,Employed,Savings,139,2,48465,11,7,12,1,0.87,19,24232.5
51,Female,Employed,Savings,98,1,810256,25,12,10,0,0.97,22,810256.0
23,Male,Employed,Current,56,2,140788,16,9,6,1,0.57,15,70394.0
30,Female,Employed,Current,55,1,12006,13,5,6,0,0.51,11,12006.0
41,Female,Employed,Savings,57,2,310898,11,7,7,0,0.64,14,155449.0
33,Female,Employed,Savings,65,1,92233,19,8,8,0,0.76,16,92233.0
50,Female,Employed,Savings,104,3,9869,18,6,9,1,0.95,15,3289.67
21,Female,Employed,Savings,135,1,411059,15,7,7,1,0.98,14,411059.0
32,Female,Employed,Savings,55,1,56566,16,10,13,1,0.83,23,56566.0
35,Male,Employed,Fixed Deposit,116,3,400879,19,9,7,2,0.91,16,133626.33
19,Male,Unemployed,Savings,81,2,28247,16,7,6,0,0.61,13,14123.5
37,Female,Employed,Current,104,2,39950,13,7,15,0,0.86,22,19975.0
31,Male,Unemployed,Savings,135,4,145375,17,4,6,1,0.98,10,36343.75
26,Female,Employed,Savings,153,2,412935,11,9,16,0,0.63,25,206467.5
41,Female,Self-employed,Savings,167,1,55422,14,6,10,0,0.96,16,55422.0
28,Female,Employed,Current,103,1,211772,16,7,12,0,0.86,19,211772.0
28,Female,Employed,Fixed Deposit,145,3,143136,17,4,4,0,0.6,8,47712.0
36,Male,Employed,Savings,71,3,2926,14,9,12,0,0.6,21,975.33
40,Female,Unemployed,Savings,122,1,129683,17,3,10,0,0.77,13,129683.0
46,Female,Employed,Current,146,1,289511,19,14,7,0,0.66,21,289511.0
34,Male,Employed,Savings,135,3,277014,13,6,8,0,0.65,14,92338.0
36,Male,Employed,Savings,178,2,112734,17,7,8,0,0.57,15,56367.0
61,Male,Self-employed,Current,139,1,279485,15,6,15,1,0.98,21,279485.0
38,Male,Self-employed,Current,150,2,197471,19,10,9,0,0.94,19,98735.5
39,Male,Employed,Savings,177,2,174805,14,7,7,1,0.65,14,87402.5
48,Male,Employed,Fixed Deposit,169,2,154264,22,8,6,0,0.58,14,77132.0
30,Male,Employed,Current,42,2,47303,14,7,7,0,0.83,14,23651.5
33,Female,Self-employed,Savings,76,1,276734,18,5,7,0,0.69,12,276734.0
37,Female,Self-employed,Savings,44,1,23634,18,10,15,0,0.72,25,23634.0
29,Male,Employed,Current,62,1,42432,11,8,10,0,0.9,18,42432.0
46,Male,Employed,Fixed Deposit,39,2,2756,15,10,13,0,0.84,23,1378.0
26,Male,Self-employed,Fixed Deposit,63,3,60124,21,9,10,0,0.77,19,20041.33
41,Male,Employed,Savings,148,2,56039,18,7,5,1,0.58,12,28019.5
39,Female,Unemployed,Current,173,2,44525,16,11,14,0,0.89,25,22262.5
20,Female,Employed,Savings,166,2,49888,12,6,5,0,0.61,11,24944.0
21,Male,Employed,Savings,65,1,18311,12,8,9,1,0.74,17,18311.0
40,Male,Employed,Savings,42,1,126328,23,11,12,0,0.96,23,126328.0
40,Female,Employed,Savings,29,2,114585,16,12,6,0,0.89,18,57292.5
42,Female,Employed,Current,23,3,387230,14,7,5,0,0.7,12,129076.67
35,Female,Self-employed,Savings,130,1,6789,15,6,17,1,0.71,23,6789.0
29,Male,Employed,Savings,65,1,871964,16,7,17,0,0.99,24,871964.0
34,Female,Employed,Current,131,1,89323,15,8,9,0,0.73,17,89323.0
52,Male,Employed,Savings,19,3,164163,13,9,7,0,0.92,16,54721.0
34,Female,Employed,Savings,116,1,33502,16,6,10,0,0.74,16,33502.0
18,Female,Employed,Fixed Deposit,158,1,114746,22,8,13,0,0.92,21,114746.0
23,Female,Employed,Savings,172,2,49117,18,10,11,0,0.71,21,24558.5
27,Female,Employed,Current,130,3,282576,16,5,8,0,0.65,13,94192.0
39,Female,Self-employed,Fixed Deposit,99,1,514000,9,6,6,0,0.7,12,514000.0
26,Male,Unemployed,Savings,154,3,350123,21,9,10,0,0.79,19,116707.67
35,Female,Employed,Savings,34,2,201074,15,6,10,0,0.98,16,100537.0
30,Male,Employed,Savings,18,2,11545,12,6,9,0,0.54,15,5772.5
45,Female,Self-employed,Savings,43,1,15861,17,8,9,0,0.55,17,15861.0
38,Female,Unemployed,Savings,94,3,203463,17,7,6,0,0.93,13,67821.0
38,Female,Employed,Savings,119,3,67320,21,10,12,0,0.98,22,22440.0
47,Female,Self-employed,Savings,51,3,33354,11,6,14,0,0.53,20,11118.0
60,Female,Employed,Current,88,2,117842,11,7,8,1,0.89,15,58921.0
38,Female,Self-employed,Savings,33,3,35004,11,7,11,0,0.72,18,11668.0
45,Male,Employed,Current,101,1,110102,22,5,12,0,0.94,17,110102.0
38,Male,Employed,Current,91,2,14863,14,4,5,0,0.53,9,7431.5
36,Male,Employed,Savings,112,1,133829,12,6,13,1,1.0,19,133829.0
21,Female,Employed,Savings,157,3,395772,19,5,11,0,0.8,16,131924.0
41,Female,Self-employed,Savings,117,2,349643,15,13,11,0,0.63,24,174821.5
40,Female,Employed,Savings,143,2,105577,16,9,8,0,0.66,17,52788.5
38,Female,Self-employed,Savings,48,3,9867,13,7,7,0,0.78,14,3289.0
34,Female,Employed,Current,180,1,25892,19,8,7,0,0.79,15,25892.0
30,Female,Employed,Savings,87,1,305304,27,12,14,0,0.55,26,305304.0
38,Female,Self-employed,Savings,43,3,190117,15,7,16,0,0.92,23,63372.33
36,Female,Employed,Savings,69,1,225525,19,8,4,0,0.59,12,225525.0
24,Female,Employed,Fixed Deposit,63,2,76589,14,8,9,0,0.69,17,38294.5
45,Female,Employed,Current,176,1,33994,16,10,14,2,0.57,24,33994.0
22,Male,Employed,Savings,61,3,28876,14,9,10,0,0.8,19,9625.33
43,Male,Employed,Current,171,3,85680,20,8,11,0,0.53,19,28560.0
30,Male,Self-employed,Current,114,1,129610,17,7,10,2,0.89,17,129610.0
44,Female,Employed,Savings,70,1,122079,18,7,6,1,0.85,13,122079.0
38,Female,Employed,Savings,143,4,250925,20,8,11,0,0.92,19,62731.25
46,Female,Employed,Current,123,1,752111,12,12,14,0,0.81,26,752111.0
48,Female,Employed,Current,137,1,32362,23,8,7,0,0.56,15,32362.0
36,Female,Employed,Fixed Deposit,68,3,71662,16,7,10,1,0.99,17,23887.33
43,Female,Employed,Savings,132,3,478689,14,5,11,0,0.73,16,159563.0
44,Female,Employed,Savings,34,3,62840,15,5,12,1,0.6,17,20946.67
34,Male,Employed,Current,62,4,94606,18,9,13,1,0.81,22,23651.5
48,Male,Unemployed,Savings,145,2,142192,14,11,12,0,0.89,23,71096.0
40,Female,Self-employed,Current,127,2,223571,13,5,12,1,0.52,17,111785.5
18,Female,Self-employed,Current,92,1,625817,15,14,10,0,0.9,24,625817.0
29,Female,Self-employed,Savings,135,4,118477,20,4,11,0,0.81,15,29619.25
44,Female,Employed,Current,114,1,5300,11,6,7,0,0.98,13,5300.0
28,Male,Self-employed,Current,176,3,20126,20,8,12,1,0.96,20,6708.67
18,Female,Self-employed,Savings,157,1,4230,11,7,9,1,0.8,16,4230.0
37,Female,Employed,Savings,152,4,42519,16,9,8,0,0.53,17,10629.75
19,Female,Self-employed,Savings,105,2,162170,13,5,7,0,0.92,12,81085.0
22,Female,Employed,Current,143,4,199894,19,7,11,0,0.99,18,49973.5
43,Male,Self-employed,Savings,125,1,75006,11,10,14,1,0.88,24,75006.0
27,Female,Self-employed,Savings,176,3,248700,18,15,10,1,0.9,25,82900.0
33,Female,Employed,Savings,99,4,29405,19,4,8,0,0.71,12,7351.25
59,Female,Self-employed,Fixed Deposit,119,1,270580,20,5,14,0,0.52,19,270580.0
19,Female,Self-employed,Current,63,1,161699,14,12,8,0,0.95,20,161699.0
35,Female,Employed,Savings,85,2,303427,20,9,13,0,0.99,22,151713.5
42,Male,Employed,Savings,15,2,51332,14,11,14,0,0.68,25,25666.0
21,Male,Unemployed,Savings,18,1,19575,18,5,13,0,0.76,18,19575.0
43,Male,Employed,Savings,68,2,246282,14,5,16,0,0.65,21,123141.0
45,Female,Self-employed,Savings,127,2,3356,16,8,9,0,0.83,17,1678.0
38,Male,Self-employed,Savings,134,1,12411,10,9,11,0,0.76,20,12411.0
60,Female,Employed,Savings,131,1,216083,12,4,10,0,0.64,14,216083.0
31,Female,Employed,Current,165,2,39653,11,7,12,0,0.97,19,19826.5
48,Male,Employed,Savings,148,1,48891,16,13,12,0,0.81,25,48891.0
48,Female,Self-employed,Current,36,1,57274,12,8,11,0,0.81,19,57274.0
31,Female,Employed,Current,19,1,3535,19,7,13,1,0.53,20,3535.0
30,Male,Unemployed,Current,146,1,791417,6,8,8,0,0.99,16,791417.0
21,Female,Employed,Current,33,2,49527,13,9,16,0,0.74,25,24763.5
40,Male,Self-employed,Current,66,1,123244,20,6,18,0,0.64,24,123244.0
41,Male,Employed,Savings,105,2,283064,6,12,14,0,0.72,26,141532.0
34,Male,Employed,Savings,115,1,41582,19,5,11,0,0.72,16,41582.0
39,Male,Employed,Savings,26,2,316590,19,9,12,0,0.56,21,158295.0
24,Male,Self-employed,Current,167,1,1639,17,8,10,0,0.84,18,1639.0
29,Female,Employed,Savings,82,3,33065,20,2,16,0,0.6,18,11021.67
51,Male,Unemployed,Savings,21,3,287958,14,9,7,0,0.61,16,95986.0
27,Male,Employed,Current,176,1,266470,18,6,9,1,0.74,15,266470.0
49,Male,Employed,Current,25,1,36680,13,6,13,0,0.78,19,36680.0
49,Female,Self-employed,Savings,100,1,300225,14,3,15,1,0.75,18,300225.0
39,Male,Self-employed,Current,141,1,16532,21,9,11,0,0.85,20,16532.0
33,Male,Employed,Savings,22,3,357622,15,6,8,0,0.54,14,119207.33
53,Male,Employed,Savings,112,3,75578,14,9,5,0,0.94,14,25192.67
33,Male,Employed,Savings,112,2,112198,18,8,13,0,0.53,21,56099.0
43,Female,Unemployed,Current,173,1,46469,11,7,10,0,0.78,17,46469.0
20,Male,Employed,Savings,134,3,407257,22,5,7,0,0.6,12,135752.33
32,Male,Employed,Savings,153,3,41035,18,7,11,0,0.7,18,13678.33
44,Male,Employed,Savings,132,4,12242,17,5,8,0,0.63,13,3060.5
32,Female,Unemployed,Current,176,1,133268,12,6,16,0,0.56,22,133268.0
37,Female,Self-employed,Current,85,3,66469,15,9,11,0,0.99,20,22156.33
34,Female,Self-employed,Fixed Deposit,115,2,1477,20,7,12,0,0.9,19,738.5
34,Female,Unemployed,Savings,33,1,428728,15,2,9,0,0.97,11,428728.0
42,Female,Self-employed,Savings,43,1,25253,15,10,6,0,0.7,16,25253.0
47,Female,Unemployed,Savings,180,2,398293,22,8,11,0,0.78,19,199146.5
25,Female,Self-employed,Savings,157,2,377163,14,3,3,0,0.89,6,188581.5
34,Male,Self-employed,Savings,82,4,810641,13,16,18,0,0.64,34,202660.25
35,Female,Unemployed,Savings,161,3,43898,16,8,16,0,0.54,24,14632.67
20,Male,Unemployed,Savings,48,3,75665,13,5,7,0,0.68,12,25221.67
27,Female,Employed,Savings,85,3,28001,14,11,9,0,0.54,20,9333.67
31,Male,Unemployed,Savings,174,1,6684,22,8,8,1,0.94,16,6684.0
32,Male,Employed,Savings,48,1,108785,14,12,11,1,0.75,23,108785.0
30,Female,Unemployed,Savings,44,4,416531,5,5,11,0,0.57,16,104132.75
37,Male,Unemployed,Savings,87,1,99247,14,5,7,0,0.89,12,99247.0
29,Male,Employed,Current,138,2,247562,16,11,9,0,0.92,20,123781.0
51,Female,Employed,Savings,140,1,42555,9,8,8,0,0.57,16,42555.0
26,Female,Employed,Savings,164,2,237402,17,11,6,1,0.59,17,118701.0
35,Male,Employed,Savings,115,1,82340,13,11,9,1,0.7,20,82340.0
41,Female,Self-employed,Savings,34,1,35507,26,10,11,0,0.58,21,35507.0
45,Male,Employed,Savings,85,4,122607,9,9,13,0,0.76,22,30651.75
31,Male,Employed,Savings,57,3,357608,14,6,11,0,0.83,17,119202.67
30,Female,Employed,Savings,100,1,333361,18,8,18,0,0.97,26,333361.0
25,Male,Employed,Fixed Deposit,164,3,293997,17,5,10,0,0.97,15,97999.0
41,Male,Employed,Savings,68,4,86793,20,7,3,0,0.89,10,21698.25
18,Male,Employed,Savings,81,3,173530,19,6,9,0,0.67,15,57843.33
50,Male,Self-employed,Current,172,2,18847,15,6,9,0,0.92,15,9423.5
18,Male,Employed,Current,85,4,196181,21,8,11,0,0.9,19,49045.25
29,Female,Employed,Savings,166,2,239390,18,6,11,0,0.78,17,119695.0
27,Male,Employed,Fixed Deposit,169,3,30646,10,9,11,0,0.98,20,10215.33
24,Male,Self-employed,Savings,170,3,271477,16,9,7,0,0.74,16,90492.33
42,Male,Self-employed,Savings,68,3,76716,13,6,13,0,0.78,19,25572.0
34,Male,Employed,Savings,13,2,7498,12,6,10,0,0.65,16,3749.0
39,Female,Self-employed,Savings,37,4,45134,12,7,8,0,0.99,15,11283.5
46,Female,Self-employed,Savings,140,1,224263,19,10,14,1,0.51,24,224263.0
36,Female,Employed,Savings,65,1,177966,16,16,12,0,0.88,28,177966.0
32,Female,Employed,Current,62,3,12948,14,3,16,0,0.71,19,4316.0
42,Male,Unemployed,Savings,131,2,179373,17,7,7,0,0.55,14,89686.5
34,Female,Employed,Savings,149,2,41497,18,8,10,0,0.75,18,20748.5
23,Female,Employed,Savings,49,1,200110,22,3,9,0,0.83,12,200110.0
18,Female,Employed,Savings,30,1,117161,18,6,7,2,0.68,13,117161.0
38,Female,Self-employed,Savings,19,1,242113,13,12,7,0,0.64,19,242113.0
32,Female,Self-employed,Savings,41,1,221078,20,12,10,0,0.72,22,221078.0
52,Male,Unemployed,Current,167,3,7109,14,12,10,0,0.89,22,2369.67
32,Male,Employed,Savings,178,3,180994,16,3,5,0,0.74,8,60331.33
25,Male,Self-employed,Savings,98,3,10916,21,9,8,0,0.64,17,3638.67
43,Male,Employed,Current,119,1,49756,17,7,7,1,0.86,14,49756.0
41,Female,Self-employed,Current,117,2,186142,17,5,10,0,0.62,15,93071.0
28,Female,Employed,Savings,144,1,547842,11,8,11,0,0.57,19,547842.0
18,Female,Employed,Current,17,4,427668,20,7,10,0,0.73,17,106917.0
28,Female,Employed,Savings,51,2,307475,17,8,11,0,0.63,19,153737.5
44,Female,Employed,Savings,25,2,11538,19,5,6,0,0.62,11,5769.0
29,Female,Employed,Savings,148,1,306492,8,8,13,1,0.73,21,306492.0
48,Female,Self-employed,Savings,176,1,190119,14,9,5,0,0.93,14,190119.0
52,Female,Self-employed,Savings,98,2,84901,8,8,13,1,0.89,21,42450.5
18,Female,Employed,Savings,167,3,26246,23,9,8,0,0.5,17,8748.67
44,Female,Self-employed,Savings,175,2,120852,21,8,9,0,0.88,17,60426.0
27,Female,Employed,Savings,159,4,43808,14,10,9,0,0.8,19,10952.0
22,Female,Employed,Savings,151,1,160603,16,5,9,0,0.51,14,160603.0
38,Female,Self-employed,Current,22,3,60914,11,14,8,0,0.75,22,20304.67
36,Male,Self-employed,Savings,130,2,149378,28,6,8,0,0.67,14,74689.0
18,Female,Self-employed,Savings,164,4,5773,22,8,9,0,0.65,17,1443.25
23,Male,Unemployed,Current,98,3,4023,15,11,11,0,0.8,22,1341.0
37,Female,Employed,Savings,129,1,16541,13,8,9,0,0.99,17,16541.0
18,Male,Unemployed,Current,112,2,432535,16,5,13,0,0.81,18,216267.5
29,Female,Employed,Savings,120,1,69219,15,7,20,1,0.98,27,69219.0
29,Female,Employed,Current,129,3,83034,14,8,14,0,0.77,22,27678.0
40,Male,Self-employed,Current,71,2,12878,8,8,17,0,0.71,25,6439.0
28,Male,Self-employed,Fixed Deposit,111,3,143781,13,7,6,0,0.61,13,47927.0
49,Female,Self-employed,Current,164,1,178924,15,9,5,0,0.67,14,178924.0
24,Female,Self-employed,Current,19,2,113830,16,8,7,0,0.67,15,56915.0
24,Male,Employed,Fixed Deposit,149,1,78158,12,9,10,0,0.54,19,78158.0
24,Female,Self-employed,Current,33,3,193515,15,8,11,0,0.81,19,64505.0
38,Female,Self-employed,Savings,137,1,155310,15,7,10,0,0.69,17,155310.0
56,Male,Employed,Savings,159,3,299605,12,9,13,0,0.75,22,99868.33
38,Female,Employed,Current,147,3,107617,18,6,13,0,0.57,19,35872.33
35,Male,Employed,Fixed Deposit,81,3,89027,12,13,6,0,0.64,19,29675.67
27,Male,Employed,Current,45,2,100142,14,9,15,0,0.69,24,50071.0
37,Female,Employed,Current,107,2,140451,13,5,10,0,0.61,15,70225.5
35,Male,Self-employed,Current,99,1,2519,21,7,5,0,0.66,12,2519.0
39,Male,Employed,Savings,82,1,358162,23,5,8,0,0.82,13,358162.0
20,Male,Employed,Savings,88,2,87288,18,12,6,0,0.58,18,43644.0
33,Male,Employed,Current,40,3,55565,24,10,10,0,0.93,20,18521.67
27,Male,Unemployed,Savings,43,1,218018,17,5,11,0,0.89,16,218018.0
23,Female,Unemployed,Savings,123,2,29768,18,3,10,0,0.58,13,14884.0
38,Male,Self-employed,Current,160,3,112501,13,8,11,0,0.94,19,37500.33
30,Male,Self-employed,Current,42,1,47755,13,11,12,0,0.95,23,47755.0
52,Female,Employed,Savings,57,1,1479,12,9,12,0,0.73,21,1479.0
41,Male,Self-employed,Savings,136,4,28379,14,11,12,0,0.65,23,7094.75
37,Female,Employed,Savings,149,3,41660,18,5,13,0,0.81,18,13886.67
37,Male,Employed,Current,124,2,99580,16,10,14,0,0.51,24,49790.0
39,Female,Self-employed,Savings,160,4,622608,8,7,8,0,0.55,15,155652.0
40,Female,Employed,Savings,36,4,110741,10,4,14,0,0.68,18,27685.25
39,Male,Unemployed,Savings,24,1,514089,16,6,9,0,0.84,15,514089.0
32,Male,Self-employed,Current,46,4,403239,12,9,3,0,0.62,12,100809.75
42,Female,Employed,Current,125,4,77677,12,9,14,0,0.81,23,19419.25
27,Female,Self-employed,Savings,16,3,31016,14,12,12,0,0.97,24,10338.67
49,Female,Self-employed,Current,28,4,62185,15,5,14,0,0.79,19,15546.25
36,Male,Employed,Fixed Deposit,58,1,112555,19,12,9,0,0.81,21,112555.0
33,Female,Employed,Savings,107,2,41430,13,6,7,1,0.77,13,20715.0
38,Male,Employed,Savings,177,1,3981,23,5,12,0,0.66,17,3981.0
35,Male,Employed,Savings,148,2,22576,15,10,12,0,0.6,22,11288.0
42,Female,Self-employed,Savings,37,1,148245,15,8,12,0,0.6,20,148245.0
41,Male,Self-employed,Fixed Deposit,67,2,164669,12,4,6,0,0.79,10,82334.5
30,Female,Employed,Savings,23,3,59699,17,12,10,0,0.64,22,19899.67
43,Female,Self-employed,Savings,85,1,379732,16,10,8,0,0.97,18,379732.0
37,Female,Employed,Savings,158,1,46719,22,7,13,0,0.67,20,46719.0
40,Male,Employed,Current,44,1,181234,18,11,8,2,0.84,19,181234.0
53,Male,Employed,Savings,49,2,47908,11,8,10,0,0.71,18,23954.0
21,Male,Employed,Savings,116,3,19659,21,10,8,0,0.98,18,6553.0
33,Female,Employed,Savings,144,4,90753,15,11,12,0,0.54,23,22688.25
56,Male,Self-employed,Savings,25,2,65603,15,9,8,0,0.8,17,32801.5
18,Female,Self-employed,Savings,52,1,68627,12,9,10,0,0.56,19,68627.0
30,Male,Employed,Current,169,3,7408,15,9,10,0,0.97,19,2469.33
20,Male,Self-employed,Current,34,4,37740,17,11,9,1,0.94,20,9435.0
47,Male,Employed,Savings,93,2,29784,12,11,17,0,0.56,28,14892.0
43,Male,Employed,Savings,136,4,138682,14,3,10,0,0.82,13,34670.5
49,Male,Employed,Fixed Deposit,73,2,16840,14,7,8,0,0.85,15,8420.0
40,Male,Employed,Current,139,1,21381,18,8,11,0,0.59,19,21381.0
28,Female,Unemployed,Savings,99,1,126012,15,8,12,0,0.59,20,126012.0
31,Female,Unemployed,Savings,97,2,58936,15,7,9,0,0.57,16,29468.0
29,Male,Employed,Savings,38,1,73724,12,2,14,1,0.57,16,73724.0
40,Female,Self-employed,Savings,78,3,154542,19,10,9,0,0.66,19,51514.0
22,Female,Employed,Savings,81,1,54876,14,9,9,1,0.98,18,54876.0
43,Female,Self-employed,Savings,167,2,86719,12,4,12,0,0.97,16,43359.5
44,Female,Employed,Savings,166,2,80714,21,12,8,0,0.64,20,40357.0
40,Female,Employed,Savings,69,2,121778,13,8,12,0,0.9,20,60889.0
35,Female,Self-employed,Current,103,1,23354,15,11,5,0,0.61,16,23354.0
45,Male,Unemployed,Fixed Deposit,87,3,44828,20,7,7,0,0.72,14,14942.67
23,Male,Employed,Savings,42,2,416894,14,8,9,1,0.81,17,208447.0
39,Male,Employed,Savings,145,2,113878,13,4,7,0,0.5,11,56939.0
53,Male,Employed,Savings,61,4,113879,21,7,14,0,0.53,21,28469.75
32,Male,Employed,Savings,179,4,73339,10,5,6,1,0.61,11,18334.75
40,Female,Self-employed,Savings,123,2,158068,11,4,11,0,0.72,15,79034.0
33,Female,Employed,Current,32,1,289745,24,6,9,0,0.54,15,289745.0
18,Male,Employed,Current,89,1,12075,18,3,9,0,0.57,12,12075.0
43,Male,Employed,Savings,159,1,381770,15,4,9,0,0.7,13,381770.0
41,Female,Employed,Current,128,1,93251,13,3,8,0,0.58,11,93251.0
39,Female,Self-employed,Savings,70,1,24746,20,9,7,0,0.92,16,24746.0
18,Female,Employed,Savings,100,1,59072,13,12,5,1,0.78,17,59072.0
31,Female,Self-employed,Savings,155,2,129599,16,7,14,0,0.79,21,64799.5
34,Female,Employed,Savings,128,4,16827,18,7,16,1,0.73,23,4206.75
34,Male,Employed,Current,25,1,42822,13,3,10,0,0.8,13,42822.0
37,Male,Employed,Current,45,4,127492,14,4,8,0,0.55,12,31873.0
40,Female,Employed,Current,147,4,584378,8,4,8,1,0.94,12,146094.5
33,Male,Unemployed,Savings,156,2,93874,9,8,13,0,0.81,21,46937.0
22,Female,Self-employed,Savings,139,2,179296,17,9,10,0,0.93,19,89648.0
28,Male,Employed,Savings,177,1,94358,14,8,4,0,0.89,12,94358.0
32,Female,Self-employed,Savings,63,2,108145,17,11,7,2,1.0,18,54072.5
35,Male,Self-employed,Current,127,2,20440,11,5,13,0,0.63,18,10220.0
28,Female,Self-employed,Savings,40,1,33119,15,9,14,1,0.86,23,33119.0
39,Male,Employed,Savings,146,1,25168,15,5,14,0,0.93,19,25168.0
22,Male,Employed,Fixed Deposit,177,1,23268,26,7,11,0,0.96,18,23268.0
28,Male,Employed,Savings,72,1,169556,17,6,11,1,0.8,17,169556.0
37,Female,Self-employed,Current,96,1,26075,15,14,4,0,0.88,18,26075.0
22,Male,Self-employed,Savings,52,1,2794,15,10,12,0,1.0,22,2794.0
36,Male,Self-employed,Savings,69,3,85087,20,5,16,0,0.74,21,28362.33
29,Male,Employed,Savings,40,1,360809,17,11,14,0,0.81,25,360809.0
39,Male,Employed,Current,160,1,173803,16,4,9,0,0.95,13,173803.0
43,Male,Self-employed,Savings,146,2,100807,13,7,12,0,0.77,19,50403.5
20,Male,Employed,Savings,158,3,136635,13,14,4,1,0.58,18,45545.0
36,Female,Employed,Current,160,3,113203,20,7,6,0,0.58,13,37734.33
46,Male,Employed,Savings,149,1,13182,19,7,12,0,0.77,19,13182.0
32,Female,Employed,Current,164,2,88141,18,7,15,1,0.57,22,44070.5
46,Male,Self-employed,Current,119,1,428480,13,4,8,0,0.9,12,428480.0
46,Male,Self-employed,Savings,55,1,69747,17,15,6,0,0.57,21,69747.0
25,Male,Employed,Current,99,2,63801,16,10,18,0,0.66,28,31900.5
22,Male,Employed,Savings,121,1,37593,10,10,7,0,0.71,17,37593.0
27,Male,Employed,Savings,102,2,10406,13,7,6,0,0.95,13,5203.0
28,Female,Employed,Savings,93,3,14397,15,6,9,0,0.5,15,4799.0
31,Female,Employed,Savings,63,2,241772,12,13,16,0,0.59,29,120886.0
18,Male,Self-employed,Current,143,3,9661,16,4,14,0,0.73,18,3220.33
39,Male,Self-employed,Savings,125,3,113126,14,6,16,0,0.64,22,37708.67
46,Female,Employed,Savings,28,2,29396,16,12,15,0,0.51,27,14698.0
32,Male,Employed,Savings,176,1,4280,17,8,9,0,0.75,17,4280.0
41,Female,Self-employed,Savings,31,3,152121,15,3,6,0,0.93,9,50707.0
35,Male,Employed,Current,27,1,286308,11,8,6,0,0.7,14,286308.0
35,Male,Employed,Fixed Deposit,178,1,126956,17,6,10,0,0.75,16,126956.0
18,Male,Self-employed,Fixed Deposit,126,2,38662,17,8,3,0,0.7,11,19331.0
54,Female,Employed,Current,49,3,205623,14,9,12,0,0.86,21,68541.0
31,Male,Employed,Savings,157,3,374410,15,5,14,0,0.9,19,124803.33
19,Female,Employed,Savings,23,1,15777,16,7,4,0,0.88,11,15777.0
37,Male,Employed,Current,118,2,362486,13,10,13,0,0.94,23,181243.0
50,Male,Employed,Current,108,2,368948,12,8,10,0,0.91,18,184474.0
29,Male,Unemployed,Savings,105,2,359354,19,9,11,0,0.68,20,179677.0
18,Female,Self-employed,Savings,79,3,248938,16,11,8,1,0.56,19,82979.33
44,Female,Employed,Savings,169,2,52746,13,14,7,1,0.69,21,26373.0
32,Male,Employed,Current,96,2,146225,11,4,8,0,0.86,12,73112.5
46,Female,Employed,Savings,18,4,112489,16,5,11,0,0.78,16,28122.25
39,Female,Employed,Savings,43,1,96934,12,6,7,0,0.78,13,96934.0
41,Male,Employed,Current,15,4,389009,13,7,6,0,0.95,13,97252.25
39,Female,Self-employed,Savings,18,1,151363,8,10,9,1,0.85,19,151363.0
31,Male,Self-employed,Current,58,3,8519,14,11,16,0,0.76,27,2839.67
39,Male,Employed,Fixed Deposit,43,1,119788,17,9,17,0,0.67,26,119788.0
48,Female,Self-employed,Savings,51,4,44849,15,11,5,0,0.79,16,11212.25
33,Male,Employed,Current,84,1,116449,17,7,10,0,0.82,17,116449.0
35,Female,Employed,Current,23,3,394301,16,10,8,0,0.82,18,131433.67
32,Female,Employed,Savings,160,3,135941,9,8,8,0,0.88,16,45313.67
31,Male,Self-employed,Savings,148,1,127733,14,7,12,0,0.96,19,127733.0
46,Female,Employed,Savings,99,3,83059,16,10,14,1,0.96,24,27686.33
37,Female,Employed,Current,161,4,350288,12,4,6,0,0.53,10,87572.0
43,Female,Employed,Savings,157,1,94232,10,6,12,0,0.58,18,94232.0
19,Female,Employed,Current,113,1,227960,15,7,8,0,0.89,15,227960.0
51,Male,Employed,Savings,98,3,48416,10,6,11,0,0.77,17,16138.67
18,Male,Employed,Current,143,1,159354,22,6,9,1,0.82,15,159354.0
30,Female,Employed,Savings,42,3,293711,26,6,13,0,0.67,19,97903.67
23,Male,Employed,Savings,129,1,28970,15,11,7,1,0.86,18,28970.0
54,Male,Employed,Fixed Deposit,63,1,137394,15,11,8,1,0.69,19,137394.0
30,Male,Employed,Savings,152,1,32087,17,15,7,1,0.97,22,32087.0
29,Male,Employed,Current,97,1,135113,13,7,8,0,0.55,15,135113.0
28,Female,Self-employed,Savings,31,4,125045,14,7,9,0,0.52,16,31261.25
38,Male,Employed,Savings,131,4,10762,14,14,10,0,1.0,24,2690.5
39,Female,Employed,Savings,138,1,122678,21,11,9,0,0.81,20,122678.0
29,Male,Self-employed,Savings,13,2,175891,14,15,4,1,0.52,19,87945.5
31,Female,Self-employed,Savings,118,1,97928,18,7,10,2,0.94,17,97928.0
56,Female,Self-employed,Savings,175,4,4331,18,13,14,0,0.57,27,1082.75
29,Male,Self-employed,Savings,134,2,33234,13,5,13,0,0.58,18,16617.0
34,Female,Employed,Savings,17,2,77410,15,5,16,0,0.97,21,38705.0
35,Male,Unemployed,Current,106,1,99891,13,8,7,0,0.72,15,99891.0
18,Female,Employed,Current,32,4,81332,13,8,13,0,0.96,21,20333.0
27,Male,Employed,Savings,156,2,239416,18,11,16,0,0.67,27,119708.0
49,Male,Self-employed,Current,74,3,198660,15,6,13,0,0.56,19,66220.0
33,Female,Employed,Savings,105,1,67018,12,5,6,0,1.0,11,67018.0
46,Female,Employed,Savings,38,3,140506,20,6,6,0,0.88,12,46835.33
30,Female,Self-employed,Savings,101,3,71041,15,8,8,0,0.91,16,23680.33
36,Male,Employed,Savings,114,2,79788,16,11,12,0,0.94,23,39894.0
35,Female,Employed,Savings,165,2,51797,9,8,7,0,0.57,15,25898.5
51,Female,Employed,Savings,142,2,148847,11,7,16,0,0.98,23,74423.5
22,Female,Self-employed,Savings,123,2,41126,12,8,9,0,0.68,17,20563.0
18,Male,Employed,Savings,107,1,59500,17,10,7,1,0.73,17,59500.0
23,Female,Employed,Savings,148,2,221404,10,5,9,0,0.85,14,110702.0
39,Male,Employed,Savings,179,2,119206,13,11,14,0,1.0,25,59603.0
23,Female,Employed,Fixed Deposit,85,3,34205,25,9,9,0,0.61,18,11401.67
52,Male,Self-employed,Savings,145,1,12736,14,5,10,0,0.63,15,12736.0
35,Female,Employed,Current,30,3,14123,10,8,7,0,0.88,15,4707.67
47,Female,Employed,Current,50,3,81463,17,4,11,0,0.59,15,27154.33
37,Male,Employed,Savings,21,2,168355,15,5,11,0,0.7,16,84177.5
56,Male,Employed,Savings,65,2,87234,17,9,13,0,0.92,22,43617.0
41,Female,Self-employed,Current,17,4,236529,18,10,13,1,0.54,23,59132.25
35,Female,Employed,Current,110,3,36253,14,5,8,0,0.62,13,12084.33
23,Male,Employed,Savings,49,2,97746,19,8,8,1,0.75,16,48873.0
51,Male,Employed,Savings,180,1,65423,12,8,8,0,0.84,16,65423.0
27,Female,Self-employed,Savings,59,3,107272,9,11,11,0,0.51,22,35757.33
34,Male,Self-employed,Savings,86,4,37842,16,11,12,0,0.89,23,9460.5
20,Female,Employed,Savings,48,1,53969,11,5,15,0,0.51,20,53969.0
37,Male,Employed,Savings,78,1,99789,25,9,7,0,0.89,16,99789.0
38,Female,Unemployed,Current,106,2,15161,21,8,8,0,0.95,16,7580.5
27,Male,Employed,Current,61,1,35299,12,11,7,0,0.75,18,35299.0
26,Male,Unemployed,Savings,20,2,163287,11,6,13,1,0.8,19,81643.5
24,Female,Employed,Savings,87,3,50133,18,14,4,0,0.6,18,16711.0
23,Female,Employed,Savings,79,1,49819,12,7,10,0,0.74,17,49819.0
42,Male,Employed,Savings,133,1,246638,15,12,10,0,0.82,22,246638.0
31,Female,Employed,Savings,111,2,322549,12,9,11,0,0.71,20,161274.5
36,Male,Employed,Fixed Deposit,114,4,32969,18,2,10,0,0.58,12,8242.25
18,Male,Self-employed,Savings,32,1,142714,11,7,12,0,0.73,19,142714.0
29,Female,Self-employed,Savings,90,3,95901,20,10,8,1,0.8,18,31967.0
25,Female,Self-employed,Current,33,2,18642,17,7,23,0,0.78,30,9321.0
31,Female,Self-employed,Savings,38,1,22470,17,7,14,0,0.58,21,22470.0
28,Male,Employed,Savings,55,1,95628,14,7,8,1,0.52,15,95628.0
40,Male,Employed,Current,139,2,102880,13,10,9,0,0.6,19,51440.0
21,Male,Employed,Current,40,4,171112,23,10,3,0,0.97,13,42778.0
37,Male,Self-employed,Savings,97,2,72724,17,6,12,0,0.62,18,36362.0
47,Male,Employed,Fixed Deposit,98,1,15237,13,4,9,0,0.61,13,15237.0
46,Male,Employed,Fixed Deposit,85,2,56744,10,7,9,0,0.6,16,28372.0
26,Male,Self-employed,Savings,64,3,99108,11,2,12,0,0.96,14,33036.0
45,Female,Employed,Savings,149,1,6611,11,11,11,0,0.8,22,6611.0
23,Male,Unemployed,Savings,28,3,102240,14,7,6,0,0.56,13,34080.0
40,Female,Unemployed,Current,75,1,49028,15,10,6,0,0.73,16,49028.0
21,Male,Employed,Savings,179,3,339100,15,6,9,0,0.98,15,113033.33
38,Male,Employed,Savings,49,2,298094,13,8,12,1,0.61,20,149047.0
18,Female,Employed,Fixed Deposit,84,3,96869,28,10,8,0,0.94,18,32289.67
32,Male,Employed,Current,27,4,117339,6,9,11,0,0.76,20,29334.75
30,Female,Self-employed,Fixed Deposit,167,1,185257,9,11,11,0,0.77,22,185257.0
49,Male,Employed,Current,44,4,295162,13,8,11,0,0.77,19,73790.5
40,Male,Employed,Savings,135,1,89554,20,6,13,0,0.79,19,89554.0
26,Female,Employed,Savings,28,1,124797,12,11,12,0,0.61,23,124797.0
31,Female,Self-employed,Current,145,1,88353,17,10,10,0,0.79,20,88353.0
24,Male,Employed,Current,108,2,372865,19,5,8,2,0.9,13,186432.5
43,Male,Employed,Current,175,1,62941,8,8,7,0,0.52,15,62941.0
18,Male,Employed,Savings,125,2,269252,14,8,17,0,0.72,25,134626.0
18,Female,Employed,Savings,37,2,84268,16,11,11,0,0.54,22,42134.0
56,Male,Unemployed,Current,117,2,316420,17,7,5,0,0.63,12,158210.0
25,Male,Employed,Savings,40,3,331289,13,6,7,0,0.68,13,110429.67
23,Male,Employed,Savings,88,3,210780,13,11,12,1,0.83,23,70260.0
31,Female,Employed,Fixed Deposit,93,4,7586,24,7,13,0,0.96,20,1896.5
21,Male,Self-employed,Current,100,1,243651,12,11,6,0,0.93,17,243651.0
25,Female,Employed,Fixed Deposit,91,4,75748,12,3,17,0,0.81,20,18937.0
25,Female,Self-employed,Fixed Deposit,111,1,77749,11,8,11,0,0.73,19,77749.0
34,Male,Self-employed,Savings,113,4,16999,14,10,8,1,0.75,18,4249.75
35,Female,Self-employed,Savings,90,1,19670,17,7,3,2,0.97,10,19670.0
19,Male,Self-employed,Savings,174,1,217164,17,8,8,0,0.82,16,217164.0
38,Male,Self-employed,Current,127,1,41654,12,7,9,1,0.92,16,41654.0
48,Female,Self-employed,Savings,171,1,8238,9,13,10,0,0.67,23,8238.0
24,Female,Employed,Current,179,1,157971,22,7,11,0,0.89,18,157971.0
52,Female,Self-employed,Savings,99,2,4526,14,9,7,1,0.94,16,2263.0
25,Male,Unemployed,Savings,79,2,68411,22,9,9,0,0.6,18,34205.5
36,Male,Employed,Savings,100,2,270039,19,12,12,0,0.83,24,135019.5
37,Female,Employed,Current,159,2,150654,12,9,16,0,0.51,25,75327.0
28,Female,Employed,Savings,70,2,177051,15,6,9,0,0.64,15,88525.5
20,Female,Employed,Current,17,2,44351,14,4,15,0,0.8,19,22175.5
38,Female,Employed,Savings,50,1,80174,12,11,14,0,0.91,25,80174.0
44,Female,Self-employed,Savings,87,3,115448,17,5,10,0,0.91,15,38482.67
32,Female,Self-employed,Current,76,4,232108,15,3,12,0,0.59,15,58027.0
41,Male,Self-employed,Savings,96,1,65084,19,6,9,0,0.64,15,65084.0
43,Male,Employed,Current,21,3,37386,14,9,13,0,0.64,22,12462.0
31,Female,Self-employed,Savings,37,3,7832,17,9,11,1,0.82,20,2610.67
45,Female,Employed,Savings,108,1,177211,15,9,13,0,0.91,22,177211.0
28,Male,Unemployed,Savings,82,3,375397,15,8,15,0,0.53,23,125132.33
42,Female,Employed,Savings,132,3,554470,13,12,4,0,0.7,16,184823.33
32,Female,Unemployed,Savings,49,4,198994,13,7,9,0,0.52,16,49748.5
40,Male,Employed,Savings,132,2,88413,11,11,12,0,0.89,23,44206.5
31,Male,Employed,Savings,108,2,90086,11,9,12,0,0.64,21,45043.0
32,Female,Self-employed,Savings,72,3,344301,15,8,11,0,0.68,19,114767.0
18,Male,Employed,Savings,79,1,25421,15,13,11,1,1.0,24,25421.0
18,Female,Unemployed,Current,111,1,97347,10,12,15,0,0.86,27,97347.0
42,Female,Unemployed,Savings,176,2,45200,10,9,12,1,0.68,21,22600.0
18,Male,Employed,Fixed Deposit,79,4,141125,20,8,8,0,0.99,16,35281.25
32,Female,Self-employed,Savings,83,1,170694,20,6,5,0,0.56,11,170694.0
33,Female,Employed,Savings,146,2,161950,14,4,5,1,0.67,9,80975.0
44,Female,Unemployed,Current,55,1,23901,13,7,15,0,0.57,22,23901.0
40,Male,Self-employed,Savings,111,2,344165,22,9,10,0,0.53,19,172082.5
38,Female,Self-employed,Savings,38,3,111283,17,8,12,1,0.86,20,37094.33
21,Female,Unemployed,Current,118,1,212310,17,7,6,1,0.89,13,212310.0
37,Male,Self-employed,Fixed Deposit,78,2,104421,14,8,14,0,0.78,22,52210.5
29,Male,Self-employed,Fixed Deposit,115,2,27253,12,6,14,1,0.77,20,13626.5
26,Female,Unemployed,Savings,113,3,21091,21,6,15,1,0.51,21,7030.33
39,Male,Unemployed,Savings,143,1,82212,15,5,4,0,0.7,9,82212.0
30,Female,Unemployed,Savings,128,1,137580,11,10,9,0,0.96,19,137580.0
38,Female,Employed,Savings,62,2,119548,15,2,13,0,0.59,15,59774.0
22,Female,Unemployed,Savings,32,3,553391,15,9,15,0,0.95,24,184463.67
26,Female,Unemployed,Savings,81,2,302617,17,8,10,0,0.91,18,151308.5
29,Female,Employed,Current,80,4,241417,20,10,13,0,0.81,23,60354.25
45,Female,Employed,Current,32,2,70662,13,7,5,0,0.89,12,35331.0
43,Male,Self-employed,Savings,172,2,46846,16,10,5,0,0.87,15,23423.0
40,Female,Self-employed,Current,133,4,101911,16,6,12,0,0.67,18,25477.75
34,Female,Unemployed,Current,38,2,139838,12,6,13,0,0.77,19,69919.0
33,Male,Employed,Savings,137,4,4752,18,9,5,0,0.71,14,1188.0
40,Female,Self-employed,Current,58,3,87539,16,10,10,0,0.88,20,29179.67
35,Male,Self-employed,Savings,99,4,80713,14,5,17,0,0.65,22,20178.25
25,Female,Employed,Savings,123,1,47494,14,7,11,1,0.74,18,47494.0
33,Male,Self-employed,Fixed Deposit,149,2,1504,14,11,17,0,0.93,28,752.0
39,Male,Employed,Current,135,1,722572,15,13,11,0,0.69,24,722572.0
34,Female,Self-employed,Savings,88,2,43493,17,7,9,0,0.89,16,21746.5
32,Female,Unemployed,Savings,88,2,71788,17,7,15,0,0.68,22,35894.0
40,Male,Employed,Savings,96,2,102358,13,4,15,0,0.6,19,51179.0
44,Male,Employed,Savings,123,2,75642,16,9,9,0,0.58,18,37821.0
50,Male,Unemployed,Savings,121,1,204534,12,14,7,1,0.53,21,204534.0
37,Male,Employed,Current,145,1,144009,18,9,10,0,0.58,19,144009.0
53,Male,Employed,Fixed Deposit,137,2,371324,19,10,10,0,0.65,20,185662.0
41,Female,Self-employed,Current,81,2,125280,11,5,11,0,0.99,16,62640.0
32,Male,Employed,Savings,25,2,117563,12,8,6,0,0.63,14,58781.5
39,Male,Unemployed,Savings,171,3,16432,17,9,11,0,0.73,20,5477.33
25,Female,Self-employed,Savings,88,1,86155,11,8,11,0,0.96,19,86155.0
27,Male,Employed,Savings,166,1,88094,12,6,9,1,0.55,15,88094.0
46,Female,Unemployed,Current,32,1,60401,20,12,5,0,0.68,17,60401.0
43,Male,Self-employed,Current,100,2,412274,16,6,13,0,0.87,19,206137.0
46,Female,Self-employed,Savings,166,2,27159,17,4,9,0,0.81,13,13579.5
18,Female,Employed,Savings,132,1,18014,12,8,14,0,0.67,22,18014.0
22,Female,Employed,Fixed Deposit,13,1,4705,21,5,7,1,0.54,12,4705.0
41,Female,Employed,Savings,97,2,50282,24,6,11,0,0.79,17,25141.0
47,Male,Employed,Current,57,3,316210,14,8,13,0,0.97,21,105403.33
31,Female,Self-employed,Savings,24,2,610847,17,4,11,0,0.67,15,305423.5
34,Female,Employed,Current,162,1,3438,13,10,5,0,0.59,15,3438.0
54,Male,Employed,Savings,156,2,34066,16,8,16,0,0.51,24,17033.0
24,Male,Self-employed,Fixed Deposit,108,4,76673,13,4,13,0,0.79,17,19168.25
32,Male,Employed,Fixed Deposit,108,1,173248,14,9,6,0,0.85,15,173248.0
31,Male,Unemployed,Current,135,2,19778,12,3,15,0,0.52,18,9889.0
41,Female,Employed,Fixed Deposit,52,2,29101,12,8,16,0,0.85,24,14550.5
39,Male,Employed,Savings,93,3,63527,20,9,10,0,0.61,19,21175.67
25,Female,Self-employed,Savings,84,2,63946,18,9,5,0,0.8,14,31973.0
35,Female,Employed,Savings,76,1,191548,18,10,14,0,0.56,24,191548.0
35,Male,Employed,Fixed Deposit,71,1,20642,11,11,9,0,0.52,20,20642.0
36,Male,Employed,Current,112,1,191223,12,7,15,0,0.95,22,191223.0
22,Male,Employed,Savings,147,3,156105,17,9,6,0,0.63,15,52035.0
34,Female,Self-employed,Savings,46,1,53997,11,14,17,0,0.99,31,53997.0
26,Male,Self-employed,Fixed Deposit,97,3,166921,11,3,7,1,0.69,10,55640.33
31,Female,Employed,Current,157,2,129175,17,10,6,0,0.93,16,64587.5
42,Male,Self-employed,Savings,108,1,186631,15,5,10,0,0.82,15,186631.0
54,Female,Employed,Fixed Deposit,64,4,11722,5,8,9,0,0.92,17,2930.5
21,Female,Employed,Fixed Deposit,77,2,223864,12,9,5,0,0.78,14,111932.0
36,Male,Employed,Savings,108,2,32921,15,10,7,0,0.57,17,16460.5
46,Male,Employed,Current,55,1,88110,20,4,10,0,0.55,14,88110.0
31,Male,Employed,Savings,62,1,108609,21,4,8,2,0.55,12,108609.0
35,Female,Employed,Current,130,1,264127,11,8,8,1,0.64,16,264127.0
18,Male,Unemployed,Current,113,2,43904,11,7,8,0,0.73,15,21952.0
35,Female,Self-employed,Current,83,1,231986,7,9,11,0,0.68,20,231986.0
37,Female,Self-employed,Current,168,4,238774,13,11,14,0,0.58,25,59693.5
41,Male,Employed,Savings,48,1,138721,18,4,10,0,0.81,14,138721.0
47,Male,Employed,Savings,75,1,126088,16,7,15,1,0.92,22,126088.0
48,Female,Employed,Current,31,2,297166,14,11,12,0,0.91,23,148583.0
37,Male,Employed,Savings,129,3,75195,16,11,12,0,0.94,23,25065.0
39,Female,Self-employed,Savings,26,1,11551,14,9,14,0,0.74,23,11551.0
34,Female,Self-employed,Savings,105,2,51746,20,5,9,1,0.91,14,25873.0
46,Female,Employed,Savings,57,1,134520,20,9,13,0,0.63,22,134520.0
52,Female,Employed,Savings,157,3,106279,16,11,8,1,0.69,19,35426.33
31,Male,Employed,Savings,162,3,167572,8,10,11,0,0.83,21,55857.33
29,Female,Employed,Savings,19,3,97158,22,5,7,0,0.97,12,32386.0
39,Female,Self-employed,Savings,164,1,65150,19,7,4,0,0.58,11,65150.0
41,Male,Employed,Current,172,1,94572,14,12,10,0,0.9,22,94572.0
19,Female,Employed,Current,33,2,22779,19,10,13,0,0.96,23,11389.5
40,Male,Self-employed,Current,56,4,72691,12,8,9,0,0.75,17,18172.75
43,Female,Self-employed,Current,129,4,101357,14,8,12,2,0.82,20,25339.25
38,Female,Employed,Savings,110,1,122482,20,7,12,0,0.53,19,122482.0
31,Female,Self-employed,Fixed Deposit,164,1,79685,18,10,9,0,0.91,19,79685.0
26,Male,Employed,Savings,179,1,71475,22,7,4,0,0.7,11,71475.0
35,Female,Employed,Savings,165,1,107807,22,4,12,0,0.54,16,107807.0
51,Female,Self-employed,Current,28,1,154484,15,12,14,0,0.76,26,154484.0
42,Female,Self-employed,Savings,28,1,22250,19,8,9,1,0.53,17,22250.0
26,Male,Unemployed,Current,86,1,71475,13,11,13,1,0.75,24,71475.0
39,Female,Employed,Savings,114,1,70932,21,14,7,0,0.75,21,70932.0
21,Female,Employed,Savings,178,1,75978,14,5,10,0,0.81,15,75978.0
37,Male,Employed,Current,141,3,107708,19,5,9,1,0.78,14,35902.67
30,Female,Employed,Savings,152,1,105527,14,11,13,0,0.58,24,105527.0
18,Female,Unemployed,Savings,116,3,81144,10,6,8,0,0.67,14,27048.0
37,Male,Employed,Savings,68,1,195560,16,3,6,0,0.53,9,195560.0
31,Female,Employed,Current,142,1,154822,17,8,9,0,0.78,17,154822.0
40,Female,Employed,Savings,59,1,177520,9,9,8,1,0.83,17,177520.0
30,Male,Employed,Savings,155,2,93752,14,16,15,0,0.74,31,46876.0
30,Male,Self-employed,Fixed Deposit,122,4,103153,17,4,14,0,0.5,18,25788.25
51,Male,Self-employed,Savings,127,2,18894,19,4,8,0,0.78,12,9447.0
34,Male,Employed,Savings,113,4,422330,15,10,17,0,0.66,27,105582.5
31,Female,Self-employed,Savings,57,3,136885,13,5,8,0,0.53,13,45628.33
23,Male,Employed,Current,96,3,21156,13,6,8,1,0.94,14,7052.0
32,Male,Employed,Current,64,2,16879,21,4,4,0,0.71,8,8439.5
45,Female,Employed,Fixed Deposit,79,1,156246,20,14,3,0,0.62,17,156246.0
31,Male,Employed,Current,152,4,143521,16,7,9,1,0.76,16,35880.25
40,Male,Employed,Current,81,3,59666,11,4,6,1,0.72,10,19888.67
42,Female,Self-employed,Savings,176,4,111178,13,8,8,0,0.86,16,27794.5
18,Male,Unemployed,Current,109,3,102867,18,4,10,0,0.84,14,34289.0
42,Female,Self-employed,Current,28,3,272787,15,4,12,0,0.53,16,90929.0
41,Male,Employed,Current,143,4,73202,13,11,12,0,0.65,23,18300.5
33,Female,Employed,Savings,31,1,134575,12,15,9,1,0.84,24,134575.0
47,Male,Employed,Current,172,2,172960,19,10,8,0,0.83,18,86480.0
18,Female,Employed,Savings,65,1,18678,12,11,10,1,0.79,21,18678.0
38,Male,Employed,Savings,140,2,80339,11,7,4,0,0.94,11,40169.5
23,Female,Self-employed,Savings,145,2,2761,20,6,13,0,0.57,19,1380.5
42,Male,Self-employed,Current,43,1,19885,18,7,12,0,0.58,19,19885.0
25,Male,Employed,Fixed Deposit,157,2,115390,13,7,10,0,0.88,17,57695.0
54,Female,Employed,Savings,112,1,165887,17,8,9,0,0.5,17,165887.0
46,Female,Employed,Fixed Deposit,46,4,170359,14,7,13,0,0.87,20,42589.75
38,Female,Self-employed,Current,121,3,72589,16,11,6,0,0.94,17,24196.33
32,Female,Employed,Savings,140,1,395835,13,6,7,0,0.77,13,395835.0
48,Female,Self-employed,Current,111,1,540687,18,9,6,0,0.95,15,540687.0
58,Female,Employed,Savings,116,1,545197,17,7,5,0,0.54,12,545197.0
39,Male,Employed,Savings,93,1,278215,14,7,11,0,0.64,18,278215.0
27,Male,Self-employed,Savings,86,1,5134,20,5,7,0,0.83,12,5134.0
34,Female,Employed,Current,125,2,220090,14,6,10,1,0.71,16,110045.0
41,Male,Self-employed,Savings,63,2,251734,13,9,12,0,0.9,21,125867.0
33,Female,Employed,Current,24,1,13067,20,9,12,0,0.87,21,13067.0
27,Male,Unemployed,Current,128,2,123501,20,10,11,0,0.87,21,61750.5
29,Male,Unemployed,Current,97,2,340175,14,12,9,0,0.69,21,170087.5
33,Male,Employed,Savings,78,3,205335,17,6,9,0,0.7,15,68445.0
35,Male,Employed,Fixed Deposit,107,1,186990,14,10,7,1,0.72,17,186990.0
52,Male,Employed,Savings,52,1,11692,15,12,10,0,0.93,22,11692.0
35,Female,Self-employed,Savings,71,3,105647,13,10,7,1,0.79,17,35215.67
20,Male,Employed,Savings,115,4,70829,12,6,13,1,0.95,19,17707.25
30,Male,Employed,Savings,45,4,188075,18,8,16,0,0.66,24,47018.75
22,Male,Employed,Current,118,4,48637,14,7,6,0,0.54,13,12159.25
36,Female,Employed,Savings,77,1,129000,20,10,8,0,0.53,18,129000.0
40,Male,Employed,Fixed Deposit,119,2,170206,12,6,4,0,0.51,10,85103.0
33,Female,Employed,Current,104,3,96378,25,10,7,1,0.78,17,32126.0
36,Male,Employed,Current,47,3,120478,19,6,12,0,0.66,18,40159.33
49,Female,Employed,Current,35,2,93066,19,5,7,1,0.76,12,46533.0
20,Female,Employed,Savings,106,1,60587,11,6,14,0,0.87,20,60587.0
33,Male,Employed,Savings,157,1,238838,15,7,4,0,0.94,11,238838.0
27,Female,Self-employed,Current,178,1,45563,16,5,9,0,0.82,14,45563.0
38,Female,Employed,Current,109,1,83902,13,7,10,0,0.69,17,83902.0
36,Male,Employed,Current,46,2,12343,16,12,13,0,0.56,25,6171.5
23,Female,Employed,Savings,108,1,130868,15,7,11,0,0.69,18,130868.0
41,Male,Self-employed,Savings,147,1,70455,13,6,9,0,0.95,15,70455.0
35,Male,Self-employed,Current,121,3,48838,14,8,12,0,0.72,20,16279.33
46,Male,Self-employed,Savings,60,1,383493,21,7,9,0,0.53,16,383493.0
38,Male,Employed,Current,76,1,488317,23,12,11,1,0.72,23,488317.0
27,Male,Self-employed,Current,170,2,273860,7,7,10,0,0.58,17,136930.0
44,Female,Employed,Current,179,2,351369,12,8,11,0,0.69,19,175684.5
35,Female,Self-employed,Current,25,1,67016,23,6,7,0,0.86,13,67016.0
49,Female,Employed,Current,114,1,45061,12,8,10,0,0.99,18,45061.0
43,Male,Self-employed,Savings,49,2,174540,18,4,8,0,0.65,12,87270.0
23,Female,Self-employed,Current,154,3,72313,16,7,12,1,0.77,19,24104.33
51,Male,Employed,Savings,125,1,176461,16,7,12,0,0.79,19,176461.0
36,Female,Employed,Fixed Deposit,31,1,97801,15,7,12,0,0.75,19,97801.0
40,Male,Self-employed,Fixed Deposit,179,1,234574,11,5,8,1,0.52,13,234574.0
27,Female,Self-employed,Current,57,2,70444,6,9,12,0,0.78,21,35222.0
38,Male,Self-employed,Savings,161,1,2197,16,5,14,0,0.54,19,2197.0
18,Female,Employed,Fixed Deposit,154,1,14824,11,6,6,0,0.68,12,14824.0
47,Female,Employed,Current,113,4,1700,16,9,17,0,0.94,26,425.0
47,Male,Self-employed,Savings,54,1,511355,12,12,12,1,0.72,24,511355.0
20,Female,Unemployed,Savings,77,3,326426,17,10,11,0,0.63,21,108808.67
33,Female,Employed,Savings,65,1,22384,17,8,11,0,0.94,19,22384.0
55,Female,Employed,Savings,51,4,17238,11,10,10,0,0.51,20,4309.5
45,Female,Employed,Savings,128,1,4894,16,8,11,1,0.6,19,4894.0
43,Female,Unemployed,Savings,30,2,89987,9,8,11,0,0.57,19,44993.5
27,Female,Employed,Savings,56,4,19642,25,11,10,1,0.92,21,4910.5
41,Male,Employed,Current,121,1,11409,14,10,14,0,0.8,24,11409.0
54,Male,Employed,Current,83,1,265164,19,4,6,0,0.72,10,265164.0
35,Male,Employed,Current,175,1,12649,11,6,13,1,0.6,19,12649.0
35,Female,Employed,Current,54,1,449623,18,12,16,0,0.51,28,449623.0
43,Female,Self-employed,Savings,61,2,22305,17,8,11,0,0.98,19,11152.5
36,Male,Employed,Current,65,2,210454,16,4,10,0,0.68,14,105227.0
24,Male,Employed,Savings,18,3,16717,8,11,13,0,0.71,24,5572.33
42,Male,Employed,Fixed Deposit,150,1,101182,21,8,7,0,0.67,15,101182.0
30,Female,Employed,Current,113,1,255073,17,10,9,0,0.87,19,255073.0
18,Female,Employed,Savings,66,2,205096,6,6,17,0,0.84,23,102548.0
39,Female,Unemployed,Savings,53,4,44753,17,9,8,0,0.74,17,11188.25
19,Female,Employed,Fixed Deposit,162,1,90813,19,5,11,0,0.9,16,90813.0
35,Male,Self-employed,Fixed Deposit,126,4,84312,13,9,14,1,0.78,23,21078.0
35,Male,Employed,Savings,145,3,700927,22,9,12,0,0.63,21,233642.33
28,Female,Self-employed,Current,22,3,43852,17,7,7,0,0.56,14,14617.33
41,Male,Self-employed,Savings,56,1,88660,16,6,11,0,0.9,17,88660.0
30,Male,Unemployed,Current,57,2,178264,16,17,8,0,0.71,25,89132.0
47,Male,Employed,Savings,133,2,189116,13,6,10,1,0.56,16,94558.0
29,Female,Self-employed,Savings,79,1,192232,20,13,4,0,0.51,17,192232.0
31,Female,Employed,Savings,96,1,790262,10,8,9,0,0.84,17,790262.0
42,Male,Employed,Savings,139,4,162028,14,8,13,0,0.7,21,40507.0
32,Male,Employed,Fixed Deposit,144,3,529724,21,5,7,1,0.7,12,176574.67
27,Male,Self-employed,Current,86,1,195059,17,6,6,0,0.63,12,195059.0
56,Male,Unemployed,Savings,47,2,292115,15,9,15,1,0.8,24,146057.5
31,Male,Unemployed,Savings,91,4,45165,12,12,6,0,0.84,18,11291.25
21,Male,Self-employed,Savings,33,1,123576,20,11,11,0,0.71,22,123576.0
18,Male,Employed,Savings,110,4,197625,16,11,10,0,0.97,21,49406.25
52,Female,Self-employed,Savings,96,2,122521,21,7,13,1,0.95,20,61260.5
49,Male,Employed,Current,90,4,277660,13,8,9,0,0.56,17,69415.0
35,Male,Employed,Savings,33,1,23422,16,9,7,0,0.83,16,23422.0
31,Female,Employed,Savings,14,2,17145,16,10,15,0,0.57,25,8572.5
25,Male,Employed,Savings,15,1,292627,19,7,11,0,0.69,18,292627.0
40,Female,Employed,Current,109,2,39339,14,13,16,0,0.65,29,19669.5
39,Male,Employed,Savings,66,4,10991,14,7,6,0,0.57,13,2747.75
29,Male,Self-employed,Current,98,2,30891,15,4,7,0,0.96,11,15445.5
40,Female,Self-employed,Savings,141,1,339263,24,5,7,0,0.96,12,339263.0
47,Female,Employed,Savings,116,3,44944,16,9,5,1,0.62,14,14981.33
57,Male,Self-employed,Current,28,1,111297,13,14,12,0,0.57,26,111297.0
29,Male,Employed,Savings,46,2,88962,7,4,3,1,0.61,7,44481.0
42,Male,Employed,Savings,74,1,184947,12,9,8,0,0.91,17,184947.0
18,Male,Employed,Savings,49,1,29355,8,6,15,0,0.55,21,29355.0
18,Female,Employed,Fixed Deposit,23,2,224162,19,7,10,0,0.71,17,112081.0
37,Male,Employed,Savings,116,1,38516,17,7,7,0,0.57,14,38516.0
26,Male,Employed,Savings,33,1,138618,11,6,10,0,0.86,16,138618.0
42,Female,Employed,Savings,144,2,108231,13,6,11,0,0.56,17,54115.5
59,Female,Employed,Savings,98,4,36691,13,11,16,0,0.7,27,9172.75
37,Male,Employed,Savings,24,3,35850,24,11,9,0,0.7,20,11950.0
50,Female,Employed,Current,71,1,23198,14,7,8,0,0.72,15,23198.0
34,Female,Self-employed,Savings,93,1,77995,14,12,11,1,0.79,23,77995.0
40,Female,Employed,Current,29,2,113400,19,9,12,0,0.93,21,56700.0
44,Female,Employed,Savings,137,1,218344,8,8,7,0,0.93,15,218344.0
37,Male,Employed,Fixed Deposit,54,4,243156,14,7,6,0,0.6,13,60789.0
42,Female,Employed,Savings,14,3,129838,11,6,8,0,0.95,14,43279.33
34,Female,Employed,Savings,78,1,59860,10,5,6,0,0.78,11,59860.0
51,Female,Employed,Current,114,2,77259,13,8,16,0,0.53,24,38629.5
22,Male,Employed,Savings,55,1,69618,16,5,10,1,0.6,15,69618.0
52,Female,Unemployed,Savings,80,2,144777,10,11,12,0,0.54,23,72388.5
39,Female,Self-employed,Savings,123,1,72943,9,9,4,0,0.78,13,72943.0
51,Male,Employed,Fixed Deposit,56,1,1487,19,6,12,1,0.7,18,1487.0
36,Female,Employed,Current,105,1,105811,15,12,9,0,0.84,21,105811.0
33,Male,Employed,Current,27,2,53838,11,8,7,0,0.52,15,26919.0
43,Female,Employed,Savings,171,2,57628,17,11,7,1,0.58,18,28814.0
46,Female,Employed,Savings,176,1,47102,16,10,10,1,0.65,20,47102.0
24,Female,Employed,Savings,18,1,173049,19,9,8,0,0.59,17,173049.0
32,Male,Unemployed,Current,23,2,156334,18,4,8,0,0.95,12,78167.0
31,Female,Self-employed,Current,139,3,60124,15,5,11,1,0.91,16,20041.33
39,Male,Employed,Savings,72,3,434271,13,7,14,0,0.56,21,144757.0
38,Male,Self-employed,Current,48,3,67559,14,14,16,0,0.8,30,22519.67
36,Male,Unemployed,Fixed Deposit,39,3,344003,9,15,7,0,0.88,22,114667.67
42,Female,Employed,Savings,92,4,172108,14,14,13,0,0.66,27,43027.0
39,Female,Employed,Savings,130,1,138239,15,11,12,0,0.73,23,138239.0
39,Female,Employed,Savings,107,2,384523,20,3,8,0,0.95,11,192261.5
24,Male,Self-employed,Current,29,1,127593,23,4,5,0,0.82,9,127593.0
42,Male,Employed,Savings,138,1,391131,18,6,8,1,0.84,14,391131.0
36,Male,Employed,Savings,81,1,86940,18,3,8,0,0.62,11,86940.0
37,Female,Employed,Fixed Deposit,65,1,30445,16,6,11,0,0.8,17,30445.0
38,Male,Employed,Fixed Deposit,77,2,91428,21,7,5,0,0.89,12,45714.0
51,Male,Employed,Current,167,2,99046,15,7,12,0,0.76,19,49523.0
18,Male,Employed,Savings,109,1,46497,15,12,17,0,0.83,29,46497.0
63,Female,Employed,Fixed Deposit,73,1,738875,14,8,10,0,0.54,18,738875.0
37,Female,Self-employed,Current,105,1,47467,11,9,8,0,0.9,17,47467.0
31,Female,Self-employed,Savings,178,3,148524,12,2,7,0,0.8,9,49508.0
21,Female,Self-employed,Savings,73,2,13725,9,4,7,0,0.98,11,6862.5
55,Female,Self-employed,Savings,49,3,237374,14,8,7,0,0.73,15,79124.67
18,Male,Employed,Current,132,1,2774,23,9,11,0,0.56,20,2774.0
44,Female,Employed,Fixed Deposit,86,3,482716,15,3,10,0,0.95,13,160905.33
29,Male,Employed,Current,62,1,106752,22,9,7,0,0.81,16,106752.0
28,Male,Employed,Current,143,1,96720,13,9,11,0,0.84,20,96720.0
34,Male,Employed,Savings,27,2,135749,14,5,5,0,0.61,10,67874.5
46,Female,Employed,Savings,33,1,397650,9,9,12,0,0.76,21,397650.0
30,Female,Employed,Savings,174,4,139822,19,9,9,0,0.58,18,34955.5
38,Female,Employed,Savings,31,2,77231,10,11,6,1,0.59,17,38615.5
21,Male,Self-employed,Current,104,3,229059,13,8,7,0,0.68,15,76353.0
35,Female,Self-employed,Current,63,1,65253,14,5,11,0,0.61,16,65253.0
44,Male,Unemployed,Savings,73,3,146807,15,11,6,0,0.56,17,48935.67
32,Male,Employed,Savings,47,2,141006,16,10,8,0,0.59,18,70503.0
42,Female,Employed,Savings,133,3,138240,7,8,11,0,0.64,19,46080.0
31,Male,Employed,Savings,28,2,38421,18,6,10,0,0.93,16,19210.5
31,Male,Employed,Current,45,2,54642,7,15,12,0,0.51,27,27321.0
46,Female,Employed,Savings,168,1,241209,17,10,10,1,0.7,20,241209.0
24,Female,Self-employed,Current,156,2,97908,19,12,8,0,0.97,20,48954.0
29,Female,Self-employed,Savings,73,4,80389,15,12,11,0,0.69,23,20097.25
49,Female,Employed,Savings,101,2,96195,12,9,15,0,0.93,24,48097.5
31,Female,Self-employed,Current,40,2,106166,15,8,10,1,0.95,18,53083.0
42,Female,Employed,Current,79,3,181432,10,12,12,0,0.88,24,60477.33
26,Male,Employed,Current,82,1,6457,17,9,7,0,0.59,16,6457.0
57,Male,Self-employed,Savings,94,1,192529,18,8,10,1,0.67,18,192529.0
34,Female,Employed,Savings,50,2,453734,9,6,10,0,0.81,16,226867.0
41,Male,Employed,Current,44,1,62662,18,9,13,0,0.5,22,62662.0
26,Female,Employed,Savings,126,4,177483,12,5,8,0,0.53,13,44370.75
45,Male,Employed,Savings,49,2,59192,17,8,11,1,0.63,19,29596.0
42,Female,Employed,Savings,36,4,125116,15,5,12,0,0.68,17,31279.0
51,Female,Employed,Current,164,4,81358,17,7,11,1,0.96,18,20339.5
38,Female,Employed,Savings,36,2,8317,17,7,14,0,0.97,21,4158.5
39,Female,Self-employed,Current,104,1,53429,10,4,8,0,0.65,12,53429.0
38,Male,Employed,Current,98,2,66930,14,8,10,0,0.74,18,33465.0
44,Male,Employed,Savings,99,3,216852,18,8,12,1,0.69,20,72284.0
30,Female,Employed,Current,94,2,27140,8,2,11,2,0.68,13,13570.0
46,Female,Self-employed,Current,74,2,75193,16,7,5,0,0.78,12,37596.5
21,Male,Employed,Savings,78,3,215092,13,8,7,1,0.58,15,71697.33
30,Male,Employed,Savings,154,4,49018,12,1,9,0,0.62,10,12254.5
42,Female,Self-employed,Savings,101,3,189415,13,7,4,0,0.81,11,63138.33
30,Male,Employed,Savings,95,2,45272,16,4,11,0,0.91,15,22636.0
20,Female,Employed,Fixed Deposit,82,3,114108,14,7,7,0,0.56,14,38036.0
28,Female,Employed,Savings,98,2,26068,12,13,6,0,0.83,19,13034.0
39,Female,Self-employed,Savings,123,1,138018,11,5,10,0,0.7,15,138018.0
26,Female,Self-employed,Current,150,2,10731,10,8,9,1,0.59,17,5365.5
32,Male,Employed,Savings,40,3,155780,16,9,7,0,0.64,16,51926.67
34,Male,Employed,Savings,99,2,668229,14,10,14,0,0.73,24,334114.5
31,Male,Self-employed,Current,156,2,86522,16,5,7,0,0.85,12,43261.0
34,Female,Unemployed,Savings,144,4,381001,14,7,9,0,0.62,16,95250.25
54,Female,Unemployed,Savings,108,1,13817,14,6,8,0,0.75,14,13817.0
31,Male,Employed,Savings,34,2,254307,15,7,12,0,0.66,19,127153.5
48,Female,Employed,Savings,154,4,51429,19,10,7,0,0.67,17,12857.25
28,Female,Employed,Savings,174,2,17240,4,10,8,0,0.65,18,8620.0
30,Male,Employed,Savings,40,1,84822,12,12,11,0,0.69,23,84822.0
34,Female,Employed,Savings,16,3,74055,22,5,5,0,0.77,10,24685.0
22,Female,Employed,Current,102,2,110714,12,6,11,0,0.88,17,55357.0
61,Female,Employed,Savings,175,2,305156,10,8,16,0,0.72,24,152578.0
46,Female,Employed,Savings,111,2,34830,19,10,9,0,0.56,19,17415.0
32,Male,Unemployed,Savings,102,4,78255,18,10,9,1,0.94,19,19563.75
43,Female,Unemployed,Savings,137,2,3987,20,6,15,0,0.85,21,1993.5
18,Female,Employed,Current,138,2,1505,15,14,7,0,0.87,21,752.5
32,Male,Employed,Savings,175,2,101733,18,9,6,0,0.74,15,50866.5
40,Male,Employed,Savings,25,1,250438,16,11,21,0,0.5,32,250438.0
33,Female,Employed,Savings,138,3,8780,7,8,9,0,0.58,17,2926.67
44,Female,Employed,Current,55,1,43751,12,8,10,0,0.99,18,43751.0
34,Male,Employed,Savings,85,2,59457,7,11,11,0,0.88,22,29728.5
28,Male,Employed,Fixed Deposit,147,1,98478,8,10,12,0,0.97,22,98478.0
29,Female,Self-employed,Savings,94,2,77388,21,5,12,0,0.93,17,38694.0
31,Female,Self-employed,Current,122,4,395818,16,5,11,1,0.73,16,98954.5
43,Male,Self-employed,Savings,169,1,2384,13,13,11,2,0.93,24,2384.0
34,Female,Employed,Savings,32,2,206585,17,7,9,0,0.78,16,103292.5
24,Female,Employed,Savings,62,2,49559,8,6,7,1,0.67,13,24779.5
51,Male,Employed,Savings,161,1,8914,15,12,10,0,0.58,22,8914.0
31,Male,Employed,Fixed Deposit,167,2,2520,11,8,10,0,0.8,18,1260.0
44,Male,Employed,Fixed Deposit,122,1,89651,13,6,8,0,0.61,14,89651.0
48,Female,Employed,Current,141,3,292074,19,4,7,0,0.56,11,97358.0
32,Female,Unemployed,Savings,129,1,39954,21,10,10,0,0.51,20,39954.0
43,Male,Self-employed,Savings,92,4,119501,14,8,8,0,0.96,16,29875.25
46,Female,Unemployed,Savings,157,1,571843,14,6,11,0,0.94,17,571843.0
26,Female,Self-employed,Savings,129,1,4673,16,10,13,1,0.88,23,4673.0
52,Female,Employed,Savings,133,3,51143,23,7,12,0,0.9,19,17047.67
25,Female,Employed,Current,37,1,139816,9,8,9,0,0.87,17,139816.0
30,Female,Unemployed,Savings,55,3,87951,15,7,11,0,0.79,18,29317.0
45,Female,Self-employed,Savings,165,3,114096,14,11,9,0,0.82,20,38032.0
37,Male,Employed,Savings,72,1,37264,8,12,6,0,0.67,18,37264.0
30,Male,Employed,Current,24,2,117574,10,15,12,0,0.94,27,58787.0
39,Male,Self-employed,Savings,174,1,380641,18,8,17,1,0.52,25,380641.0
28,Female,Employed,Fixed Deposit,100,2,73221,16,8,9,0,1.0,17,36610.5
43,Male,Employed,Current,53,2,97355,11,9,8,0,0.51,17,48677.5
25,Female,Employed,Savings,130,1,138463,15,9,18,0,0.95,27,138463.0
42,Female,Self-employed,Savings,58,1,28195,11,12,9,0,0.87,21,28195.0
40,Female,Employed,Savings,117,1,233420,21,8,18,0,0.89,26,233420.0
25,Female,Self-employed,Savings,29,1,145894,16,11,15,0,0.63,26,145894.0
40,Female,Self-employed,Savings,152,1,271318,18,8,10,0,0.73,18,271318.0
31,Female,Employed,Savings,91,4,123298,15,11,13,0,0.65,24,30824.5
55,Female,Self-employed,Current,163,3,82568,19,5,5,1,0.54,10,27522.67
31,Female,Employed,Savings,108,1,24704,16,6,6,0,0.96,12,24704.0
21,Female,Self-employed,Current,102,2,59059,11,9,8,0,0.58,17,29529.5
26,Female,Employed,Current,49,2,125448,15,5,9,0,0.85,14,62724.0
23,Male,Employed,Savings,33,3,18467,19,13,16,1,0.66,29,6155.67
52,Female,Employed,Savings,112,3,187792,15,4,12,0,0.99,16,62597.33
29,Male,Employed,Fixed Deposit,156,3,9150,16,8,6,1,0.87,14,3050.0
18,Male,Self-employed,Savings,33,4,213342,21,8,5,0,0.79,13,53335.5
34,Male,Employed,Savings,174,4,10820,23,9,17,1,0.65,26,2705.0
32,Male,Employed,Savings,176,2,175092,9,3,10,0,0.78,13,87546.0
40,Female,Employed,Savings,108,4,187280,6,4,10,0,0.95,14,46820.0
26,Female,Self-employed,Savings,160,2,54462,15,8,15,0,0.59,23,27231.0
23,Male,Employed,Savings,115,4,582421,14,6,9,0,0.71,15,145605.25
46,Female,Employed,Savings,135,2,45134,11,2,10,0,0.85,12,22567.0
44,Male,Employed,Savings,28,1,8173,13,11,8,0,0.88,19,8173.0
30,Female,Employed,Current,116,3,392992,14,10,13,0,0.54,23,130997.33
36,Female,Employed,Current,135,1,149399,10,1,3,0,0.72,4,149399.0
29,Male,Self-employed,Savings,107,2,72357,13,5,6,0,0.58,11,36178.5
30,Female,Employed,Savings,165,3,296505,12,9,4,0,0.71,13,98835.0
21,Male,Employed,Current,68,4,11324,19,10,10,0,0.75,20,2831.0
36,Female,Employed,Current,37,1,107970,14,9,12,0,0.86,21,107970.0
30,Male,Self-employed,Savings,132,1,12498,13,16,5,0,0.9,21,12498.0
37,Female,Self-employed,Savings,147,1,44894,17,7,10,0,0.6,17,44894.0
27,Female,Employed,Savings,140,3,129222,15,16,13,0,0.77,29,43074.0
61,Male,Employed,Savings,177,2,112091,19,7,16,0,0.99,23,56045.5
48,Female,Employed,Fixed Deposit,123,4,232609,17,10,10,0,0.82,20,58152.25
48,Male,Employed,Savings,110,1,178406,20,6,18,0,0.51,24,178406.0
37,Male,Self-employed,Savings,81,2,39993,10,7,4,1,0.72,11,19996.5
18,Female,Employed,Current,98,2,52464,17,10,8,0,0.74,18,26232.0
34,Female,Self-employed,Current,161,4,136166,18,4,8,0,0.65,12,34041.5
33,Female,Employed,Current,91,1,355258,19,7,6,0,0.68,13,355258.0
31,Male,Employed,Savings,99,1,8139,13,7,5,1,0.71,12,8139.0
55,Female,Self-employed,Savings,42,2,247383,15,8,15,0,0.86,23,123691.5
49,Female,Self-employed,Fixed Deposit,56,3,57935,13,11,11,0,0.71,22,19311.67
49,Female,Employed,Fixed Deposit,61,1,62687,15,11,11,0,0.96,22,62687.0
53,Female,Self-employed,Savings,92,2,108295,12,9,15,0,0.64,24,54147.5
32,Female,Employed,Current,118,3,1385,15,1,7,0,0.87,8,461.67
53,Male,Self-employed,Fixed Deposit,29,2,239206,8,10,22,2,0.97,32,119603.0
40,Male,Self-employed,Fixed Deposit,117,1,16823,17,8,11,1,0.68,19,16823.0
49,Female,Employed,Fixed Deposit,59,2,11108,18,8,13,1,0.66,21,5554.0
49,Male,Self-employed,Savings,139,4,99214,18,8,10,1,0.94,18,24803.5
28,Male,Self-employed,Savings,112,2,175797,15,5,12,1,0.76,17,87898.5
33,Female,Employed,Current,87,1,354817,19,6,9,0,0.71,15,354817.0
30,Female,Employed,Savings,106,4,471754,19,10,9,0,0.51,19,117938.5
44,Female,Employed,Current,35,2,164202,20,15,10,0,0.85,25,82101.0
27,Male,Employed,Savings,70,1,485965,23,4,12,0,0.5,16,485965.0
38,Female,Employed,Savings,86,2,106250,13,9,8,0,0.62,17,53125.0
32,Female,Employed,Savings,103,2,29515,12,9,14,0,0.62,23,14757.5
30,Female,Employed,Current,87,1,63375,21,10,8,0,0.99,18,63375.0
28,Male,Employed,Fixed Deposit,39,3,198263,15,16,5,0,0.86,21,66087.67
18,Male,Employed,Savings,180,4,23590,17,2,8,0,0.78,10,5897.5
25,Male,Employed,Current,77,1,30072,10,10,11,1,0.85,21,30072.0
36,Female,Self-employed,Current,18,2,68668,10,6,12,0,0.85,18,34334.0
46,Female,Employed,Current,99,1,5640,21,12,10,0,0.99,22,5640.0
34,Male,Employed,Savings,124,2,54501,9,11,12,0,0.5,23,27250.5
33,Female,Self-employed,Savings,178,2,20696,7,3,11,0,0.57,14,10348.0
33,Female,Employed,Current,109,1,278192,13,6,7,0,0.61,13,278192.0
47,Male,Self-employed,Current,133,2,96101,12,12,11,0,0.52,23,48050.5
60,Male,Self-employed,Savings,119,2,245440,15,8,10,0,0.76,18,122720.0
28,Female,Unemployed,Current,36,2,139152,17,8,12,0,0.63,20,69576.0
37,Female,Employed,Savings,93,1,160473,19,8,7,0,0.57,15,160473.0
27,Female,Employed,Savings,89,2,88919,9,7,5,2,0.61,12,44459.5
45,Female,Self-employed,Savings,80,1,129389,18,4,7,0,0.77,11,129389.0
31,Female,Self-employed,Savings,98,2,210121,15,9,8,1,0.55,17,105060.5
23,Female,Unemployed,Savings,40,1,115025,8,12,15,0,0.68,27,115025.0
27,Female,Self-employed,Savings,18,3,69874,21,4,8,0,0.63,12,23291.33
29,Female,Unemployed,Savings,145,3,203113,14,5,18,2,0.68,23,67704.33
42,Male,Self-employed,Savings,152,1,490290,16,10,6,1,0.7,16,490290.0
42,Male,Employed,Current,148,1,68236,19,12,7,0,0.74,19,68236.0
45,Female,Self-employed,Savings,131,3,2926,15,9,5,0,0.82,14,975.33
34,Male,Self-employed,Fixed Deposit,106,1,36090,12,8,9,0,0.83,17,36090.0
35,Male,Employed,Savings,146,3,42012,19,11,15,0,0.54,26,14004.0
44,Male,Unemployed,Savings,21,3,54188,14,7,11,0,0.78,18,18062.67
47,Female,Self-employed,Savings,121,2,128648,13,12,18,0,0.78,30,64324.0
38,Female,Self-employed,Current,143,4,147830,17,7,17,0,0.81,24,36957.5
35,Male,Unemployed,Current,132,1,6547,13,12,9,0,0.79,21,6547.0
34,Female,Self-employed,Savings,113,2,165847,15,7,9,0,0.93,16,82923.5
42,Female,Employed,Current,167,4,20044,14,9,7,0,0.53,16,5011.0
23,Male,Self-employed,Savings,86,1,65200,10,6,8,1,0.53,14,65200.0
47,Female,Self-employed,Current,134,1,28105,17,6,11,0,0.87,17,28105.0
36,Female,Employed,Savings,21,2,344433,15,3,9,0,0.8,12,172216.5
51,Male,Self-employed,Current,79,1,629872,15,12,10,0,0.77,22,629872.0
37,Female,Employed,Savings,162,4,24809,14,5,15,1,0.99,20,6202.25
22,Male,Employed,Savings,142,1,407718,15,5,7,0,0.88,12,407718.0
38,Male,Self-employed,Current,125,2,529617,11,10,14,1,0.55,24,264808.5
37,Male,Employed,Savings,129,1,34278,14,12,8,0,0.94,20,34278.0
50,Female,Unemployed,Savings,165,2,225402,9,5,9,0,0.9,14,112701.0
29,Male,Self-employed,Savings,41,1,23932,20,8,8,0,0.92,16,23932.0
27,Female,Employed,Current,168,2,219379,21,6,18,1,0.62,24,109689.5
22,Male,Employed,Fixed Deposit,130,2,521596,15,7,8,0,0.84,15,260798.0
46,Female,Self-employed,Fixed Deposit,167,2,117087,12,7,9,0,0.6,16,58543.5
41,Male,Employed,Savings,22,4,60255,11,13,11,0,0.69,24,15063.75
28,Male,Employed,Current,25,4,183592,23,8,11,0,0.9,19,45898.0
31,Male,Employed,Fixed Deposit,171,3,153691,14,8,8,0,0.55,16,51230.33
34,Female,Employed,Savings,153,3,185931,22,12,14,0,0.6,26,61977.0
34,Male,Self-employed,Savings,89,2,326237,12,10,10,0,0.65,20,163118.5
39,Female,Self-employed,Savings,92,1,290755,13,7,15,0,0.63,22,290755.0
18,Male,Self-employed,Savings,82,4,139214,14,5,11,1,0.62,16,34803.5
35,Male,Self-employed,Savings,130,2,194180,17,7,7,0,0.52,14,97090.0
29,Female,Employed,Savings,26,1,99482,16,18,12,0,0.63,30,99482.0
49,Male,Employed,Current,71,1,32630,20,11,11,0,0.67,22,32630.0
26,Female,Self-employed,Savings,14,1,15996,19,10,14,0,0.87,24,15996.0
29,Female,Self-employed,Savings,84,1,104104,15,7,10,0,0.54,17,104104.0
39,Female,Self-employed,Savings,150,3,73902,11,12,12,0,0.79,24,24634.0
30,Male,Self-employed,Current,60,3,444445,10,9,6,1,0.73,15,148148.33
34,Female,Employed,Fixed Deposit,84,1,138442,17,7,10,0,0.72,17,138442.0
40,Female,Unemployed,Savings,47,1,4516,16,4,14,0,0.66,18,4516.0
18,Female,Employed,Fixed Deposit,101,2,560982,13,6,12,0,0.67,18,280491.0
33,Male,Unemployed,Fixed Deposit,64,1,58314,13,7,4,0,0.8,11,58314.0
39,Male,Unemployed,Savings,100,2,425278,13,7,19,0,0.93,26,212639.0
35,Female,Employed,Savings,82,1,247944,9,10,7,0,0.73,17,247944.0
38,Female,Employed,Savings,71,1,38716,9,11,5,0,0.61,16,38716.0
20,Male,Self-employed,Savings,103,2,130092,21,9,18,1,1.0,27,65046.0
35,Female,Employed,Fixed Deposit,110,1,52974,16,13,12,0,0.61,25,52974.0
30,Male,Employed,Current,150,1,62705,14,9,6,0,0.63,15,62705.0
45,Male,Employed,Savings,79,2,83716,10,9,11,0,0.74,20,41858.0
55,Female,Employed,Current,177,2,145568,15,7,4,0,0.77,11,72784.0
44,Male,Employed,Savings,159,2,14201,13,6,9,0,0.54,15,7100.5
32,Female,Self-employed,Savings,65,1,138456,16,8,15,0,0.5,23,138456.0
42,Female,Self-employed,Savings,137,4,92926,11,8,14,0,0.6,22,23231.5
25,Male,Self-employed,Current,26,1,54949,14,8,6,0,0.68,14,54949.0
26,Male,Employed,Savings,80,2,363079,14,11,3,1,0.79,14,181539.5
40,Male,Self-employed,Current,169,2,239737,12,6,8,0,0.94,14,119868.5
32,Male,Unemployed,Savings,37,1,196449,8,11,4,1,0.85,15,196449.0
36,Male,Employed,Savings,99,1,94671,17,12,11,0,0.61,23,94671.0
26,Male,Employed,Savings,69,2,47500,23,8,6,0,0.77,14,23750.0
40,Male,Employed,Fixed Deposit,79,2,959788,21,5,10,0,0.93,15,479894.0
42,Male,Employed,Current,37,1,41114,20,8,5,0,0.55,13,41114.0
36,Female,Employed,Savings,126,1,140177,13,6,11,0,0.65,17,140177.0
37,Female,Self-employed,Savings,113,3,112441,18,15,14,0,0.71,29,37480.33
18,Male,Employed,Savings,38,1,87984,27,5,11,0,0.83,16,87984.0
34,Female,Employed,Savings,99,1,14958,17,16,13,0,0.57,29,14958.0
26,Male,Employed,Savings,24,1,141578,20,7,8,0,0.95,15,141578.0
22,Male,Employed,Savings,41,3,167126,17,6,6,1,0.74,12,55708.67
39,Female,Employed,Savings,101,2,57820,18,7,17,0,0.52,24,28910.0
50,Female,Employed,Savings,152,1,3657,8,7,8,0,0.61,15,3657.0
43,Female,Employed,Savings,40,4,693311,13,6,10,1,0.53,16,173327.75
35,Male,Employed,Fixed Deposit,159,1,298621,11,11,4,0,0.55,15,298621.0
38,Female,Employed,Current,56,1,158950,13,5,13,0,0.67,18,158950.0
35,Male,Employed,Savings,164,2,34938,14,4,7,0,0.57,11,17469.0
24,Female,Unemployed,Savings,49,3,20722,14,5,9,0,0.51,14,6907.33
50,Female,Employed,Current,36,2,351072,8,3,13,0,0.85,16,175536.0
25,Female,Employed,Current,88,1,170360,18,5,11,0,0.93,16,170360.0
51,Female,Employed,Savings,118,1,178006,10,7,8,0,0.65,15,178006.0
30,Male,Employed,Savings,154,3,23215,13,7,9,0,0.96,16,7738.33
22,Male,Employed,Savings,105,3,35459,14,8,8,1,0.54,16,11819.67
31,Female,Employed,Current,155,2,63403,14,10,12,0,0.56,22,31701.5
18,Female,Self-employed,Savings,50,2,869326,10,7,16,0,0.69,23,434663.0
39,Male,Employed,Savings,122,1,50212,13,6,10,0,0.94,16,50212.0
35,Female,Self-employed,Current,89,1,5739,17,10,6,1,0.7,16,5739.0
25,Female,Employed,Current,161,1,39630,17,4,10,1,0.64,14,39630.0
18,Male,Employed,Savings,24,3,59109,21,8,12,0,0.64,20,19703.0
37,Male,Self-employed,Current,21,3,147347,12,10,10,0,0.7,20,49115.67
40,Female,Self-employed,Fixed Deposit,144,3,17246,15,8,11,0,0.93,19,5748.67
35,Female,Employed,Savings,140,2,126925,24,6,8,1,0.69,14,63462.5
36,Female,Employed,Current,96,3,107334,17,12,12,1,0.59,24,35778.0
45,Male,Self-employed,Savings,171,1,32744,19,13,8,0,0.66,21,32744.0
42,Male,Employed,Current,55,3,103171,12,10,17,0,0.53,27,34390.33
37,Female,Employed,Current,145,1,411766,14,4,13,0,0.81,17,411766.0
42,Female,Self-employed,Fixed Deposit,175,2,31300,15,7,13,0,0.55,20,15650.0
39,Female,Employed,Savings,13,4,78648,16,8,7,0,0.99,15,19662.0
36,Female,Unemployed,Current,35,3,69166,7,6,7,0,0.93,13,23055.33
31,Male,Employed,Fixed Deposit,57,2,49251,13,4,7,0,0.6,11,24625.5
42,Male,Self-employed,Savings,18,1,118571,14,10,5,0,0.59,15,118571.0
31,Male,Employed,Savings,21,4,77522,15,3,11,0,0.51,14,19380.5
39,Female,Employed,Savings,48,1,108492,15,2,10,0,0.73,12,108492.0
42,Female,Employed,Current,161,1,131399,14,7,6,0,0.93,13,131399.0
40,Female,Employed,Current,150,1,32478,21,10,10,0,0.86,20,32478.0
44,Male,Unemployed,Current,105,1,258167,13,13,5,0,0.88,18,258167.0
38,Female,Self-employed,Savings,62,1,82709,15,12,12,0,0.51,24,82709.0
31,Male,Unemployed,Current,154,1,20069,8,8,11,0,0.98,19,20069.0
38,Female,Unemployed,Savings,156,2,53336,12,9,6,0,0.75,15,26668.0
41,Male,Employed,Current,90,1,43334,4,6,10,0,0.9,16,43334.0
43,Male,Unemployed,Current,177,2,175733,13,8,8,1,0.75,16,87866.5
42,Male,Employed,Fixed Deposit,13,1,78983,15,5,11,0,0.73,16,78983.0
24,Male,Unemployed,Savings,145,1,223740,20,10,4,2,0.82,14,223740.0
29,Male,Employed,Savings,157,2,55447,14,8,10,0,0.51,18,27723.5
28,Female,Employed,Fixed Deposit,57,1,40972,15,7,10,0,0.95,17,40972.0
30,Male,Self-employed,Savings,97,2,69266,14,10,14,0,0.97,24,34633.0
36,Female,Employed,Fixed Deposit,170,2,686685,8,5,12,0,0.67,17,343342.5
31,Male,Employed,Current,64,1,168064,18,2,11,1,0.79,13,168064.0
30,Male,Self-employed,Fixed Deposit,54,1,237997,21,11,10,1,0.93,21,237997.0
29,Male,Employed,Savings,83,1,129511,14,4,14,1,0.79,18,129511.0
27,Female,Self-employed,Fixed Deposit,60,1,314245,17,11,3,0,0.94,14,314245.0
18,Male,Self-employed,Fixed Deposit,163,1,123715,14,4,11,0,0.85,15,123715.0
35,Female,Employed,Savings,141,1,15509,13,8,13,1,0.9,21,15509.0
45,Male,Employed,Savings,39,1,330203,22,7,9,0,0.97,16,330203.0
54,Female,Employed,Savings,30,3,59749,17,13,19,0,0.76,32,19916.33
38,Female,Self-employed,Savings,29,1,47036,18,5,13,0,0.84,18,47036.0
18,Female,Employed,Savings,57,2,128579,6,8,12,0,0.78,20,64289.5
31,Female,Employed,Savings,149,1,195307,17,8,13,0,0.6,21,195307.0
21,Male,Self-employed,Current,40,3,954288,10,3,7,0,0.69,10,318096.0
24,Male,Unemployed,Savings,122,1,196870,15,8,12,1,0.91,20,196870.0
40,Female,Employed,Current,125,3,105239,17,11,5,0,0.83,16,35079.67
47,Female,Self-employed,Fixed Deposit,56,1,14761,18,10,10,1,0.51,20,14761.0
27,Female,Unemployed,Current,121,1,919,15,4,12,0,1.0,16,919.0
37,Male,Unemployed,Savings,42,3,93351,15,5,13,2,0.84,18,31117.0
50,Male,Employed,Savings,89,4,55997,7,9,8,0,0.85,17,13999.25
45,Female,Employed,Savings,170,4,29416,12,9,18,0,0.62,27,7354.0
27,Female,Self-employed,Savings,99,2,6666,15,11,12,0,0.63,23,3333.0
48,Male,Self-employed,Savings,164,2,71673,16,7,10,1,0.52,17,35836.5
31,Male,Self-employed,Savings,29,1,120811,16,9,13,0,0.62,22,120811.0
38,Male,Employed,Current,134,1,2541,15,14,10,0,0.78,24,2541.0
24,Male,Employed,Savings,152,2,30379,15,6,6,0,0.56,12,15189.5
37,Female,Self-employed,Savings,91,2,314082,17,7,12,0,0.9,19,157041.0
23,Male,Unemployed,Current,102,4,107799,18,5,10,0,0.97,15,26949.75
38,Male,Employed,Savings,104,1,119832,10,9,9,0,0.99,18,119832.0
39,Male,Self-employed,Savings,158,3,592620,17,8,10,0,0.57,18,197540.0
39,Female,Self-employed,Savings,36,3,77383,16,8,11,0,0.98,19,25794.33
35,Female,Employed,Savings,35,2,5522,10,5,11,0,0.72,16,2761.0
41,Female,Self-employed,Savings,123,3,193166,13,8,8,0,0.59,16,64388.67
42,Male,Employed,Savings,142,1,103610,12,10,17,1,0.67,27,103610.0
48,Female,Self-employed,Savings,74,3,2450,17,14,12,0,0.7,26,816.67
39,Male,Self-employed,Savings,173,2,186428,24,10,15,0,0.76,25,93214.0
18,Female,Unemployed,Savings,23,1,80379,10,10,8,0,0.74,18,80379.0
23,Male,Employed,Savings,19,1,210808,15,7,9,0,0.6,16,210808.0
38,Female,Unemployed,Fixed Deposit,153,2,123533,17,8,12,0,0.57,20,61766.5
18,Female,Employed,Savings,38,1,28143,15,16,8,0,0.66,24,28143.0
35,Female,Employed,Savings,57,1,17278,16,8,10,0,0.97,18,17278.0
31,Male,Self-employed,Current,151,2,294535,11,12,5,1,0.6,17,147267.5
40,Male,Employed,Savings,14,3,31092,19,9,10,1,0.93,19,10364.0
38,Female,Employed,Fixed Deposit,129,1,131370,18,7,5,0,0.93,12,131370.0
46,Female,Employed,Fixed Deposit,60,1,105298,13,5,11,0,0.69,16,105298.0
18,Male,Self-employed,Current,73,1,1821,12,6,10,0,0.75,16,1821.0
46,Male,Self-employed,Savings,159,2,11351,12,5,13,0,0.94,18,5675.5
43,Male,Employed,Savings,61,1,116685,17,6,12,0,0.63,18,116685.0
18,Female,Employed,Savings,22,1,57682,15,13,7,0,0.71,20,57682.0
31,Male,Employed,Current,23,1,52537,22,9,8,0,0.96,17,52537.0
55,Male,Employed,Savings,57,3,138098,12,10,11,0,0.61,21,46032.67
27,Male,Employed,Savings,41,1,30290,15,3,7,0,0.67,10,30290.0
42,Male,Employed,Current,55,1,238335,13,10,15,1,0.97,25,238335.0
32,Female,Self-employed,Fixed Deposit,156,3,541128,19,5,4,0,0.77,9,180376.0
42,Female,Employed,Savings,164,3,80207,14,7,11,0,0.84,18,26735.67
35,Female,Employed,Savings,50,1,361888,17,5,5,0,0.53,10,361888.0
42,Female,Employed,Savings,147,2,120526,13,2,12,0,0.58,14,60263.0
46,Female,Employed,Savings,144,4,430280,15,6,16,1,0.79,22,107570.0
25,Male,Employed,Current,65,4,38633,24,11,11,1,0.61,22,9658.25
22,Male,Employed,Fixed Deposit,105,2,144626,19,7,11,0,0.95,18,72313.0
36,Female,Employed,Savings,128,2,238480,19,8,7,0,0.55,15,119240.0
42,Female,Unemployed,Savings,22,1,367517,19,8,9,0,0.52,17,367517.0
24,Male,Self-employed,Fixed Deposit,74,1,21556,28,4,6,0,0.64,10,21556.0
29,Male,Self-employed,Current,70,2,78336,13,10,6,1,0.56,16,39168.0
55,Male,Unemployed,Savings,21,3,274446,19,5,5,0,0.94,10,91482.0
24,Male,Employed,Current,59,4,256395,16,10,11,0,0.66,21,64098.75
31,Male,Self-employed,Current,105,1,109597,13,14,11,1,0.54,25,109597.0
39,Male,Employed,Savings,177,1,18932,16,7,9,0,0.5,16,18932.0
40,Female,Employed,Savings,60,3,267934,16,10,12,0,0.98,22,89311.33
26,Female,Employed,Current,104,2,158759,10,4,9,0,0.65,13,79379.5
60,Male,Employed,Savings,86,4,30585,15,8,6,0,0.98,14,7646.25
38,Male,Employed,Savings,55,4,33309,14,4,11,0,0.52,15,8327.25
47,Male,Self-employed,Current,41,3,169215,18,6,15,0,0.99,21,56405.0
31,Male,Self-employed,Current,127,1,19923,14,5,10,0,0.78,15,19923.0
51,Male,Employed,Savings,136,1,183777,16,5,12,0,0.5,17,183777.0
41,Male,Self-employed,Current,63,3,20296,11,12,7,0,0.98,19,6765.33
46,Male,Unemployed,Savings,91,1,224679,18,7,8,0,0.63,15,224679.0
40,Female,Unemployed,Current,156,1,35810,19,5,8,0,0.66,13,35810.0
23,Female,Unemployed,Savings,160,1,66214,23,6,5,0,0.53,11,66214.0
27,Male,Employed,Savings,164,2,153396,12,10,8,0,0.89,18,76698.0
32,Female,Employed,Current,48,1,9147,19,15,6,1,0.79,21,9147.0
39,Female,Employed,Savings,168,2,85951,13,8,5,0,0.65,13,42975.5
36,Female,Self-employed,Savings,116,2,70720,10,13,12,0,0.69,25,35360.0
18,Female,Employed,Current,106,4,183927,11,11,15,0,0.79,26,45981.75
26,Female,Employed,Current,147,1,88736,11,10,16,0,0.83,26,88736.0
41,Female,Employed,Savings,92,1,112744,17,10,12,0,0.97,22,112744.0
42,Female,Self-employed,Current,157,1,79461,23,9,14,0,0.87,23,79461.0
32,Female,Employed,Savings,57,1,29690,22,7,18,1,0.68,25,29690.0
42,Male,Unemployed,Savings,176,2,18009,11,13,2,0,0.94,15,9004.5
51,Female,Self-employed,Savings,79,2,109997,10,5,12,0,0.76,17,54998.5
23,Female,Employed,Savings,104,4,29525,19,10,11,0,0.61,21,7381.25
39,Male,Self-employed,Savings,137,1,82942,12,6,7,1,0.86,13,82942.0
38,Male,Employed,Savings,130,1,50764,21,10,8,2,0.91,18,50764.0
32,Female,Self-employed,Savings,130,3,55305,18,6,14,0,0.64,20,18435.0
28,Female,Self-employed,Current,74,3,405124,13,7,12,0,0.53,19,135041.33
18,Male,Unemployed,Savings,95,1,258112,17,10,9,0,0.99,19,258112.0
55,Female,Self-employed,Savings,147,1,23354,14,10,11,0,0.63,21,23354.0
18,Male,Self-employed,Savings,130,2,27302,4,11,7,0,0.55,18,13651.0
31,Male,Employed,Savings,31,2,68458,18,2,8,0,0.88,10,34229.0
47,Male,Employed,Savings,33,1,77572,16,11,6,0,0.6,17,77572.0
46,Male,Self-employed,Savings,145,2,253611,15,6,13,0,0.76,19,126805.5
41,Female,Employed,Savings,131,4,338326,18,6,8,0,0.97,14,84581.5
42,Male,Self-employed,Savings,110,2,500,18,6,4,2,0.7,10,250.0
26,Male,Self-employed,Savings,49,3,22264,18,7,10,0,0.84,17,7421.33
44,Female,Employed,Savings,118,3,882390,15,12,10,0,0.65,22,294130.0
19,Female,Self-employed,Savings,150,3,119481,19,7,10,0,0.62,17,39827.0
42,Female,Unemployed,Savings,83,2,83261,6,13,11,0,0.75,24,41630.5
25,Male,Employed,Fixed Deposit,129,1,71483,18,10,11,1,0.79,21,71483.0
31,Male,Self-employed,Savings,98,1,47593,15,6,10,0,0.66,16,47593.0
35,Female,Self-employed,Current,96,3,85031,15,8,7,0,0.7,15,28343.67
21,Female,Employed,Current,89,2,317125,21,5,11,0,0.93,16,158562.5
38,Male,Self-employed,Current,53,1,94630,10,4,8,0,0.55,12,94630.0
35,Female,Employed,Fixed Deposit,52,1,47489,16,7,11,0,0.66,18,47489.0
36,Male,Self-employed,Fixed Deposit,74,1,84765,13,7,7,2,0.67,14,84765.0
43,Female,Employed,Savings,60,1,20616,22,8,10,0,0.63,18,20616.0
30,Male,Self-employed,Savings,66,4,52142,21,7,11,0,0.59,18,13035.5
25,Male,Self-employed,Savings,86,1,118259,18,7,11,0,0.84,18,118259.0
35,Female,Employed,Savings,173,1,19100,12,7,10,0,0.84,17,19100.0
50,Female,Employed,Fixed Deposit,162,2,68201,21,9,15,0,0.99,24,34100.5
32,Female,Employed,Current,57,1,518130,16,5,18,0,0.88,23,518130.0
49,Female,Unemployed,Savings,93,2,113505,18,8,12,0,0.63,20,56752.5
32,Female,Employed,Current,53,4,113581,11,8,12,0,0.66,20,28395.25
36,Male,Employed,Savings,109,1,97283,23,5,7,1,0.72,12,97283.0
28,Female,Unemployed,Savings,179,3,357294,13,8,13,0,0.8,21,119098.0
48,Male,Employed,Savings,69,2,44293,13,7,11,1,0.67,18,22146.5
29,Male,Employed,Current,50,1,8411,17,5,9,1,0.52,14,8411.0
34,Female,Self-employed,Savings,108,2,184221,15,7,8,0,0.84,15,92110.5
41,Male,Self-employed,Savings,65,3,19556,14,8,13,0,0.97,21,6518.67
38,Male,Employed,Savings,82,4,137787,14,5,8,0,0.96,13,34446.75
18,Female,Employed,Current,115,2,103193,6,8,12,0,0.91,20,51596.5
32,Female,Employed,Savings,54,3,218833,15,9,15,0,0.63,24,72944.33
43,Female,Employed,Fixed Deposit,114,3,18660,15,6,8,0,0.6,14,6220.0
21,Female,Unemployed,Current,99,2,19402,19,5,16,0,0.58,21,9701.0
38,Female,Self-employed,Savings,26,1,194880,11,8,12,1,0.87,20,194880.0
18,Female,Self-employed,Current,109,2,381098,17,3,12,0,0.91,15,190549.0
51,Female,Self-employed,Savings,104,1,21706,16,6,9,0,0.67,15,21706.0
36,Male,Employed,Savings,159,2,611679,21,8,5,0,0.71,13,305839.5
34,Male,Employed,Current,118,2,46673,16,8,9,1,0.85,17,23336.5
40,Female,Employed,Savings,159,3,62579,22,8,15,0,0.65,23,20859.67
52,Female,Employed,Current,104,2,188953,15,7,14,0,0.86,21,94476.5
45,Male,Unemployed,Savings,173,3,239151,13,10,10,0,0.72,20,79717.0
30,Male,Employed,Savings,177,1,124440,15,7,11,0,0.72,18,124440.0
24,Female,Employed,Savings,155,3,78771,17,7,17,0,0.93,24,26257.0
28,Male,Unemployed,Fixed Deposit,84,1,302117,14,8,13,1,0.84,21,302117.0
18,Male,Employed,Savings,31,1,186826,13,5,11,0,0.93,16,186826.0
35,Female,Self-employed,Savings,167,2,222122,20,8,8,0,0.51,16,111061.0
40,Female,Employed,Savings,56,2,64436,15,6,11,0,0.63,17,32218.0
45,Male,Employed,Savings,55,1,287764,23,11,8,1,0.84,19,287764.0
34,Female,Employed,Current,127,1,20679,12,5,8,0,0.69,13,20679.0
37,Female,Employed,Savings,83,2,36503,10,5,8,0,0.71,13,18251.5
52,Female,Self-employed,Current,27,2,715357,16,13,13,0,0.64,26,357678.5
36,Male,Employed,Savings,104,1,90816,15,7,10,0,0.59,17,90816.0
29,Male,Employed,Fixed Deposit,156,2,143280,18,6,12,0,0.7,18,71640.0
48,Female,Employed,Savings,44,3,135076,18,9,7,0,0.71,16,45025.33
18,Female,Employed,Savings,159,2,32104,16,6,8,2,0.9,14,16052.0
32,Male,Employed,Savings,175,1,224013,16,8,8,0,0.76,16,224013.0
55,Female,Unemployed,Current,57,2,123572,24,12,10,0,0.64,22,61786.0
44,Female,Employed,Current,25,3,213696,12,8,17,0,0.76,25,71232.0
30,Male,Unemployed,Current,136,4,98149,11,10,8,0,0.56,18,24537.25
43,Male,Employed,Current,78,1,113646,14,5,10,2,0.8,15,113646.0
57,Female,Employed,Savings,50,3,616280,9,7,10,0,0.72,17,205426.67
38,Male,Employed,Fixed Deposit,154,3,514936,17,9,13,0,0.62,22,171645.33
45,Female,Employed,Fixed Deposit,61,1,70486,19,9,9,0,0.88,18,70486.0
42,Male,Employed,Savings,177,3,17623,20,12,13,0,0.58,25,5874.33
38,Female,Self-employed,Savings,40,2,262766,19,7,7,0,0.55,14,131383.0
29,Male,Employed,Savings,37,2,5249,18,7,18,0,0.79,25,2624.5
38,Male,Employed,Savings,41,2,580830,15,7,10,0,1.0,17,290415.0
35,Female,Self-employed,Current,86,2,81114,12,6,12,0,0.59,18,40557.0
43,Female,Employed,Savings,156,3,73083,23,7,12,0,0.88,19,24361.0
36,Male,Employed,Current,89,1,42812,15,8,15,0,0.89,23,42812.0
50,Male,Self-employed,Savings,49,2,212993,11,8,8,0,0.85,16,106496.5
46,Female,Employed,Savings,73,1,130629,16,11,12,0,0.84,23,130629.0
42,Male,Self-employed,Savings,35,4,274479,18,5,7,0,0.57,12,68619.75
29,Male,Self-employed,Fixed Deposit,110,1,69292,23,11,6,0,0.83,17,69292.0
34,Male,Employed,Fixed Deposit,137,3,44395,14,10,13,0,0.51,23,14798.33
37,Male,Employed,Savings,170,1,89123,20,6,13,0,0.61,19,89123.0
22,Male,Employed,Savings,23,3,42570,18,5,22,0,0.66,27,14190.0
51,Female,Unemployed,Current,148,2,238253,19,12,15,0,0.91,27,119126.5
27,Male,Self-employed,Current,16,2,69458,11,10,15,0,0.78,25,34729.0
32,Female,Employed,Current,75,2,156669,14,9,13,1,0.9,22,78334.5
36,Female,Unemployed,Savings,23,3,105401,15,13,8,0,0.97,21,35133.67
35,Female,Employed,Savings,26,1,68293,9,8,8,0,0.95,16,68293.0
37,Female,Self-employed,Savings,171,1,235773,15,3,13,0,0.88,16,235773.0
18,Male,Self-employed,Savings,137,1,44175,20,5,10,0,0.66,15,44175.0
43,Male,Employed,Savings,70,1,51546,15,13,4,2,0.57,17,51546.0
23,Male,Employed,Savings,150,1,57668,23,7,7,1,0.8,14,57668.0
45,Male,Employed,Savings,33,1,162015,16,6,10,0,1.0,16,162015.0
18,Male,Employed,Savings,18,1,118204,13,12,4,1,0.82,16,118204.0
38,Female,Self-employed,Savings,14,1,3884,21,11,8,0,0.57,19,3884.0
44,Female,Self-employed,Current,134,3,352062,15,8,12,1,0.72,20,117354.0
31,Female,Self-employed,Savings,60,4,87643,8,10,17,0,0.64,27,21910.75
33,Male,Unemployed,Savings,96,2,163350,9,7,10,1,0.68,17,81675.0
30,Male,Self-employed,Savings,155,1,253361,12,9,10,0,0.86,19,253361.0
44,Female,Employed,Savings,97,1,46832,12,5,10,0,0.72,15,46832.0
39,Female,Employed,Savings,67,1,77568,13,8,14,1,0.74,22,77568.0
39,Male,Employed,Fixed Deposit,107,2,148722,17,14,8,0,0.99,22,74361.0
50,Male,Employed,Fixed Deposit,154,2,136551,12,10,13,0,0.95,23,68275.5
31,Female,Employed,Current,56,2,85707,13,8,9,0,0.99,17,42853.5
43,Female,Employed,Current,84,1,9780,10,10,12,1,0.5,22,9780.0
32,Female,Employed,Fixed Deposit,153,3,176051,14,12,10,1,0.69,22,58683.67
35,Male,Unemployed,Savings,123,2,51237,18,9,14,0,0.63,23,25618.5
30,Female,Unemployed,Current,131,2,16527,18,6,8,0,0.6,14,8263.5
18,Male,Employed,Current,36,3,101016,11,5,13,1,0.99,18,33672.0
31,Female,Employed,Savings,117,2,517,10,11,9,0,0.82,20,258.5
36,Male,Employed,Current,176,3,93486,18,8,9,0,0.79,17,31162.0
29,Female,Employed,Current,167,2,284381,10,10,4,0,0.93,14,142190.5
30,Female,Employed,Savings,46,2,1839,16,7,11,0,0.53,18,919.5
36,Male,Unemployed,Savings,130,4,652490,6,8,12,1,0.72,20,163122.5
32,Female,Self-employed,Savings,179,4,13107,19,9,16,0,0.8,25,3276.75
44,Female,Employed,Current,94,4,411654,10,6,13,0,0.64,19,102913.5
36,Male,Unemployed,Current,162,3,40490,14,5,11,0,0.51,16,13496.67
18,Female,Self-employed,Savings,55,1,13272,24,5,14,0,0.65,19,13272.0
56,Female,Self-employed,Savings,17,1,169860,11,6,10,0,0.9,16,169860.0
28,Female,Self-employed,Savings,129,2,226409,18,4,14,1,1.0,18,113204.5
45,Female,Unemployed,Savings,155,4,1747,17,10,8,0,0.78,18,436.75
35,Female,Self-employed,Fixed Deposit,54,1,175498,21,8,6,0,0.91,14,175498.0
45,Female,Employed,Savings,163,2,189240,19,6,4,0,0.83,10,94620.0
34,Female,Self-employed,Current,157,1,41403,18,7,12,1,0.82,19,41403.0
28,Male,Employed,Savings,47,1,48513,18,8,8,0,0.59,16,48513.0
43,Male,Self-employed,Savings,88,3,16932,11,7,12,0,0.75,19,5644.0
49,Male,Self-employed,Savings,147,3,296292,15,8,9,0,0.51,17,98764.0
37,Male,Employed,Savings,38,2,13553,13,7,10,0,0.96,17,6776.5
45,Male,Self-employed,Savings,147,1,90806,15,9,4,0,0.58,13,90806.0
40,Female,Employed,Savings,79,2,162155,19,7,11,0,0.86,18,81077.5
22,Female,Employed,Current,172,1,53603,10,10,8,0,0.86,18,53603.0
37,Female,Employed,Savings,173,1,7895,19,13,7,0,0.62,20,7895.0
40,Female,Self-employed,Current,41,2,49929,11,7,9,0,0.57,16,24964.5
48,Male,Employed,Savings,180,4,116164,17,6,11,0,0.58,17,29041.0
38,Male,Unemployed,Savings,163,2,156395,15,6,11,0,0.86,17,78197.5
40,Female,Self-employed,Fixed Deposit,169,3,143940,24,7,7,0,0.91,14,47980.0
25,Male,Employed,Current,143,4,178594,14,6,14,1,0.52,20,44648.5
23,Female,Unemployed,Savings,33,3,62793,16,7,7,0,0.66,14,20931.0
41,Male,Self-employed,Current,152,1,297065,18,8,6,0,0.86,14,297065.0
32,Male,Unemployed,Savings,85,2,94509,13,11,6,0,0.82,17,47254.5
31,Male,Employed,Current,135,1,240241,14,4,13,0,0.96,17,240241.0
34,Male,Employed,Current,168,1,4068,14,13,10,0,0.78,23,4068.0
19,Male,Employed,Current,135,1,78280,22,7,14,0,1.0,21,78280.0
50,Male,Self-employed,Savings,179,2,9340,26,8,9,0,0.75,17,4670.0
50,Male,Employed,Current,85,1,60455,15,6,15,0,0.94,21,60455.0
26,Male,Employed,Savings,32,1,113026,21,9,5,0,0.66,14,113026.0
36,Male,Employed,Savings,147,1,379103,13,11,9,0,0.51,20,379103.0
43,Male,Unemployed,Savings,173,4,89119,14,8,7,0,0.58,15,22279.75
32,Male,Employed,Fixed Deposit,129,3,205331,20,8,12,1,0.7,20,68443.67
40,Female,Self-employed,Savings,91,1,115091,12,11,9,0,0.69,20,115091.0
37,Female,Employed,Current,124,2,148805,11,9,9,0,0.96,18,74402.5
29,Female,Employed,Savings,91,3,11331,14,10,11,2,0.53,21,3777.0
42,Female,Employed,Current,158,1,82725,25,10,8,1,0.81,18,82725.0
29,Male,Employed,Current,138,2,84736,8,10,11,1,0.54,21,42368.0
29,Female,Self-employed,Fixed Deposit,160,2,71586,19,13,7,0,0.66,20,35793.0
21,Female,Employed,Savings,72,4,485013,24,11,7,1,0.66,18,121253.25
37,Male,Self-employed,Savings,177,3,218468,17,5,7,1,0.95,12,72822.67
29,Male,Self-employed,Fixed Deposit,58,1,70031,17,12,9,0,0.97,21,70031.0
53,Female,Employed,Current,13,2,211542,17,9,8,0,0.63,17,105771.0
44,Female,Employed,Savings,158,2,171922,17,6,12,1,0.93,18,85961.0
54,Male,Employed,Savings,52,2,180355,12,4,17,0,0.69,21,90177.5
30,Male,Employed,Current,49,2,347470,13,14,9,0,0.6,23,173735.0
27,Male,Unemployed,Savings,47,1,327601,12,8,9,0,0.88,17,327601.0
35,Female,Employed,Savings,29,4,12407,15,7,14,0,0.96,21,3101.75
32,Male,Self-employed,Savings,82,3,134951,21,7,10,0,0.61,17,44983.67
29,Female,Self-employed,Current,89,2,72965,15,13,12,0,0.84,25,36482.5
36,Female,Employed,Current,163,4,102270,11,8,10,0,0.71,18,25567.5
41,Female,Employed,Savings,174,1,14764,11,12,12,0,0.7,24,14764.0
18,Female,Employed,Current,156,2,113385,12,12,8,1,0.95,20,56692.5
41,Male,Self-employed,Savings,82,2,58694,15,5,7,0,0.69,12,29347.0
18,Female,Employed,Savings,149,1,185858,5,7,11,0,0.57,18,185858.0
32,Male,Employed,Fixed Deposit,94,1,38278,11,11,6,1,0.85,17,38278.0
29,Female,Employed,Savings,123,2,72772,13,4,7,0,0.71,11,36386.0
23,Male,Unemployed,Savings,75,3,1863,8,10,8,0,0.8,18,621.0
30,Male,Employed,Current,52,1,60540,16,3,7,1,0.71,10,60540.0
27,Male,Self-employed,Current,108,3,130970,13,5,9,0,0.82,14,43656.67
18,Male,Self-employed,Savings,131,1,34552,15,6,6,0,0.91,12,34552.0
43,Female,Employed,Savings,109,1,19399,17,8,6,0,0.57,14,19399.0
25,Female,Employed,Savings,76,2,422265,14,7,14,2,0.56,21,211132.5
33,Female,Self-employed,Savings,150,3,265449,8,11,12,0,0.5,23,88483.0
26,Female,Employed,Savings,133,2,145480,15,5,10,0,0.96,15,72740.0
28,Male,Unemployed,Savings,49,2,170567,23,9,8,0,0.69,17,85283.5
33,Female,Self-employed,Savings,44,3,128372,18,8,8,0,0.58,16,42790.67
36,Male,Employed,Savings,137,1,325838,18,7,9,0,0.6,16,325838.0
24,Male,Employed,Savings,130,1,108265,16,14,5,0,0.83,19,108265.0
20,Male,Employed,Savings,114,1,90185,16,7,16,0,0.86,23,90185.0
32,Female,Employed,Fixed Deposit,93,1,40813,14,6,8,0,0.98,14,40813.0
48,Female,Employed,Current,111,3,27273,11,9,15,0,0.84,24,9091.0
46,Female,Employed,Savings,24,1,421672,13,12,16,0,0.83,28,421672.0
51,Female,Employed,Savings,24,1,90525,14,7,7,0,0.56,14,90525.0
24,Female,Employed,Savings,151,4,307155,18,6,12,0,0.62,18,76788.75
43,Male,Self-employed,Savings,115,2,62481,12,7,13,0,0.68,20,31240.5
41,Male,Employed,Current,111,3,17542,16,7,7,1,0.58,14,5847.33
38,Male,Employed,Current,58,1,164696,19,7,12,0,0.67,19,164696.0
31,Female,Employed,Savings,29,2,169859,17,7,7,0,0.68,14,84929.5
20,Female,Self-employed,Savings,105,1,331648,20,10,7,0,0.91,17,331648.0
18,Female,Employed,Fixed Deposit,88,1,125922,11,13,11,0,0.65,24,125922.0
52,Male,Self-employed,Savings,139,3,72816,10,18,7,0,0.54,25,24272.0
43,Male,Employed,Current,175,2,8114,9,6,16,0,0.63,22,4057.0
22,Male,Self-employed,Fixed Deposit,16,1,13276,14,10,8,0,0.52,18,13276.0
23,Female,Employed,Savings,170,3,154080,14,12,8,0,0.62,20,51360.0
18,Female,Employed,Savings,124,1,93100,9,10,8,0,0.7,18,93100.0
38,Female,Employed,Current,38,4,451612,10,9,8,0,0.55,17,112903.0
32,Female,Employed,Savings,41,3,110469,14,9,9,1,0.54,18,36823.0
29,Male,Self-employed,Current,54,1,74702,14,9,10,0,0.87,19,74702.0
54,Male,Employed,Savings,64,2,43873,17,4,8,0,0.7,12,21936.5
38,Male,Employed,Savings,74,1,221500,15,5,7,0,0.9,12,221500.0
19,Female,Self-employed,Savings,61,3,111094,17,8,4,0,0.99,12,37031.33
38,Male,Self-employed,Savings,142,4,254249,16,12,13,0,0.96,25,63562.25
45,Male,Employed,Savings,102,1,252037,8,6,9,0,0.85,15,252037.0
20,Female,Employed,Current,68,1,139846,15,6,8,0,0.69,14,139846.0
52,Female,Self-employed,Savings,62,3,320068,14,5,8,0,0.52,13,106689.33
34,Female,Employed,Current,15,2,70936,13,10,11,0,0.69,21,35468.0
38,Female,Self-employed,Savings,84,3,109323,6,8,9,0,0.81,17,36441.0
19,Female,Unemployed,Savings,33,4,70573,15,8,16,0,0.68,24,17643.25
39,Male,Self-employed,Fixed Deposit,21,1,181529,20,6,12,0,0.54,18,181529.0
66,Male,Unemployed,Current,101,4,71135,15,6,8,0,0.77,14,17783.75
46,Male,Self-employed,Current,103,1,179397,11,7,8,0,0.96,15,179397.0
34,Male,Employed,Savings,30,1,217175,13,4,5,0,0.79,9,217175.0
20,Female,Unemployed,Current,62,3,1668,17,7,11,0,0.86,18,556.0
45,Male,Self-employed,Savings,136,2,97638,14,11,10,0,0.52,21,48819.0
42,Female,Employed,Current,78,1,58462,18,9,11,1,0.69,20,58462.0
31,Male,Employed,Current,60,2,43255,9,9,13,0,0.62,22,21627.5
25,Female,Employed,Savings,138,4,33983,18,5,17,0,0.7,22,8495.75
37,Female,Unemployed,Savings,15,3,522783,18,8,8,0,0.61,16,174261.0
35,Male,Employed,Savings,94,1,83079,13,6,7,0,0.94,13,83079.0
40,Male,Employed,Fixed Deposit,23,3,50604,18,6,10,0,0.71,16,16868.0
28,Female,Employed,Savings,70,1,1748,9,9,11,0,0.84,20,1748.0
27,Female,Employed,Savings,98,3,31147,19,12,4,0,0.86,16,10382.33
25,Female,Self-employed,Savings,140,1,8444,17,11,15,0,0.75,26,8444.0
59,Female,Employed,Savings,158,1,543605,21,8,11,0,0.54,19,543605.0
30,Male,Employed,Savings,73,3,17850,7,9,15,0,0.85,24,5950.0
32,Male,Employed,Savings,21,1,125938,10,9,10,0,0.53,19,125938.0
38,Female,Self-employed,Fixed Deposit,76,3,156645,5,15,10,0,0.7,25,52215.0
45,Male,Employed,Current,88,1,24533,14,5,9,0,0.89,14,24533.0
33,Male,Self-employed,Savings,23,1,208218,16,15,14,0,0.58,29,208218.0
29,Male,Self-employed,Current,129,1,237067,13,10,10,1,0.57,20,237067.0
36,Male,Unemployed,Savings,54,3,11463,19,8,12,0,0.62,20,3821.0
26,Male,Self-employed,Current,176,1,47623,11,4,9,0,0.51,13,47623.0
43,Male,Employed,Current,146,4,28404,15,5,7,0,0.82,12,7101.0
37,Female,Unemployed,Savings,158,4,166150,13,5,9,0,0.62,14,41537.5
35,Male,Employed,Current,92,2,43607,17,8,8,0,0.66,16,21803.5
27,Female,Employed,Savings,15,1,188470,22,8,7,0,0.85,15,188470.0
31,Male,Self-employed,Fixed Deposit,45,1,38973,16,14,11,0,0.58,25,38973.0
20,Male,Employed,Savings,16,3,33013,7,3,12,0,0.58,15,11004.33
45,Male,Self-employed,Savings,136,2,39371,18,5,9,1,0.99,14,19685.5
47,Female,Self-employed,Savings,87,3,58388,18,10,7,0,0.59,17,19462.67
52,Female,Employed,Savings,121,4,3789,19,16,7,0,0.78,23,947.25
32,Female,Employed,Savings,111,2,18172,10,4,8,0,0.99,12,9086.0
55,Male,Employed,Savings,133,3,484340,21,6,5,0,0.8,11,161446.67
38,Male,Employed,Current,66,2,30058,16,12,11,0,0.87,23,15029.0
32,Female,Employed,Savings,69,2,873749,12,11,8,0,0.85,19,436874.5
30,Female,Unemployed,Savings,106,4,6824,19,6,12,0,0.92,18,1706.0
25,Female,Employed,Savings,141,1,242589,14,8,12,0,0.98,20,242589.0
42,Male,Employed,Savings,46,3,201128,9,7,11,0,0.84,18,67042.67
30,Male,Self-employed,Savings,176,1,264789,18,5,10,0,0.92,15,264789.0
39,Female,Self-employed,Current,130,4,158720,18,5,8,1,0.76,13,39680.0
55,Male,Self-employed,Savings,43,3,16794,16,10,9,0,0.83,19,5598.0
44,Female,Self-employed,Savings,176,1,165025,14,7,10,0,0.54,17,165025.0
29,Male,Employed,Savings,86,2,500,10,16,14,0,0.8,30,250.0
35,Female,Employed,Current,105,3,15836,18,3,12,0,0.85,15,5278.67
40,Female,Employed,Current,91,2,309925,15,8,7,0,0.96,15,154962.5
27,Female,Employed,Savings,29,2,48961,15,11,9,0,0.86,20,24480.5
29,Female,Employed,Savings,121,2,372562,17,4,12,1,0.61,16,186281.0
33,Male,Self-employed,Savings,115,1,979959,11,3,6,0,0.75,9,979959.0
43,Female,Employed,Savings,53,1,71275,12,7,12,0,0.75,19,71275.0
38,Female,Employed,Current,75,1,267538,12,6,11,1,0.52,17,267538.0
45,Male,Self-employed,Current,130,4,250699,9,6,5,0,0.51,11,62674.75
29,Male,Employed,Fixed Deposit,81,1,113214,12,6,10,0,0.53,16,113214.0
31,Male,Employed,Savings,156,3,197231,16,12,11,1,0.86,23,65743.67
33,Male,Employed,Savings,54,1,28929,17,5,16,0,0.93,21,28929.0
30,Female,Employed,Savings,172,1,174457,16,5,7,0,0.59,12,174457.0
36,Female,Employed,Savings,87,3,391032,14,7,5,0,0.65,12,130344.0
42,Female,Employed,Current,43,1,77234,11,7,8,0,0.86,15,77234.0
42,Male,Unemployed,Current,151,1,157586,14,12,17,0,0.58,29,157586.0
46,Female,Employed,Fixed Deposit,180,3,232359,17,4,9,0,0.68,13,77453.0
34,Male,Employed,Current,20,4,3459,21,11,8,0,0.69,19,864.75
40,Male,Self-employed,Savings,66,1,116686,22,6,7,0,0.5,13,116686.0
31,Female,Employed,Current,48,2,15659,20,9,11,2,0.95,20,7829.5
39,Male,Unemployed,Savings,85,2,77845,18,8,17,0,0.7,25,38922.5
33,Male,Employed,Savings,119,2,177258,15,5,8,0,0.51,13,88629.0
57,Male,Employed,Current,35,1,201632,13,8,10,1,0.99,18,201632.0
37,Male,Employed,Savings,144,1,690939,16,11,17,1,0.84,28,690939.0
27,Male,Employed,Savings,133,2,518830,22,7,7,0,0.6,14,259415.0
33,Male,Unemployed,Savings,162,2,3689,15,12,8,0,0.77,20,1844.5
47,Male,Employed,Savings,41,4,58523,13,9,13,0,0.8,22,14630.75
22,Male,Employed,Current,41,1,123477,5,7,4,0,0.83,11,123477.0
45,Female,Unemployed,Current,133,1,46206,9,6,10,0,0.52,16,46206.0
29,Female,Employed,Savings,144,1,37311,5,3,13,0,0.84,16,37311.0
40,Female,Employed,Current,145,3,78214,14,9,7,0,0.63,16,26071.33
27,Male,Employed,Current,25,2,489601,16,9,14,0,0.93,23,244800.5
41,Female,Employed,Savings,166,2,102605,11,4,17,0,0.6,21,51302.5
32,Male,Self-employed,Savings,143,2,16630,19,6,5,0,0.91,11,8315.0
32,Female,Employed,Savings,137,1,50232,19,9,9,0,0.76,18,50232.0
33,Male,Employed,Fixed Deposit,92,3,38008,16,4,12,0,0.7,16,12669.33
30,Male,Self-employed,Current,83,1,26835,22,9,12,0,0.65,21,26835.0
22,Male,Unemployed,Savings,140,2,67720,11,5,12,1,0.8,17,33860.0
38,Female,Employed,Savings,107,3,65217,17,5,7,0,0.64,12,21739.0
48,Male,Employed,Savings,109,2,18395,18,8,12,1,0.52,20,9197.5
38,Female,Employed,Savings,123,2,111601,15,6,15,0,0.52,21,55800.5
45,Female,Employed,Savings,91,1,252953,19,12,9,0,0.68,21,252953.0
46,Female,Employed,Current,18,2,185921,11,6,18,0,0.88,24,92960.5
27,Male,Employed,Savings,56,2,33772,14,9,12,0,0.5,21,16886.0
20,Female,Self-employed,Savings,29,3,407803,12,8,11,0,0.81,19,135934.33
59,Male,Employed,Savings,102,1,426217,12,12,7,1,0.75,19,426217.0
33,Female,Self-employed,Current,113,4,41997,14,7,11,0,0.8,18,10499.25
24,Female,Employed,Savings,139,2,216543,16,5,11,0,0.79,16,108271.5
42,Female,Unemployed,Current,165,3,159691,7,9,9,0,0.73,18,53230.33
50,Female,Employed,Savings,137,3,649901,14,14,7,0,0.54,21,216633.67
42,Male,Self-employed,Savings,40,3,691441,17,8,15,0,0.72,23,230480.33
28,Female,Self-employed,Savings,149,2,58574,18,9,10,0,0.63,19,29287.0
31,Female,Self-employed,Current,53,1,484233,9,7,9,0,0.59,16,484233.0
40,Female,Self-employed,Fixed Deposit,76,2,112042,8,5,9,0,0.98,14,56021.0
35,Female,Self-employed,Savings,152,3,8943,13,8,10,0,0.74,18,2981.0
42,Male,Employed,Savings,27,1,26584,19,9,8,0,0.81,17,26584.0
18,Male,Unemployed,Current,103,2,545479,21,5,9,0,0.51,14,272739.5
44,Female,Employed,Fixed Deposit,116,2,197069,8,6,17,0,0.71,23,98534.5
28,Male,Employed,Savings,173,1,101612,16,6,10,0,0.77,16,101612.0
48,Male,Self-employed,Savings,67,1,6015,10,15,10,0,0.63,25,6015.0
18,Male,Employed,Savings,36,4,380118,7,6,10,0,0.54,16,95029.5
36,Female,Employed,Current,96,2,80664,11,5,8,0,0.6,13,40332.0
36,Male,Employed,Savings,29,3,94972,14,14,9,0,0.91,23,31657.33
18,Female,Employed,Fixed Deposit,144,3,120556,15,8,6,0,0.79,14,40185.33
32,Male,Employed,Current,175,3,57979,6,5,16,0,0.85,21,19326.33
22,Male,Employed,Current,75,1,18271,18,11,7,0,0.75,18,18271.0
39,Male,Employed,Savings,72,2,142065,13,10,7,0,0.69,17,71032.5
50,Female,Employed,Savings,34,4,125666,9,9,14,0,0.76,23,31416.5
55,Female,Employed,Current,94,2,16716,7,6,18,0,0.81,24,8358.0
25,Male,Employed,Savings,85,2,335885,8,10,14,0,0.86,24,167942.5
47,Male,Self-employed,Savings,65,1,98541,14,9,6,0,0.54,15,98541.0
41,Male,Self-employed,Savings,18,1,278685,17,7,7,0,0.65,14,278685.0
18,Female,Employed,Current,69,3,372428,15,5,6,1,0.62,11,124142.67
26,Female,Employed,Savings,81,1,10292,10,8,6,0,0.73,14,10292.0
32,Male,Employed,Fixed Deposit,57,2,35227,20,12,6,0,0.91,18,17613.5
37,Male,Employed,Current,13,1,484727,13,11,10,0,0.56,21,484727.0
28,Male,Employed,Current,170,1,62372,19,8,13,1,0.95,21,62372.0
48,Female,Employed,Savings,104,3,175542,13,5,11,1,0.98,16,58514.0
44,Male,Unemployed,Current,74,1,81741,16,9,11,0,0.86,20,81741.0
18,Female,Employed,Current,63,3,491881,19,14,8,1,0.71,22,163960.33
62,Male,Employed,Savings,178,2,272743,14,7,7,1,0.92,14,136371.5
32,Female,Employed,Savings,89,2,27849,14,8,14,0,0.5,22,13924.5
32,Male,Self-employed,Savings,59,1,28999,26,10,10,0,0.62,20,28999.0
45,Female,Self-employed,Savings,117,2,737096,21,5,8,0,0.92,13,368548.0
38,Female,Employed,Current,86,3,28058,9,5,8,0,0.9,13,9352.67
40,Female,Employed,Savings,49,2,254759,10,8,8,0,0.85,16,127379.5
27,Male,Unemployed,Current,14,3,107954,10,4,8,0,0.8,12,35984.67
36,Male,Self-employed,Current,56,2,169398,17,9,11,0,0.82,20,84699.0
31,Female,Employed,Savings,123,2,2325,10,6,7,0,0.52,13,1162.5
26,Male,Self-employed,Fixed Deposit,51,1,38129,11,6,7,0,0.53,13,38129.0
56,Male,Self-employed,Current,160,3,54282,12,9,8,0,0.96,17,18094.0
32,Male,Self-employed,Fixed Deposit,122,3,108560,13,5,9,0,0.58,14,36186.67
26,Female,Employed,Savings,118,2,621328,14,10,6,0,0.76,16,310664.0
33,Female,Employed,Savings,88,1,375536,13,5,12,0,0.6,17,375536.0
50,Female,Employed,Savings,145,3,651024,20,8,10,0,0.8,18,217008.0
25,Female,Employed,Savings,137,2,131831,10,10,4,1,0.58,14,65915.5
33,Male,Self-employed,Savings,56,4,70732,15,9,18,0,0.89,27,17683.0
46,Female,Employed,Savings,81,2,134163,8,5,16,0,0.65,21,67081.5
32,Male,Self-employed,Savings,135,1,48567,24,9,10,0,0.92,19,48567.0
30,Male,Employed,Savings,98,3,33383,17,7,12,0,0.58,19,11127.67
43,Male,Self-employed,Current,156,3,66313,19,8,15,0,0.84,23,22104.33
33,Female,Unemployed,Current,97,4,68439,15,8,15,0,0.66,23,17109.75
35,Male,Unemployed,Savings,95,1,21848,12,11,9,1,0.7,20,21848.0
43,Male,Employed,Current,51,1,513002,16,7,9,0,0.69,16,513002.0
44,Male,Self-employed,Fixed Deposit,133,1,131433,12,7,10,0,0.92,17,131433.0
53,Female,Employed,Current,125,1,101907,16,7,3,0,0.78,10,101907.0
37,Male,Unemployed,Savings,84,2,363974,18,8,11,0,0.93,19,181987.0
24,Male,Self-employed,Savings,146,1,526323,13,7,10,1,0.77,17,526323.0
28,Female,Employed,Current,70,1,190362,16,6,5,0,0.82,11,190362.0
46,Male,Employed,Savings,13,1,195149,11,11,16,0,0.75,27,195149.0
37,Male,Employed,Fixed Deposit,86,4,591352,14,8,8,1,0.76,16,147838.0
24,Male,Employed,Savings,32,3,325856,9,8,10,0,0.74,18,108618.67
21,Female,Employed,Savings,31,1,103719,16,10,11,0,0.6,21,103719.0
37,Female,Employed,Savings,84,1,122842,13,6,10,1,0.9,16,122842.0
41,Female,Self-employed,Savings,120,1,3362,19,21,9,1,0.77,30,3362.0
20,Female,Employed,Fixed Deposit,52,3,83409,11,7,9,0,0.92,16,27803.0
25,Male,Employed,Savings,13,3,47267,12,3,10,0,0.96,13,15755.67
28,Male,Employed,Savings,148,1,196568,16,8,12,0,0.92,20,196568.0
34,Female,Unemployed,Savings,150,2,9467,13,8,15,0,0.57,23,4733.5
28,Female,Unemployed,Savings,149,4,302297,15,6,7,0,0.91,13,75574.25
40,Male,Employed,Savings,179,1,37617,16,11,12,0,0.86,23,37617.0
32,Male,Self-employed,Fixed Deposit,163,2,352784,17,8,10,0,0.5,18,176392.0
34,Female,Self-employed,Current,94,2,34893,9,8,12,0,0.9,20,17446.5
38,Female,Employed,Current,165,1,2876,15,9,10,1,0.57,19,2876.0
39,Male,Employed,Fixed Deposit,101,1,55065,15,13,8,0,0.52,21,55065.0
32,Female,Self-employed,Current,160,1,98539,12,1,17,0,0.56,18,98539.0
27,Male,Employed,Savings,70,3,354001,24,8,13,0,0.65,21,118000.33
35,Male,Self-employed,Savings,166,2,221463,17,6,12,0,0.64,18,110731.5
33,Female,Employed,Savings,121,1,81736,12,9,10,0,0.65,19,81736.0
42,Male,Employed,Current,14,2,42621,22,13,11,0,0.8,24,21310.5
50,Female,Employed,Fixed Deposit,63,1,78003,14,5,13,0,0.69,18,78003.0
31,Female,Employed,Savings,32,1,182865,15,8,10,0,0.61,18,182865.0
42,Male,Unemployed,Savings,46,4,98504,5,10,7,1,0.75,17,24626.0
52,Male,Employed,Fixed Deposit,45,2,91586,11,8,11,0,0.8,19,45793.0
38,Male,Employed,Fixed Deposit,163,2,599928,20,8,13,1,0.58,21,299964.0
23,Male,Employed,Savings,35,1,301899,17,7,11,0,0.96,18,301899.0
61,Female,Employed,Savings,103,3,27886,14,10,7,0,0.71,17,9295.33
29,Female,Employed,Current,108,4,8744,9,10,6,0,0.81,16,2186.0
21,Male,Employed,Savings,77,3,131619,11,9,9,0,0.99,18,43873.0
26,Male,Employed,Savings,134,1,18911,9,11,8,0,0.98,19,18911.0
24,Male,Employed,Savings,129,2,180893,12,6,8,0,0.7,14,90446.5
40,Male,Self-employed,Savings,78,3,187177,8,7,8,1,0.75,15,62392.33
51,Female,Self-employed,Current,49,1,505779,17,8,7,0,0.86,15,505779.0
18,Male,Employed,Savings,67,4,79130,11,10,15,1,0.68,25,19782.5
41,Female,Employed,Savings,14,4,178533,14,5,6,0,0.77,11,44633.25
30,Male,Employed,Current,169,2,241694,11,6,10,0,0.78,16,120847.0
18,Female,Employed,Savings,110,3,303551,17,6,14,0,0.52,20,101183.67
51,Male,Self-employed,Savings,143,1,176611,11,6,6,0,0.56,12,176611.0
32,Female,Employed,Savings,96,1,147540,21,3,9,1,0.73,12,147540.0
18,Male,Self-employed,Current,132,1,35909,16,5,7,0,0.75,12,35909.0
18,Female,Employed,Current,14,2,163877,18,9,8,0,1.0,17,81938.5
27,Female,Employed,Savings,122,3,288836,15,5,8,0,0.74,13,96278.67
40,Male,Self-employed,Savings,34,1,95512,20,8,9,1,0.91,17,95512.0
43,Female,Employed,Savings,146,1,27562,8,9,8,1,0.57,17,27562.0
18,Female,Self-employed,Savings,34,1,211118,20,7,12,0,0.71,19,211118.0
32,Male,Employed,Savings,159,1,41073,16,13,10,0,0.88,23,41073.0
37,Male,Employed,Savings,107,1,263990,17,8,11,0,0.78,19,263990.0
34,Male,Employed,Savings,44,1,41094,17,5,5,0,0.52,10,41094.0
39,Male,Employed,Savings,137,1,4570,12,6,10,0,0.68,16,4570.0
47,Female,Employed,Savings,82,1,159862,14,4,7,0,0.6,11,159862.0
33,Male,Employed,Current,121,1,139027,13,6,14,0,0.54,20,139027.0
31,Male,Employed,Savings,100,1,102321,13,11,5,1,0.94,16,102321.0
48,Female,Employed,Fixed Deposit,178,4,357216,20,8,3,0,0.57,11,89304.0
53,Male,Employed,Savings,75,2,63918,10,9,10,1,0.87,19,31959.0
32,Male,Self-employed,Savings,31,1,14078,17,10,7,1,0.82,17,14078.0
18,Male,Self-employed,Savings,111,3,71040,18,8,8,0,0.95,16,23680.0
46,Male,Employed,Savings,78,1,14701,7,7,11,0,0.96,18,14701.0
18,Male,Employed,Savings,153,3,7779,14,7,9,0,0.97,16,2593.0
30,Female,Employed,Savings,68,2,60355,12,6,9,0,0.9,15,30177.5
41,Female,Employed,Savings,164,2,39520,12,8,6,0,0.51,14,19760.0
44,Male,Employed,Savings,130,2,136654,17,12,18,0,0.85,30,68327.0
33,Male,Employed,Savings,56,2,66615,11,10,8,0,0.5,18,33307.5
35,Female,Employed,Savings,71,4,131260,10,4,9,0,0.9,13,32815.0
43,Female,Employed,Current,128,2,47382,18,9,6,0,0.94,15,23691.0
32,Female,Self-employed,Fixed Deposit,132,3,369415,12,6,10,0,0.76,16,123138.33
31,Male,Employed,Savings,132,3,53922,18,8,11,0,0.51,19,17974.0
23,Female,Self-employed,Current,168,2,70904,17,8,11,0,0.98,19,35452.0
27,Female,Self-employed,Current,137,2,39423,23,1,8,0,0.93,9,19711.5
53,Male,Employed,Savings,112,1,39342,20,10,14,0,0.95,24,39342.0
59,Male,Employed,Current,148,1,236773,18,6,10,0,0.53,16,236773.0
51,Male,Self-employed,Savings,178,1,24531,8,9,13,0,0.85,22,24531.0
46,Male,Employed,Current,163,2,244032,16,6,12,0,0.69,18,122016.0
30,Female,Employed,Savings,87,1,2072,11,11,4,0,0.75,15,2072.0
45,Female,Employed,Savings,88,4,206431,17,8,10,1,0.6,18,51607.75
18,Female,Employed,Savings,83,4,299693,16,10,11,0,0.51,21,74923.25
35,Male,Employed,Savings,37,2,129936,8,11,10,0,0.9,21,64968.0
45,Female,Employed,Savings,177,1,585125,16,8,9,0,0.67,17,585125.0
52,Male,Employed,Savings,101,3,61956,13,4,12,0,0.56,16,20652.0
24,Male,Self-employed,Savings,150,4,67060,24,10,11,1,0.73,21,16765.0
31,Male,Self-employed,Fixed Deposit,143,2,41512,13,7,10,0,0.95,17,20756.0
49,Female,Employed,Savings,129,1,429163,16,8,21,0,0.54,29,429163.0
28,Female,Self-employed,Savings,164,1,201528,22,7,12,1,0.72,19,201528.0
34,Female,Employed,Savings,111,2,4601,21,7,10,0,0.67,17,2300.5
31,Male,Employed,Current,34,2,208295,17,3,16,0,0.63,19,104147.5
44,Male,Self-employed,Current,137,2,44512,20,8,11,0,0.99,19,22256.0
36,Male,Unemployed,Current,74,2,88440,15,6,17,0,0.91,23,44220.0
36,Female,Employed,Fixed Deposit,79,1,240983,14,8,9,0,0.89,17,240983.0
29,Female,Employed,Savings,134,1,138108,19,8,8,0,0.79,16,138108.0
18,Male,Employed,Savings,49,2,118940,20,8,7,0,0.74,15,59470.0
32,Female,Employed,Savings,57,2,222255,9,9,8,2,0.85,17,111127.5
27,Female,Employed,Savings,148,1,282061,13,7,10,1,0.53,17,282061.0
29,Male,Employed,Current,172,1,106685,15,7,8,1,0.84,15,106685.0
37,Female,Employed,Savings,47,1,332553,13,7,6,0,0.96,13,332553.0
47,Male,Employed,Current,172,3,146073,15,10,5,0,0.91,15,48691.0
45,Female,Employed,Savings,132,4,588812,22,6,9,0,0.8,15,147203.0
36,Female,Self-employed,Current,30,1,95872,23,9,10,0,0.99,19,95872.0
25,Male,Self-employed,Savings,133,2,118932,14,12,9,0,0.59,21,59466.0
35,Female,Self-employed,Savings,75,3,118232,17,10,8,0,0.56,18,39410.67
38,Male,Employed,Savings,92,2,24961,9,11,9,0,0.91,20,12480.5
36,Female,Self-employed,Savings,179,1,309149,19,4,10,0,0.82,14,309149.0
41,Female,Employed,Current,67,1,17644,7,8,9,0,0.95,17,17644.0
20,Female,Employed,Savings,64,2,108577,14,6,12,0,0.96,18,54288.5
28,Female,Employed,Current,82,4,21905,13,5,8,0,0.68,13,5476.25
40,Female,Self-employed,Fixed Deposit,175,2,217803,18,3,4,0,0.84,7,108901.5
40,Female,Employed,Savings,80,2,327570,16,8,15,0,0.91,23,163785.0
35,Female,Employed,Current,38,1,37165,16,9,6,0,0.63,15,37165.0
25,Male,Self-employed,Savings,32,1,228013,18,7,8,1,0.76,15,228013.0
45,Male,Self-employed,Fixed Deposit,28,4,555735,13,12,11,0,0.79,23,138933.75
36,Female,Employed,Fixed Deposit,101,4,96906,11,7,11,0,0.8,18,24226.5
56,Female,Employed,Current,45,2,33122,9,8,9,0,0.8,17,16561.0
45,Female,Employed,Savings,172,2,21859,16,3,10,1,0.89,13,10929.5
24,Female,Employed,Current,174,3,659181,12,6,10,0,0.64,16,219727.0
25,Male,Employed,Savings,33,3,350174,14,12,12,1,0.78,24,116724.67
30,Female,Self-employed,Savings,108,2,205203,16,4,12,0,0.52,16,102601.5
34,Female,Employed,Savings,145,1,245101,18,5,10,0,0.61,15,245101.0
27,Female,Unemployed,Fixed Deposit,101,2,636187,19,11,6,0,0.91,17,318093.5
33,Female,Employed,Savings,19,2,153549,21,9,9,0,0.51,18,76774.5
34,Female,Self-employed,Savings,176,4,193400,13,12,11,0,0.69,23,48350.0
53,Female,Employed,Savings,68,2,47011,11,16,7,0,0.64,23,23505.5
21,Male,Self-employed,Fixed Deposit,21,2,104639,16,5,15,0,0.75,20,52319.5
38,Male,Employed,Current,67,3,111954,16,7,10,1,0.72,17,37318.0
39,Male,Employed,Current,154,1,48627,12,5,12,0,0.71,17,48627.0
36,Male,Employed,Current,71,4,74943,15,9,9,0,0.64,18,18735.75
29,Male,Employed,Current,124,1,160744,17,9,9,1,0.53,18,160744.0
18,Male,Self-employed,Savings,52,3,267964,17,7,9,0,0.98,16,89321.33
23,Male,Self-employed,Fixed Deposit,59,1,81846,14,8,9,0,0.74,17,81846.0
31,Female,Employed,Current,177,2,182028,14,7,4,0,0.75,11,91014.0
26,Male,Self-employed,Savings,60,2,21284,18,5,5,0,0.76,10,10642.0
31,Male,Employed,Current,59,3,1941,11,8,10,0,0.77,18,647.0
21,Male,Employed,Fixed Deposit,175,1,51572,14,9,9,0,0.99,18,51572.0
34,Female,Self-employed,Current,50,1,161355,17,5,12,0,0.57,17,161355.0
57,Female,Self-employed,Savings,14,1,30132,24,7,18,0,0.57,25,30132.0
50,Male,Employed,Current,132,2,60532,15,8,9,0,0.82,17,30266.0
20,Male,Employed,Current,174,3,73691,13,6,13,0,0.9,19,24563.67
24,Male,Employed,Savings,146,2,146772,13,9,9,0,0.74,18,73386.0
47,Male,Employed,Current,74,4,46482,23,4,11,0,0.89,15,11620.5
32,Male,Self-employed,Fixed Deposit,79,2,240331,14,10,11,0,0.65,21,120165.5
27,Female,Employed,Savings,30,2,31048,17,5,13,0,0.73,18,15524.0
43,Male,Self-employed,Fixed Deposit,68,1,115720,13,9,7,0,0.54,16,115720.0
39,Female,Self-employed,Savings,124,1,3302,12,11,14,0,0.63,25,3302.0
38,Male,Self-employed,Savings,179,3,8972,11,5,12,0,0.85,17,2990.67
19,Female,Self-employed,Current,103,2,98334,7,11,11,0,0.55,22,49167.0
18,Male,Self-employed,Current,43,3,155271,22,12,9,0,0.58,21,51757.0
38,Female,Employed,Current,100,1,260075,11,8,7,0,0.64,15,260075.0
19,Male,Employed,Savings,64,1,15685,11,8,8,0,0.6,16,15685.0
35,Male,Unemployed,Current,136,1,110006,16,6,10,1,0.73,16,110006.0
48,Male,Employed,Savings,175,4,71227,15,9,6,0,0.8,15,17806.75
23,Female,Employed,Savings,43,1,34211,18,6,12,0,0.75,18,34211.0
59,Female,Employed,Current,171,1,262528,21,14,14,0,0.88,28,262528.0
18,Male,Employed,Savings,78,1,13108,20,12,7,0,0.73,19,13108.0
39,Female,Self-employed,Savings,101,1,16360,14,6,14,0,0.94,20,16360.0
44,Female,Employed,Current,38,3,35508,12,9,5,0,0.78,14,11836.0
40,Male,Self-employed,Current,161,1,208273,15,8,8,1,0.69,16,208273.0
39,Male,Self-employed,Savings,165,1,34041,12,14,11,0,0.51,25,34041.0
39,Female,Employed,Fixed Deposit,137,2,157777,12,9,12,0,0.84,21,78888.5
27,Male,Employed,Fixed Deposit,176,2,854269,17,11,13,0,0.74,24,427134.5
43,Female,Employed,Savings,129,1,271683,20,7,14,0,0.56,21,271683.0
18,Female,Self-employed,Current,32,3,24580,17,6,17,1,0.63,23,8193.33
44,Male,Self-employed,Savings,61,2,78183,15,11,7,0,0.57,18,39091.5
29,Female,Employed,Current,84,2,89354,16,5,9,0,0.83,14,44677.0
41,Female,Self-employed,Savings,146,3,64101,21,8,9,1,0.84,17,21367.0
27,Male,Self-employed,Savings,121,4,498991,21,9,11,0,0.52,20,124747.75
41,Female,Self-employed,Current,172,3,391510,10,9,7,1,0.66,16,130503.33
37,Male,Employed,Savings,132,3,3452,19,6,9,0,0.66,15,1150.67
44,Male,Self-employed,Savings,53,1,66226,12,9,11,1,0.52,20,66226.0
34,Female,Employed,Savings,120,3,50154,19,7,13,0,0.81,20,16718.0
21,Male,Employed,Savings,142,1,187029,13,9,9,0,0.97,18,187029.0
36,Male,Employed,Savings,71,1,389990,13,9,11,0,0.86,20,389990.0
40,Male,Unemployed,Current,24,3,641230,14,8,8,0,0.93,16,213743.33
27,Female,Employed,Current,59,1,125471,15,7,9,0,0.89,16,125471.0
37,Male,Employed,Savings,58,3,43726,10,5,12,0,0.95,17,14575.33
19,Male,Employed,Current,144,2,126955,15,7,13,0,0.66,20,63477.5
48,Female,Employed,Savings,114,2,11591,10,5,14,0,0.57,19,5795.5
44,Female,Unemployed,Fixed Deposit,168,2,16130,10,9,9,0,0.72,18,8065.0
45,Female,Self-employed,Savings,37,1,129951,18,12,11,0,0.67,23,129951.0
44,Male,Employed,Fixed Deposit,98,3,110741,12,9,6,0,0.98,15,36913.67
31,Male,Self-employed,Current,142,1,439145,12,3,12,1,0.65,15,439145.0
32,Female,Self-employed,Current,60,3,46971,15,4,9,0,0.86,13,15657.0
41,Female,Employed,Current,140,2,113482,12,10,10,1,0.51,20,56741.0
46,Male,Employed,Savings,69,1,32275,20,8,6,1,0.81,14,32275.0
32,Male,Employed,Current,135,1,106545,14,9,13,0,0.65,22,106545.0
31,Female,Employed,Savings,51,3,138697,12,5,19,0,0.89,24,46232.33
47,Male,Self-employed,Savings,30,1,274682,16,9,7,0,0.91,16,274682.0
34,Female,Self-employed,Savings,79,3,163332,20,6,7,0,0.55,13,54444.0
30,Female,Employed,Savings,89,4,4188,12,7,5,0,0.96,12,1047.0
41,Male,Employed,Fixed Deposit,114,2,22575,12,5,8,0,0.85,13,11287.5
27,Female,Self-employed,Savings,145,1,86779,18,11,13,0,0.53,24,86779.0
27,Female,Self-employed,Savings,135,1,73604,16,13,5,0,0.81,18,73604.0
24,Female,Employed,Current,43,1,345493,15,8,10,0,0.54,18,345493.0
31,Male,Employed,Fixed Deposit,144,2,138085,15,9,8,1,0.86,17,69042.5
35,Female,Self-employed,Fixed Deposit,154,1,178926,18,5,12,0,0.91,17,178926.0
21,Female,Employed,Fixed Deposit,58,2,2211,15,6,7,1,0.77,13,1105.5
34,Male,Self-employed,Savings,75,1,97650,17,10,12,0,0.61,22,97650.0
35,Male,Employed,Current,45,3,192702,17,8,10,0,0.9,18,64234.0
41,Male,Employed,Fixed Deposit,21,1,10401,19,7,15,0,0.93,22,10401.0
43,Male,Employed,Fixed Deposit,123,1,292236,12,9,14,0,0.8,23,292236.0
35,Female,Self-employed,Savings,35,1,5544,15,10,9,1,0.75,19,5544.0
22,Male,Employed,Savings,59,2,138115,17,9,11,0,0.69,20,69057.5
25,Male,Employed,Current,138,1,79637,17,12,9,1,0.61,21,79637.0
38,Male,Employed,Current,156,3,1547,10,4,9,0,0.92,13,515.67
29,Female,Self-employed,Fixed Deposit,179,3,7053,10,7,9,0,0.56,16,2351.0
61,Male,Employed,Savings,28,1,125586,11,7,11,1,0.93,18,125586.0
32,Female,Employed,Savings,147,4,6830,18,7,16,0,0.82,23,1707.5
30,Male,Self-employed,Savings,50,1,137235,11,7,10,1,0.97,17,137235.0
41,Male,Employed,Savings,119,1,120564,12,9,8,1,0.85,17,120564.0
44,Female,Employed,Savings,104,1,77683,10,11,11,0,0.65,22,77683.0
18,Female,Employed,Fixed Deposit,32,1,202371,18,6,15,0,0.52,21,202371.0
40,Female,Self-employed,Current,75,4,33556,13,9,15,1,0.62,24,8389.0
48,Male,Employed,Savings,15,2,25281,13,11,12,0,0.63,23,12640.5
26,Female,Employed,Current,61,3,78674,20,6,8,0,0.93,14,26224.67
27,Female,Employed,Savings,116,1,183312,12,8,13,0,0.84,21,183312.0
37,Male,Self-employed,Savings,118,2,199916,16,10,8,0,0.92,18,99958.0
31,Male,Employed,Savings,69,4,64031,12,9,11,0,0.84,20,16007.75
39,Male,Employed,Fixed Deposit,136,1,531108,7,5,14,0,0.92,19,531108.0
34,Male,Self-employed,Savings,172,4,477057,18,4,7,0,0.79,11,119264.25
53,Female,Self-employed,Current,167,4,150252,17,5,12,0,0.79,17,37563.0
55,Female,Self-employed,Savings,19,2,13693,15,9,8,0,0.91,17,6846.5
34,Female,Self-employed,Savings,153,3,34399,16,5,11,0,0.58,16,11466.33
28,Male,Employed,Current,109,1,89959,15,7,14,0,0.87,21,89959.0
53,Male,Self-employed,Current,94,1,26185,23,13,12,0,0.68,25,26185.0
18,Male,Employed,Savings,110,1,428107,16,6,14,3,0.65,20,428107.0
34,Female,Unemployed,Savings,128,2,13739,14,4,8,1,0.77,12,6869.5
40,Female,Employed,Savings,113,1,238533,14,11,7,1,0.85,18,238533.0
27,Female,Employed,Savings,128,1,39243,13,11,7,1,0.79,18,39243.0
18,Female,Employed,Current,69,2,51481,14,13,6,0,0.83,19,25740.5
29,Male,Self-employed,Current,147,1,37587,14,13,11,0,0.95,24,37587.0
31,Female,Employed,Savings,125,1,30643,8,4,10,0,0.8,14,30643.0
19,Male,Employed,Savings,30,2,12814,17,10,8,0,0.86,18,6407.0
51,Male,Self-employed,Savings,158,2,10196,23,11,8,0,0.63,19,5098.0
49,Male,Employed,Savings,134,1,55884,22,7,12,1,0.62,19,55884.0
47,Male,Employed,Savings,44,1,416680,25,6,21,0,0.66,27,416680.0
30,Female,Employed,Savings,59,1,40417,11,4,14,0,0.84,18,40417.0
29,Female,Self-employed,Current,129,3,54547,15,10,8,0,0.68,18,18182.33
26,Female,Self-employed,Fixed Deposit,76,3,170640,20,10,12,0,0.79,22,56880.0
31,Male,Self-employed,Savings,95,3,59611,12,7,6,0,0.93,13,19870.33
35,Male,Employed,Current,97,1,23421,19,9,5,0,0.69,14,23421.0
46,Female,Self-employed,Savings,32,1,241224,16,12,17,1,0.9,29,241224.0
23,Male,Employed,Savings,111,1,3495,19,13,12,0,0.77,25,3495.0
31,Male,Self-employed,Fixed Deposit,59,2,256418,14,7,6,0,0.86,13,128209.0
18,Female,Self-employed,Savings,115,2,115227,18,5,14,0,0.88,19,57613.5
18,Female,Employed,Savings,78,2,151493,20,8,10,1,0.76,18,75746.5
44,Male,Employed,Fixed Deposit,76,4,415731,14,11,11,0,0.79,22,103932.75
55,Male,Self-employed,Fixed Deposit,59,2,7970,15,10,12,2,0.85,22,3985.0
31,Male,Employed,Fixed Deposit,85,3,268743,13,9,14,0,0.56,23,89581.0
34,Male,Self-employed,Savings,39,3,11330,16,12,11,0,0.88,23,3776.67
44,Female,Employed,Savings,99,2,88006,14,8,9,0,0.98,17,44003.0
34,Male,Employed,Savings,97,4,308886,19,8,9,0,0.85,17,77221.5
18,Female,Employed,Savings,16,1,188253,18,6,14,0,0.78,20,188253.0
58,Male,Employed,Current,24,2,123727,11,8,8,1,0.97,16,61863.5
34,Female,Employed,Fixed Deposit,134,2,24527,20,14,10,0,0.94,24,12263.5
45,Male,Employed,Current,159,2,37548,19,7,13,0,0.72,20,18774.0
32,Male,Unemployed,Savings,79,1,57780,14,6,12,0,0.95,18,57780.0
29,Male,Employed,Current,73,3,31953,12,6,13,0,0.82,19,10651.0
39,Male,Employed,Savings,80,1,81358,11,7,9,0,0.69,16,81358.0
30,Female,Employed,Current,49,4,6108,13,6,16,0,0.77,22,1527.0
31,Female,Employed,Savings,120,3,607625,15,7,9,1,0.77,16,202541.67
43,Male,Employed,Savings,51,3,275217,21,9,11,0,0.84,20,91739.0
32,Female,Self-employed,Savings,163,3,35061,14,10,8,0,0.97,18,11687.0
20,Male,Employed,Current,125,3,221836,12,14,10,0,0.76,24,73945.33
21,Female,Unemployed,Savings,80,1,75641,24,8,11,0,0.53,19,75641.0
18,Male,Self-employed,Savings,129,2,6574,12,7,9,0,0.54,16,3287.0
47,Female,Unemployed,Savings,75,1,219548,16,5,10,0,0.98,15,219548.0
34,Male,Self-employed,Fixed Deposit,101,3,161885,14,10,12,0,0.69,22,53961.67
22,Male,Employed,Fixed Deposit,115,1,35711,19,6,12,0,0.77,18,35711.0
36,Female,Self-employed,Savings,173,3,165817,12,6,20,0,0.55,26,55272.33
28,Female,Employed,Current,130,1,103263,18,4,13,1,0.55,17,103263.0
37,Female,Employed,Savings,81,1,92305,16,11,7,0,0.5,18,92305.0
25,Male,Employed,Current,34,1,215011,16,10,7,0,0.53,17,215011.0
58,Male,Employed,Savings,15,2,437997,6,9,10,0,0.93,19,218998.5
32,Male,Employed,Savings,122,4,8881,18,12,12,0,0.99,24,2220.25
38,Male,Self-employed,Savings,128,3,12332,18,6,11,0,0.66,17,4110.67
42,Male,Employed,Savings,170,1,191815,11,6,6,0,0.79,12,191815.0
37,Male,Employed,Savings,27,1,49736,11,9,12,0,0.94,21,49736.0
48,Male,Self-employed,Savings,115,3,245188,12,11,16,0,0.62,27,81729.33
41,Female,Employed,Savings,168,1,37895,13,6,5,0,0.54,11,37895.0
43,Female,Self-employed,Savings,155,2,143323,9,10,5,0,0.77,15,71661.5
18,Female,Employed,Current,93,1,72651,10,9,12,0,0.52,21,72651.0
55,Male,Employed,Fixed Deposit,28,2,392250,16,9,9,1,0.86,18,196125.0
31,Female,Self-employed,Fixed Deposit,124,3,142162,14,6,8,0,0.69,14,47387.33
20,Female,Employed,Savings,117,2,120218,13,3,8,0,0.94,11,60109.0
44,Male,Unemployed,Current,168,3,134654,16,10,11,0,0.98,21,44884.67
34,Female,Unemployed,Savings,90,1,500,19,6,12,1,0.65,18,500.0
21,Female,Self-employed,Savings,76,1,241025,22,6,5,0,0.83,11,241025.0
24,Female,Self-employed,Savings,162,2,57086,14,9,10,0,0.92,19,28543.0
57,Female,Employed,Current,75,3,75153,9,5,8,0,0.52,13,25051.0
48,Male,Unemployed,Savings,171,1,129624,10,6,16,0,0.64,22,129624.0
35,Male,Employed,Fixed Deposit,176,1,346638,20,8,9,0,0.95,17,346638.0
47,Male,Employed,Savings,134,1,64048,15,9,7,0,0.8,16,64048.0
50,Male,Self-employed,Current,115,2,37969,7,3,9,0,0.99,12,18984.5
21,Male,Employed,Savings,92,3,21515,21,6,6,0,0.56,12,7171.67
44,Male,Employed,Current,54,1,138631,20,4,10,1,0.6,14,138631.0
30,Female,Employed,Current,142,2,154275,19,10,8,0,0.91,18,77137.5
36,Female,Employed,Savings,140,2,159823,16,14,5,0,0.51,19,79911.5
42,Female,Employed,Savings,99,2,26399,19,6,8,0,0.98,14,13199.5
34,Male,Self-employed,Current,174,1,133123,23,10,4,0,0.7,14,133123.0
43,Female,Self-employed,Savings,104,1,26529,10,12,7,1,0.6,19,26529.0
22,Female,Self-employed,Current,88,1,121093,15,9,12,0,0.7,21,121093.0
38,Female,Self-employed,Savings,137,1,43886,14,10,9,1,0.95,19,43886.0
50,Female,Unemployed,Fixed Deposit,148,4,21193,18,10,11,0,0.75,21,5298.25
23,Female,Employed,Savings,44,3,42094,16,12,10,0,0.96,22,14031.33
37,Male,Self-employed,Fixed Deposit,71,1,670218,18,8,8,0,0.72,16,670218.0
29,Male,Employed,Savings,20,4,27486,14,7,9,0,0.79,16,6871.5
19,Female,Employed,Current,111,1,6155,19,7,13,0,0.64,20,6155.0
22,Male,Employed,Savings,22,2,116072,14,1,5,0,0.68,6,58036.0
44,Male,Employed,Savings,87,3,91235,16,7,7,1,0.71,14,30411.67
24,Male,Employed,Savings,79,1,186853,4,10,10,0,0.65,20,186853.0
39,Male,Employed,Current,97,2,7850,13,3,9,1,0.9,12,3925.0
42,Female,Self-employed,Savings,56,1,78855,16,4,10,0,0.54,14,78855.0
42,Male,Employed,Savings,108,3,23304,14,6,9,0,0.93,15,7768.0
28,Female,Employed,Savings,163,1,407244,14,7,18,0,0.98,25,407244.0
44,Female,Employed,Savings,155,4,33015,10,9,8,0,0.57,17,8253.75
36,Female,Unemployed,Current,32,3,191409,11,7,16,0,0.87,23,63803.0
41,Male,Unemployed,Savings,28,1,48762,17,11,13,0,0.52,24,48762.0
24,Female,Self-employed,Current,143,4,292766,21,4,12,0,0.92,16,73191.5
50,Male,Employed,Savings,131,1,152608,18,7,11,0,0.99,18,152608.0
40,Male,Employed,Savings,49,3,304045,21,9,10,0,0.74,19,101348.33
45,Male,Employed,Savings,92,2,384899,13,3,10,0,0.62,13,192449.5
18,Female,Self-employed,Savings,55,2,240952,16,9,14,1,0.66,23,120476.0
26,Male,Employed,Savings,158,2,51662,13,10,10,0,0.95,20,25831.0
46,Male,Self-employed,Current,13,2,182570,19,6,17,1,0.63,23,91285.0
30,Male,Employed,Savings,85,1,61034,12,8,12,0,0.97,20,61034.0
35,Male,Self-employed,Savings,114,4,33874,16,8,13,1,0.75,21,8468.5
30,Female,Employed,Savings,171,1,52396,18,12,7,0,0.59,19,52396.0
34,Female,Unemployed,Savings,111,2,130366,10,7,19,0,0.84,26,65183.0
52,Male,Employed,Savings,95,2,39699,18,7,6,0,0.7,13,19849.5
18,Female,Self-employed,Savings,91,1,256045,13,8,5,1,0.98,13,256045.0
32,Female,Self-employed,Savings,158,1,243967,17,5,10,1,0.82,15,243967.0
33,Female,Self-employed,Savings,147,2,42933,11,6,13,0,0.9,19,21466.5
36,Female,Employed,Current,63,1,106244,10,4,17,0,0.6,21,106244.0
43,Male,Self-employed,Savings,89,1,448314,18,8,7,0,0.8,15,448314.0
18,Male,Employed,Fixed Deposit,107,1,53043,13,6,12,0,0.59,18,53043.0
23,Female,Self-employed,Current,64,1,107685,19,9,9,0,0.9,18,107685.0
28,Male,Employed,Savings,17,1,30299,19,8,11,0,0.83,19,30299.0
32,Female,Self-employed,Savings,13,1,12745,12,6,11,0,0.96,17,12745.0
33,Male,Employed,Savings,89,3,79551,12,14,14,0,0.74,28,26517.0
40,Female,Employed,Fixed Deposit,178,1,83820,10,6,24,0,0.81,30,83820.0
29,Male,Employed,Current,36,2,88142,17,4,6,1,0.64,10,44071.0
45,Male,Employed,Current,45,1,23734,14,16,14,0,0.53,30,23734.0
26,Male,Employed,Current,78,1,127222,16,5,5,0,0.69,10,127222.0
44,Female,Employed,Current,69,1,92715,9,9,10,0,0.97,19,92715.0
46,Male,Employed,Savings,148,3,215716,16,4,9,0,0.65,13,71905.33
36,Female,Employed,Current,137,1,133615,15,5,12,0,0.55,17,133615.0
18,Male,Employed,Savings,163,2,675881,14,9,6,0,0.76,15,337940.5
40,Male,Self-employed,Savings,82,1,339344,19,5,12,0,0.72,17,339344.0
42,Female,Self-employed,Savings,56,1,207268,19,12,9,0,0.7,21,207268.0
38,Male,Employed,Savings,174,1,489505,17,12,10,0,0.96,22,489505.0
30,Female,Employed,Current,168,1,118211,10,21,9,0,0.81,30,118211.0
24,Male,Employed,Current,20,1,125167,18,10,19,0,0.71,29,125167.0
34,Female,Employed,Current,172,2,355222,18,8,10,0,0.89,18,177611.0
39,Female,Employed,Current,150,3,67519,11,8,7,0,0.52,15,22506.33
31,Female,Employed,Fixed Deposit,62,1,273334,19,14,11,0,0.82,25,273334.0
44,Male,Self-employed,Savings,160,3,158550,12,9,8,0,0.83,17,52850.0
47,Male,Self-employed,Savings,47,4,107190,16,3,13,0,0.76,16,26797.5
30,Male,Self-employed,Savings,68,4,1892,15,8,13,0,0.61,21,473.0
37,Male,Employed,Current,84,1,115493,13,7,14,0,0.54,21,115493.0
29,Female,Self-employed,Current,174,2,89285,11,8,6,0,0.51,14,44642.5
18,Female,Employed,Savings,177,2,86998,9,7,11,0,0.99,18,43499.0
35,Female,Self-employed,Savings,128,1,67117,13,8,5,0,0.61,13,67117.0
21,Male,Self-employed,Savings,83,1,147734,18,9,10,0,0.76,19,147734.0
27,Male,Employed,Fixed Deposit,148,1,240219,15,4,9,0,0.86,13,240219.0
35,Female,Unemployed,Current,138,2,68593,14,7,7,0,0.7,14,34296.5
32,Male,Employed,Savings,154,4,315114,6,7,8,0,0.77,15,78778.5
38,Female,Employed,Savings,115,2,126682,16,4,17,0,0.56,21,63341.0
49,Female,Self-employed,Savings,163,1,361790,17,3,13,0,0.56,16,361790.0
21,Male,Employed,Savings,13,3,461667,12,7,6,0,0.52,13,153889.0
25,Male,Employed,Current,114,1,25791,17,6,6,0,0.9,12,25791.0
37,Male,Employed,Savings,115,3,25557,14,5,10,0,0.97,15,8519.0
38,Female,Self-employed,Current,103,2,32612,17,11,5,0,0.73,16,16306.0
33,Female,Employed,Savings,39,2,57539,13,6,12,0,0.66,18,28769.5
34,Female,Self-employed,Savings,67,2,52267,16,14,5,0,0.93,19,26133.5
24,Male,Self-employed,Savings,164,2,168470,15,19,10,0,0.86,29,84235.0
22,Female,Self-employed,Fixed Deposit,57,4,3267,14,9,10,0,0.71,19,816.75
37,Male,Employed,Savings,160,3,173716,15,9,11,0,0.63,20,57905.33
36,Female,Self-employed,Savings,71,3,222420,20,9,4,0,0.52,13,74140.0
27,Female,Employed,Savings,78,1,16898,10,11,12,0,0.51,23,16898.0
37,Female,Employed,Current,136,1,47883,21,13,12,0,0.78,25,47883.0
54,Female,Employed,Current,116,1,290724,20,7,11,0,0.51,18,290724.0
19,Male,Self-employed,Savings,87,4,225230,14,7,10,0,0.87,17,56307.5
52,Male,Self-employed,Current,66,3,212626,23,10,11,0,0.68,21,70875.33
37,Male,Employed,Savings,130,3,71981,14,9,6,0,0.59,15,23993.67
41,Male,Employed,Savings,159,1,280881,7,8,15,0,0.72,23,280881.0
34,Male,Self-employed,Savings,88,1,13100,13,6,9,0,0.6,15,13100.0
29,Male,Employed,Savings,51,3,96150,11,9,11,0,0.82,20,32050.0
25,Female,Employed,Savings,147,2,97172,13,7,9,0,0.67,16,48586.0
31,Male,Employed,Savings,63,3,396288,16,2,8,0,0.95,10,132096.0
37,Male,Self-employed,Savings,127,1,296830,12,3,13,0,0.95,16,296830.0
36,Female,Employed,Savings,39,3,15544,15,14,16,0,0.55,30,5181.33
50,Female,Self-employed,Savings,103,3,364846,19,19,9,0,0.62,28,121615.33
18,Female,Self-employed,Savings,86,4,183190,18,7,8,1,0.84,15,45797.5
40,Male,Employed,Savings,86,1,15344,10,4,12,0,0.89,16,15344.0
45,Female,Unemployed,Current,62,3,49522,9,6,7,0,0.84,13,16507.33
44,Male,Self-employed,Current,146,1,100654,15,10,14,0,0.88,24,100654.0
44,Female,Self-employed,Fixed Deposit,72,2,77759,20,10,7,0,0.62,17,38879.5
33,Female,Self-employed,Savings,35,3,29413,13,12,12,0,0.96,24,9804.33
29,Male,Self-employed,Savings,176,1,37175,13,7,11,0,0.7,18,37175.0
39,Male,Employed,Fixed Deposit,138,1,87517,15,3,13,0,0.62,16,87517.0
41,Male,Employed,Savings,29,1,19128,18,8,11,0,0.64,19,19128.0
30,Male,Self-employed,Savings,169,1,7024,19,12,4,0,0.82,16,7024.0
44,Female,Self-employed,Savings,164,2,362204,14,13,13,0,0.93,26,181102.0
42,Female,Employed,Savings,67,1,133863,8,6,13,0,0.7,19,133863.0
35,Female,Employed,Fixed Deposit,149,1,21212,19,5,9,0,0.71,14,21212.0
25,Female,Self-employed,Savings,162,1,103521,11,7,12,0,0.94,19,103521.0
42,Female,Employed,Savings,149,3,270654,18,7,13,0,0.64,20,90218.0
40,Female,Employed,Savings,51,1,13858,24,8,10,0,0.67,18,13858.0
42,Male,Employed,Savings,163,1,93075,12,4,11,1,0.91,15,93075.0
35,Male,Employed,Fixed Deposit,105,1,38494,12,9,8,0,0.87,17,38494.0
19,Female,Employed,Fixed Deposit,78,1,98394,16,8,10,0,0.93,18,98394.0
53,Male,Unemployed,Savings,30,1,89844,13,16,17,0,0.57,33,89844.0
24,Male,Employed,Savings,42,1,64026,18,7,11,0,0.63,18,64026.0
28,Female,Self-employed,Fixed Deposit,28,3,58172,13,7,7,1,0.96,14,19390.67
30,Female,Employed,Savings,16,1,52954,15,3,17,3,0.78,20,52954.0
35,Female,Employed,Savings,104,2,233886,19,9,12,0,0.95,21,116943.0
41,Female,Employed,Current,152,1,13490,14,5,12,0,0.87,17,13490.0
29,Female,Self-employed,Savings,34,1,45551,12,8,4,1,0.54,12,45551.0
41,Male,Employed,Fixed Deposit,118,1,149783,9,10,14,0,0.59,24,149783.0
49,Female,Employed,Savings,131,1,107656,10,5,11,0,0.87,16,107656.0
44,Female,Unemployed,Savings,94,2,98711,10,11,14,0,0.56,25,49355.5
18,Female,Unemployed,Savings,149,2,98155,21,4,6,0,0.55,10,49077.5
41,Female,Employed,Fixed Deposit,26,2,172314,15,8,7,0,0.57,15,86157.0
49,Male,Employed,Savings,80,2,59060,14,2,7,1,0.55,9,29530.0
31,Male,Self-employed,Fixed Deposit,61,1,424610,15,9,8,0,0.89,17,424610.0
40,Male,Employed,Savings,71,2,47792,13,5,12,0,0.66,17,23896.0
46,Female,Employed,Current,36,1,172824,18,6,7,0,0.73,13,172824.0
42,Female,Employed,Fixed Deposit,161,1,422704,12,12,10,0,0.75,22,422704.0
36,Male,Employed,Savings,161,2,237968,10,3,3,0,0.58,6,118984.0
55,Male,Unemployed,Savings,128,1,223439,11,8,13,0,0.85,21,223439.0
37,Female,Employed,Current,149,1,2706,15,10,10,1,0.84,20,2706.0
35,Male,Employed,Current,25,1,522405,15,9,9,1,0.83,18,522405.0
40,Female,Unemployed,Savings,55,1,235209,19,7,10,0,0.63,17,235209.0
44,Male,Employed,Savings,104,1,32312,20,8,8,0,0.86,16,32312.0
30,Male,Employed,Current,67,4,111280,19,9,4,0,0.83,13,27820.0
28,Male,Employed,Current,60,3,76147,13,10,8,1,0.93,18,25382.33
49,Female,Self-employed,Fixed Deposit,113,3,193362,18,3,7,0,0.84,10,64454.0
31,Female,Self-employed,Savings,34,1,112080,9,8,11,0,0.62,19,112080.0
23,Male,Self-employed,Current,25,3,568153,14,12,5,1,0.55,17,189384.33
29,Female,Self-employed,Savings,135,2,188612,12,8,10,0,0.75,18,94306.0
47,Female,Employed,Current,90,2,161433,10,12,9,0,0.67,21,80716.5
30,Male,Self-employed,Savings,114,1,79620,17,11,5,0,0.84,16,79620.0
53,Female,Self-employed,Savings,121,4,223279,23,11,10,0,0.52,21,55819.75
22,Female,Self-employed,Fixed Deposit,84,2,106457,12,6,13,0,0.63,19,53228.5
55,Female,Self-employed,Current,42,1,123175,13,2,9,0,0.7,11,123175.0
34,Female,Employed,Savings,90,3,77407,9,5,6,1,0.57,11,25802.33
30,Female,Unemployed,Fixed Deposit,49,2,70335,23,10,12,1,0.6,22,35167.5
47,Male,Employed,Savings,46,3,151765,12,7,3,0,0.84,10,50588.33
39,Female,Employed,Current,22,2,116464,16,8,16,0,0.54,24,58232.0
32,Male,Self-employed,Savings,27,4,889576,19,3,11,0,0.64,14,222394.0
20,Male,Self-employed,Savings,167,2,19961,13,14,11,0,0.86,25,9980.5
34,Male,Unemployed,Current,119,2,267315,12,5,7,1,0.56,12,133657.5
36,Male,Employed,Fixed Deposit,31,1,173082,8,8,9,1,0.7,17,173082.0
41,Female,Employed,Savings,138,1,37331,22,5,11,0,0.53,16,37331.0
34,Male,Self-employed,Savings,91,2,134433,22,9,8,0,0.89,17,67216.5
18,Male,Self-employed,Current,87,2,227313,15,6,7,0,0.78,13,113656.5
34,Male,Self-employed,Current,74,1,207038,20,9,9,1,0.62,18,207038.0
47,Female,Employed,Savings,56,2,144377,11,10,16,1,0.92,26,72188.5
48,Male,Employed,Current,73,3,55229,9,11,7,0,0.53,18,18409.67
48,Male,Unemployed,Savings,88,1,76811,15,12,12,1,0.79,24,76811.0
35,Female,Employed,Savings,86,1,16281,18,3,4,0,0.85,7,16281.0
35,Female,Self-employed,Savings,96,1,63105,19,5,6,0,0.59,11,63105.0
39,Female,Employed,Current,93,2,121412,21,10,17,0,0.94,27,60706.0
27,Female,Employed,Savings,169,2,12884,15,8,11,0,0.71,19,6442.0
40,Female,Unemployed,Savings,102,2,326017,25,6,12,0,0.67,18,163008.5
51,Male,Employed,Savings,52,1,52697,16,10,14,0,0.62,24,52697.0
24,Female,Self-employed,Current,162,1,105351,15,9,11,0,0.89,20,105351.0
40,Male,Employed,Savings,49,2,268443,18,6,11,1,0.9,17,134221.5
43,Female,Employed,Savings,163,2,12770,17,5,7,0,0.81,12,6385.0
46,Male,Employed,Current,86,2,82917,19,7,8,1,0.6,15,41458.5
24,Female,Employed,Savings,131,1,122206,12,6,6,0,0.98,12,122206.0
41,Male,Employed,Savings,121,1,122682,12,8,9,0,0.67,17,122682.0
40,Male,Self-employed,Current,66,1,142232,13,6,7,0,0.7,13,142232.0
30,Female,Employed,Savings,127,1,38163,10,8,7,0,0.57,15,38163.0
40,Female,Employed,Savings,136,1,26301,17,11,15,0,0.61,26,26301.0
23,Female,Employed,Fixed Deposit,81,3,123092,15,5,10,0,0.56,15,41030.67
18,Male,Employed,Savings,175,2,45214,14,9,15,0,0.71,24,22607.0
36,Male,Employed,Savings,19,2,69617,14,13,3,0,0.66,16,34808.5
24,Female,Employed,Current,82,3,268758,21,6,7,0,0.76,13,89586.0
39,Female,Self-employed,Savings,46,1,24131,13,11,7,0,0.84,18,24131.0
34,Male,Unemployed,Savings,129,1,11390,18,9,14,0,0.53,23,11390.0
47,Male,Employed,Current,127,3,129377,14,6,6,0,0.75,12,43125.67
18,Male,Self-employed,Savings,164,1,20398,11,7,14,0,0.78,21,20398.0
25,Female,Employed,Savings,118,3,73878,18,10,14,0,0.8,24,24626.0
41,Male,Employed,Savings,111,3,10176,11,6,9,0,0.76,15,3392.0
32,Female,Self-employed,Savings,161,1,245624,19,7,12,0,0.66,19,245624.0
48,Female,Self-employed,Current,20,2,126912,8,5,8,0,0.67,13,63456.0
43,Female,Employed,Savings,44,1,72093,14,6,16,1,0.89,22,72093.0
38,Female,Self-employed,Savings,114,1,11949,6,6,13,0,0.9,19,11949.0
33,Male,Self-employed,Current,89,1,23928,14,5,12,0,0.7,17,23928.0
41,Male,Unemployed,Fixed Deposit,105,2,218739,16,3,13,0,0.64,16,109369.5
36,Male,Employed,Fixed Deposit,173,4,185591,17,10,7,0,0.91,17,46397.75
36,Female,Self-employed,Fixed Deposit,23,1,48839,8,11,6,0,0.59,17,48839.0
40,Male,Employed,Current,80,2,155556,12,9,16,0,0.69,25,77778.0
33,Male,Self-employed,Savings,39,2,33427,15,6,6,1,0.66,12,16713.5
40,Male,Self-employed,Savings,150,2,193520,20,8,17,0,0.75,25,96760.0
32,Female,Employed,Current,15,1,773437,9,10,8,0,0.88,18,773437.0
48,Male,Employed,Savings,137,2,431912,16,9,11,0,0.86,20,215956.0
18,Male,Employed,Current,98,2,83961,18,6,13,0,0.56,19,41980.5
18,Female,Employed,Savings,102,3,26675,27,7,10,0,0.92,17,8891.67
33,Female,Self-employed,Fixed Deposit,69,3,353891,13,8,8,0,0.86,16,117963.67
43,Male,Self-employed,Current,59,3,60437,19,6,16,0,0.66,22,20145.67
40,Female,Employed,Savings,145,1,30690,11,3,8,0,0.57,11,30690.0
28,Male,Employed,Savings,115,2,78778,15,9,8,0,0.68,17,39389.0
28,Male,Unemployed,Current,19,2,228991,12,6,9,0,0.57,15,114495.5
36,Male,Self-employed,Savings,76,1,480395,16,6,7,0,0.93,13,480395.0
33,Female,Employed,Savings,39,3,48168,16,6,14,0,0.97,20,16056.0
18,Male,Employed,Savings,85,2,17392,11,5,12,0,0.86,17,8696.0
26,Female,Self-employed,Current,20,2,73791,11,8,14,0,0.62,22,36895.5
29,Female,Employed,Savings,151,2,155322,19,8,11,0,0.66,19,77661.0
35,Female,Employed,Savings,116,1,100578,19,12,8,0,0.54,20,100578.0
27,Female,Unemployed,Savings,175,1,219214,19,13,6,0,0.72,19,219214.0
42,Male,Employed,Fixed Deposit,175,4,179109,17,9,8,0,0.6,17,44777.25
24,Female,Employed,Current,115,3,290747,14,11,15,1,0.78,26,96915.67
39,Female,Employed,Savings,30,1,106059,26,14,9,0,0.85,23,106059.0
27,Male,Employed,Savings,112,3,30446,14,10,14,0,0.67,24,10148.67
32,Male,Employed,Current,23,4,83712,22,12,12,0,0.96,24,20928.0
26,Female,Employed,Savings,23,1,127241,11,5,9,2,0.82,14,127241.0
27,Male,Employed,Savings,27,4,91984,15,8,8,0,0.72,16,22996.0
29,Male,Self-employed,Savings,130,1,244501,11,6,9,0,0.71,15,244501.0
39,Female,Employed,Current,135,4,150725,19,5,6,0,0.79,11,37681.25
19,Female,Unemployed,Current,75,2,127833,21,6,8,1,0.83,14,63916.5
40,Female,Self-employed,Savings,106,3,135221,9,7,9,0,0.94,16,45073.67
43,Female,Employed,Savings,146,4,140761,7,8,9,0,0.52,17,35190.25
35,Male,Employed,Current,158,2,42373,15,2,4,0,0.65,6,21186.5
47,Female,Self-employed,Savings,170,3,327982,23,10,11,0,0.51,21,109327.33
30,Female,Employed,Current,106,3,269701,16,9,12,0,0.5,21,89900.33
18,Female,Employed,Savings,26,1,76893,17,7,7,0,0.73,14,76893.0
40,Male,Employed,Current,178,1,283466,18,8,8,2,0.51,16,283466.0
42,Female,Self-employed,Current,56,3,231820,17,8,10,0,0.96,18,77273.33
35,Female,Employed,Savings,60,1,76002,18,10,13,0,0.66,23,76002.0
33,Female,Self-employed,Current,69,3,240688,19,6,12,0,0.66,18,80229.33
31,Female,Employed,Savings,173,1,246356,14,11,10,0,0.68,21,246356.0
30,Female,Self-employed,Savings,175,1,55252,16,10,7,0,0.99,17,55252.0
29,Male,Self-employed,Savings,49,1,240177,11,4,7,0,0.6,11,240177.0
37,Male,Unemployed,Savings,79,1,209642,17,6,9,0,0.62,15,209642.0
18,Female,Employed,Current,36,1,95038,19,8,12,0,0.91,20,95038.0
27,Female,Unemployed,Savings,71,1,528835,9,8,8,1,0.58,16,528835.0
51,Male,Employed,Current,136,2,275744,9,3,11,0,0.61,14,137872.0
21,Female,Employed,Current,14,1,84445,15,6,7,1,0.65,13,84445.0
41,Male,Self-employed,Savings,32,2,65206,18,4,7,1,0.98,11,32603.0
40,Male,Employed,Savings,43,2,51426,13,10,11,0,0.6,21,25713.0
39,Female,Employed,Current,69,1,110016,14,10,10,0,0.89,20,110016.0
37,Male,Employed,Savings,21,1,531285,11,7,12,0,0.73,19,531285.0
37,Male,Self-employed,Savings,141,3,141704,21,13,11,0,0.82,24,47234.67
32,Male,Employed,Current,35,1,82568,19,10,11,0,0.91,21,82568.0
36,Female,Employed,Current,110,1,35372,10,5,14,0,0.92,19,35372.0
24,Male,Self-employed,Savings,175,3,14109,9,10,4,1,0.55,14,4703.0
34,Male,Self-employed,Savings,176,1,203687,16,5,12,1,0.99,17,203687.0
25,Female,Self-employed,Current,130,1,155230,19,10,15,1,0.79,25,155230.0
53,Male,Employed,Current,111,4,15207,18,11,7,0,0.56,18,3801.75
19,Male,Employed,Savings,161,3,104070,16,7,7,2,0.66,14,34690.0
38,Male,Self-employed,Current,130,1,69460,16,8,11,0,0.82,19,69460.0
41,Female,Self-employed,Savings,127,2,25607,13,5,9,0,0.89,14,12803.5
42,Female,Employed,Savings,102,3,167623,21,10,12,1,0.7,22,55874.33
45,Male,Employed,Savings,97,2,491171,22,6,7,0,0.61,13,245585.5
33,Female,Employed,Savings,35,1,485927,16,5,9,0,0.65,14,485927.0
28,Male,Employed,Current,102,1,146889,11,10,9,0,0.8,19,146889.0
25,Female,Self-employed,Savings,167,1,392806,12,10,8,0,0.51,18,392806.0
36,Male,Self-employed,Current,43,1,303308,17,6,9,1,0.97,15,303308.0
42,Female,Employed,Savings,92,1,240247,15,8,8,0,0.76,16,240247.0
22,Male,Unemployed,Savings,57,1,147641,12,5,9,0,0.69,14,147641.0
36,Male,Employed,Savings,34,3,3725,7,8,9,1,0.83,17,1241.67
58,Male,Self-employed,Savings,177,2,109638,11,5,11,0,0.73,16,54819.0
34,Female,Self-employed,Savings,73,2,168453,21,9,13,0,0.95,22,84226.5
32,Female,Unemployed,Current,71,1,510333,15,8,9,0,0.97,17,510333.0
46,Female,Employed,Savings,14,2,219088,17,5,5,1,0.97,10,109544.0
43,Male,Self-employed,Savings,41,2,112116,13,9,11,0,0.54,20,56058.0
46,Female,Self-employed,Fixed Deposit,64,2,21947,20,5,10,0,0.95,15,10973.5
37,Female,Unemployed,Savings,171,3,528603,13,9,13,0,0.91,22,176201.0
18,Male,Unemployed,Current,59,3,47854,7,6,9,0,0.93,15,15951.33
28,Female,Employed,Savings,50,4,26873,17,18,6,0,0.72,24,6718.25
29,Female,Self-employed,Savings,89,4,3257,21,6,13,0,0.68,19,814.25
19,Male,Employed,Current,42,4,173632,10,10,13,0,0.67,23,43408.0
38,Female,Employed,Savings,119,1,174253,14,9,12,0,0.95,21,174253.0
35,Male,Self-employed,Savings,98,1,99067,18,8,10,0,0.92,18,99067.0
35,Male,Employed,Fixed Deposit,32,4,287619,20,8,9,0,0.99,17,71904.75
38,Male,Employed,Current,54,2,409389,9,11,12,0,0.77,23,204694.5
23,Female,Employed,Savings,82,1,88708,14,7,10,0,0.79,17,88708.0
18,Female,Self-employed,Fixed Deposit,177,1,93851,17,3,7,0,0.56,10,93851.0
33,Male,Unemployed,Savings,34,1,132166,20,6,9,0,0.77,15,132166.0
34,Male,Employed,Savings,80,3,59761,19,16,8,0,0.71,24,19920.33
36,Female,Employed,Savings,30,2,127075,11,6,9,0,0.58,15,63537.5
41,Male,Self-employed,Savings,22,2,267380,14,9,10,0,0.93,19,133690.0
43,Female,Self-employed,Fixed Deposit,106,3,354082,20,3,13,1,0.95,16,118027.33
26,Male,Unemployed,Savings,126,1,146819,10,9,6,0,0.69,15,146819.0
41,Female,Self-employed,Savings,174,3,200454,17,5,11,0,0.79,16,66818.0
29,Female,Self-employed,Savings,50,1,332472,12,2,11,0,0.67,13,332472.0
30,Female,Employed,Savings,133,1,489458,15,12,12,0,0.83,24,489458.0
24,Female,Employed,Savings,130,4,9489,18,6,13,0,0.78,19,2372.25
38,Male,Self-employed,Savings,103,2,64795,15,9,7,0,0.91,16,32397.5
34,Male,Employed,Savings,105,4,58197,20,6,6,0,0.88,12,14549.25
32,Female,Self-employed,Current,47,1,215528,16,9,9,1,0.59,18,215528.0
38,Male,Unemployed,Savings,62,3,43548,20,4,17,0,0.57,21,14516.0
41,Male,Self-employed,Current,55,3,490369,7,6,9,0,0.51,15,163456.33
26,Male,Employed,Savings,126,4,144699,14,11,12,0,0.96,23,36174.75
40,Male,Employed,Savings,87,3,57957,14,8,9,0,0.6,17,19319.0
29,Female,Employed,Savings,68,3,152460,17,9,6,0,0.89,15,50820.0
41,Male,Employed,Current,96,3,46574,10,10,11,2,0.77,21,15524.67
42,Female,Employed,Savings,92,3,167455,15,10,11,0,0.53,21,55818.33
32,Female,Self-employed,Savings,140,1,281930,18,15,12,0,0.5,27,281930.0
20,Female,Employed,Savings,13,2,102779,19,4,12,1,0.84,16,51389.5
20,Female,Self-employed,Savings,19,1,6018,19,5,7,0,0.82,12,6018.0
22,Female,Employed,Fixed Deposit,33,4,82119,17,7,14,0,0.54,21,20529.75
30,Male,Employed,Current,119,1,148405,11,9,9,0,0.6,18,148405.0
18,Female,Self-employed,Savings,171,2,178985,10,6,19,0,0.78,25,89492.5
33,Male,Employed,Savings,70,3,18411,12,7,8,1,0.6,15,6137.0
38,Male,Self-employed,Fixed Deposit,23,3,86609,19,8,14,1,0.54,22,28869.67
27,Female,Self-employed,Savings,66,2,86960,15,14,14,0,0.99,28,43480.0
36,Female,Employed,Current,122,2,31297,14,13,2,0,0.74,15,15648.5
49,Male,Employed,Savings,150,1,286720,17,6,9,0,0.66,15,286720.0
38,Female,Self-employed,Savings,121,1,52993,10,9,14,0,0.59,23,52993.0
46,Male,Employed,Fixed Deposit,40,1,76761,20,11,13,0,0.58,24,76761.0
37,Female,Self-employed,Savings,110,4,501184,19,9,12,1,0.79,21,125296.0
40,Female,Self-employed,Current,66,1,88079,17,11,15,0,0.86,26,88079.0
54,Male,Employed,Savings,150,1,223110,16,15,10,0,0.72,25,223110.0
44,Male,Employed,Savings,126,1,109075,12,9,13,0,0.89,22,109075.0
46,Male,Self-employed,Savings,134,1,35566,8,10,8,0,0.51,18,35566.0
23,Female,Self-employed,Savings,149,1,47166,17,6,10,1,0.81,16,47166.0
20,Female,Self-employed,Savings,100,4,204111,17,9,6,0,0.84,15,51027.75
40,Male,Unemployed,Current,174,3,27002,16,11,12,0,0.6,23,9000.67
34,Female,Unemployed,Current,29,1,1619,19,10,9,0,0.95,19,1619.0
36,Female,Self-employed,Savings,162,1,442279,14,7,9,0,0.78,16,442279.0
22,Female,Employed,Savings,55,1,38799,10,9,7,1,0.74,16,38799.0
52,Male,Employed,Savings,152,1,152382,9,6,16,1,0.6,22,152382.0
26,Male,Self-employed,Savings,153,3,87280,18,13,15,0,0.86,28,29093.33
60,Female,Self-employed,Current,175,3,67526,14,10,8,0,0.65,18,22508.67
27,Female,Self-employed,Current,171,3,1090528,9,4,18,0,0.96,22,363509.33
43,Female,Self-employed,Savings,105,3,242313,10,7,7,0,0.68,14,80771.0
38,Male,Employed,Savings,59,2,145717,16,8,15,0,0.59,23,72858.5
47,Male,Unemployed,Savings,62,3,244286,6,4,11,0,0.5,15,81428.67
46,Male,Self-employed,Savings,155,1,235118,19,9,11,0,0.71,20,235118.0
34,Male,Employed,Savings,179,2,176150,16,9,12,0,0.98,21,88075.0
29,Male,Self-employed,Fixed Deposit,163,4,38118,13,5,7,0,0.57,12,9529.5
30,Female,Employed,Fixed Deposit,36,1,77369,24,7,11,0,0.66,18,77369.0
42,Female,Unemployed,Savings,121,3,10433,13,7,11,0,0.91,18,3477.67
50,Male,Employed,Fixed Deposit,121,3,217301,15,7,8,0,0.72,15,72433.67
19,Male,Employed,Savings,41,2,39222,20,7,12,0,0.82,19,19611.0
18,Female,Employed,Savings,36,1,481733,16,13,8,0,0.97,21,481733.0
45,Female,Employed,Savings,44,1,36354,11,9,4,0,0.86,13,36354.0
41,Male,Employed,Savings,108,1,176549,17,10,18,0,0.61,28,176549.0
36,Male,Employed,Current,16,1,33129,19,7,10,0,0.6,17,33129.0
32,Male,Employed,Current,122,3,106630,12,7,9,0,0.68,16,35543.33
26,Female,Employed,Savings,65,3,234948,17,10,11,0,0.93,21,78316.0
38,Female,Employed,Current,162,3,16393,10,5,15,0,0.66,20,5464.33
43,Male,Self-employed,Current,95,2,554062,21,14,11,0,0.64,25,277031.0
24,Male,Unemployed,Savings,88,2,368661,29,8,11,0,0.81,19,184330.5
34,Male,Employed,Savings,83,2,228608,12,7,13,1,0.53,20,114304.0
27,Female,Employed,Savings,43,2,3672,15,15,8,0,0.76,23,1836.0
18,Female,Self-employed,Savings,112,1,193015,16,9,6,0,0.52,15,193015.0
49,Female,Self-employed,Current,69,3,127548,17,12,8,1,1.0,20,42516.0
20,Male,Employed,Savings,44,1,78718,25,5,10,0,0.89,15,78718.0
39,Male,Employed,Savings,140,2,23415,18,7,13,0,0.72,20,11707.5
21,Male,Employed,Savings,170,3,140011,19,5,10,0,0.6,15,46670.33
22,Female,Self-employed,Current,180,3,694826,17,11,13,0,0.89,24,231608.67
49,Female,Employed,Fixed Deposit,169,1,540384,9,6,16,1,0.56,22,540384.0
42,Female,Employed,Current,162,1,163887,13,9,18,0,0.52,27,163887.0
28,Male,Employed,Savings,17,2,8766,15,10,9,0,0.86,19,4383.0
49,Female,Employed,Savings,27,1,45982,10,7,7,0,0.63,14,45982.0
45,Male,Self-employed,Current,90,4,64679,13,14,16,0,0.81,30,16169.75
61,Female,Employed,Current,87,1,64324,18,11,7,0,0.6,18,64324.0
27,Male,Employed,Savings,115,3,187939,15,10,5,0,0.71,15,62646.33
44,Male,Self-employed,Savings,79,1,96528,12,11,13,0,0.83,24,96528.0
36,Female,Self-employed,Savings,51,2,67393,21,10,14,0,0.65,24,33696.5
28,Male,Employed,Savings,38,3,151402,12,2,11,2,0.85,13,50467.33
24,Female,Employed,Current,135,2,232899,16,12,13,0,0.82,25,116449.5
19,Female,Employed,Savings,138,1,46941,18,8,13,0,0.94,21,46941.0
42,Male,Employed,Savings,80,1,623,16,6,11,0,0.96,17,623.0
22,Male,Employed,Savings,53,1,227982,14,3,10,1,0.64,13,227982.0
25,Female,Self-employed,Fixed Deposit,161,2,175718,16,10,13,0,0.6,23,87859.0
42,Male,Employed,Savings,72,3,202794,20,5,8,0,0.84,13,67598.0
56,Female,Unemployed,Savings,104,2,76089,18,12,14,0,0.6,26,38044.5
33,Female,Unemployed,Savings,112,1,1400,21,13,12,0,0.92,25,1400.0
38,Male,Employed,Fixed Deposit,87,3,85571,14,5,12,0,0.74,17,28523.67
21,Male,Employed,Savings,102,1,18137,19,6,11,0,1.0,17,18137.0
49,Male,Employed,Savings,14,3,176159,17,9,7,0,0.93,16,58719.67
42,Female,Self-employed,Savings,51,1,105426,18,2,13,0,0.58,15,105426.0
30,Male,Self-employed,Fixed Deposit,69,3,14807,12,10,12,0,0.87,22,4935.67
35,Female,Self-employed,Current,60,3,52122,12,4,7,1,0.82,11,17374.0
56,Female,Employed,Savings,65,1,360550,13,12,9,0,0.98,21,360550.0
31,Female,Employed,Savings,107,2,352851,11,5,10,0,0.92,15,176425.5
28,Female,Unemployed,Savings,41,2,186132,16,4,11,1,0.86,15,93066.0
18,Male,Employed,Current,30,3,541182,18,6,8,0,0.71,14,180394.0
39,Female,Self-employed,Savings,67,1,47513,16,10,10,1,0.69,20,47513.0
22,Female,Self-employed,Savings,29,4,132344,17,12,10,0,0.68,22,33086.0
18,Male,Employed,Current,43,2,240395,13,6,9,0,0.54,15,120197.5
33,Male,Self-employed,Savings,169,2,83579,10,12,11,0,0.66,23,41789.5
46,Female,Unemployed,Savings,13,4,417040,15,7,5,0,0.99,12,104260.0
37,Male,Employed,Savings,90,1,188295,11,6,6,1,0.5,12,188295.0
38,Male,Unemployed,Current,42,2,43055,16,5,9,0,0.59,14,21527.5
35,Female,Employed,Savings,78,2,144601,18,6,6,0,0.95,12,72300.5
44,Female,Employed,Current,175,3,157079,15,9,9,1,0.78,18,52359.67
37,Female,Employed,Savings,92,2,144288,9,5,10,1,0.83,15,72144.0
34,Female,Employed,Savings,17,3,155530,10,7,8,0,0.77,15,51843.33
47,Male,Employed,Current,164,2,217550,18,10,12,1,0.91,22,108775.0
22,Female,Self-employed,Savings,142,3,21918,12,7,16,0,0.94,23,7306.0
31,Male,Unemployed,Current,24,3,500,21,8,11,0,0.59,19,166.67
23,Male,Unemployed,Current,36,3,352929,14,15,13,0,0.68,28,117643.0
40,Female,Self-employed,Savings,46,2,110344,19,5,10,0,0.72,15,55172.0
34,Male,Employed,Savings,173,1,302562,13,6,12,0,0.62,18,302562.0
44,Male,Self-employed,Fixed Deposit,100,2,327242,24,5,8,0,0.63,13,163621.0
44,Female,Employed,Savings,162,1,710573,13,14,7,0,0.91,21,710573.0
23,Male,Employed,Savings,140,4,63211,15,9,12,0,1.0,21,15802.75
18,Male,Employed,Fixed Deposit,76,1,29469,14,11,15,1,0.66,26,29469.0
34,Male,Employed,Savings,66,1,123355,15,6,9,0,0.57,15,123355.0
44,Male,Self-employed,Current,128,1,82011,8,7,10,3,0.59,17,82011.0
22,Male,Employed,Savings,67,1,191835,16,7,9,0,0.98,16,191835.0
26,Female,Employed,Savings,83,1,251819,20,7,6,0,0.55,13,251819.0
18,Male,Self-employed,Savings,170,1,237173,20,7,6,0,0.59,13,237173.0
27,Female,Self-employed,Savings,148,1,230604,13,9,11,1,0.84,20,230604.0
46,Male,Self-employed,Current,163,4,424633,14,14,10,0,0.62,24,106158.25
26,Female,Self-employed,Savings,81,1,358022,12,14,8,1,0.98,22,358022.0
27,Male,Employed,Current,33,2,357762,14,4,7,0,0.58,11,178881.0
34,Female,Self-employed,Savings,154,1,64020,18,6,11,0,0.67,17,64020.0
45,Female,Self-employed,Fixed Deposit,62,2,129359,19,8,8,0,0.63,16,64679.5
63,Female,Employed,Current,137,4,446607,9,9,15,0,0.9,24,111651.75
44,Male,Self-employed,Savings,13,2,2382,17,6,10,0,0.62,16,1191.0
30,Female,Employed,Savings,172,1,450751,18,12,8,0,0.58,20,450751.0
54,Male,Employed,Savings,178,2,46831,11,11,15,1,0.93,26,23415.5
30,Male,Employed,Current,134,1,358284,13,5,14,0,0.8,19,358284.0
34,Male,Self-employed,Savings,124,4,115047,17,3,9,0,0.92,12,28761.75
44,Female,Employed,Savings,18,1,146440,18,11,8,0,0.6,19,146440.0
18,Male,Employed,Savings,84,3,124556,15,10,12,0,0.55,22,41518.67
34,Male,Self-employed,Current,46,4,120879,18,11,13,2,0.79,24,30219.75
26,Female,Employed,Current,76,2,11425,12,12,10,0,0.94,22,5712.5
52,Female,Self-employed,Savings,39,2,8417,15,8,6,1,0.66,14,4208.5
33,Female,Employed,Current,114,2,139430,14,12,14,0,0.6,26,69715.0
42,Male,Employed,Savings,107,2,29738,14,5,7,1,0.75,12,14869.0
45,Female,Self-employed,Savings,55,2,3174,13,8,6,0,0.7,14,1587.0
43,Male,Employed,Savings,165,3,53146,9,6,14,0,0.5,20,17715.33
39,Male,Unemployed,Fixed Deposit,64,4,116526,9,10,11,0,0.9,21,29131.5
41,Male,Employed,Fixed Deposit,83,2,72117,21,4,9,0,0.87,13,36058.5
24,Female,Employed,Savings,138,1,69953,23,7,6,0,0.99,13,69953.0
30,Male,Employed,Savings,170,2,145989,16,8,15,0,0.75,23,72994.5
38,Female,Employed,Savings,75,3,82118,14,11,7,0,0.62,18,27372.67
44,Male,Employed,Savings,110,1,72135,14,7,16,0,0.66,23,72135.0
53,Male,Self-employed,Savings,154,2,17609,14,6,11,0,0.92,17,8804.5
18,Female,Employed,Savings,157,1,135563,19,6,11,0,0.81,17,135563.0
52,Male,Employed,Savings,38,3,277916,14,7,10,0,0.75,17,92638.67
27,Female,Employed,Current,165,2,210671,18,9,10,1,0.84,19,105335.5
27,Female,Self-employed,Savings,19,2,113604,19,6,6,0,0.81,12,56802.0
37,Male,Unemployed,Current,172,2,213615,10,9,11,1,0.81,20,106807.5
39,Male,Unemployed,Savings,80,3,17423,15,4,8,1,0.66,12,5807.67
43,Female,Self-employed,Current,41,1,236724,9,8,17,1,0.96,25,236724.0
34,Male,Employed,Current,57,3,8049,17,11,8,1,0.82,19,2683.0
26,Male,Employed,Current,61,3,4577,18,7,9,0,0.98,16,1525.67
51,Female,Employed,Savings,170,1,230554,11,10,13,0,0.94,23,230554.0
28,Male,Self-employed,Savings,72,1,49935,13,5,8,0,0.74,13,49935.0
44,Female,Self-employed,Savings,86,2,50380,16,6,7,0,0.57,13,25190.0
41,Male,Self-employed,Savings,152,3,342040,12,10,12,0,0.82,22,114013.33
36,Female,Unemployed,Savings,64,1,173019,15,8,10,0,0.87,18,173019.0
25,Female,Employed,Savings,129,2,87756,15,7,13,0,0.94,20,43878.0
32,Female,Unemployed,Savings,68,1,150338,12,8,16,0,0.77,24,150338.0
26,Female,Employed,Savings,64,2,336252,14,8,9,0,0.6,17,168126.0
20,Male,Employed,Savings,27,1,447142,16,8,9,0,0.74,17,447142.0
52,Female,Employed,Fixed Deposit,128,1,219437,12,8,10,0,0.65,18,219437.0
23,Female,Employed,Savings,123,1,68369,20,12,10,0,0.71,22,68369.0
25,Male,Employed,Savings,52,2,103098,13,6,15,0,0.68,21,51549.0
27,Female,Self-employed,Savings,79,3,77602,9,4,15,0,0.54,19,25867.33
25,Male,Employed,Savings,104,1,12225,14,5,8,0,0.67,13,12225.0
33,Female,Employed,Savings,57,2,141802,18,7,3,0,0.53,10,70901.0
43,Female,Employed,Savings,21,1,297440,14,6,10,0,0.61,16,297440.0
52,Female,Unemployed,Current,17,3,238122,9,5,13,1,0.55,18,79374.0
24,Male,Employed,Savings,75,3,50718,16,5,9,0,0.94,14,16906.0
43,Female,Self-employed,Current,139,1,407054,22,10,14,0,0.93,24,407054.0
41,Male,Employed,Savings,160,2,208594,11,13,7,1,0.57,20,104297.0
40,Female,Self-employed,Savings,117,1,110887,18,12,9,0,0.74,21,110887.0
18,Female,Unemployed,Savings,86,2,268725,19,10,7,0,0.52,17,134362.5
36,Female,Self-employed,Savings,173,2,373272,11,9,8,0,0.59,17,186636.0
35,Female,Unemployed,Fixed Deposit,117,4,112066,16,9,10,1,0.51,19,28016.5
33,Male,Employed,Savings,135,2,42116,16,4,12,0,0.57,16,21058.0
35,Female,Employed,Savings,142,2,28755,9,9,10,0,0.96,19,14377.5
26,Male,Self-employed,Fixed Deposit,38,2,129609,14,10,9,0,0.52,19,64804.5
36,Female,Self-employed,Savings,106,3,143122,11,7,11,0,0.81,18,47707.33
35,Male,Employed,Fixed Deposit,17,1,92688,13,7,3,0,0.85,10,92688.0
40,Male,Employed,Savings,168,1,6480,16,11,11,0,0.92,22,6480.0
35,Female,Self-employed,Savings,33,1,182830,18,4,8,0,0.88,12,182830.0
35,Female,Self-employed,Current,86,1,177135,15,14,9,0,0.66,23,177135.0
42,Male,Self-employed,Fixed Deposit,13,1,11599,12,10,9,0,0.58,19,11599.0
30,Male,Employed,Current,59,3,453176,14,8,7,0,0.73,15,151058.67
36,Male,Employed,Current,117,1,163262,16,7,6,0,0.76,13,163262.0
54,Female,Self-employed,Fixed Deposit,37,2,27207,14,9,10,0,0.91,19,13603.5
32,Female,Employed,Savings,28,1,40588,18,4,9,1,0.88,13,40588.0
41,Female,Self-employed,Fixed Deposit,164,1,250318,8,7,9,0,0.67,16,250318.0
39,Male,Employed,Savings,110,1,239567,13,9,9,0,0.76,18,239567.0
28,Male,Employed,Savings,156,1,31780,15,2,5,0,0.98,7,31780.0
41,Female,Employed,Savings,173,1,120888,11,5,5,2,0.74,10,120888.0
46,Female,Self-employed,Savings,43,3,20286,13,4,13,1,0.81,17,6762.0
19,Male,Employed,Savings,175,3,152632,19,10,15,0,0.93,25,50877.33
41,Female,Employed,Current,61,1,273034,20,8,4,1,0.55,12,273034.0
48,Female,Employed,Savings,41,1,72808,16,6,10,0,0.9,16,72808.0
45,Male,Employed,Current,124,4,108741,13,8,5,1,0.58,13,27185.25
18,Male,Self-employed,Current,73,2,296693,14,8,11,0,0.61,19,148346.5
49,Female,Employed,Savings,36,3,381234,19,9,12,0,0.65,21,127078.0
18,Female,Employed,Current,125,1,101869,14,7,11,0,0.51,18,101869.0
40,Male,Self-employed,Current,25,3,114428,9,12,12,0,0.61,24,38142.67
18,Female,Employed,Savings,175,3,319616,17,3,13,0,0.62,16,106538.67
38,Female,Unemployed,Current,108,3,25144,21,8,12,0,0.65,20,8381.33
38,Male,Unemployed,Fixed Deposit,61,1,266938,8,7,17,1,0.73,24,266938.0
31,Male,Self-employed,Current,145,1,222296,9,7,9,0,0.74,16,222296.0
37,Female,Self-employed,Savings,36,1,75808,24,10,16,0,0.8,26,75808.0
18,Male,Employed,Savings,58,3,151996,14,7,10,0,0.8,17,50665.33
32,Female,Employed,Savings,71,2,5026,17,9,14,0,0.54,23,2513.0
42,Female,Self-employed,Current,54,1,67718,11,8,17,1,0.59,25,67718.0
43,Female,Self-employed,Current,149,3,28630,15,6,6,0,0.62,12,9543.33
33,Female,Self-employed,Savings,124,1,65026,10,9,14,1,0.98,23,65026.0
48,Female,Employed,Current,122,1,9426,11,8,13,2,0.89,21,9426.0
31,Male,Self-employed,Savings,77,2,10529,12,11,12,0,0.61,23,5264.5
49,Female,Employed,Savings,109,2,6673,18,14,8,0,0.89,22,3336.5
48,Female,Employed,Current,175,1,108143,9,11,9,0,0.68,20,108143.0
18,Male,Self-employed,Savings,78,1,2622,13,5,6,0,0.68,11,2622.0
33,Male,Self-employed,Savings,33,2,24197,12,8,14,1,0.83,22,12098.5
36,Female,Employed,Savings,149,1,37151,14,4,6,1,0.91,10,37151.0
26,Female,Employed,Current,59,1,160447,12,4,7,0,0.55,11,160447.0
32,Female,Employed,Current,166,2,38339,19,9,9,1,0.82,18,19169.5
54,Female,Self-employed,Current,79,4,24144,23,8,8,0,1.0,16,6036.0
32,Male,Employed,Current,64,2,166660,15,5,12,1,0.75,17,83330.0
42,Male,Employed,Savings,169,2,56100,25,11,10,0,0.94,21,28050.0
39,Male,Self-employed,Savings,152,3,110231,17,9,10,0,0.85,19,36743.67
42,Male,Employed,Current,145,2,21382,15,3,5,0,0.91,8,10691.0
30,Male,Employed,Current,20,1,143234,17,5,8,0,0.57,13,143234.0
32,Female,Unemployed,Current,92,1,22979,15,11,10,0,0.74,21,22979.0
46,Male,Employed,Savings,114,2,27149,11,8,13,0,0.54,21,13574.5
47,Male,Employed,Savings,67,1,108007,15,15,9,0,0.99,24,108007.0
38,Male,Employed,Current,52,2,238934,13,9,9,0,0.99,18,119467.0
25,Male,Employed,Current,16,3,67942,9,9,10,1,0.58,19,22647.33
38,Female,Employed,Fixed Deposit,109,2,87619,20,4,9,0,0.98,13,43809.5
42,Male,Unemployed,Current,122,1,246195,23,14,13,0,0.7,27,246195.0
42,Male,Unemployed,Savings,145,1,38614,18,7,15,0,0.5,22,38614.0
27,Male,Employed,Current,54,2,148087,15,10,8,0,0.51,18,74043.5
37,Male,Self-employed,Fixed Deposit,159,1,124934,20,6,9,0,0.91,15,124934.0
38,Female,Employed,Savings,47,3,122740,8,6,10,0,0.56,16,40913.33
50,Male,Employed,Savings,130,2,48741,20,3,6,0,0.51,9,24370.5
26,Male,Self-employed,Savings,24,2,86271,16,10,11,0,0.63,21,43135.5
43,Female,Employed,Fixed Deposit,118,2,14061,13,11,7,0,0.59,18,7030.5
30,Female,Self-employed,Fixed Deposit,118,2,290994,17,9,13,0,0.8,22,145497.0
41,Male,Employed,Savings,19,1,182712,15,6,13,0,0.81,19,182712.0
31,Female,Employed,Fixed Deposit,162,1,83261,17,10,7,0,0.95,17,83261.0
33,Female,Employed,Savings,157,1,649111,14,8,12,0,0.57,20,649111.0
18,Male,Unemployed,Current,127,3,298222,18,8,14,0,0.6,22,99407.33
30,Male,Employed,Savings,167,3,158269,14,9,9,0,0.91,18,52756.33
35,Male,Employed,Savings,177,2,27262,13,9,7,0,0.82,16,13631.0
28,Male,Self-employed,Savings,44,1,113981,14,3,10,0,0.89,13,113981.0
20,Female,Self-employed,Savings,137,2,52375,14,3,9,0,0.91,12,26187.5
44,Male,Self-employed,Current,58,4,308845,15,9,10,1,0.57,19,77211.25
18,Female,Employed,Savings,143,3,5817,14,11,8,0,0.81,19,1939.0
38,Male,Self-employed,Savings,167,3,219706,14,5,7,0,0.99,12,73235.33
46,Male,Employed,Savings,110,4,50054,13,5,8,0,0.54,13,12513.5
27,Male,Employed,Savings,135,1,184818,13,7,13,0,0.58,20,184818.0
33,Male,Employed,Savings,17,3,50695,17,9,13,0,0.95,22,16898.33
25,Female,Employed,Fixed Deposit,151,3,1380,16,11,3,0,0.59,14,460.0
44,Female,Employed,Savings,37,1,261061,19,7,7,1,0.78,14,261061.0
30,Male,Employed,Savings,157,2,175036,14,9,12,0,0.95,21,87518.0
29,Male,Self-employed,Savings,83,1,120150,16,5,9,0,0.9,14,120150.0
29,Male,Employed,Savings,111,1,60587,32,7,5,0,0.61,12,60587.0
30,Female,Employed,Savings,106,1,368374,12,6,11,1,0.64,17,368374.0
30,Female,Self-employed,Savings,109,1,149526,11,9,7,0,0.55,16,149526.0
42,Female,Employed,Current,80,1,7169,18,11,6,0,0.66,17,7169.0
45,Female,Unemployed,Savings,134,2,8065,11,10,9,0,0.66,19,4032.5
35,Female,Self-employed,Fixed Deposit,126,2,44181,10,10,10,0,0.64,20,22090.5
38,Male,Employed,Fixed Deposit,127,1,342839,8,7,9,0,0.87,16,342839.0
27,Female,Unemployed,Current,161,1,60098,17,9,7,0,0.67,16,60098.0
22,Female,Employed,Fixed Deposit,51,1,106750,13,8,14,0,0.96,22,106750.0
52,Male,Self-employed,Savings,150,3,339312,18,9,9,0,0.71,18,113104.0
18,Female,Employed,Savings,113,2,79118,14,7,6,1,1.0,13,39559.0
35,Female,Employed,Current,155,1,46935,15,9,11,0,0.6,20,46935.0
34,Male,Employed,Fixed Deposit,124,2,96417,10,11,10,0,0.71,21,48208.5
30,Male,Self-employed,Savings,169,2,37822,15,10,13,0,0.83,23,18911.0
36,Female,Employed,Current,139,1,411917,13,8,8,0,0.64,16,411917.0
36,Female,Employed,Savings,151,3,100649,17,10,9,1,0.53,19,33549.67
43,Male,Employed,Current,121,1,38996,13,6,12,0,0.63,18,38996.0
42,Female,Employed,Savings,157,1,33121,10,8,9,0,0.87,17,33121.0
27,Male,Unemployed,Savings,36,2,107991,13,9,11,1,0.53,20,53995.5
38,Male,Employed,Savings,129,1,350906,13,9,12,0,0.52,21,350906.0
30,Male,Employed,Current,52,2,217550,16,2,12,0,0.75,14,108775.0
18,Female,Self-employed,Savings,160,4,73276,10,7,12,0,0.65,19,18319.0
37,Female,Self-employed,Current,118,1,45895,11,6,10,0,0.76,16,45895.0
40,Male,Unemployed,Current,93,2,96538,12,11,14,0,0.78,25,48269.0
42,Female,Employed,Current,97,3,137316,10,8,7,0,0.87,15,45772.0
28,Male,Self-employed,Savings,168,2,63294,20,6,15,0,0.57,21,31647.0
52,Male,Employed,Savings,108,1,95271,14,10,9,1,0.91,19,95271.0
35,Female,Employed,Savings,94,1,140497,18,8,6,0,0.62,14,140497.0
29,Male,Employed,Current,173,4,16127,19,6,6,0,0.69,12,4031.75
49,Male,Self-employed,Savings,54,2,259660,13,9,13,0,1.0,22,129830.0
18,Male,Self-employed,Savings,133,4,278964,16,8,10,0,0.69,18,69741.0
41,Female,Unemployed,Savings,21,1,60732,15,7,10,0,0.86,17,60732.0
27,Female,Self-employed,Current,68,2,64776,8,6,9,1,0.87,15,32388.0
31,Male,Employed,Fixed Deposit,130,1,87366,24,10,8,0,0.53,18,87366.0
22,Male,Employed,Savings,101,1,53055,11,11,13,0,0.66,24,53055.0
36,Male,Employed,Savings,173,2,429077,15,2,14,0,0.61,16,214538.5
36,Male,Self-employed,Current,170,1,9898,16,10,10,1,0.58,20,9898.0
42,Male,Employed,Current,96,2,125661,16,8,13,0,0.77,21,62830.5
18,Female,Employed,Savings,177,1,427830,10,9,16,0,0.84,25,427830.0
36,Female,Self-employed,Current,15,2,11416,14,8,9,2,0.82,17,5708.0
28,Female,Employed,Current,161,3,928128,17,6,8,0,0.84,14,309376.0
33,Female,Employed,Savings,144,1,369621,17,3,7,0,0.93,10,369621.0
46,Female,Employed,Savings,146,1,338212,21,8,12,0,0.75,20,338212.0
23,Female,Employed,Current,170,4,20093,18,6,10,0,0.74,16,5023.25
28,Male,Employed,Savings,95,1,63860,15,4,7,0,0.71,11,63860.0
24,Male,Employed,Current,14,2,178621,19,9,15,0,0.81,24,89310.5
43,Female,Self-employed,Savings,167,2,76781,12,6,12,0,0.85,18,38390.5
53,Male,Unemployed,Savings,24,1,34585,9,10,6,0,0.7,16,34585.0
18,Male,Employed,Savings,127,1,74134,14,7,8,1,0.72,15,74134.0
54,Male,Employed,Current,164,4,39430,15,3,12,0,0.92,15,9857.5
31,Female,Self-employed,Savings,164,3,104916,14,10,7,0,0.87,17,34972.0
54,Female,Employed,Current,170,3,33681,14,10,7,0,0.65,17,11227.0
37,Female,Employed,Savings,50,4,73526,14,8,10,0,0.66,18,18381.5
39,Female,Self-employed,Current,55,1,178603,15,3,11,0,0.76,14,178603.0
29,Male,Employed,Fixed Deposit,176,2,230370,15,7,11,0,0.53,18,115185.0
30,Male,Self-employed,Current,120,4,193527,16,11,4,1,0.59,15,48381.75
25,Female,Employed,Savings,123,2,93806,15,10,8,0,0.69,18,46903.0
39,Male,Employed,Savings,105,1,44112,21,5,4,0,0.9,9,44112.0
19,Male,Self-employed,Savings,117,4,16279,18,5,11,1,0.8,16,4069.75
34,Female,Self-employed,Fixed Deposit,87,1,181666,13,5,15,0,0.96,20,181666.0
36,Female,Self-employed,Fixed Deposit,76,2,104910,16,6,7,0,0.51,13,52455.0
28,Male,Employed,Savings,161,2,565488,16,7,14,0,0.97,21,282744.0
37,Female,Employed,Savings,80,1,121904,18,9,11,0,0.87,20,121904.0
33,Female,Employed,Savings,114,2,55556,16,5,6,0,0.65,11,27778.0
18,Female,Self-employed,Savings,36,3,153119,14,11,7,0,1.0,18,51039.67
18,Male,Employed,Savings,167,1,76044,15,3,11,0,0.58,14,76044.0
33,Female,Self-employed,Savings,99,1,228143,9,10,9,0,0.94,19,228143.0
34,Male,Self-employed,Current,178,2,524225,12,7,14,0,0.67,21,262112.5
45,Male,Employed,Savings,105,1,141742,17,7,9,1,0.72,16,141742.0
38,Male,Unemployed,Savings,132,4,107246,14,7,10,1,0.81,17,26811.5
29,Male,Employed,Fixed Deposit,161,2,201118,11,7,13,0,0.64,20,100559.0
32,Female,Employed,Savings,83,3,115644,18,4,12,1,0.9,16,38548.0
54,Male,Self-employed,Savings,16,4,3370,12,7,8,0,0.53,15,842.5
22,Male,Self-employed,Current,48,3,24871,12,4,9,0,0.7,13,8290.33
32,Female,Unemployed,Savings,121,2,227023,21,10,10,0,0.75,20,113511.5
42,Male,Employed,Savings,141,1,41901,7,10,14,0,0.97,24,41901.0
22,Male,Self-employed,Fixed Deposit,151,2,102713,11,6,13,0,0.67,19,51356.5
41,Female,Employed,Fixed Deposit,69,3,13921,12,10,12,0,0.69,22,4640.33
51,Female,Self-employed,Savings,85,2,50487,15,8,7,0,0.9,15,25243.5
37,Male,Employed,Savings,25,3,147473,16,8,6,0,0.9,14,49157.67
41,Female,Employed,Savings,148,1,15557,15,6,14,0,0.93,20,15557.0
32,Male,Self-employed,Savings,93,3,151597,15,7,7,0,0.89,14,50532.33
24,Male,Employed,Current,20,3,139294,15,7,11,0,0.63,18,46431.33
18,Female,Employed,Savings,66,3,248754,8,5,11,0,0.92,16,82918.0
26,Female,Employed,Savings,109,2,48738,10,10,13,0,0.6,23,24369.0
26,Male,Employed,Current,169,2,142637,19,4,10,0,0.98,14,71318.5
43,Female,Employed,Savings,26,2,301282,14,10,7,0,0.92,17,150641.0
27,Male,Employed,Current,146,3,63896,17,7,6,0,0.69,13,21298.67
41,Male,Self-employed,Savings,83,2,6023,12,7,8,1,0.67,15,3011.5
25,Male,Self-employed,Current,133,1,57309,17,11,10,0,0.56,21,57309.0
50,Female,Employed,Savings,154,1,20151,12,5,6,0,0.65,11,20151.0
40,Female,Self-employed,Savings,125,3,265199,15,5,8,0,0.67,13,88399.67
32,Female,Employed,Savings,171,1,540044,22,10,8,0,0.75,18,540044.0
33,Male,Employed,Savings,132,3,95302,12,11,9,0,0.56,20,31767.33
30,Female,Unemployed,Current,170,1,3228,18,9,9,0,0.73,18,3228.0
30,Male,Self-employed,Fixed Deposit,127,3,68952,8,5,8,1,0.57,13,22984.0
46,Female,Employed,Savings,100,2,56580,21,5,7,1,0.77,12,28290.0
27,Female,Employed,Current,144,4,58703,10,5,7,1,0.81,12,14675.75
40,Female,Employed,Current,96,1,6408,13,10,8,0,0.66,18,6408.0
43,Male,Employed,Fixed Deposit,30,2,22535,12,7,12,0,0.8,19,11267.5
46,Female,Employed,Savings,18,1,58641,15,16,8,0,0.85,24,58641.0
27,Female,Self-employed,Current,56,4,61085,15,8,16,0,0.65,24,15271.25
34,Male,Self-employed,Savings,79,2,59212,17,9,7,0,0.88,16,29606.0
33,Male,Self-employed,Savings,140,1,366295,11,7,9,0,0.68,16,366295.0
32,Female,Employed,Savings,111,3,109687,25,7,5,0,0.93,12,36562.33
29,Male,Employed,Savings,37,2,75525,24,4,7,0,0.81,11,37762.5
36,Female,Employed,Savings,97,3,362841,10,12,11,0,0.81,23,120947.0
33,Male,Unemployed,Savings,36,1,25737,14,7,7,0,0.65,14,25737.0
18,Male,Self-employed,Current,86,1,53604,16,8,12,0,0.93,20,53604.0
35,Male,Employed,Savings,121,1,314907,30,9,6,0,0.85,15,314907.0
52,Female,Unemployed,Current,139,2,145748,16,10,13,0,0.66,23,72874.0
20,Male,Employed,Current,162,3,275792,20,12,7,1,0.75,19,91930.67
31,Male,Self-employed,Savings,77,2,87384,16,5,13,0,0.98,18,43692.0
32,Female,Self-employed,Savings,50,1,127084,18,11,12,0,0.55,23,127084.0
18,Female,Employed,Current,160,3,12652,21,10,7,0,0.74,17,4217.33
35,Female,Employed,Savings,140,1,350403,16,14,12,0,0.63,26,350403.0
45,Male,Employed,Savings,177,1,125058,13,14,14,0,0.87,28,125058.0
34,Male,Employed,Savings,85,2,46021,19,6,13,0,0.51,19,23010.5
39,Female,Self-employed,Savings,180,1,246653,10,2,11,0,1.0,13,246653.0
29,Female,Employed,Savings,129,2,42890,10,5,13,0,0.69,18,21445.0
34,Female,Employed,Savings,149,1,15603,17,4,6,0,0.91,10,15603.0
36,Male,Employed,Current,34,3,63316,16,12,10,2,0.53,22,21105.33
33,Female,Employed,Savings,62,2,26050,15,4,11,0,0.75,15,13025.0
49,Female,Employed,Savings,68,1,90276,14,5,15,0,0.51,20,90276.0
18,Female,Employed,Savings,64,1,165873,23,8,10,0,0.51,18,165873.0
28,Male,Self-employed,Savings,179,1,39352,16,8,9,1,0.71,17,39352.0
24,Female,Unemployed,Savings,19,4,256840,20,6,14,0,0.98,20,64210.0
42,Female,Employed,Savings,126,3,259636,20,8,14,0,0.89,22,86545.33
26,Female,Self-employed,Savings,161,2,233400,17,5,7,1,0.74,12,116700.0
18,Female,Employed,Fixed Deposit,59,1,41398,11,4,13,0,0.78,17,41398.0
42,Female,Employed,Savings,22,3,204084,11,10,6,0,0.9,16,68028.0
50,Female,Employed,Savings,121,1,65501,13,5,11,0,0.73,16,65501.0
32,Male,Employed,Fixed Deposit,15,4,12223,17,5,9,0,0.64,14,3055.75
36,Male,Employed,Fixed Deposit,85,1,42039,24,9,14,1,0.57,23,42039.0
35,Male,Employed,Current,123,2,678,11,12,10,0,0.86,22,339.0
38,Female,Self-employed,Fixed Deposit,66,3,14042,9,9,12,1,0.64,21,4680.67
18,Female,Employed,Fixed Deposit,58,2,386588,10,7,6,0,0.74,13,193294.0
40,Male,Self-employed,Savings,144,1,61075,17,6,8,0,0.99,14,61075.0
36,Female,Self-employed,Savings,178,3,163150,9,7,12,0,0.87,19,54383.33
39,Female,Unemployed,Savings,121,1,163157,11,6,12,0,0.75,18,163157.0
44,Female,Employed,Fixed Deposit,68,4,237443,15,12,10,0,0.98,22,59360.75
30,Male,Self-employed,Savings,57,1,277391,13,7,12,1,0.74,19,277391.0
36,Female,Employed,Current,146,4,136036,14,11,9,0,0.92,20,34009.0
40,Female,Employed,Savings,165,3,129030,17,7,7,1,0.78,14,43010.0
42,Female,Employed,Savings,106,1,78899,20,8,5,0,0.91,13,78899.0
35,Male,Employed,Savings,145,1,60741,13,14,7,0,0.6,21,60741.0
43,Female,Employed,Savings,143,1,211862,18,15,10,0,0.91,25,211862.0
30,Male,Self-employed,Current,59,1,62150,13,6,10,0,0.61,16,62150.0
34,Female,Employed,Current,154,2,280926,12,10,5,0,0.81,15,140463.0
19,Male,Self-employed,Current,102,3,73156,18,1,13,0,0.73,14,24385.33
37,Male,Self-employed,Savings,71,1,165456,17,6,8,0,0.52,14,165456.0
30,Female,Employed,Savings,172,1,21850,14,3,10,0,0.82,13,21850.0
35,Male,Unemployed,Savings,28,1,313157,8,7,11,1,0.83,18,313157.0
43,Female,Employed,Current,104,3,1074,10,9,7,0,0.87,16,358.0
49,Female,Employed,Savings,136,2,234371,15,7,13,1,0.82,20,117185.5
38,Male,Employed,Current,161,4,367444,17,4,7,0,0.63,11,91861.0
23,Male,Employed,Savings,77,2,390027,12,16,6,0,0.7,22,195013.5
28,Female,Employed,Savings,19,4,90987,12,7,8,0,0.88,15,22746.75
29,Male,Self-employed,Current,50,4,92117,5,8,7,0,0.51,15,23029.25
41,Male,Employed,Fixed Deposit,19,2,23688,12,10,10,0,0.77,20,11844.0
35,Male,Employed,Savings,99,4,148196,15,12,5,0,0.63,17,37049.0
51,Female,Employed,Savings,130,3,68088,10,6,11,0,0.58,17,22696.0
23,Male,Employed,Savings,147,2,32446,11,15,6,0,0.58,21,16223.0
19,Male,Self-employed,Savings,93,3,109940,14,13,15,0,0.91,28,36646.67
32,Male,Self-employed,Savings,111,2,493005,22,4,6,0,0.91,10,246502.5
25,Female,Self-employed,Savings,104,2,56508,20,9,11,2,1.0,20,28254.0
27,Female,Self-employed,Savings,111,2,183940,23,6,11,0,0.51,17,91970.0
44,Female,Employed,Current,155,2,292354,16,8,9,0,0.65,17,146177.0
35,Male,Unemployed,Savings,127,3,256298,13,12,4,0,0.72,16,85432.67
18,Male,Unemployed,Savings,121,4,75078,21,11,9,0,0.78,20,18769.5
43,Female,Employed,Savings,65,2,4825,16,6,12,1,0.79,18,2412.5
31,Female,Self-employed,Savings,64,3,17079,7,16,8,0,0.58,24,5693.0
35,Female,Self-employed,Savings,126,3,10250,19,7,8,0,0.86,15,3416.67
31,Male,Employed,Current,99,2,146238,18,6,11,0,0.67,17,73119.0
18,Male,Unemployed,Fixed Deposit,46,1,53725,18,9,7,1,0.98,16,53725.0
34,Male,Employed,Savings,87,3,47256,19,7,8,0,0.87,15,15752.0
31,Male,Self-employed,Current,43,3,10612,13,9,5,0,1.0,14,3537.33
35,Male,Self-employed,Savings,131,3,2363,14,8,8,0,0.69,16,787.67
37,Female,Self-employed,Savings,171,1,221884,13,11,10,1,0.6,21,221884.0
36,Female,Employed,Savings,37,2,56215,12,10,12,0,0.99,22,28107.5
29,Female,Self-employed,Savings,132,1,159759,17,7,9,0,0.86,16,159759.0
27,Male,Employed,Current,116,3,282450,19,10,7,0,0.53,17,94150.0
36,Female,Employed,Current,118,1,4096,19,14,10,0,0.82,24,4096.0
35,Female,Self-employed,Current,43,2,150824,13,5,8,0,0.69,13,75412.0
33,Male,Self-employed,Current,129,1,85191,15,4,11,1,0.69,15,85191.0
39,Female,Self-employed,Savings,36,1,40076,17,9,10,1,0.51,19,40076.0
50,Male,Self-employed,Current,147,2,45014,11,7,8,0,0.59,15,22507.0
34,Female,Employed,Savings,15,3,84562,13,19,9,0,0.99,28,28187.33
31,Female,Self-employed,Fixed Deposit,92,1,116152,11,9,8,0,0.9,17,116152.0
38,Female,Self-employed,Current,57,2,137138,8,8,9,2,0.97,17,68569.0
29,Female,Employed,Current,165,1,26824,14,14,7,0,0.84,21,26824.0
36,Female,Employed,Current,95,1,207388,9,11,5,0,0.67,16,207388.0
51,Female,Employed,Savings,170,1,122144,14,10,11,1,0.66,21,122144.0
20,Female,Employed,Savings,140,1,145316,12,10,8,0,0.71,18,145316.0
37,Male,Employed,Savings,76,3,94491,15,5,10,0,0.76,15,31497.0
34,Male,Self-employed,Current,131,1,684829,11,5,9,1,0.91,14,684829.0
30,Male,Self-employed,Savings,160,3,91559,21,7,8,0,0.8,15,30519.67
45,Male,Employed,Current,85,3,62299,21,7,10,0,0.62,17,20766.33
30,Female,Employed,Savings,148,3,258095,14,6,7,0,0.81,13,86031.67
53,Male,Self-employed,Current,137,1,73846,14,2,10,1,0.54,12,73846.0
34,Male,Unemployed,Savings,145,2,129457,17,6,6,2,0.89,12,64728.5
23,Male,Employed,Savings,101,3,38866,11,7,11,0,0.86,18,12955.33
38,Female,Self-employed,Savings,73,2,347692,16,7,7,0,0.56,14,173846.0
34,Female,Self-employed,Fixed Deposit,165,1,1018702,12,7,14,0,0.81,21,1018702.0
34,Male,Employed,Current,46,1,142198,15,12,11,0,0.67,23,142198.0
38,Male,Employed,Savings,151,1,43047,17,7,5,0,0.85,12,43047.0
30,Male,Self-employed,Savings,169,2,1476,19,7,7,0,0.97,14,738.0
33,Male,Employed,Current,161,2,544458,15,8,11,0,0.54,19,272229.0
19,Female,Employed,Savings,51,2,224949,11,7,14,0,0.51,21,112474.5
23,Female,Self-employed,Current,14,4,15676,10,8,10,0,0.65,18,3919.0
43,Male,Employed,Current,161,3,14589,23,3,15,0,0.66,18,4863.0
27,Male,Employed,Savings,77,1,84772,20,3,7,0,0.54,10,84772.0
45,Male,Employed,Current,155,1,65032,17,6,6,0,0.73,12,65032.0
33,Male,Employed,Fixed Deposit,93,3,134516,11,10,12,0,0.63,22,44838.67
42,Male,Employed,Savings,33,2,89235,11,6,11,0,0.94,17,44617.5
30,Male,Unemployed,Savings,71,3,103498,11,9,8,1,0.56,17,34499.33
38,Male,Employed,Savings,143,1,39564,13,7,7,0,0.92,14,39564.0
46,Male,Employed,Current,132,1,103705,11,11,8,0,0.86,19,103705.0
47,Female,Self-employed,Savings,34,1,107407,15,11,8,0,0.71,19,107407.0
41,Female,Employed,Savings,134,2,2770,18,6,8,1,0.53,14,1385.0
43,Male,Unemployed,Current,16,1,43212,7,12,5,0,0.63,17,43212.0
32,Male,Employed,Savings,21,4,107255,15,19,9,0,0.52,28,26813.75
45,Male,Employed,Savings,130,1,23631,11,8,11,0,0.61,19,23631.0
29,Female,Self-employed,Savings,95,3,157929,13,10,6,0,0.68,16,52643.0
35,Female,Self-employed,Current,165,2,69025,12,5,9,0,0.61,14,34512.5
32,Male,Employed,Current,127,2,199614,20,4,15,0,0.9,19,99807.0
28,Male,Self-employed,Savings,28,1,204539,11,5,12,0,0.51,17,204539.0
47,Female,Self-employed,Savings,82,1,39110,7,8,12,1,0.64,20,39110.0
42,Female,Employed,Savings,106,2,28726,17,3,3,0,0.92,6,14363.0
37,Female,Unemployed,Current,49,1,446982,14,10,10,0,0.91,20,446982.0
56,Male,Employed,Current,79,1,9379,14,14,9,0,0.79,23,9379.0
32,Male,Employed,Savings,24,3,120774,15,11,12,0,0.89,23,40258.0
30,Male,Self-employed,Current,25,1,474770,14,12,12,1,0.67,24,474770.0
40,Female,Employed,Current,168,1,93879,21,9,8,1,0.88,17,93879.0
42,Male,Employed,Savings,32,4,28143,14,9,4,0,0.68,13,7035.75
33,Female,Self-employed,Savings,156,1,575693,9,9,8,1,0.58,17,575693.0
30,Female,Self-employed,Savings,55,4,73091,14,16,10,0,0.57,26,18272.75
28,Female,Employed,Savings,56,4,485037,9,5,12,0,0.63,17,121259.25
40,Female,Employed,Savings,137,1,353892,19,7,14,0,0.62,21,353892.0
24,Female,Employed,Savings,121,2,23523,14,9,11,0,0.61,20,11761.5
36,Female,Self-employed,Current,72,1,344717,8,12,9,1,0.78,21,344717.0
53,Female,Unemployed,Savings,160,1,154826,17,4,11,0,0.78,15,154826.0
40,Female,Self-employed,Fixed Deposit,69,2,9371,18,7,10,0,0.7,17,4685.5
38,Male,Self-employed,Savings,31,1,3360,7,6,8,0,0.81,14,3360.0
23,Female,Employed,Savings,53,1,109038,18,13,14,0,0.88,27,109038.0
48,Male,Employed,Savings,128,4,536378,18,6,6,0,0.65,12,134094.5
23,Female,Employed,Savings,166,1,54831,18,13,7,0,0.97,20,54831.0
42,Female,Employed,Current,155,4,186799,18,7,11,0,0.74,18,46699.75
30,Female,Employed,Savings,127,1,456610,14,7,18,1,0.78,25,456610.0
25,Female,Employed,Fixed Deposit,168,2,186705,13,4,11,0,0.65,15,93352.5
21,Female,Employed,Fixed Deposit,92,1,261628,9,7,9,0,0.52,16,261628.0
18,Male,Self-employed,Current,51,2,22116,14,9,13,0,0.66,22,11058.0
31,Male,Employed,Fixed Deposit,163,1,519411,13,12,10,1,0.75,22,519411.0
46,Female,Employed,Savings,142,4,10931,9,6,8,0,0.9,14,2732.75
32,Female,Employed,Savings,103,1,22926,17,10,7,0,0.58,17,22926.0
29,Female,Employed,Savings,62,2,185590,14,5,15,0,0.56,20,92795.0
42,Female,Employed,Savings,56,1,144171,22,13,7,0,0.99,20,144171.0
24,Male,Unemployed,Fixed Deposit,24,2,172488,18,16,13,0,0.91,29,86244.0
27,Female,Employed,Current,115,1,359167,10,6,7,0,0.66,13,359167.0
36,Male,Employed,Current,70,1,64893,10,3,8,1,0.64,11,64893.0
24,Male,Self-employed,Savings,60,2,21908,9,3,11,0,0.6,14,10954.0
34,Female,Employed,Current,106,2,29918,19,16,10,0,0.64,26,14959.0
18,Male,Employed,Savings,167,3,74043,17,7,8,0,0.89,15,24681.0
38,Male,Employed,Savings,119,2,236062,15,6,9,1,0.89,15,118031.0
30,Female,Employed,Savings,163,2,48931,12,8,8,0,0.66,16,24465.5
45,Female,Unemployed,Savings,17,1,132409,16,8,5,0,0.67,13,132409.0
35,Female,Employed,Fixed Deposit,43,1,486873,13,9,9,2,0.82,18,486873.0
41,Male,Employed,Savings,73,1,144315,9,9,14,0,0.69,23,144315.0
37,Male,Employed,Current,49,3,213738,18,11,12,0,0.61,23,71246.0
56,Female,Self-employed,Savings,156,1,225583,13,12,9,0,0.92,21,225583.0
47,Female,Employed,Savings,165,4,495060,9,3,13,0,0.99,16,123765.0
31,Male,Self-employed,Current,20,1,81671,15,7,19,0,0.63,26,81671.0
46,Male,Self-employed,Savings,103,4,20337,17,6,7,0,0.74,13,5084.25
39,Male,Employed,Current,167,2,73514,14,11,11,0,0.77,22,36757.0
28,Female,Unemployed,Savings,84,2,195482,18,8,5,0,0.98,13,97741.0
41,Male,Self-employed,Savings,53,3,16088,14,6,9,0,0.52,15,5362.67
50,Male,Employed,Savings,55,1,170056,14,9,10,0,0.78,19,170056.0
24,Male,Self-employed,Current,135,1,176217,26,4,11,0,0.83,15,176217.0
35,Female,Employed,Savings,153,2,216557,5,6,8,0,0.8,14,108278.5
26,Male,Employed,Savings,174,2,44499,9,14,7,0,0.62,21,22249.5
34,Female,Employed,Fixed Deposit,28,1,108284,12,6,8,0,0.8,14,108284.0
47,Female,Self-employed,Savings,57,2,34344,12,7,5,0,0.84,12,17172.0
46,Male,Employed,Savings,177,2,5130,17,7,11,0,0.66,18,2565.0
37,Male,Employed,Current,177,3,21474,16,6,11,1,0.99,17,7158.0
18,Male,Employed,Savings,165,4,254102,15,10,12,0,0.8,22,63525.5
45,Female,Employed,Savings,118,2,37589,16,7,11,0,0.53,18,18794.5
31,Male,Self-employed,Savings,126,2,179279,17,8,12,0,0.64,20,89639.5
33,Female,Employed,Savings,166,1,123841,13,6,9,0,0.74,15,123841.0
47,Male,Employed,Savings,105,2,106322,21,4,11,0,0.81,15,53161.0
32,Male,Unemployed,Current,124,3,83240,18,8,11,1,0.52,19,27746.67
40,Female,Employed,Current,19,4,331494,15,8,8,0,0.64,16,82873.5
41,Female,Employed,Savings,74,3,10932,9,14,14,0,0.53,28,3644.0
33,Male,Self-employed,Savings,25,4,29821,9,4,14,0,1.0,18,7455.25
37,Male,Employed,Savings,64,1,37113,11,11,11,0,0.83,22,37113.0
38,Female,Employed,Current,113,1,177982,13,10,7,0,0.59,17,177982.0
33,Female,Self-employed,Savings,69,3,63153,15,9,11,0,0.78,20,21051.0
30,Male,Employed,Current,179,2,211683,15,10,13,0,0.93,23,105841.5
26,Female,Employed,Savings,103,1,62481,19,13,7,0,0.95,20,62481.0
39,Female,Employed,Savings,178,1,30484,20,7,13,0,0.69,20,30484.0
49,Female,Self-employed,Savings,57,3,64082,13,11,10,0,0.81,21,21360.67
42,Male,Employed,Savings,122,1,139189,12,6,12,0,0.83,18,139189.0
29,Female,Employed,Current,13,2,26449,16,7,12,0,0.9,19,13224.5
22,Male,Self-employed,Fixed Deposit,109,2,204331,15,10,3,0,0.85,13,102165.5
42,Female,Employed,Savings,141,2,249166,13,10,7,0,0.63,17,124583.0
30,Female,Employed,Current,65,3,190495,9,3,12,0,0.73,15,63498.33
45,Male,Employed,Current,94,2,139899,4,8,11,0,0.78,19,69949.5
20,Male,Employed,Savings,159,3,59390,17,8,13,0,0.66,21,19796.67
41,Female,Employed,Current,101,3,385337,27,10,12,1,0.52,22,128445.67
24,Male,Employed,Savings,151,1,54200,19,7,13,0,0.92,20,54200.0
47,Male,Employed,Savings,115,3,253827,18,5,5,0,0.55,10,84609.0
33,Female,Employed,Current,169,2,301527,12,9,12,0,0.54,21,150763.5
30,Male,Self-employed,Savings,77,3,120275,17,11,7,0,0.57,18,40091.67
37,Male,Self-employed,Current,132,1,145308,12,10,9,0,0.81,19,145308.0
60,Female,Employed,Current,171,1,38852,26,12,18,0,0.74,30,38852.0
41,Female,Employed,Fixed Deposit,123,2,215897,16,13,7,0,0.6,20,107948.5
35,Female,Employed,Savings,91,3,38198,16,9,12,0,0.62,21,12732.67
35,Female,Employed,Current,71,1,74941,15,4,14,0,0.93,18,74941.0
29,Female,Employed,Current,178,1,12357,23,12,18,0,0.83,30,12357.0
44,Male,Employed,Current,98,1,76338,22,4,10,0,0.63,14,76338.0
55,Female,Employed,Savings,14,1,113614,16,15,12,0,0.78,27,113614.0
33,Female,Unemployed,Current,174,4,114845,13,6,8,0,0.54,14,28711.25
49,Male,Unemployed,Savings,96,1,148390,10,6,9,0,0.63,15,148390.0
41,Female,Employed,Current,162,1,55141,15,4,7,0,0.98,11,55141.0
35,Male,Employed,Savings,53,3,14973,16,8,8,0,0.51,16,4991.0
39,Male,Employed,Savings,47,1,18231,19,15,13,0,0.56,28,18231.0
44,Female,Employed,Savings,96,1,109000,13,14,9,0,0.8,23,109000.0
36,Female,Self-employed,Savings,149,1,24562,18,9,7,1,0.81,16,24562.0
29,Female,Employed,Current,147,1,120810,13,5,8,0,0.74,13,120810.0
29,Male,Employed,Savings,127,1,19676,10,6,13,0,0.9,19,19676.0
26,Male,Employed,Current,124,1,25390,21,12,2,0,0.64,14,25390.0
38,Male,Employed,Current,140,2,183268,14,10,13,0,0.68,23,91634.0
32,Female,Unemployed,Savings,16,3,80764,18,11,9,0,0.65,20,26921.33
18,Male,Self-employed,Savings,61,1,57310,12,10,8,0,0.89,18,57310.0
45,Female,Employed,Savings,104,3,151819,15,8,12,0,0.84,20,50606.33
35,Female,Self-employed,Current,31,1,130715,7,7,11,0,0.9,18,130715.0
28,Male,Employed,Savings,149,1,132844,15,11,17,0,0.54,28,132844.0
31,Male,Employed,Current,42,2,39449,12,7,11,0,0.86,18,19724.5
28,Female,Employed,Current,25,2,36585,13,4,9,2,0.53,13,18292.5
43,Female,Unemployed,Savings,67,1,31217,23,14,11,0,0.55,25,31217.0
54,Female,Employed,Current,131,1,104540,18,11,12,0,0.8,23,104540.0
29,Male,Unemployed,Current,55,2,306591,16,5,10,0,0.53,15,153295.5
47,Female,Unemployed,Current,16,1,464898,18,5,12,1,0.63,17,464898.0
35,Male,Employed,Fixed Deposit,68,3,83832,12,3,5,0,0.86,8,27944.0
37,Male,Employed,Current,61,4,443282,16,11,6,0,0.95,17,110820.5
53,Female,Unemployed,Savings,178,3,233569,14,6,6,0,0.9,12,77856.33
38,Male,Employed,Savings,125,1,659062,14,7,6,0,0.59,13,659062.0
32,Female,Self-employed,Savings,118,2,371223,16,9,9,0,0.65,18,185611.5
31,Female,Self-employed,Savings,151,3,33296,17,8,10,0,0.71,18,11098.67
61,Female,Employed,Current,101,2,160127,20,14,9,0,0.53,23,80063.5
48,Female,Self-employed,Current,53,1,337408,17,9,8,0,0.56,17,337408.0
23,Male,Employed,Current,14,3,114990,8,7,9,0,0.67,16,38330.0
48,Male,Self-employed,Current,127,2,308361,17,8,13,0,0.67,21,154180.5
36,Female,Unemployed,Current,17,1,606711,16,5,7,1,0.5,12,606711.0
18,Male,Self-employed,Savings,74,1,150410,13,10,5,0,0.75,15,150410.0
48,Male,Employed,Current,28,2,561419,10,12,15,0,0.61,27,280709.5
47,Male,Employed,Savings,154,2,20082,19,9,7,0,0.69,16,10041.0
46,Male,Employed,Savings,62,2,24734,18,9,11,0,0.96,20,12367.0
33,Male,Employed,Savings,109,2,227582,17,10,4,0,0.58,14,113791.0
36,Female,Self-employed,Current,44,1,34518,20,6,10,0,0.97,16,34518.0
27,Male,Unemployed,Savings,170,1,309093,9,4,9,0,0.57,13,309093.0
34,Male,Unemployed,Current,105,3,7077,16,11,11,0,0.5,22,2359.0
22,Female,Employed,Current,166,1,418176,19,9,7,0,0.74,16,418176.0
29,Female,Unemployed,Savings,103,2,102750,16,4,10,0,0.6,14,51375.0
45,Female,Self-employed,Current,59,1,17581,18,8,12,0,0.86,20,17581.0
30,Female,Self-employed,Fixed Deposit,46,2,119208,14,10,13,0,0.51,23,59604.0
48,Male,Employed,Savings,135,1,213311,17,8,13,0,0.54,21,213311.0
18,Female,Employed,Current,56,1,355295,14,11,7,0,0.84,18,355295.0
54,Male,Employed,Current,101,2,57580,14,8,10,0,0.79,18,28790.0
27,Female,Employed,Savings,70,1,6039,11,6,7,0,0.62,13,6039.0
41,Male,Employed,Current,13,2,297748,13,17,7,0,0.89,24,148874.0
32,Male,Employed,Current,177,1,114521,17,12,5,0,0.88,17,114521.0
41,Female,Employed,Current,69,1,162159,8,10,10,0,0.54,20,162159.0
50,Female,Employed,Savings,15,2,77072,16,5,9,0,0.93,14,38536.0
38,Male,Employed,Savings,143,2,123577,19,12,8,0,0.76,20,61788.5
30,Female,Self-employed,Current,72,2,275800,20,11,8,0,0.57,19,137900.0
21,Male,Employed,Current,43,1,14985,25,7,13,1,0.71,20,14985.0
42,Female,Employed,Fixed Deposit,178,1,136072,17,9,12,0,0.9,21,136072.0
49,Male,Self-employed,Savings,165,3,82822,13,8,11,0,0.68,19,27607.33
34,Female,Self-employed,Savings,141,1,290634,24,10,6,1,0.95,16,290634.0
21,Female,Self-employed,Savings,100,1,78335,13,9,6,0,0.95,15,78335.0
27,Female,Employed,Current,166,2,43324,15,16,3,0,0.73,19,21662.0
19,Female,Employed,Savings,126,1,77413,15,8,8,1,0.77,16,77413.0
18,Female,Employed,Savings,73,2,76420,16,10,10,0,0.6,20,38210.0
39,Male,Unemployed,Savings,53,1,27139,14,9,6,0,0.68,15,27139.0
19,Female,Employed,Savings,152,3,23123,15,4,14,0,0.91,18,7707.67
34,Female,Self-employed,Current,40,2,129865,19,6,6,0,0.66,12,64932.5
30,Male,Employed,Current,92,3,76889,9,10,5,1,0.62,15,25629.67
22,Female,Self-employed,Current,157,3,72752,22,4,14,0,0.78,18,24250.67
33,Male,Self-employed,Savings,37,2,158873,12,9,15,0,0.64,24,79436.5
43,Female,Self-employed,Savings,132,1,49280,24,5,11,0,0.67,16,49280.0
34,Female,Employed,Savings,154,4,148090,19,4,13,0,0.6,17,37022.5
20,Male,Employed,Savings,70,2,161635,24,12,6,1,0.78,18,80817.5
20,Female,Employed,Savings,155,1,40626,11,6,12,1,0.96,18,40626.0
37,Male,Self-employed,Savings,82,3,524447,16,8,7,0,0.6,15,174815.67
32,Male,Self-employed,Savings,155,1,23152,12,11,6,0,0.76,17,23152.0
18,Female,Employed,Savings,113,2,3960,21,13,8,0,0.73,21,1980.0
25,Female,Employed,Current,59,2,143497,13,9,10,0,0.68,19,71748.5
41,Female,Employed,Savings,179,4,126416,14,8,4,0,0.63,12,31604.0
45,Female,Employed,Savings,45,4,20183,18,11,13,1,0.64,24,5045.75
38,Female,Employed,Fixed Deposit,155,2,68069,18,7,13,0,0.75,20,34034.5
40,Male,Employed,Savings,81,2,133192,8,8,8,0,0.67,16,66596.0
32,Female,Employed,Savings,30,2,620541,15,8,11,0,0.71,19,310270.5
36,Male,Employed,Fixed Deposit,93,2,294265,12,6,7,1,0.65,13,147132.5
30,Female,Employed,Savings,160,2,288543,16,8,4,0,0.59,12,144271.5
34,Female,Employed,Current,132,1,108006,20,8,8,1,0.95,16,108006.0
42,Female,Self-employed,Current,68,2,254278,21,15,7,0,0.64,22,127139.0
27,Male,Self-employed,Savings,118,1,305480,16,13,6,0,0.69,19,305480.0
28,Male,Unemployed,Savings,162,1,493028,13,8,13,0,0.87,21,493028.0
44,Female,Self-employed,Current,32,4,128623,18,9,11,0,0.96,20,32155.75
53,Male,Self-employed,Savings,160,2,17197,17,8,9,0,0.84,17,8598.5
29,Female,Employed,Savings,179,2,128657,11,10,12,1,0.9,22,64328.5
49,Female,Unemployed,Savings,100,4,50008,12,12,9,0,0.61,21,12502.0
26,Female,Employed,Current,142,3,24708,15,7,14,1,0.93,21,8236.0
46,Female,Self-employed,Current,122,1,155810,13,12,8,0,0.51,20,155810.0
37,Male,Self-employed,Current,57,2,3008,18,3,11,0,0.72,14,1504.0
36,Male,Employed,Current,65,1,67558,15,6,9,0,0.98,15,67558.0
36,Male,Employed,Savings,44,3,60474,16,9,8,0,0.93,17,20158.0
19,Female,Self-employed,Fixed Deposit,129,1,172529,18,7,11,0,0.64,18,172529.0
18,Male,Employed,Fixed Deposit,56,1,12851,17,7,8,0,0.75,15,12851.0
18,Male,Self-employed,Savings,104,1,243266,17,5,14,0,0.86,19,243266.0
49,Male,Employed,Fixed Deposit,175,1,1183,17,9,7,0,0.74,16,1183.0
46,Female,Unemployed,Current,71,4,183753,12,4,4,0,0.93,8,45938.25
31,Male,Employed,Savings,64,3,4267,19,8,14,0,0.86,22,1422.33
37,Female,Employed,Fixed Deposit,36,4,156090,15,10,8,0,0.94,18,39022.5
36,Female,Self-employed,Current,84,2,34781,12,11,9,0,0.53,20,17390.5
30,Male,Employed,Fixed Deposit,34,3,91146,16,8,8,0,0.99,16,30382.0
43,Female,Self-employed,Current,81,1,248166,8,7,10,1,0.97,17,248166.0
29,Male,Employed,Savings,163,1,2681,14,12,15,0,0.78,27,2681.0
41,Male,Unemployed,Savings,108,1,98453,9,7,13,0,0.69,20,98453.0
27,Male,Employed,Savings,71,2,363425,11,9,8,0,0.68,17,181712.5
34,Male,Self-employed,Savings,110,3,265666,14,8,5,0,0.96,13,88555.33
39,Male,Unemployed,Savings,154,3,230080,15,8,11,0,0.84,19,76693.33
42,Male,Employed,Current,138,1,179860,12,12,12,0,0.99,24,179860.0
32,Female,Employed,Savings,37,3,168584,9,6,11,0,0.6,17,56194.67
52,Female,Employed,Current,121,1,181949,22,7,5,0,0.7,12,181949.0
34,Male,Unemployed,Current,118,3,477018,17,10,10,0,0.82,20,159006.0
53,Female,Self-employed,Savings,90,1,4362,18,7,9,1,0.85,16,4362.0
33,Female,Employed,Savings,42,2,322583,13,8,5,0,1.0,13,161291.5
26,Female,Employed,Savings,135,1,39364,17,7,13,0,0.81,20,39364.0
68,Female,Self-employed,Savings,63,4,239901,12,3,9,0,0.78,12,59975.25
28,Male,Employed,Current,22,3,35965,9,4,10,1,0.75,14,11988.33
62,Female,Employed,Savings,163,3,70085,17,6,7,0,0.69,13,23361.67
29,Male,Employed,Savings,159,2,228593,15,10,13,1,0.69,23,114296.5
31,Female,Employed,Current,33,3,51187,18,14,10,0,0.94,24,17062.33
26,Male,Unemployed,Current,70,1,110711,22,7,5,0,0.74,12,110711.0
28,Male,Employed,Savings,61,3,6168,13,7,15,1,0.76,22,2056.0
32,Female,Employed,Current,118,2,89733,16,5,8,0,0.84,13,44866.5
36,Female,Employed,Savings,155,1,255523,11,4,8,0,0.7,12,255523.0
27,Male,Employed,Current,81,3,9379,20,6,15,1,0.92,21,3126.33
27,Female,Self-employed,Savings,46,3,61548,14,5,9,0,0.65,14,20516.0
51,Female,Employed,Current,121,3,275065,17,9,9,0,0.88,18,91688.33
55,Female,Employed,Current,121,1,239018,22,4,7,0,0.73,11,239018.0
32,Male,Employed,Savings,97,1,358038,12,9,9,0,0.71,18,358038.0
36,Male,Employed,Savings,40,2,3838,16,6,8,0,0.72,14,1919.0
56,Female,Unemployed,Current,58,2,285118,14,5,10,0,0.59,15,142559.0
47,Female,Employed,Savings,128,1,180041,11,15,16,0,0.53,31,180041.0
29,Male,Employed,Savings,37,3,115328,10,4,15,0,0.89,19,38442.67
27,Female,Employed,Fixed Deposit,107,2,29210,20,5,10,0,0.68,15,14605.0
51,Male,Employed,Savings,158,1,28045,17,9,9,0,0.53,18,28045.0
32,Male,Unemployed,Current,167,1,49349,12,12,14,0,0.76,26,49349.0
19,Male,Self-employed,Fixed Deposit,145,4,60692,8,8,12,0,0.84,20,15173.0
23,Male,Employed,Savings,54,4,90659,10,11,14,0,0.77,25,22664.75
40,Male,Employed,Savings,76,4,26359,12,14,6,0,0.98,20,6589.75
46,Male,Employed,Current,71,1,17232,14,9,9,0,0.86,18,17232.0
29,Male,Self-employed,Current,159,1,30649,14,11,4,0,0.75,15,30649.0
27,Male,Employed,Savings,118,1,44756,17,8,12,0,0.91,20,44756.0
32,Male,Employed,Savings,156,4,164603,9,10,14,0,0.84,24,41150.75
52,Male,Employed,Savings,142,2,22025,15,10,11,0,0.85,21,11012.5
24,Female,Employed,Savings,54,2,136222,12,8,5,1,0.62,13,68111.0
33,Female,Employed,Savings,86,1,96083,17,12,13,0,0.89,25,96083.0
38,Male,Self-employed,Current,31,1,227967,12,5,5,0,0.55,10,227967.0
19,Female,Employed,Savings,131,2,37003,10,11,12,0,0.93,23,18501.5
33,Female,Self-employed,Savings,128,3,20683,15,5,9,0,0.52,14,6894.33
43,Female,Employed,Current,66,3,86669,15,6,9,0,0.99,15,28889.67
29,Female,Self-employed,Current,47,2,441580,12,7,9,0,0.92,16,220790.0
20,Male,Employed,Current,100,1,77121,23,8,6,0,0.56,14,77121.0
37,Female,Employed,Savings,173,3,91667,24,11,6,0,0.63,17,30555.67
32,Male,Self-employed,Savings,128,2,475547,9,6,11,0,0.5,17,237773.5
27,Male,Self-employed,Current,14,4,102968,13,5,5,0,0.96,10,25742.0
41,Female,Employed,Savings,95,3,16676,12,7,9,0,0.82,16,5558.67
18,Male,Employed,Current,83,2,61961,30,5,7,0,0.54,12,30980.5
32,Female,Employed,Savings,82,1,59423,23,8,11,1,0.8,19,59423.0
43,Female,Employed,Savings,148,1,500,20,10,18,1,0.94,28,500.0
34,Male,Employed,Current,23,4,499672,22,2,16,0,0.71,18,124918.0
24,Female,Self-employed,Savings,119,3,212886,17,7,8,0,0.94,15,70962.0
41,Male,Employed,Savings,77,2,149158,14,3,15,0,0.68,18,74579.0
24,Female,Employed,Savings,35,3,110653,14,8,11,0,0.63,19,36884.33
53,Male,Employed,Current,130,2,71629,11,10,10,0,0.63,20,35814.5
25,Female,Employed,Current,162,4,49910,20,6,17,0,0.87,23,12477.5
30,Male,Employed,Fixed Deposit,150,1,121898,17,7,5,0,0.98,12,121898.0
39,Male,Self-employed,Savings,99,1,91127,17,12,7,0,0.71,19,91127.0
28,Female,Self-employed,Fixed Deposit,135,2,15131,16,13,7,1,0.96,20,7565.5
50,Female,Employed,Fixed Deposit,28,1,441204,14,5,3,1,0.59,8,441204.0
46,Female,Employed,Savings,162,2,2586,8,6,13,0,0.82,19,1293.0
23,Male,Self-employed,Savings,119,2,99780,19,6,7,0,0.73,13,49890.0
32,Male,Employed,Current,72,1,7878,12,5,11,0,0.73,16,7878.0
26,Female,Employed,Savings,35,2,105619,21,10,8,0,0.74,18,52809.5
41,Female,Employed,Fixed Deposit,61,4,11274,23,7,16,0,0.71,23,2818.5
30,Male,Self-employed,Savings,108,3,7329,23,11,9,0,0.92,20,2443.0
36,Female,Self-employed,Current,82,1,10272,15,10,11,0,0.93,21,10272.0
46,Male,Employed,Savings,36,2,452849,5,10,13,0,0.53,23,226424.5
41,Female,Self-employed,Current,179,2,65760,18,5,13,0,0.81,18,32880.0
44,Female,Employed,Current,86,4,95289,18,4,15,0,0.62,19,23822.25
35,Female,Employed,Savings,74,1,139552,18,4,15,1,0.64,19,139552.0
30,Male,Employed,Current,33,1,3370,15,12,12,0,0.65,24,3370.0
37,Female,Self-employed,Savings,129,4,135781,15,8,8,0,0.6,16,33945.25
29,Female,Self-employed,Savings,137,1,147810,17,9,10,0,0.7,19,147810.0
35,Male,Self-employed,Savings,134,1,20199,10,4,13,0,0.6,17,20199.0
36,Male,Employed,Savings,163,3,400055,13,5,7,0,0.79,12,133351.67
27,Female,Employed,Savings,87,2,33639,20,8,11,0,0.53,19,16819.5
39,Female,Employed,Savings,164,2,150414,18,7,5,0,0.71,12,75207.0
37,Female,Self-employed,Fixed Deposit,165,2,96459,13,12,13,0,0.85,25,48229.5
26,Male,Unemployed,Savings,125,1,10766,12,6,5,0,0.9,11,10766.0
35,Male,Employed,Savings,58,2,38920,17,6,12,0,0.73,18,19460.0
41,Male,Employed,Savings,110,1,10813,10,8,6,0,0.92,14,10813.0
24,Female,Unemployed,Current,97,2,479325,13,9,12,0,0.87,21,239662.5
27,Female,Employed,Savings,57,4,55487,11,7,7,2,0.63,14,13871.75
35,Female,Employed,Current,157,2,198774,18,9,7,0,0.66,16,99387.0
40,Female,Employed,Current,179,1,140523,13,10,7,0,0.82,17,140523.0
42,Male,Employed,Savings,129,2,147479,14,6,10,0,0.7,16,73739.5
31,Female,Employed,Savings,20,2,727478,15,6,13,0,0.73,19,363739.0
30,Male,Self-employed,Savings,175,4,8617,16,9,12,0,0.89,21,2154.25
21,Male,Self-employed,Savings,104,1,7261,17,7,16,1,0.66,23,7261.0
58,Male,Self-employed,Current,51,1,42550,9,7,11,0,0.84,18,42550.0
39,Male,Employed,Savings,134,3,15329,15,9,11,0,0.9,20,5109.67
35,Male,Employed,Savings,154,1,57076,22,3,14,0,0.68,17,57076.0
28,Male,Unemployed,Current,55,1,80815,18,1,12,0,0.81,13,80815.0
41,Male,Employed,Savings,121,1,289331,18,5,12,1,0.8,17,289331.0
46,Male,Self-employed,Savings,146,3,269855,12,7,7,0,1.0,14,89951.67
33,Male,Employed,Savings,109,1,404242,17,8,7,0,0.61,15,404242.0
49,Male,Employed,Current,66,3,92332,9,14,8,1,0.65,22,30777.33
49,Male,Employed,Savings,79,1,30311,22,13,10,0,0.64,23,30311.0
32,Male,Self-employed,Savings,52,1,27402,18,9,14,0,0.71,23,27402.0
21,Male,Unemployed,Savings,81,1,20786,11,6,12,0,0.8,18,20786.0
43,Male,Employed,Savings,153,2,163266,11,8,11,0,0.8,19,81633.0
51,Male,Employed,Savings,46,1,90983,11,11,8,0,0.7,19,90983.0
26,Male,Employed,Savings,146,4,56826,21,5,8,1,0.69,13,14206.5
24,Female,Employed,Savings,104,1,217168,8,7,9,0,0.93,16,217168.0
30,Male,Unemployed,Savings,127,2,242245,17,7,9,0,0.58,16,121122.5
43,Male,Unemployed,Savings,50,1,64796,19,8,13,0,0.78,21,64796.0
47,Male,Employed,Savings,34,2,120653,11,16,7,0,0.66,23,60326.5
34,Male,Self-employed,Savings,108,1,400603,20,9,15,0,0.88,24,400603.0
30,Female,Employed,Savings,45,2,140844,11,6,11,0,0.58,17,70422.0
45,Male,Self-employed,Fixed Deposit,24,2,56067,20,10,10,0,0.73,20,28033.5
50,Male,Employed,Fixed Deposit,113,3,212048,14,7,15,0,0.97,22,70682.67
32,Male,Employed,Current,52,1,42287,13,12,16,0,0.89,28,42287.0
42,Female,Employed,Savings,69,2,584346,15,5,8,0,0.55,13,292173.0
24,Male,Self-employed,Fixed Deposit,54,2,73599,17,6,0,0,0.83,6,36799.5
36,Male,Employed,Savings,81,1,405193,19,5,13,0,0.81,18,405193.0
31,Female,Employed,Savings,36,3,20409,15,11,9,0,0.78,20,6803.0
25,Female,Self-employed,Savings,96,3,74766,19,6,7,0,0.66,13,24922.0
29,Female,Employed,Savings,16,3,172830,13,8,10,0,0.95,18,57610.0
48,Male,Employed,Savings,157,2,27724,14,6,4,1,0.94,10,13862.0
29,Male,Self-employed,Savings,122,1,7321,15,7,10,0,0.74,17,7321.0
37,Male,Employed,Savings,133,1,159580,13,6,7,0,0.53,13,159580.0
32,Male,Employed,Savings,74,2,191933,9,6,11,0,0.96,17,95966.5
42,Male,Self-employed,Savings,92,4,419275,17,9,11,0,0.94,20,104818.75
35,Male,Employed,Current,85,2,206353,17,9,13,0,0.65,22,103176.5
44,Male,Employed,Savings,149,1,10474,11,6,8,1,0.76,14,10474.0
40,Male,Unemployed,Savings,66,2,579533,15,13,14,2,0.58,27,289766.5
36,Male,Self-employed,Savings,114,4,77402,8,6,7,0,0.55,13,19350.5
38,Female,Self-employed,Savings,108,2,85604,12,4,14,1,0.68,18,42802.0
28,Male,Employed,Current,79,3,296033,23,3,13,0,0.69,16,98677.67
53,Male,Self-employed,Savings,15,1,117727,12,8,5,1,0.91,13,117727.0
28,Female,Employed,Savings,81,1,138087,14,9,8,0,0.7,17,138087.0
43,Male,Self-employed,Current,111,2,282445,16,6,12,0,0.52,18,141222.5
43,Male,Employed,Savings,145,3,10721,15,14,8,0,0.59,22,3573.67
31,Male,Employed,Savings,79,3,3628,14,5,10,1,0.67,15,1209.33
26,Female,Employed,Savings,78,3,339646,11,11,12,0,0.91,23,113215.33
41,Male,Employed,Savings,155,2,259558,15,12,8,0,0.85,20,129779.0
40,Male,Employed,Savings,106,2,261266,16,9,10,1,0.92,19,130633.0
27,Female,Self-employed,Savings,38,2,491433,14,10,9,1,1.0,19,245716.5
36,Male,Employed,Current,167,1,197116,19,6,9,0,0.67,15,197116.0
37,Female,Unemployed,Fixed Deposit,56,1,188184,20,9,9,0,0.98,18,188184.0
24,Male,Employed,Savings,118,3,32852,17,8,6,0,0.62,14,10950.67
50,Male,Self-employed,Savings,169,1,138828,18,6,6,0,0.71,12,138828.0
35,Female,Employed,Savings,97,2,12335,11,10,19,0,0.88,29,6167.5
54,Male,Employed,Savings,13,3,71949,15,10,5,0,0.92,15,23983.0
18,Female,Self-employed,Savings,60,1,848139,13,5,6,0,0.83,11,848139.0
34,Female,Self-employed,Current,23,3,128560,20,9,10,1,0.84,19,42853.33
31,Female,Employed,Savings,104,3,173433,11,7,4,0,0.55,11,57811.0
53,Male,Employed,Savings,110,1,54490,10,12,9,0,0.62,21,54490.0
26,Male,Self-employed,Current,17,3,148866,18,8,7,0,0.8,15,49622.0
37,Male,Employed,Fixed Deposit,70,4,38846,21,8,5,1,0.81,13,9711.5
25,Female,Employed,Savings,104,2,47432,18,7,11,0,0.8,18,23716.0
37,Female,Employed,Savings,80,2,44947,15,8,17,1,0.58,25,22473.5
37,Female,Employed,Savings,18,2,113979,14,8,13,0,0.65,21,56989.5
50,Female,Employed,Savings,75,2,89505,12,12,6,0,0.69,18,44752.5
37,Male,Employed,Current,123,2,90730,15,8,9,0,0.95,17,45365.0
34,Female,Employed,Current,78,1,31858,19,8,8,0,0.6,16,31858.0
28,Female,Unemployed,Current,93,2,798599,16,4,19,0,0.67,23,399299.5
37,Female,Employed,Savings,35,2,43574,15,4,7,0,0.77,11,21787.0
31,Male,Employed,Savings,107,1,66741,17,5,11,0,0.99,16,66741.0
32,Female,Employed,Current,114,1,517073,12,5,9,0,0.71,14,517073.0
21,Female,Unemployed,Savings,155,2,500,16,9,6,1,0.56,15,250.0
29,Female,Employed,Savings,137,2,1638,12,6,14,0,0.68,20,819.0
50,Male,Self-employed,Current,99,1,17230,13,10,6,0,0.6,16,17230.0
39,Female,Self-employed,Current,105,2,321076,20,4,11,0,0.73,15,160538.0
35,Female,Employed,Savings,81,1,251947,15,6,7,0,0.64,13,251947.0
31,Male,Self-employed,Current,154,1,814914,11,8,3,0,0.74,11,814914.0
54,Male,Self-employed,Fixed Deposit,171,4,156378,16,5,9,0,0.99,14,39094.5
25,Female,Unemployed,Current,15,1,2969,20,8,6,1,0.78,14,2969.0
27,Female,Employed,Savings,90,3,77413,21,9,8,0,0.66,17,25804.33
49,Male,Employed,Fixed Deposit,108,3,151097,17,8,10,0,0.51,18,50365.67
22,Male,Employed,Fixed Deposit,95,3,56818,11,4,5,0,0.5,9,18939.33
32,Female,Unemployed,Current,87,1,278751,12,6,15,1,0.54,21,278751.0
34,Male,Self-employed,Current,105,3,82192,13,13,6,1,0.97,19,27397.33
54,Female,Self-employed,Current,19,2,64692,14,11,9,0,0.62,20,32346.0
45,Female,Self-employed,Current,130,2,18657,15,11,12,0,0.6,23,9328.5
36,Female,Unemployed,Savings,77,1,132071,15,9,14,0,0.57,23,132071.0
23,Male,Self-employed,Savings,151,1,202472,16,11,16,0,0.91,27,202472.0
44,Female,Self-employed,Current,24,2,101049,11,7,10,0,0.58,17,50524.5
42,Female,Unemployed,Savings,99,1,160727,18,9,8,0,0.9,17,160727.0
44,Male,Employed,Savings,105,4,42243,19,7,13,0,0.81,20,10560.75
38,Male,Self-employed,Savings,83,3,3790,15,7,9,0,0.91,16,1263.33
35,Male,Employed,Current,84,4,18949,15,12,17,0,0.75,29,4737.25
46,Male,Employed,Savings,115,4,126801,21,7,15,0,0.63,22,31700.25
30,Female,Employed,Savings,155,1,475105,16,7,6,0,0.79,13,475105.0
34,Male,Employed,Savings,97,4,150011,15,9,11,0,0.86,20,37502.75
26,Female,Employed,Savings,122,1,123375,12,7,19,0,0.68,26,123375.0
43,Male,Employed,Savings,63,3,142431,11,5,9,1,0.99,14,47477.0
43,Female,Employed,Savings,170,3,421299,20,5,7,1,0.5,12,140433.0
21,Female,Unemployed,Fixed Deposit,48,1,159587,16,8,8,0,0.91,16,159587.0
30,Male,Unemployed,Savings,108,1,576341,17,14,10,0,0.76,24,576341.0
24,Female,Self-employed,Fixed Deposit,45,2,87955,11,7,11,0,0.55,18,43977.5
48,Female,Employed,Savings,77,1,203082,18,7,9,0,0.52,16,203082.0
39,Female,Self-employed,Fixed Deposit,71,2,195593,14,8,10,1,0.71,18,97796.5
36,Female,Self-employed,Current,119,2,145992,17,6,7,0,0.69,13,72996.0
42,Male,Employed,Savings,66,3,87737,17,9,9,0,0.91,18,29245.67
42,Female,Employed,Current,100,3,3570,20,9,8,1,0.84,17,1190.0
25,Female,Self-employed,Savings,150,4,43464,17,7,10,0,0.57,17,10866.0
63,Male,Employed,Current,143,3,97611,16,8,6,0,0.5,14,32537.0
35,Female,Employed,Savings,85,3,120433,11,7,9,1,0.86,16,40144.33
33,Female,Self-employed,Savings,162,1,141088,19,9,6,1,0.88,15,141088.0
32,Female,Employed,Savings,158,1,1602,15,10,8,1,0.88,18,1602.0
22,Male,Employed,Current,162,1,102081,16,9,7,0,0.69,16,102081.0
31,Female,Self-employed,Fixed Deposit,69,2,44095,13,14,17,1,0.95,31,22047.5
41,Male,Employed,Savings,48,3,65846,16,5,15,1,0.63,20,21948.67
42,Male,Employed,Savings,67,1,43520,17,9,14,0,0.83,23,43520.0
38,Female,Employed,Current,51,2,248446,16,6,5,0,0.97,11,124223.0
42,Female,Self-employed,Fixed Deposit,128,1,46379,16,7,13,0,0.79,20,46379.0
47,Female,Self-employed,Fixed Deposit,62,2,51606,13,9,8,0,0.53,17,25803.0
24,Male,Self-employed,Fixed Deposit,13,1,46407,16,7,12,0,0.94,19,46407.0
34,Female,Employed,Savings,100,2,75206,12,7,10,0,0.71,17,37603.0
33,Male,Employed,Current,151,1,36430,26,6,8,0,0.53,14,36430.0
20,Male,Employed,Savings,35,2,311738,17,11,8,0,0.54,19,155869.0
43,Male,Self-employed,Current,99,1,21028,17,4,14,0,0.78,18,21028.0
43,Female,Employed,Savings,140,3,155555,8,9,6,0,0.81,15,51851.67
29,Male,Self-employed,Savings,36,3,18964,13,13,14,0,0.5,27,6321.33
49,Female,Employed,Savings,134,4,183783,17,9,7,0,0.52,16,45945.75
18,Female,Employed,Savings,144,3,107681,12,9,5,0,0.79,14,35893.67
36,Male,Employed,Savings,175,1,78616,18,6,10,1,0.79,16,78616.0
37,Male,Self-employed,Savings,24,2,63519,12,3,6,0,0.87,9,31759.5
30,Male,Unemployed,Savings,54,1,34621,23,10,12,0,0.73,22,34621.0
40,Female,Employed,Fixed Deposit,53,3,5511,19,10,11,0,0.82,21,1837.0
35,Female,Self-employed,Current,21,1,225191,9,6,13,1,0.84,19,225191.0
30,Male,Employed,Current,156,2,20386,16,7,5,0,0.9,12,10193.0
35,Female,Self-employed,Savings,126,2,190520,16,10,11,0,0.72,21,95260.0
24,Male,Self-employed,Savings,46,1,16453,14,9,6,0,0.84,15,16453.0
29,Female,Employed,Savings,80,1,135722,13,11,7,0,0.98,18,135722.0
43,Female,Employed,Fixed Deposit,51,1,763803,15,8,7,0,0.68,15,763803.0
30,Female,Self-employed,Savings,104,1,135518,15,11,11,1,0.89,22,135518.0
29,Female,Employed,Current,157,2,36059,11,11,8,0,0.84,19,18029.5
25,Male,Employed,Current,89,2,29370,17,5,8,1,0.99,13,14685.0
42,Female,Employed,Current,151,1,42136,10,3,12,0,0.92,15,42136.0
34,Male,Employed,Current,104,1,304012,10,10,7,0,0.87,17,304012.0
37,Female,Employed,Savings,137,1,68785,13,7,10,0,0.5,17,68785.0
45,Female,Employed,Savings,86,2,103703,19,7,13,0,0.53,20,51851.5
40,Male,Self-employed,Savings,152,2,49277,23,9,7,0,0.97,16,24638.5
47,Male,Unemployed,Current,104,3,86337,11,8,3,0,0.55,11,28779.0
36,Female,Employed,Savings,89,1,60513,13,6,12,0,0.84,18,60513.0
41,Male,Self-employed,Savings,23,2,254365,13,6,8,0,0.74,14,127182.5
34,Female,Employed,Current,89,2,260945,20,5,12,1,0.79,17,130472.5
49,Male,Self-employed,Current,56,2,67978,15,7,11,0,0.71,18,33989.0
34,Female,Employed,Savings,51,4,202013,18,7,7,0,0.77,14,50503.25
35,Male,Employed,Current,60,2,52205,9,7,10,0,0.93,17,26102.5
41,Male,Employed,Savings,50,3,19631,20,3,27,0,0.88,30,6543.67
25,Male,Unemployed,Savings,146,4,19426,26,5,8,0,0.82,13,4856.5
49,Female,Employed,Savings,107,2,374452,22,5,10,0,0.98,15,187226.0
27,Female,Employed,Savings,168,4,31201,21,8,6,0,0.53,14,7800.25
35,Female,Employed,Savings,101,1,12450,20,5,8,1,0.96,13,12450.0
31,Female,Employed,Savings,42,3,95822,16,10,6,1,0.92,16,31940.67
35,Male,Employed,Savings,33,2,253470,17,7,12,0,0.72,19,126735.0
59,Female,Employed,Current,86,1,26773,20,8,17,0,0.7,25,26773.0
53,Female,Employed,Current,14,1,429428,12,3,16,0,0.95,19,429428.0
39,Male,Employed,Savings,115,1,24026,14,8,8,1,0.73,16,24026.0
25,Male,Employed,Savings,51,2,109721,11,9,14,0,0.61,23,54860.5
24,Male,Employed,Savings,158,2,242762,15,12,9,0,0.89,21,121381.0
36,Female,Employed,Savings,155,1,217456,15,7,7,0,0.95,14,217456.0
38,Male,Employed,Fixed Deposit,178,3,88338,19,9,6,0,0.95,15,29446.0
24,Male,Employed,Savings,25,1,210569,15,16,6,2,0.98,22,210569.0
50,Male,Self-employed,Savings,37,1,899628,13,9,14,0,0.69,23,899628.0
41,Male,Unemployed,Savings,141,2,427914,9,7,4,0,0.6,11,213957.0
18,Female,Employed,Savings,18,1,282701,14,8,9,0,0.56,17,282701.0
32,Female,Employed,Current,136,3,23913,12,8,8,0,0.91,16,7971.0
36,Female,Unemployed,Savings,134,3,120262,21,8,12,0,0.9,20,40087.33
52,Female,Employed,Savings,80,1,54579,15,7,6,0,0.86,13,54579.0
37,Male,Employed,Savings,171,1,245001,14,10,9,0,0.98,19,245001.0
18,Male,Employed,Current,26,1,253398,18,6,13,1,0.65,19,253398.0
44,Male,Self-employed,Savings,97,1,119234,12,5,9,0,0.65,14,119234.0
41,Male,Employed,Savings,35,1,542443,15,12,6,0,0.69,18,542443.0
18,Male,Employed,Current,151,1,4909,13,5,12,0,0.51,17,4909.0
27,Male,Employed,Savings,84,1,123410,16,9,7,0,0.55,16,123410.0
33,Female,Unemployed,Current,112,1,120752,13,8,14,0,0.89,22,120752.0
31,Male,Employed,Current,56,2,20881,15,8,7,0,0.66,15,10440.5
39,Female,Self-employed,Savings,167,1,9423,19,7,10,0,0.62,17,9423.0
24,Female,Employed,Savings,78,1,33154,23,15,13,0,0.76,28,33154.0
42,Female,Employed,Fixed Deposit,136,2,4977,17,8,12,1,0.7,20,2488.5
40,Female,Employed,Current,61,3,11912,21,12,11,0,0.65,23,3970.67
23,Male,Employed,Savings,116,3,64434,23,11,13,0,0.58,24,21478.0
35,Female,Self-employed,Savings,121,3,120682,15,13,8,0,0.99,21,40227.33
36,Male,Employed,Savings,113,1,105584,8,13,13,0,0.9,26,105584.0
46,Female,Employed,Savings,140,2,543990,16,4,10,1,0.83,14,271995.0
38,Male,Employed,Current,43,1,9208,16,5,4,0,0.62,9,9208.0
28,Female,Self-employed,Savings,97,1,101673,18,9,10,1,0.75,19,101673.0
45,Male,Self-employed,Current,30,1,187258,10,8,10,0,0.61,18,187258.0
37,Female,Employed,Current,138,1,299113,17,2,13,0,0.53,15,299113.0
35,Female,Unemployed,Fixed Deposit,146,1,28933,16,11,10,0,0.59,21,28933.0
41,Male,Employed,Savings,79,3,105881,18,5,7,0,0.74,12,35293.67
30,Male,Employed,Savings,148,2,93308,26,8,7,0,0.86,15,46654.0
44,Female,Self-employed,Savings,57,2,120367,20,8,8,0,0.69,16,60183.5
20,Female,Employed,Savings,149,3,37689,14,11,8,1,0.84,19,12563.0
29,Male,Employed,Fixed Deposit,98,2,90398,17,8,4,0,0.93,12,45199.0
25,Female,Employed,Savings,154,1,260083,9,8,8,1,0.54,16,260083.0
48,Female,Self-employed,Current,127,3,36237,17,5,16,0,0.58,21,12079.0
34,Female,Employed,Current,177,3,37795,19,7,9,0,0.65,16,12598.33
29,Female,Employed,Current,27,2,21182,16,11,12,0,0.59,23,10591.0
46,Female,Self-employed,Current,47,1,109193,15,7,10,0,0.65,17,109193.0
45,Male,Self-employed,Current,84,3,164907,14,9,10,1,0.69,19,54969.0
43,Male,Self-employed,Current,79,3,37274,17,7,6,0,0.58,13,12424.67
35,Male,Employed,Current,85,1,6186,9,7,6,0,0.56,13,6186.0
25,Male,Employed,Savings,120,1,99299,17,6,7,1,0.57,13,99299.0
44,Male,Self-employed,Savings,130,1,55599,20,12,11,0,0.85,23,55599.0
29,Female,Employed,Savings,135,1,199506,12,8,9,0,0.93,17,199506.0
40,Male,Employed,Savings,79,3,99478,20,10,4,0,0.91,14,33159.33
33,Female,Employed,Savings,68,1,542510,10,10,8,0,0.9,18,542510.0
35,Male,Employed,Savings,58,2,245963,12,4,11,0,0.86,15,122981.5
25,Male,Employed,Current,60,1,248654,19,3,9,0,0.59,12,248654.0
38,Female,Employed,Current,83,1,25498,12,5,14,0,0.62,19,25498.0
38,Female,Employed,Savings,73,2,200555,17,9,9,0,0.82,18,100277.5
19,Female,Employed,Current,63,2,77317,16,7,9,0,0.76,16,38658.5
36,Male,Self-employed,Current,159,1,149754,14,7,12,0,0.85,19,149754.0
29,Male,Employed,Savings,19,3,83778,14,4,10,0,0.82,14,27926.0
42,Male,Employed,Savings,16,3,107646,13,4,12,1,0.66,16,35882.0
42,Male,Self-employed,Savings,23,2,235317,13,6,8,0,0.9,14,117658.5
42,Female,Employed,Current,47,4,76010,13,9,16,0,0.64,25,19002.5
38,Female,Self-employed,Savings,62,1,38371,12,6,6,1,0.87,12,38371.0
32,Male,Employed,Savings,61,2,127192,16,6,9,0,0.66,15,63596.0
19,Female,Self-employed,Savings,125,4,518888,17,7,9,0,0.52,16,129722.0
23,Male,Employed,Current,30,1,56366,12,11,6,0,0.78,17,56366.0
19,Male,Employed,Savings,171,4,146949,20,7,11,0,0.73,18,36737.25
46,Female,Employed,Savings,62,1,17161,12,8,3,0,0.91,11,17161.0
59,Male,Employed,Savings,72,1,437983,7,8,6,0,0.54,14,437983.0
33,Male,Employed,Savings,55,2,173451,15,11,11,0,0.77,22,86725.5
55,Male,Self-employed,Current,59,1,21296,13,10,12,0,0.63,22,21296.0
22,Female,Self-employed,Savings,31,4,339042,16,8,7,0,0.54,15,84760.5
38,Male,Employed,Current,170,1,89419,16,8,9,0,0.83,17,89419.0
40,Female,Self-employed,Savings,74,3,142922,14,10,12,0,0.99,22,47640.67
26,Male,Employed,Savings,103,4,366186,12,6,8,0,0.98,14,91546.5
43,Male,Unemployed,Savings,25,1,105199,19,9,10,0,0.64,19,105199.0
38,Female,Employed,Savings,14,1,43210,21,7,14,0,0.9,21,43210.0
39,Female,Employed,Savings,34,3,367219,16,10,11,0,0.96,21,122406.33
37,Female,Self-employed,Current,24,2,161006,12,16,11,1,0.67,27,80503.0
31,Female,Employed,Savings,65,1,18691,16,9,17,0,0.85,26,18691.0
37,Female,Employed,Savings,125,2,15292,8,10,11,0,0.75,21,7646.0
31,Male,Unemployed,Fixed Deposit,173,1,51193,21,8,9,0,0.6,17,51193.0
29,Male,Self-employed,Current,34,2,113706,16,9,20,0,0.79,29,56853.0
31,Male,Employed,Savings,128,3,110263,12,9,13,0,0.59,22,36754.33
42,Female,Employed,Savings,135,2,24932,13,16,7,0,0.73,23,12466.0
18,Male,Self-employed,Savings,109,2,178705,14,2,11,0,0.76,13,89352.5
18,Female,Employed,Savings,140,1,120207,13,6,12,0,0.63,18,120207.0
28,Female,Unemployed,Savings,38,2,53883,14,6,4,0,0.85,10,26941.5
19,Male,Employed,Current,55,1,124772,13,6,15,1,0.85,21,124772.0
57,Female,Self-employed,Current,119,1,15614,11,16,9,0,0.86,25,15614.0
32,Male,Self-employed,Current,152,2,331943,20,4,11,0,0.94,15,165971.5
31,Female,Self-employed,Fixed Deposit,145,1,48715,14,13,9,0,0.52,22,48715.0
22,Male,Employed,Fixed Deposit,96,1,164743,9,8,9,1,0.53,17,164743.0
26,Male,Employed,Savings,140,2,173046,16,7,8,0,0.85,15,86523.0
36,Female,Employed,Current,17,1,473798,23,5,6,0,0.8,11,473798.0
37,Male,Employed,Current,136,1,5031,11,8,12,0,0.62,20,5031.0
52,Male,Employed,Savings,126,1,531353,9,11,7,0,0.76,18,531353.0
37,Female,Employed,Savings,113,3,26573,14,4,11,0,0.94,15,8857.67
48,Male,Employed,Fixed Deposit,146,1,333701,12,10,16,0,0.7,26,333701.0
44,Female,Employed,Savings,137,3,332942,20,9,10,0,0.95,19,110980.67
38,Male,Employed,Current,107,2,163317,14,9,8,0,0.78,17,81658.5
26,Female,Employed,Current,101,2,55732,12,4,9,0,0.99,13,27866.0
26,Female,Self-employed,Fixed Deposit,64,1,125911,15,13,10,0,0.73,23,125911.0
18,Male,Unemployed,Savings,40,2,34042,19,11,9,1,0.67,20,17021.0
36,Male,Employed,Fixed Deposit,174,1,16865,12,8,10,0,0.75,18,16865.0
28,Male,Self-employed,Fixed Deposit,35,3,26869,16,9,7,1,0.81,16,8956.33
39,Male,Employed,Fixed Deposit,66,1,34273,21,10,10,0,0.7,20,34273.0
38,Female,Employed,Savings,147,1,189870,16,13,8,2,0.96,21,189870.0
42,Male,Employed,Savings,52,2,168577,14,3,12,0,0.73,15,84288.5
39,Female,Unemployed,Current,78,2,375096,14,9,16,0,0.87,25,187548.0
38,Female,Employed,Savings,175,2,266149,10,8,8,0,0.73,16,133074.5
39,Female,Employed,Savings,87,2,228007,14,8,6,0,0.52,14,114003.5
37,Female,Unemployed,Savings,70,1,253091,8,3,13,0,0.92,16,253091.0
18,Male,Employed,Savings,52,1,48109,12,8,10,0,0.54,18,48109.0
35,Male,Self-employed,Savings,133,1,339283,21,8,11,0,0.62,19,339283.0
28,Male,Employed,Savings,148,3,57645,18,4,8,0,0.98,12,19215.0
31,Male,Employed,Savings,81,1,39646,13,7,10,0,0.78,17,39646.0
31,Female,Self-employed,Savings,52,3,37250,4,8,9,0,0.53,17,12416.67
28,Female,Unemployed,Fixed Deposit,17,1,84139,18,10,12,0,0.84,22,84139.0
35,Male,Unemployed,Savings,27,1,26569,11,11,13,0,0.83,24,26569.0
38,Male,Unemployed,Current,166,1,58775,17,4,15,0,0.76,19,58775.0
45,Female,Employed,Current,76,1,157687,11,10,7,0,0.68,17,157687.0
44,Male,Self-employed,Current,112,1,156338,21,9,19,0,0.59,28,156338.0
30,Female,Self-employed,Savings,143,1,131287,15,4,10,0,0.53,14,131287.0
18,Female,Self-employed,Savings,55,1,193695,13,5,14,0,0.71,19,193695.0
42,Female,Employed,Current,101,1,152087,15,8,13,0,0.72,21,152087.0
35,Female,Self-employed,Savings,80,1,383683,16,11,4,1,0.54,15,383683.0
32,Female,Self-employed,Savings,143,3,103891,14,6,6,0,0.82,12,34630.33
35,Female,Employed,Savings,144,2,258663,12,11,7,0,0.92,18,129331.5
36,Male,Employed,Savings,58,2,125914,13,5,11,0,0.96,16,62957.0
61,Male,Self-employed,Savings,144,4,393962,19,7,6,0,0.95,13,98490.5
31,Female,Self-employed,Current,84,1,49060,11,10,7,0,0.75,17,49060.0
29,Male,Employed,Savings,50,3,22964,16,6,11,0,0.63,17,7654.67
25,Male,Self-employed,Current,129,1,385609,19,9,12,0,0.65,21,385609.0
29,Male,Employed,Current,86,4,8763,15,16,11,0,0.85,27,2190.75
52,Male,Employed,Fixed Deposit,132,1,218887,11,7,10,1,0.93,17,218887.0
23,Male,Employed,Current,160,2,34057,13,6,8,0,0.55,14,17028.5
38,Female,Self-employed,Current,57,2,134816,13,13,8,0,0.84,21,67408.0
40,Male,Employed,Savings,87,1,104866,18,7,12,0,0.69,19,104866.0
18,Male,Employed,Current,120,1,6429,18,6,6,0,0.72,12,6429.0
46,Female,Employed,Current,111,2,17609,9,11,4,1,0.58,15,8804.5
34,Male,Employed,Current,34,3,183937,12,6,14,0,0.84,20,61312.33
40,Male,Employed,Fixed Deposit,61,2,172295,6,7,5,0,0.6,12,86147.5
40,Male,Self-employed,Savings,81,1,185748,7,5,9,1,0.61,14,185748.0
27,Male,Employed,Savings,153,2,634091,15,6,3,0,0.95,9,317045.5
41,Female,Self-employed,Savings,52,2,24651,20,9,10,1,0.69,19,12325.5
58,Male,Employed,Savings,132,3,251782,11,7,11,0,0.58,18,83927.33
27,Female,Self-employed,Savings,140,2,133594,17,12,6,0,0.74,18,66797.0
33,Female,Employed,Savings,69,1,279379,20,7,9,0,0.97,16,279379.0
48,Female,Employed,Current,20,1,211393,16,5,9,0,0.98,14,211393.0
32,Female,Employed,Savings,176,3,172395,21,11,12,0,0.59,23,57465.0
29,Female,Employed,Savings,120,1,87910,18,7,16,0,0.73,23,87910.0
44,Male,Self-employed,Fixed Deposit,180,3,1537,13,5,8,0,0.52,13,512.33
40,Female,Self-employed,Current,158,1,247363,12,3,9,0,0.81,12,247363.0
38,Male,Employed,Current,96,2,394850,14,5,15,0,0.63,20,197425.0
37,Female,Employed,Savings,121,2,36163,17,9,8,0,0.99,17,18081.5
28,Male,Self-employed,Current,63,1,6186,21,10,6,0,0.92,16,6186.0
34,Male,Employed,Current,100,3,92746,15,11,13,0,0.75,24,30915.33
32,Male,Employed,Savings,116,1,74756,18,4,8,0,0.72,12,74756.0
64,Female,Employed,Current,152,1,68331,15,7,3,1,0.62,10,68331.0
42,Female,Unemployed,Fixed Deposit,78,3,187594,15,9,9,0,0.54,18,62531.33
19,Female,Self-employed,Fixed Deposit,152,4,44473,10,10,9,0,0.57,19,11118.25
18,Female,Employed,Fixed Deposit,126,2,34369,16,7,9,0,0.84,16,17184.5
25,Male,Employed,Savings,72,4,244504,20,8,7,1,0.63,15,61126.0
27,Female,Self-employed,Savings,123,1,29102,19,5,10,0,0.95,15,29102.0
50,Male,Unemployed,Savings,98,2,75691,17,7,10,1,0.98,17,37845.5
28,Male,Employed,Savings,125,3,166130,13,8,8,0,0.62,16,55376.67
35,Male,Self-employed,Savings,22,1,123896,16,7,9,0,0.66,16,123896.0
31,Female,Employed,Current,114,3,329834,13,9,9,0,0.95,18,109944.67
38,Female,Unemployed,Fixed Deposit,46,2,1041788,15,4,9,0,0.86,13,520894.0
24,Male,Unemployed,Savings,141,2,183424,10,10,12,0,0.67,22,91712.0
44,Female,Self-employed,Current,110,4,45769,15,7,15,0,0.75,22,11442.25
50,Male,Self-employed,Savings,167,2,84523,15,8,10,0,0.73,18,42261.5
18,Female,Employed,Savings,122,2,257033,7,3,10,0,0.56,13,128516.5
31,Female,Employed,Fixed Deposit,133,2,70175,9,8,15,0,0.8,23,35087.5
39,Male,Employed,Savings,108,4,188324,12,9,7,1,0.55,16,47081.0
39,Female,Employed,Current,27,2,201481,17,4,10,0,0.84,14,100740.5
29,Female,Employed,Current,180,1,354298,11,5,9,0,0.65,14,354298.0
18,Female,Employed,Savings,142,2,15344,15,11,9,0,0.66,20,7672.0
40,Female,Self-employed,Current,133,1,143313,12,9,6,0,0.67,15,143313.0
26,Female,Employed,Savings,57,2,29027,20,8,4,1,0.62,12,14513.5
25,Male,Employed,Fixed Deposit,91,3,257952,15,6,9,0,0.59,15,85984.0
19,Male,Employed,Current,58,4,237439,16,8,8,1,0.74,16,59359.75
34,Female,Self-employed,Current,83,1,116250,9,6,11,0,0.66,17,116250.0
37,Female,Unemployed,Current,165,4,310528,14,11,13,0,0.77,24,77632.0
48,Male,Employed,Fixed Deposit,70,1,20656,19,10,14,0,0.97,24,20656.0
42,Female,Employed,Savings,165,2,131195,10,4,12,0,0.61,16,65597.5
20,Male,Self-employed,Savings,177,1,171771,20,9,7,0,0.73,16,171771.0
22,Female,Employed,Savings,36,3,379470,18,10,6,0,0.83,16,126490.0
46,Male,Employed,Savings,130,4,83583,19,8,10,0,0.82,18,20895.75
42,Female,Employed,Savings,176,3,393049,13,15,10,0,0.58,25,131016.33
18,Female,Employed,Current,174,1,238988,19,12,10,0,0.98,22,238988.0
44,Male,Self-employed,Current,78,1,342785,14,10,11,1,0.72,21,342785.0
36,Female,Employed,Current,79,1,48962,14,12,8,0,1.0,20,48962.0
32,Female,Self-employed,Savings,95,2,527805,10,8,7,1,0.53,15,263902.5
38,Male,Employed,Current,161,1,176513,13,9,13,0,0.96,22,176513.0
22,Female,Self-employed,Current,38,4,143824,12,5,10,0,0.91,15,35956.0
23,Male,Self-employed,Savings,67,1,431300,9,10,9,0,0.61,19,431300.0
30,Female,Employed,Fixed Deposit,95,1,88876,16,8,9,0,0.91,17,88876.0
47,Female,Self-employed,Current,119,2,158226,15,10,3,0,0.97,13,79113.0
44,Female,Employed,Savings,42,1,201632,14,7,15,1,0.94,22,201632.0
32,Male,Employed,Savings,116,3,68893,19,9,11,0,0.95,20,22964.33
25,Female,Employed,Current,88,3,52350,13,5,6,0,0.58,11,17450.0
49,Female,Self-employed,Current,78,4,307651,18,7,9,1,0.87,16,76912.75
44,Male,Employed,Savings,46,3,31710,16,7,6,0,0.97,13,10570.0
20,Female,Employed,Current,130,2,174279,16,6,9,0,0.69,15,87139.5
35,Male,Employed,Savings,35,1,456669,20,10,10,0,0.79,20,456669.0
25,Female,Self-employed,Savings,102,2,147008,18,3,12,0,0.69,15,73504.0
28,Female,Self-employed,Savings,24,2,14053,17,11,9,0,0.7,20,7026.5
37,Female,Self-employed,Savings,73,4,139293,12,10,12,0,0.63,22,34823.25
38,Female,Unemployed,Savings,94,2,272835,15,5,11,0,0.91,16,136417.5
31,Female,Unemployed,Savings,169,2,81222,15,13,14,1,0.74,27,40611.0
18,Female,Employed,Savings,101,2,52486,12,4,9,0,0.55,13,26243.0
38,Female,Employed,Savings,38,2,81388,16,12,8,0,0.88,20,40694.0
44,Female,Self-employed,Savings,156,1,2887,19,3,11,0,0.9,14,2887.0
23,Female,Self-employed,Savings,55,1,222305,14,5,9,0,0.96,14,222305.0
33,Female,Employed,Savings,21,4,285222,19,7,17,0,0.97,24,71305.5
18,Male,Employed,Savings,103,3,40633,14,9,8,0,0.53,17,13544.33
42,Female,Employed,Savings,59,1,16607,13,8,12,0,0.74,20,16607.0
44,Male,Self-employed,Current,83,1,288594,16,7,7,0,0.96,14,288594.0
32,Male,Self-employed,Current,120,3,37508,19,2,9,0,0.55,11,12502.67
18,Male,Unemployed,Savings,42,1,302746,23,7,10,1,0.91,17,302746.0
59,Male,Unemployed,Savings,137,1,118367,11,10,9,0,0.82,19,118367.0
39,Male,Employed,Current,80,1,236326,13,4,16,0,0.72,20,236326.0
27,Female,Employed,Savings,140,1,190798,14,6,14,0,0.6,20,190798.0
45,Male,Employed,Savings,162,3,5382,15,3,10,0,0.59,13,1794.0
58,Female,Employed,Savings,71,2,197285,16,10,6,0,0.53,16,98642.5
36,Male,Self-employed,Savings,23,1,261365,19,7,9,0,0.94,16,261365.0
62,Female,Unemployed,Savings,62,3,396844,13,3,4,0,0.96,7,132281.33
30,Male,Employed,Current,178,2,335922,14,9,12,0,0.54,21,167961.0
39,Female,Self-employed,Savings,28,1,21029,15,6,9,0,0.85,15,21029.0
49,Female,Employed,Fixed Deposit,138,2,168881,13,7,8,0,0.89,15,84440.5
38,Male,Employed,Fixed Deposit,68,1,418775,11,6,10,0,0.5,16,418775.0
40,Male,Employed,Savings,110,3,238972,16,7,10,0,0.52,17,79657.33
39,Male,Employed,Savings,125,2,128330,18,8,11,0,0.57,19,64165.0
22,Male,Employed,Current,64,2,95544,10,11,17,0,0.8,28,47772.0
45,Female,Unemployed,Fixed Deposit,48,1,17677,17,10,6,0,0.64,16,17677.0
39,Male,Employed,Current,121,1,125218,20,9,12,0,0.56,21,125218.0
33,Female,Unemployed,Current,26,2,263012,14,7,14,0,0.74,21,131506.0
18,Female,Employed,Current,81,3,229023,13,12,10,1,0.64,22,76341.0
18,Male,Employed,Savings,42,2,175480,15,12,9,0,0.66,21,87740.0
41,Male,Employed,Savings,21,1,129478,6,8,15,0,0.9,23,129478.0
31,Female,Employed,Current,174,2,60537,14,8,6,0,0.81,14,30268.5
43,Male,Self-employed,Savings,133,1,168166,13,7,11,0,0.74,18,168166.0
22,Male,Unemployed,Current,143,2,48469,17,7,8,0,0.63,15,24234.5
39,Male,Self-employed,Savings,81,1,69409,13,8,10,1,0.8,18,69409.0
24,Female,Employed,Current,20,3,358187,19,13,11,0,0.99,24,119395.67
21,Male,Employed,Savings,83,4,3106,15,4,12,0,0.65,16,776.5
46,Female,Self-employed,Current,99,1,93254,11,14,16,0,0.73,30,93254.0
27,Male,Employed,Savings,117,2,525123,14,9,6,0,0.64,15,262561.5
30,Female,Employed,Savings,158,4,68456,16,8,12,0,0.58,20,17114.0
46,Male,Self-employed,Savings,143,2,643620,9,5,9,0,0.98,14,321810.0
44,Female,Employed,Savings,116,2,329505,18,6,4,0,0.9,10,164752.5
46,Male,Employed,Savings,180,1,56342,10,5,11,0,0.86,16,56342.0
41,Female,Employed,Current,107,3,178846,8,7,14,0,0.82,21,59615.33
29,Male,Self-employed,Savings,15,3,101248,19,6,10,1,0.76,16,33749.33
44,Female,Employed,Current,175,3,36132,15,13,7,0,0.64,20,12044.0
25,Male,Employed,Current,89,4,240065,10,11,9,1,0.65,20,60016.25
31,Female,Employed,Savings,123,3,17005,17,12,9,2,0.72,21,5668.33
47,Male,Unemployed,Current,26,2,392633,11,5,5,0,0.92,10,196316.5
19,Female,Self-employed,Current,105,2,195479,14,9,5,1,0.73,14,97739.5
42,Female,Employed,Current,110,1,225996,23,12,10,0,0.65,22,225996.0
22,Female,Employed,Current,87,1,32216,11,5,9,0,0.86,14,32216.0
21,Female,Employed,Savings,167,1,19300,10,5,10,0,0.55,15,19300.0
34,Female,Unemployed,Savings,25,2,674206,15,9,8,0,0.84,17,337103.0
26,Female,Self-employed,Savings,94,2,104642,18,9,4,1,0.68,13,52321.0
40,Female,Employed,Savings,18,2,327304,16,2,8,1,0.83,10,163652.0
42,Female,Self-employed,Savings,86,4,32480,16,9,14,0,0.76,23,8120.0
31,Female,Self-employed,Savings,22,1,550769,12,10,7,0,0.87,17,550769.0
50,Female,Employed,Savings,44,1,186200,18,10,10,1,0.9,20,186200.0
34,Female,Employed,Savings,56,2,112826,18,5,11,1,0.8,16,56413.0
34,Male,Self-employed,Current,60,2,6872,20,8,5,1,0.81,13,3436.0
24,Male,Employed,Savings,21,3,4343,18,4,13,0,0.65,17,1447.67
33,Male,Self-employed,Savings,123,2,77007,13,9,6,1,0.64,15,38503.5
37,Male,Employed,Current,69,1,20745,10,7,8,0,0.74,15,20745.0
37,Female,Self-employed,Savings,47,4,114569,12,8,10,0,0.85,18,28642.25
24,Male,Employed,Savings,133,2,7107,20,6,13,1,0.68,19,3553.5
48,Female,Employed,Current,153,2,28565,9,10,6,0,0.73,16,14282.5
38,Male,Employed,Savings,86,1,273807,16,4,8,0,0.7,12,273807.0
27,Male,Self-employed,Savings,80,1,659644,18,7,6,0,0.59,13,659644.0
44,Male,Employed,Savings,135,2,30963,14,14,2,0,0.71,16,15481.5
41,Female,Self-employed,Current,128,1,928,14,4,12,0,0.82,16,928.0
22,Female,Unemployed,Savings,49,2,60875,11,12,10,0,0.81,22,30437.5
27,Female,Employed,Savings,43,2,52706,13,5,12,0,0.94,17,26353.0
45,Female,Employed,Savings,137,2,123199,16,8,11,0,0.62,19,61599.5
21,Male,Employed,Current,120,2,4425,13,8,5,0,0.97,13,2212.5
21,Female,Employed,Current,69,2,237656,15,7,11,0,0.94,18,118828.0
25,Female,Unemployed,Current,168,4,30294,16,10,11,1,0.66,21,7573.5
44,Male,Employed,Current,169,1,190355,17,10,15,0,0.82,25,190355.0
28,Female,Self-employed,Savings,80,1,67477,12,5,8,0,0.62,13,67477.0
36,Male,Self-employed,Current,39,1,25437,14,4,12,0,0.65,16,25437.0
42,Female,Employed,Savings,110,1,177320,14,12,10,0,0.89,22,177320.0
30,Female,Self-employed,Savings,90,1,77243,17,6,9,0,0.5,15,77243.0
41,Male,Employed,Savings,150,4,133801,14,8,11,1,0.52,19,33450.25
26,Male,Self-employed,Savings,16,2,694935,16,9,5,1,0.52,14,347467.5
60,Male,Unemployed,Fixed Deposit,141,2,37060,15,5,5,0,0.8,10,18530.0
23,Male,Employed,Fixed Deposit,139,1,30587,17,11,11,0,0.82,22,30587.0
44,Female,Unemployed,Savings,77,2,362864,12,8,7,1,0.94,15,181432.0
40,Male,Self-employed,Savings,92,1,151160,14,15,7,1,0.67,22,151160.0
47,Female,Unemployed,Savings,26,3,107800,11,11,7,0,0.55,18,35933.33
34,Male,Employed,Savings,72,4,579103,17,6,8,0,0.63,14,144775.75
18,Female,Employed,Savings,102,3,241294,20,7,11,0,0.82,18,80431.33
46,Female,Unemployed,Savings,114,1,21185,19,6,12,0,0.87,18,21185.0
39,Female,Self-employed,Current,30,1,152122,19,5,17,0,0.91,22,152122.0
44,Female,Employed,Savings,131,2,49485,20,9,8,0,0.96,17,24742.5
33,Male,Employed,Savings,155,1,4666,9,10,4,0,0.81,14,4666.0
20,Male,Self-employed,Current,151,3,44038,13,8,17,0,0.64,25,14679.33
32,Male,Employed,Savings,120,2,268301,17,4,16,0,0.66,20,134150.5
29,Male,Self-employed,Savings,53,4,91602,10,9,13,0,0.55,22,22900.5
35,Male,Employed,Savings,31,2,85459,19,8,7,0,0.68,15,42729.5
25,Male,Employed,Savings,62,2,209610,14,14,6,0,0.87,20,104805.0
38,Female,Self-employed,Savings,153,2,178741,18,6,11,1,0.65,17,89370.5
39,Male,Self-employed,Current,109,1,61520,17,6,11,0,0.96,17,61520.0
44,Female,Self-employed,Fixed Deposit,120,2,90658,16,12,15,1,0.68,27,45329.0
27,Female,Employed,Savings,166,2,31150,12,5,15,0,0.6,20,15575.0
18,Female,Self-employed,Savings,84,4,118345,21,4,10,0,0.97,14,29586.25
38,Male,Employed,Current,70,1,421173,11,9,13,1,0.52,22,421173.0
32,Female,Self-employed,Savings,151,1,32010,20,8,8,1,0.71,16,32010.0
29,Female,Employed,Savings,50,1,42851,7,9,10,0,0.94,19,42851.0
40,Male,Employed,Savings,15,2,53804,13,11,11,0,0.54,22,26902.0
39,Female,Employed,Savings,172,1,3492,19,8,11,0,0.74,19,3492.0
29,Male,Employed,Savings,121,2,143778,18,8,7,1,0.91,15,71889.0
32,Female,Self-employed,Savings,85,3,160983,17,9,4,0,0.66,13,53661.0
21,Male,Self-employed,Current,114,1,16771,17,14,9,0,0.55,23,16771.0
26,Male,Unemployed,Fixed Deposit,65,2,110199,18,8,12,0,0.91,20,55099.5
32,Female,Employed,Current,99,2,120168,17,8,12,0,0.97,20,60084.0
50,Female,Self-employed,Savings,63,2,63698,16,9,6,0,0.68,15,31849.0
46,Female,Employed,Savings,25,1,29474,16,2,13,0,0.6,15,29474.0
30,Female,Employed,Current,112,2,143503,17,6,16,0,0.7,22,71751.5
30,Female,Employed,Savings,57,1,13130,11,8,7,0,0.58,15,13130.0
25,Male,Self-employed,Savings,54,3,449783,12,7,10,0,0.52,17,149927.67
18,Male,Self-employed,Current,108,4,125115,14,8,10,0,0.61,18,31278.75
40,Female,Self-employed,Current,23,3,47114,20,7,7,1,0.82,14,15704.67
18,Female,Employed,Current,157,1,33096,10,4,5,0,0.66,9,33096.0
34,Male,Employed,Savings,86,3,30760,20,9,8,0,0.88,17,10253.33
43,Female,Employed,Savings,133,3,116927,12,9,11,0,0.68,20,38975.67
45,Male,Employed,Savings,153,2,351894,14,11,10,0,0.55,21,175947.0
18,Female,Employed,Savings,174,1,41869,15,9,12,1,0.92,21,41869.0
33,Female,Unemployed,Savings,108,1,72245,16,9,6,0,0.86,15,72245.0
28,Male,Self-employed,Savings,113,1,749979,16,11,10,0,0.81,21,749979.0
40,Male,Self-employed,Current,102,1,130495,10,10,4,1,0.94,14,130495.0
49,Female,Employed,Savings,48,1,249920,18,11,7,0,0.95,18,249920.0
35,Male,Self-employed,Current,55,4,248052,21,7,9,1,0.71,16,62013.0
43,Male,Employed,Current,57,4,327802,18,4,10,0,0.51,14,81950.5
35,Female,Self-employed,Current,14,1,144106,17,8,9,1,0.87,17,144106.0
42,Female,Employed,Fixed Deposit,60,1,105790,18,9,16,0,0.53,25,105790.0
28,Female,Employed,Savings,68,1,2686,17,6,11,0,0.86,17,2686.0
34,Female,Employed,Savings,179,4,136064,14,6,5,0,0.8,11,34016.0
19,Female,Employed,Current,26,1,22755,10,7,10,0,0.86,17,22755.0
20,Female,Employed,Savings,165,3,15175,12,8,8,0,0.69,16,5058.33
35,Male,Employed,Savings,19,1,63067,16,6,15,0,0.84,21,63067.0
27,Male,Employed,Savings,37,1,275590,20,7,13,0,0.75,20,275590.0
19,Male,Unemployed,Current,24,3,69157,19,4,11,0,0.89,15,23052.33
18,Male,Self-employed,Savings,155,3,31947,12,10,11,0,0.82,21,10649.0
26,Female,Self-employed,Current,158,1,25659,21,5,13,0,0.52,18,25659.0
24,Female,Unemployed,Savings,81,3,255663,9,5,10,0,0.74,15,85221.0
37,Female,Employed,Savings,174,1,184617,14,7,14,0,0.92,21,184617.0
35,Female,Employed,Savings,77,1,265542,19,10,10,0,0.67,20,265542.0
37,Female,Employed,Current,174,2,520358,17,11,5,1,0.59,16,260179.0
26,Female,Employed,Savings,120,1,37061,14,8,10,0,0.77,18,37061.0
30,Male,Employed,Current,163,2,46022,13,13,8,1,0.88,21,23011.0
38,Female,Employed,Current,56,1,194843,19,8,8,0,0.66,16,194843.0
27,Female,Self-employed,Savings,102,3,83647,15,9,12,0,0.91,21,27882.33
35,Female,Unemployed,Savings,102,3,45245,15,6,10,1,0.76,16,15081.67
43,Female,Employed,Savings,117,4,10229,8,9,6,0,0.85,15,2557.25
19,Female,Unemployed,Savings,61,3,827896,15,7,12,0,0.73,19,275965.33
24,Female,Employed,Savings,94,2,247428,15,6,7,0,0.7,13,123714.0
29,Male,Employed,Current,16,2,177487,17,10,9,0,0.99,19,88743.5
18,Female,Employed,Current,68,1,9862,12,12,5,0,0.57,17,9862.0
38,Male,Employed,Current,35,1,274747,18,3,8,0,0.96,11,274747.0
27,Male,Employed,Savings,133,2,255802,17,7,10,3,0.97,17,127901.0
25,Male,Employed,Savings,153,1,12078,20,11,16,0,0.53,27,12078.0
32,Male,Self-employed,Savings,153,3,146769,17,8,8,0,0.52,16,48923.0
38,Male,Employed,Savings,73,1,17363,13,7,13,1,0.96,20,17363.0
36,Male,Employed,Current,65,1,173080,18,10,9,0,0.74,19,173080.0
29,Male,Self-employed,Current,127,1,2063,17,6,9,0,0.68,15,2063.0
20,Male,Employed,Current,103,4,37612,15,6,8,0,0.96,14,9403.0
28,Male,Self-employed,Current,76,3,133503,18,6,11,1,0.7,17,44501.0
18,Female,Employed,Current,21,3,477436,12,6,13,1,0.69,19,159145.33
55,Female,Employed,Savings,161,1,27152,12,10,12,1,0.73,22,27152.0
32,Male,Employed,Current,146,1,36839,13,10,18,0,0.79,28,36839.0
28,Female,Unemployed,Savings,41,1,7736,13,8,2,0,0.54,10,7736.0
23,Male,Employed,Savings,66,2,142376,12,9,9,1,0.94,18,71188.0
43,Male,Self-employed,Fixed Deposit,55,4,95550,19,15,10,0,0.63,25,23887.5
32,Male,Unemployed,Fixed Deposit,47,2,201637,15,5,6,1,0.84,11,100818.5
25,Female,Self-employed,Savings,178,2,83953,14,8,10,0,0.9,18,41976.5
30,Female,Self-employed,Fixed Deposit,139,3,89313,14,6,12,0,0.82,18,29771.0
18,Male,Self-employed,Current,122,1,43600,12,10,8,0,0.79,18,43600.0
31,Male,Unemployed,Savings,157,1,167294,19,8,6,0,0.82,14,167294.0
37,Female,Employed,Current,102,2,120131,15,8,12,0,0.6,20,60065.5
18,Male,Self-employed,Savings,174,1,536972,17,9,4,0,0.52,13,536972.0
35,Male,Self-employed,Savings,145,1,189270,12,6,12,0,0.73,18,189270.0
47,Male,Employed,Savings,114,3,450059,19,11,16,1,0.55,27,150019.67
21,Female,Self-employed,Savings,88,2,302307,18,7,8,0,0.73,15,151153.5
39,Female,Self-employed,Savings,123,2,252974,11,10,11,2,0.67,21,126487.0
34,Male,Employed,Savings,57,1,463266,13,14,8,0,0.57,22,463266.0
29,Male,Unemployed,Savings,15,4,42635,11,13,6,0,0.64,19,10658.75
51,Female,Employed,Savings,117,1,4733,10,7,15,0,0.94,22,4733.0
25,Female,Employed,Savings,88,2,15786,10,13,5,1,0.76,18,7893.0
18,Female,Self-employed,Savings,51,4,79076,11,11,12,0,0.84,23,19769.0
37,Female,Employed,Savings,35,3,75767,16,4,7,2,0.68,11,25255.67
27,Female,Employed,Savings,48,1,62268,13,7,13,0,0.56,20,62268.0
37,Female,Employed,Savings,77,1,406588,13,3,13,0,0.72,16,406588.0
18,Female,Employed,Savings,62,3,187293,8,6,10,0,0.65,16,62431.0
26,Female,Employed,Current,95,1,100335,14,7,9,0,0.83,16,100335.0
34,Female,Employed,Savings,48,3,48908,8,8,12,0,0.66,20,16302.67
34,Female,Employed,Current,59,4,25878,15,11,14,0,0.67,25,6469.5
21,Male,Employed,Savings,125,1,672027,17,8,6,1,0.65,14,672027.0
31,Female,Self-employed,Savings,16,1,115827,12,9,10,0,0.56,19,115827.0
18,Female,Unemployed,Savings,38,2,17288,15,12,17,0,0.97,29,8644.0
34,Male,Self-employed,Fixed Deposit,164,2,17171,20,10,8,0,0.84,18,8585.5
52,Male,Self-employed,Current,141,4,30730,12,7,10,0,0.94,17,7682.5
32,Male,Self-employed,Savings,163,1,480303,15,4,19,1,0.78,23,480303.0
52,Male,Employed,Savings,116,2,32591,17,10,10,0,0.98,20,16295.5
42,Female,Employed,Savings,66,1,64000,14,7,11,0,0.87,18,64000.0
38,Female,Employed,Current,119,1,70869,17,9,10,0,0.61,19,70869.0
49,Male,Employed,Current,73,3,138045,13,6,10,1,0.82,16,46015.0
45,Male,Employed,Current,54,3,18977,17,1,9,0,0.97,10,6325.67
32,Male,Employed,Current,88,2,93460,15,9,12,0,0.63,21,46730.0
31,Male,Employed,Current,168,2,63925,11,12,10,1,0.85,22,31962.5
43,Male,Employed,Fixed Deposit,156,2,468089,9,10,14,0,0.73,24,234044.5
28,Female,Employed,Savings,156,2,62545,10,8,7,0,0.52,15,31272.5
40,Male,Unemployed,Current,56,1,490415,13,6,9,0,1.0,15,490415.0
32,Female,Employed,Current,83,2,11800,14,6,8,0,0.7,14,5900.0
42,Female,Self-employed,Savings,14,3,104222,11,10,11,1,0.88,21,34740.67
28,Male,Employed,Savings,166,1,172429,20,7,17,0,0.83,24,172429.0
37,Male,Unemployed,Savings,107,3,161854,18,6,10,1,0.84,16,53951.33
40,Male,Employed,Savings,156,1,77329,13,6,11,1,0.63,17,77329.0
60,Male,Self-employed,Savings,180,2,5052,14,8,10,1,0.85,18,2526.0
43,Male,Self-employed,Savings,110,1,56205,12,12,7,0,0.74,19,56205.0
49,Male,Employed,Current,60,2,238940,13,7,5,0,0.94,12,119470.0
34,Male,Unemployed,Current,89,2,131747,22,4,18,0,0.65,22,65873.5
52,Male,Employed,Savings,76,1,200444,15,8,13,0,0.62,21,200444.0
42,Female,Employed,Savings,63,3,258694,11,11,12,2,0.78,23,86231.33
38,Female,Self-employed,Savings,145,3,362059,15,5,9,0,0.51,14,120686.33
19,Female,Employed,Savings,13,3,75777,20,15,11,0,0.67,26,25259.0
30,Female,Employed,Fixed Deposit,28,1,967963,17,7,9,0,0.8,16,967963.0
42,Male,Unemployed,Savings,76,2,170815,13,9,6,0,0.87,15,85407.5
39,Male,Self-employed,Current,129,2,90421,12,7,10,0,0.58,17,45210.5
50,Male,Self-employed,Savings,130,2,78234,14,7,11,0,0.53,18,39117.0
32,Female,Self-employed,Current,23,1,119682,13,9,9,0,0.91,18,119682.0
37,Female,Employed,Savings,135,3,150211,16,10,9,1,0.79,19,50070.33
32,Male,Unemployed,Savings,85,1,36749,18,5,11,1,0.55,16,36749.0
34,Male,Employed,Current,74,1,20147,18,6,10,0,0.57,16,20147.0
25,Male,Self-employed,Savings,117,2,145796,12,5,12,0,0.86,17,72898.0
23,Female,Self-employed,Savings,21,2,997056,6,6,13,1,0.54,19,498528.0
45,Male,Self-employed,Savings,162,1,23308,17,12,9,0,0.64,21,23308.0
35,Female,Self-employed,Current,19,2,16982,12,10,11,0,0.7,21,8491.0
30,Male,Employed,Savings,163,1,97574,17,11,12,1,0.64,23,97574.0
23,Female,Employed,Savings,83,1,3718,12,6,9,0,0.93,15,3718.0
45,Female,Unemployed,Current,91,2,35599,16,11,7,0,0.94,18,17799.5
29,Female,Unemployed,Fixed Deposit,175,1,433425,16,12,10,0,0.81,22,433425.0
45,Male,Employed,Savings,116,3,39175,7,19,11,0,0.79,30,13058.33
33,Female,Employed,Fixed Deposit,179,2,282358,11,10,17,1,0.66,27,141179.0
30,Female,Unemployed,Current,96,1,7555,21,13,15,0,0.61,28,7555.0
40,Female,Self-employed,Savings,130,1,598557,15,11,3,0,0.92,14,598557.0
49,Female,Self-employed,Current,90,3,52013,9,7,8,0,0.99,15,17337.67
43,Male,Self-employed,Fixed Deposit,97,1,106411,7,12,10,0,0.55,22,106411.0
35,Female,Employed,Savings,113,1,182904,14,2,8,0,0.86,10,182904.0
44,Male,Employed,Savings,117,1,465499,21,4,10,1,0.78,14,465499.0
30,Male,Employed,Current,133,1,350446,15,7,4,0,0.88,11,350446.0
27,Male,Employed,Savings,147,1,39638,13,5,5,0,0.87,10,39638.0
34,Female,Employed,Current,68,3,768,13,6,15,0,0.77,21,256.0
39,Male,Employed,Savings,58,2,235213,12,6,14,1,0.99,20,117606.5
30,Male,Employed,Savings,145,4,32520,18,9,14,0,0.56,23,8130.0
51,Male,Employed,Savings,152,2,176603,11,12,9,0,0.65,21,88301.5
36,Female,Employed,Savings,76,1,218831,14,9,8,0,0.98,17,218831.0
23,Female,Employed,Savings,62,1,56225,15,8,9,0,0.83,17,56225.0
37,Male,Self-employed,Savings,102,2,436841,21,10,7,0,0.63,17,218420.5
48,Female,Employed,Savings,77,1,382696,16,6,8,0,0.51,14,382696.0
27,Female,Self-employed,Fixed Deposit,171,3,119349,16,5,6,0,0.91,11,39783.0
37,Male,Self-employed,Fixed Deposit,138,1,130164,17,6,14,0,0.95,20,130164.0
34,Female,Self-employed,Fixed Deposit,23,2,201238,12,6,11,0,0.88,17,100619.0
33,Male,Employed,Savings,134,1,32343,13,9,9,1,0.72,18,32343.0
23,Female,Self-employed,Fixed Deposit,127,1,36500,14,10,16,0,0.65,26,36500.0
40,Female,Employed,Current,162,2,132226,14,5,13,0,0.67,18,66113.0
25,Female,Employed,Fixed Deposit,143,1,110697,13,11,7,2,0.59,18,110697.0
27,Male,Unemployed,Fixed Deposit,74,2,179794,18,9,9,0,0.7,18,89897.0
25,Female,Self-employed,Savings,76,3,301718,19,7,9,0,0.69,16,100572.67
18,Female,Employed,Savings,86,1,44078,12,9,11,0,0.75,20,44078.0
40,Male,Employed,Current,106,1,204721,20,10,6,1,0.67,16,204721.0
31,Male,Self-employed,Savings,147,1,44442,17,14,18,0,0.6,32,44442.0
32,Female,Employed,Savings,74,4,95609,19,9,11,0,0.77,20,23902.25
38,Female,Self-employed,Savings,173,1,169597,10,3,9,1,0.7,12,169597.0
45,Male,Employed,Savings,124,3,132977,15,11,6,0,0.91,17,44325.67
36,Female,Self-employed,Savings,154,2,2475,11,13,13,0,0.81,26,1237.5
31,Male,Self-employed,Savings,24,4,572350,15,6,9,0,0.72,15,143087.5
37,Male,Self-employed,Savings,53,2,286326,14,11,13,0,0.82,24,143163.0
25,Male,Employed,Savings,93,2,553750,8,12,7,0,0.94,19,276875.0
27,Female,Employed,Savings,59,1,278688,10,3,13,0,0.59,16,278688.0
25,Male,Employed,Savings,100,3,187117,15,11,8,0,0.83,19,62372.33
34,Male,Employed,Savings,96,2,28691,16,4,13,0,0.53,17,14345.5
35,Female,Employed,Savings,141,4,180775,15,7,18,1,0.81,25,45193.75
37,Male,Employed,Current,35,3,369594,11,4,13,0,0.62,17,123198.0
52,Male,Employed,Savings,79,4,69895,18,13,5,0,0.82,18,17473.75
40,Female,Employed,Savings,64,2,225296,10,8,16,0,0.64,24,112648.0
18,Female,Employed,Savings,117,1,500,13,10,6,2,0.86,16,500.0
34,Male,Self-employed,Current,167,1,341917,19,4,10,0,0.86,14,341917.0
26,Male,Employed,Savings,22,3,217653,11,6,14,0,0.69,20,72551.0
30,Female,Employed,Savings,141,1,122724,15,4,14,0,0.6,18,122724.0
18,Female,Self-employed,Savings,31,2,78175,16,11,4,0,0.55,15,39087.5
35,Female,Self-employed,Savings,152,2,178479,17,8,4,0,0.54,12,89239.5
19,Male,Employed,Savings,156,2,216224,13,12,12,0,0.64,24,108112.0
43,Female,Employed,Savings,37,1,161133,19,6,9,1,0.66,15,161133.0
34,Female,Employed,Savings,49,3,34740,18,11,7,0,0.99,18,11580.0
36,Male,Employed,Savings,154,1,34639,14,8,9,0,0.8,17,34639.0
35,Male,Self-employed,Savings,140,3,149774,17,7,9,0,0.77,16,49924.67
30,Female,Self-employed,Current,23,1,259450,21,9,8,1,0.61,17,259450.0
34,Female,Self-employed,Savings,114,1,122148,13,6,4,0,0.93,10,122148.0
22,Male,Employed,Current,156,4,492727,8,6,9,1,0.7,15,123181.75
36,Male,Employed,Savings,148,2,372192,17,11,17,1,0.8,28,186096.0
20,Male,Employed,Fixed Deposit,94,3,14323,15,8,6,0,0.6,14,4774.33
58,Female,Employed,Savings,24,2,228026,16,6,10,0,0.73,16,114013.0
19,Male,Employed,Current,91,2,113593,11,11,11,0,0.61,22,56796.5
47,Male,Self-employed,Savings,71,2,53817,11,7,7,0,0.67,14,26908.5
18,Male,Employed,Savings,71,1,189930,13,10,7,0,0.55,17,189930.0
27,Female,Self-employed,Fixed Deposit,59,1,132338,18,5,3,0,0.76,8,132338.0
41,Female,Employed,Current,133,4,45279,12,7,11,1,0.74,18,11319.75
41,Male,Self-employed,Fixed Deposit,107,1,209942,16,12,11,0,0.8,23,209942.0
32,Female,Employed,Current,128,4,106674,15,10,11,0,0.65,21,26668.5
46,Male,Employed,Savings,125,1,64767,12,6,11,0,0.52,17,64767.0
23,Male,Employed,Current,69,1,93607,10,7,7,0,0.87,14,93607.0
43,Male,Self-employed,Savings,16,1,266043,10,10,5,0,0.7,15,266043.0
41,Male,Employed,Current,65,2,20369,9,9,19,0,0.5,28,10184.5
32,Female,Self-employed,Current,101,1,68279,18,10,8,0,0.97,18,68279.0
39,Female,Unemployed,Savings,164,2,65174,11,7,14,0,0.84,21,32587.0
25,Female,Unemployed,Savings,35,2,102543,16,7,7,0,0.82,14,51271.5
30,Female,Employed,Savings,143,2,35921,17,7,12,0,0.7,19,17960.5
35,Male,Employed,Current,86,2,429953,13,13,11,0,0.84,24,214976.5
33,Male,Self-employed,Current,78,1,201480,14,8,10,0,0.72,18,201480.0
48,Female,Self-employed,Current,49,3,53563,14,13,7,1,0.57,20,17854.33
18,Female,Unemployed,Savings,171,3,369668,20,13,7,0,0.84,20,123222.67
32,Male,Self-employed,Current,112,2,45764,9,10,8,0,0.86,18,22882.0
24,Male,Employed,Savings,121,4,190114,16,13,12,0,0.73,25,47528.5
47,Male,Self-employed,Current,164,1,260336,19,8,7,0,0.77,15,260336.0
40,Male,Self-employed,Current,125,1,57052,17,8,8,1,0.63,16,57052.0
37,Male,Employed,Savings,48,1,30213,8,5,10,0,0.67,15,30213.0
20,Male,Self-employed,Current,60,1,1106,15,9,14,0,0.86,23,1106.0
40,Female,Employed,Savings,130,4,17115,24,5,14,0,0.61,19,4278.75
36,Male,Employed,Savings,166,2,18271,13,6,4,1,0.58,10,9135.5
20,Female,Employed,Fixed Deposit,65,1,44689,17,7,9,0,0.68,16,44689.0
25,Female,Unemployed,Current,91,1,187326,11,9,4,0,0.66,13,187326.0
32,Female,Self-employed,Current,157,1,73754,14,2,10,0,0.54,12,73754.0
40,Female,Employed,Savings,94,2,292693,24,9,9,1,0.69,18,146346.5
39,Female,Employed,Current,164,3,233737,20,7,10,0,0.89,17,77912.33
43,Female,Self-employed,Savings,60,2,18454,13,10,8,0,0.93,18,9227.0
32,Male,Self-employed,Fixed Deposit,28,1,217799,13,12,11,0,0.79,23,217799.0
38,Female,Self-employed,Savings,102,1,172395,16,6,7,0,0.65,13,172395.0
20,Male,Unemployed,Current,134,2,55212,21,7,15,1,0.62,22,27606.0
45,Female,Employed,Savings,162,3,190555,13,11,12,0,0.62,23,63518.33
20,Female,Self-employed,Savings,59,1,192773,18,5,4,0,0.96,9,192773.0
47,Female,Employed,Savings,118,2,102834,9,9,11,0,0.68,20,51417.0
32,Male,Employed,Savings,144,3,246041,17,9,7,0,0.59,16,82013.67
35,Male,Employed,Fixed Deposit,28,1,182114,13,10,7,0,0.74,17,182114.0
52,Male,Unemployed,Current,150,2,192523,19,8,10,0,0.59,18,96261.5
42,Male,Employed,Savings,104,1,3171,10,7,12,0,0.85,19,3171.0
27,Male,Employed,Current,146,3,232755,20,12,9,0,0.74,21,77585.0
27,Female,Employed,Savings,23,1,315491,14,1,11,0,0.95,12,315491.0
36,Male,Self-employed,Current,76,1,77499,13,5,6,0,0.95,11,77499.0
34,Male,Employed,Current,108,3,215514,17,11,17,0,0.58,28,71838.0
40,Female,Employed,Current,167,1,27133,19,9,7,0,0.72,16,27133.0
44,Male,Self-employed,Savings,14,3,34219,15,12,11,0,0.99,23,11406.33
27,Female,Employed,Current,177,2,4345,19,6,5,0,1.0,11,2172.5
51,Female,Employed,Savings,156,4,68080,18,5,11,0,0.79,16,17020.0
31,Male,Employed,Savings,134,1,228959,26,7,6,0,0.92,13,228959.0
39,Male,Employed,Savings,98,3,18255,26,8,8,0,0.86,16,6085.0
38,Male,Employed,Current,146,1,153413,19,4,9,0,0.87,13,153413.0
46,Female,Employed,Current,125,1,52657,17,9,6,0,0.8,15,52657.0
36,Female,Employed,Savings,69,3,26748,20,12,18,0,0.79,30,8916.0
43,Female,Employed,Current,93,2,128496,10,5,10,0,0.94,15,64248.0
33,Female,Employed,Savings,36,1,191332,23,9,8,0,0.95,17,191332.0
55,Female,Employed,Savings,174,2,109395,11,1,7,0,0.53,8,54697.5
22,Female,Unemployed,Savings,54,1,244518,12,10,9,0,0.97,19,244518.0
64,Female,Employed,Current,94,1,26274,12,12,16,0,0.98,28,26274.0
47,Female,Employed,Savings,74,2,12078,13,12,8,0,0.84,20,6039.0
28,Female,Self-employed,Savings,166,1,78638,24,8,12,0,0.6,20,78638.0
41,Female,Employed,Savings,28,3,154651,12,11,12,0,0.96,23,51550.33
41,Male,Self-employed,Savings,163,1,119770,17,4,5,0,0.66,9,119770.0
59,Female,Self-employed,Fixed Deposit,179,2,307074,20,7,10,1,0.63,17,153537.0
28,Female,Self-employed,Current,23,1,16051,13,8,8,0,0.8,16,16051.0
31,Female,Self-employed,Fixed Deposit,163,1,5571,15,10,10,0,0.77,20,5571.0
47,Male,Employed,Fixed Deposit,63,4,198005,13,9,6,0,0.73,15,49501.25
18,Male,Unemployed,Savings,52,3,665227,18,7,7,0,0.92,14,221742.33
36,Male,Self-employed,Savings,167,3,408055,10,8,11,0,0.95,19,136018.33
25,Male,Employed,Current,56,1,557058,16,12,11,0,0.89,23,557058.0
44,Female,Employed,Current,33,2,17009,21,5,14,0,0.54,19,8504.5
39,Female,Employed,Fixed Deposit,58,2,64320,16,10,11,0,0.7,21,32160.0
43,Male,Employed,Savings,168,1,79615,21,6,12,0,0.6,18,79615.0
48,Male,Employed,Savings,118,1,42436,13,4,8,0,0.7,12,42436.0
29,Male,Employed,Current,64,2,458059,19,8,7,0,0.85,15,229029.5
61,Female,Employed,Current,51,2,47468,8,16,11,0,0.57,27,23734.0
24,Male,Employed,Savings,39,3,140238,16,7,10,1,0.74,17,46746.0
39,Female,Unemployed,Current,34,2,106160,16,9,7,0,0.71,16,53080.0
63,Female,Self-employed,Savings,82,2,129030,18,10,6,1,0.59,16,64515.0
40,Female,Employed,Savings,118,2,432024,18,8,5,0,0.69,13,216012.0
40,Female,Employed,Savings,41,1,73791,21,14,12,0,0.62,26,73791.0
23,Female,Employed,Savings,99,2,122466,24,9,14,0,0.63,23,61233.0
37,Female,Employed,Savings,67,1,41056,17,5,12,0,0.96,17,41056.0
32,Male,Self-employed,Savings,108,2,59437,14,6,11,0,0.85,17,29718.5
44,Male,Self-employed,Savings,70,3,64959,16,6,7,1,0.71,13,21653.0
35,Male,Employed,Savings,84,3,150294,19,8,11,0,0.53,19,50098.0
31,Male,Employed,Current,165,4,225638,15,6,17,0,0.68,23,56409.5
27,Female,Unemployed,Savings,83,3,463713,16,13,9,1,0.92,22,154571.0
39,Female,Employed,Current,140,1,491586,21,7,9,0,0.5,16,491586.0
28,Male,Employed,Savings,51,2,46014,13,9,12,0,0.68,21,23007.0
27,Female,Employed,Fixed Deposit,84,3,40609,10,10,11,1,0.75,21,13536.33
56,Female,Self-employed,Current,177,1,1004198,14,7,12,0,0.52,19,1004198.0
34,Male,Employed,Savings,172,1,52431,15,9,10,0,0.65,19,52431.0
53,Female,Employed,Current,62,2,116172,13,8,13,1,0.88,21,58086.0
26,Male,Employed,Savings,51,4,198206,18,7,6,0,0.8,13,49551.5
21,Female,Employed,Current,80,2,42344,11,5,12,0,0.54,17,21172.0
38,Female,Employed,Fixed Deposit,20,3,79319,11,9,11,1,0.74,20,26439.67
34,Male,Self-employed,Fixed Deposit,83,1,125452,13,11,5,0,0.79,16,125452.0
46,Male,Employed,Savings,62,4,47348,14,9,11,0,0.97,20,11837.0
35,Female,Self-employed,Savings,31,3,65884,9,9,8,0,0.62,17,21961.33
32,Male,Self-employed,Current,170,1,299410,15,11,9,0,0.96,20,299410.0
30,Male,Employed,Savings,25,1,28754,13,11,8,2,0.69,19,28754.0
33,Female,Employed,Savings,64,2,189222,14,14,12,0,0.53,26,94611.0
23,Male,Self-employed,Savings,137,3,296630,22,5,8,0,0.58,13,98876.67
18,Male,Employed,Savings,41,2,98101,14,5,11,0,0.79,16,49050.5
36,Male,Employed,Savings,149,2,231134,14,9,12,0,0.51,21,115567.0
37,Male,Employed,Savings,27,3,294992,15,5,15,1,0.85,20,98330.67
25,Male,Self-employed,Current,180,2,139546,19,9,10,0,0.96,19,69773.0
45,Female,Employed,Fixed Deposit,116,1,269060,11,9,8,0,0.88,17,269060.0
34,Female,Self-employed,Current,92,3,168054,15,9,12,0,0.75,21,56018.0
18,Male,Employed,Current,56,3,6469,16,4,11,0,0.84,15,2156.33
41,Male,Unemployed,Savings,15,1,123200,19,5,12,0,0.61,17,123200.0
31,Male,Employed,Current,165,1,140954,13,12,8,0,0.51,20,140954.0
26,Male,Unemployed,Current,21,1,179922,14,10,15,1,0.56,25,179922.0
44,Male,Employed,Savings,13,1,225207,11,11,11,1,0.79,22,225207.0
25,Female,Employed,Current,123,1,406100,16,7,12,0,0.94,19,406100.0
26,Female,Self-employed,Current,70,1,166150,18,4,16,0,0.53,20,166150.0
47,Male,Employed,Savings,82,1,171937,19,8,7,1,0.78,15,171937.0
45,Male,Employed,Savings,165,3,51470,14,9,11,1,0.51,20,17156.67
36,Male,Employed,Savings,68,3,27927,19,11,12,0,0.57,23,9309.0
37,Male,Employed,Current,45,1,14295,14,8,5,1,0.7,13,14295.0
23,Male,Employed,Current,101,1,501684,16,5,15,2,0.6,20,501684.0
35,Female,Employed,Fixed Deposit,79,2,49562,15,6,5,0,0.65,11,24781.0
42,Female,Employed,Savings,51,1,118433,14,7,7,0,0.74,14,118433.0
40,Male,Employed,Fixed Deposit,106,1,20295,18,8,8,0,0.69,16,20295.0
32,Male,Employed,Savings,75,1,10967,12,10,7,0,0.82,17,10967.0
39,Female,Self-employed,Current,148,2,363923,15,8,6,0,0.91,14,181961.5
34,Male,Unemployed,Savings,165,1,48341,21,7,9,0,0.97,16,48341.0
39,Female,Self-employed,Savings,152,3,394619,13,6,11,1,0.65,17,131539.67
37,Male,Self-employed,Current,137,1,300251,11,4,8,0,0.86,12,300251.0
28,Male,Self-employed,Savings,15,4,534265,13,7,5,0,0.59,12,133566.25
35,Male,Employed,Current,142,3,192000,12,7,13,0,0.6,20,64000.0
29,Male,Employed,Savings,47,2,284997,16,14,8,0,0.98,22,142498.5
49,Female,Self-employed,Current,55,3,146482,11,9,8,0,0.69,17,48827.33
39,Female,Self-employed,Savings,22,3,98942,10,6,14,0,0.74,20,32980.67
50,Female,Self-employed,Savings,171,2,384115,17,11,8,0,0.56,19,192057.5
31,Male,Self-employed,Savings,70,1,104853,16,9,10,1,0.51,19,104853.0
44,Female,Unemployed,Savings,32,1,4188,8,7,15,0,0.7,22,4188.0
43,Male,Employed,Fixed Deposit,103,1,102309,10,10,8,0,0.91,18,102309.0
39,Female,Employed,Savings,138,3,299190,7,8,7,0,0.55,15,99730.0
25,Female,Employed,Savings,173,2,144968,11,5,12,0,0.99,17,72484.0
35,Male,Self-employed,Current,23,1,18349,11,6,15,0,0.63,21,18349.0
28,Female,Employed,Current,106,1,182479,11,12,11,0,0.86,23,182479.0
46,Female,Employed,Savings,32,2,54071,13,6,8,0,0.6,14,27035.5
33,Male,Self-employed,Current,27,4,915,14,14,11,0,0.59,25,228.75
33,Male,Unemployed,Savings,138,2,66785,12,10,11,0,0.59,21,33392.5
39,Female,Employed,Fixed Deposit,136,3,89439,12,10,10,0,0.51,20,29813.0
34,Female,Self-employed,Savings,154,3,46029,13,7,10,0,0.88,17,15343.0
45,Male,Employed,Fixed Deposit,72,1,42160,17,7,10,1,0.56,17,42160.0
34,Female,Unemployed,Fixed Deposit,118,2,56791,15,14,12,1,0.7,26,28395.5
18,Male,Self-employed,Current,34,1,19669,15,5,8,0,0.83,13,19669.0
61,Female,Employed,Current,44,1,28064,10,10,12,0,0.55,22,28064.0
31,Male,Unemployed,Fixed Deposit,23,2,5559,19,7,14,0,0.99,21,2779.5
30,Female,Employed,Current,105,1,174793,13,8,5,0,0.64,13,174793.0
36,Female,Employed,Current,22,4,140965,25,3,11,1,0.64,14,35241.25
39,Male,Employed,Savings,35,2,61904,11,15,8,0,0.75,23,30952.0
27,Male,Unemployed,Savings,30,4,203634,22,13,8,0,0.58,21,50908.5
29,Female,Self-employed,Savings,157,3,66472,15,8,5,0,0.64,13,22157.33
43,Male,Unemployed,Savings,49,4,506423,16,8,7,0,0.52,15,126605.75
36,Male,Employed,Savings,80,1,190054,12,7,7,0,0.64,14,190054.0
44,Female,Employed,Fixed Deposit,172,1,3273,19,12,9,0,0.69,21,3273.0
43,Female,Employed,Savings,41,2,26892,27,9,13,0,0.8,22,13446.0
28,Female,Self-employed,Current,69,1,70391,14,6,7,0,0.84,13,70391.0
45,Male,Employed,Savings,94,1,110618,8,9,15,0,0.54,24,110618.0
30,Female,Employed,Current,20,3,38760,14,10,14,0,0.88,24,12920.0
31,Female,Unemployed,Savings,100,4,56455,18,6,8,0,0.75,14,14113.75
31,Female,Unemployed,Savings,92,3,59357,14,7,7,0,0.67,14,19785.67
36,Male,Employed,Savings,77,3,49441,23,8,6,0,0.74,14,16480.33
18,Female,Employed,Current,94,3,65920,6,8,15,0,0.73,23,21973.33
20,Male,Employed,Savings,116,1,126437,17,7,7,0,0.83,14,126437.0
36,Female,Employed,Savings,101,4,201078,19,14,12,0,0.58,26,50269.5
35,Female,Employed,Savings,149,2,243645,11,6,12,1,0.97,18,121822.5
24,Male,Self-employed,Savings,99,1,129983,15,7,9,0,0.99,16,129983.0
28,Male,Employed,Fixed Deposit,83,3,175701,20,9,13,0,0.77,22,58567.0
37,Female,Employed,Fixed Deposit,64,2,53204,16,11,5,0,0.67,16,26602.0
31,Female,Employed,Savings,16,1,377538,12,9,10,0,0.5,19,377538.0
29,Female,Employed,Current,31,2,157680,18,7,11,0,0.54,18,78840.0
18,Male,Employed,Savings,66,4,66840,19,11,8,1,0.54,19,16710.0
18,Male,Self-employed,Savings,23,3,78793,11,5,14,0,0.96,19,26264.33
40,Male,Employed,Savings,135,2,379741,16,12,5,0,0.6,17,189870.5
18,Female,Employed,Savings,47,1,93251,17,12,12,0,0.73,24,93251.0
32,Female,Employed,Current,180,1,549247,20,8,5,0,0.75,13,549247.0
27,Male,Self-employed,Savings,87,1,177032,17,12,10,0,0.86,22,177032.0
43,Female,Employed,Current,84,2,7456,12,8,11,0,0.9,19,3728.0
18,Female,Employed,Current,45,2,95397,14,5,14,1,0.7,19,47698.5
33,Female,Self-employed,Current,16,3,201371,19,6,13,0,0.82,19,67123.67
21,Female,Employed,Current,68,1,85074,21,7,4,0,0.85,11,85074.0
50,Male,Employed,Current,29,3,42809,13,8,11,0,0.86,19,14269.67
35,Male,Employed,Savings,111,1,57088,11,10,12,0,0.88,22,57088.0
47,Male,Self-employed,Fixed Deposit,48,2,103910,11,14,12,1,0.88,26,51955.0
54,Male,Employed,Current,73,4,165670,13,8,10,0,0.73,18,41417.5
36,Female,Self-employed,Savings,166,2,182835,13,6,13,0,0.78,19,91417.5
43,Female,Employed,Savings,93,1,41117,11,10,15,0,0.92,25,41117.0
35,Female,Employed,Savings,133,1,106154,23,6,6,0,0.83,12,106154.0
43,Male,Employed,Current,43,2,260429,19,8,6,2,0.82,14,130214.5
33,Female,Employed,Savings,51,2,46227,15,3,6,0,0.59,9,23113.5
48,Male,Employed,Savings,151,1,66347,15,12,9,0,0.76,21,66347.0
36,Female,Employed,Savings,117,1,112002,18,11,10,1,0.88,21,112002.0
25,Male,Employed,Current,54,2,99842,16,10,11,0,0.95,21,49921.0
45,Male,Self-employed,Current,70,4,827833,13,6,8,0,0.78,14,206958.25
33,Male,Self-employed,Fixed Deposit,28,3,76440,21,9,11,0,0.75,20,25480.0
33,Male,Employed,Fixed Deposit,179,3,112509,13,8,13,1,0.53,21,37503.0
40,Female,Employed,Savings,153,2,261673,14,10,7,1,0.63,17,130836.5
18,Female,Employed,Savings,160,1,105009,18,7,21,0,0.96,28,105009.0
40,Male,Employed,Fixed Deposit,141,2,68078,19,8,12,0,0.68,20,34039.0
34,Male,Self-employed,Current,142,1,35519,18,6,10,0,0.73,16,35519.0
27,Male,Unemployed,Current,37,1,921323,16,4,9,0,0.58,13,921323.0
33,Male,Unemployed,Savings,83,1,19685,18,11,11,0,0.71,22,19685.0
18,Male,Employed,Current,57,2,149446,15,8,7,1,0.53,15,74723.0
18,Male,Unemployed,Savings,19,3,79454,22,12,9,0,0.93,21,26484.67
28,Male,Employed,Savings,140,2,447093,14,14,12,0,0.58,26,223546.5
38,Male,Employed,Fixed Deposit,106,1,292428,17,13,13,0,0.6,26,292428.0
53,Male,Employed,Savings,49,2,76676,12,7,6,0,0.56,13,38338.0
32,Male,Employed,Savings,28,1,395311,17,7,9,1,0.88,16,395311.0
39,Male,Unemployed,Current,170,1,172822,10,4,5,0,0.64,9,172822.0
32,Male,Employed,Savings,39,4,113649,19,5,11,1,0.91,16,28412.25
29,Male,Employed,Savings,140,3,141359,16,14,13,0,0.98,27,47119.67
30,Male,Employed,Current,132,1,205192,17,7,14,0,0.7,21,205192.0
38,Male,Self-employed,Current,112,2,92697,10,6,8,1,0.96,14,46348.5
55,Female,Employed,Savings,36,2,35764,18,10,8,0,0.87,18,17882.0
47,Male,Self-employed,Fixed Deposit,36,1,201673,8,6,4,0,0.87,10,201673.0
18,Male,Employed,Savings,96,1,270419,17,6,15,1,0.66,21,270419.0
42,Female,Employed,Savings,31,4,583766,16,10,8,0,0.63,18,145941.5
22,Female,Employed,Savings,28,1,168133,14,11,8,1,0.88,19,168133.0
49,Male,Employed,Current,92,1,178311,14,9,8,0,0.65,17,178311.0
38,Female,Employed,Savings,28,1,33929,21,5,8,0,0.81,13,33929.0
24,Female,Unemployed,Current,114,1,5309,14,7,16,0,0.57,23,5309.0
46,Female,Unemployed,Fixed Deposit,15,2,31341,11,8,15,0,0.92,23,15670.5
40,Male,Employed,Current,93,1,593791,13,7,4,0,0.57,11,593791.0
30,Female,Employed,Fixed Deposit,114,3,143264,13,12,11,0,0.74,23,47754.67
33,Female,Self-employed,Savings,58,3,335856,20,10,10,0,0.67,20,111952.0
51,Male,Employed,Savings,155,1,80223,15,12,8,0,0.73,20,80223.0
30,Male,Self-employed,Fixed Deposit,78,1,210001,12,8,15,0,0.78,23,210001.0
53,Male,Employed,Fixed Deposit,147,1,29903,11,10,10,0,0.96,20,29903.0
50,Female,Unemployed,Savings,110,4,173229,14,5,8,1,0.64,13,43307.25
35,Male,Employed,Savings,173,4,96580,22,5,12,0,0.58,17,24145.0
42,Male,Unemployed,Current,56,1,217290,21,7,10,0,0.5,17,217290.0
43,Female,Employed,Current,114,2,120222,9,11,10,0,0.85,21,60111.0
34,Male,Employed,Savings,170,2,246757,12,4,6,1,0.79,10,123378.5
47,Female,Self-employed,Savings,81,1,252187,7,8,6,0,0.51,14,252187.0
35,Female,Self-employed,Current,145,1,64708,19,7,12,0,0.85,19,64708.0
27,Female,Unemployed,Current,86,2,205779,17,8,9,0,0.83,17,102889.5
42,Male,Employed,Savings,71,1,3909,16,11,12,0,0.62,23,3909.0
30,Female,Employed,Current,24,2,145631,18,7,9,0,0.9,16,72815.5
30,Female,Employed,Savings,132,4,56885,14,9,12,0,0.88,21,14221.25
20,Female,Self-employed,Current,157,2,11752,16,10,12,0,0.77,22,5876.0
30,Female,Unemployed,Savings,97,1,97816,14,11,14,0,0.85,25,97816.0
42,Female,Employed,Savings,52,1,63250,12,11,11,0,0.88,22,63250.0
40,Female,Employed,Savings,174,1,228073,15,7,6,0,0.67,13,228073.0
18,Male,Employed,Current,18,2,227823,17,7,12,0,0.91,19,113911.5
38,Male,Self-employed,Savings,167,2,54548,12,10,7,0,0.75,17,27274.0
36,Male,Unemployed,Savings,110,3,56996,14,14,14,0,0.7,28,18998.67
36,Male,Employed,Current,164,1,216921,15,6,11,0,0.9,17,216921.0
48,Female,Self-employed,Savings,15,2,33735,17,7,8,0,0.68,15,16867.5
48,Male,Employed,Savings,121,4,24569,8,11,11,0,0.97,22,6142.25
18,Female,Employed,Current,146,2,11083,12,9,7,0,0.68,16,5541.5
18,Female,Self-employed,Savings,176,1,362820,9,5,11,0,0.79,16,362820.0
41,Male,Self-employed,Savings,169,1,17660,11,14,9,1,0.54,23,17660.0
27,Male,Employed,Savings,137,1,2329,13,11,11,0,0.61,22,2329.0
28,Female,Unemployed,Fixed Deposit,134,3,77433,23,11,7,0,0.63,18,25811.0
29,Female,Unemployed,Fixed Deposit,21,3,78374,15,10,12,0,0.75,22,26124.67
29,Female,Employed,Current,112,1,114872,14,5,12,0,0.96,17,114872.0
31,Male,Employed,Savings,63,3,104396,17,5,8,0,0.54,13,34798.67
18,Female,Employed,Fixed Deposit,155,1,62846,18,10,12,0,0.67,22,62846.0
29,Male,Unemployed,Savings,157,2,282956,20,14,13,1,0.78,27,141478.0
35,Female,Employed,Savings,71,2,128240,20,14,9,0,0.86,23,64120.0
39,Female,Unemployed,Savings,129,3,10161,20,12,12,0,0.53,24,3387.0
52,Male,Employed,Savings,38,1,135189,15,6,19,1,0.85,25,135189.0
42,Male,Employed,Savings,55,2,592217,22,11,12,1,0.75,23,296108.5
39,Male,Unemployed,Savings,163,3,64076,12,4,12,0,0.88,16,21358.67
19,Female,Employed,Savings,38,2,235419,15,9,4,0,0.94,13,117709.5
40,Male,Self-employed,Savings,164,3,28982,14,6,14,0,0.81,20,9660.67
35,Female,Employed,Savings,152,1,8981,12,8,9,0,0.89,17,8981.0
39,Female,Employed,Savings,94,2,95076,20,9,7,0,0.61,16,47538.0
32,Female,Employed,Savings,131,1,20212,12,12,10,1,0.97,22,20212.0
18,Male,Self-employed,Current,85,4,45882,11,10,10,0,0.62,20,11470.5
25,Male,Employed,Savings,71,1,145686,12,5,13,0,0.92,18,145686.0
29,Male,Unemployed,Fixed Deposit,98,2,263303,18,5,10,0,0.78,15,131651.5
25,Male,Employed,Savings,147,4,140984,19,7,14,0,0.63,21,35246.0
43,Male,Employed,Savings,70,4,96891,18,3,6,0,0.81,9,24222.75
35,Male,Self-employed,Current,164,1,90844,17,7,11,0,0.54,18,90844.0
24,Male,Employed,Savings,54,2,86198,15,9,7,1,0.71,16,43099.0
41,Female,Unemployed,Savings,131,2,216841,17,10,12,0,0.54,22,108420.5
34,Female,Self-employed,Current,49,1,166876,15,11,4,0,0.86,15,166876.0
23,Male,Employed,Current,154,4,111523,12,8,12,0,1.0,20,27880.75
40,Female,Employed,Current,56,2,18110,15,3,13,0,0.95,16,9055.0
44,Female,Employed,Current,172,2,316316,21,8,10,0,0.87,18,158158.0
36,Female,Employed,Savings,167,1,64428,18,8,13,1,0.96,21,64428.0
31,Female,Employed,Savings,144,2,52945,12,12,8,0,0.97,20,26472.5
39,Male,Self-employed,Savings,16,1,75494,16,5,9,0,0.64,14,75494.0
29,Male,Employed,Savings,80,2,172153,11,8,8,0,0.73,16,86076.5
29,Female,Employed,Fixed Deposit,65,2,61917,15,6,8,0,0.98,14,30958.5
46,Male,Employed,Current,30,3,431752,15,7,10,0,0.8,17,143917.33
39,Female,Employed,Savings,134,1,76454,19,7,12,0,0.63,19,76454.0
45,Female,Employed,Savings,20,3,256595,13,9,16,0,0.75,25,85531.67
44,Female,Employed,Savings,26,1,36626,21,5,8,0,0.52,13,36626.0
26,Male,Self-employed,Savings,133,3,45056,12,8,10,0,0.63,18,15018.67
44,Male,Self-employed,Current,29,1,30757,14,10,5,0,0.71,15,30757.0
32,Female,Employed,Savings,134,3,88942,24,5,16,0,0.77,21,29647.33
30,Male,Self-employed,Savings,65,4,86684,14,13,7,0,0.92,20,21671.0
38,Male,Employed,Savings,177,3,76614,14,4,7,0,0.85,11,25538.0
55,Female,Employed,Savings,22,1,430393,16,5,8,0,0.91,13,430393.0
28,Male,Employed,Savings,54,3,140258,16,8,10,0,0.6,18,46752.67
43,Male,Self-employed,Current,154,2,23155,19,4,12,1,0.52,16,11577.5
36,Male,Employed,Fixed Deposit,170,2,295898,9,11,16,0,0.92,27,147949.0
25,Female,Employed,Savings,106,2,65616,11,6,14,0,0.65,20,32808.0
31,Male,Employed,Savings,156,2,64089,15,6,6,0,0.66,12,32044.5
27,Male,Employed,Savings,24,1,188774,17,5,11,0,0.65,16,188774.0
49,Male,Employed,Savings,109,2,115732,21,8,9,0,0.82,17,57866.0
27,Female,Employed,Savings,69,1,313721,11,12,8,1,0.67,20,313721.0
24,Female,Employed,Savings,149,1,42607,8,12,13,0,0.79,25,42607.0
38,Female,Employed,Current,145,2,117710,13,9,11,0,0.74,20,58855.0
41,Female,Employed,Savings,137,2,99076,20,6,5,0,0.82,11,49538.0
47,Female,Unemployed,Current,146,1,317088,13,6,16,0,0.62,22,317088.0
47,Male,Self-employed,Savings,83,1,10890,19,10,14,0,0.55,24,10890.0
50,Male,Employed,Savings,30,2,182289,16,2,8,0,0.7,10,91144.5
21,Male,Employed,Savings,166,3,13597,14,3,14,0,0.76,17,4532.33
22,Female,Employed,Savings,163,3,95402,15,12,9,0,0.9,21,31800.67
43,Male,Employed,Savings,133,1,9878,15,14,14,0,0.6,28,9878.0
49,Male,Self-employed,Savings,128,3,128770,9,7,7,1,0.74,14,42923.33
46,Male,Self-employed,Savings,169,1,130905,18,2,9,0,0.97,11,130905.0
43,Female,Unemployed,Savings,35,1,71864,12,9,11,0,0.69,20,71864.0
42,Male,Employed,Savings,98,1,152955,16,8,12,0,0.83,20,152955.0
36,Female,Self-employed,Savings,163,2,224558,18,8,6,0,0.93,14,112279.0
27,Male,Employed,Savings,67,1,74852,14,8,16,0,0.97,24,74852.0
47,Female,Unemployed,Current,163,1,46469,21,7,10,0,0.58,17,46469.0
54,Male,Self-employed,Fixed Deposit,154,1,196803,18,8,5,0,0.63,13,196803.0
52,Male,Employed,Savings,57,1,592197,18,6,9,0,0.73,15,592197.0
35,Male,Employed,Savings,74,1,290644,15,6,14,0,0.91,20,290644.0
22,Female,Self-employed,Savings,47,1,51601,14,8,10,0,0.6,18,51601.0
42,Female,Employed,Current,141,4,72264,12,8,8,0,0.61,16,18066.0
44,Female,Employed,Savings,125,2,157265,17,12,12,0,0.91,24,78632.5
26,Male,Employed,Savings,48,2,331578,24,6,8,1,0.92,14,165789.0
24,Female,Employed,Current,89,2,18321,8,8,12,0,0.86,20,9160.5
37,Female,Employed,Fixed Deposit,59,2,84742,15,8,13,0,0.81,21,42371.0
36,Male,Employed,Savings,179,4,87972,14,10,6,0,0.78,16,21993.0
33,Male,Employed,Fixed Deposit,151,4,49814,17,4,9,0,0.51,13,12453.5
18,Female,Unemployed,Fixed Deposit,112,4,38056,16,9,9,0,0.79,18,9514.0
46,Female,Employed,Savings,161,1,50239,16,9,7,0,0.62,16,50239.0
34,Male,Employed,Current,124,2,547712,16,4,8,1,0.72,12,273856.0
40,Female,Unemployed,Fixed Deposit,111,1,45847,15,14,11,0,0.87,25,45847.0
43,Male,Employed,Savings,65,1,140150,15,6,7,0,0.63,13,140150.0
18,Male,Self-employed,Savings,50,3,369678,16,7,7,0,0.72,14,123226.0
33,Female,Employed,Current,159,3,350267,17,6,9,0,0.68,15,116755.67
50,Female,Employed,Current,40,1,234519,15,9,16,0,0.89,25,234519.0
24,Male,Employed,Current,128,2,45495,13,13,11,0,0.74,24,22747.5
39,Male,Employed,Savings,85,2,77492,9,10,15,0,0.67,25,38746.0
28,Female,Unemployed,Savings,134,1,97977,16,12,11,0,0.58,23,97977.0
24,Female,Unemployed,Current,128,1,48496,10,4,15,0,0.77,19,48496.0
43,Female,Employed,Current,71,1,176498,8,8,10,0,0.57,18,176498.0
25,Female,Self-employed,Savings,32,1,71528,10,11,8,0,0.97,19,71528.0
18,Male,Employed,Fixed Deposit,26,1,133812,14,6,9,0,0.86,15,133812.0
30,Male,Employed,Savings,14,1,253434,7,13,14,0,0.55,27,253434.0
36,Male,Employed,Current,80,4,186359,13,7,12,0,0.72,19,46589.75
34,Male,Employed,Savings,157,2,249255,22,12,7,0,0.83,19,124627.5
33,Female,Employed,Fixed Deposit,53,1,151700,17,4,15,1,0.56,19,151700.0
31,Male,Self-employed,Current,88,1,66545,11,10,13,1,0.75,23,66545.0
27,Female,Employed,Savings,173,3,274767,16,8,5,0,0.81,13,91589.0
47,Male,Employed,Fixed Deposit,178,1,116137,23,9,3,0,0.51,12,116137.0
46,Male,Employed,Savings,113,1,198867,11,7,14,0,0.5,21,198867.0
31,Male,Employed,Savings,28,2,30161,14,9,14,0,0.52,23,15080.5
37,Male,Unemployed,Savings,130,1,44007,12,9,8,1,0.54,17,44007.0
42,Male,Employed,Savings,170,1,94499,14,11,12,1,0.53,23,94499.0
34,Female,Employed,Savings,165,1,435759,9,7,15,1,0.74,22,435759.0
29,Male,Employed,Savings,160,3,178846,21,7,12,0,0.85,19,59615.33
57,Female,Self-employed,Current,86,1,183461,10,8,7,0,0.6,15,183461.0
34,Female,Self-employed,Savings,143,1,42742,13,8,16,0,0.53,24,42742.0
32,Male,Employed,Savings,172,2,42794,7,11,10,0,0.84,21,21397.0
23,Male,Employed,Savings,95,3,275666,14,8,15,0,0.71,23,91888.67
25,Female,Self-employed,Savings,72,2,323459,14,2,12,0,0.77,14,161729.5
24,Male,Unemployed,Savings,54,2,16383,16,6,9,0,0.84,15,8191.5
38,Female,Employed,Savings,159,1,66425,15,3,12,0,0.6,15,66425.0
26,Male,Self-employed,Savings,42,4,99947,13,3,11,0,0.59,14,24986.75
19,Female,Employed,Current,93,1,80165,12,12,13,0,0.67,25,80165.0
43,Female,Self-employed,Savings,29,3,225337,18,8,11,0,0.99,19,75112.33
26,Female,Employed,Savings,52,1,43018,12,14,8,0,0.75,22,43018.0
27,Male,Employed,Current,83,2,339123,24,10,9,0,0.53,19,169561.5
45,Female,Employed,Savings,45,1,112887,16,14,8,0,0.52,22,112887.0
36,Male,Employed,Savings,42,2,130469,14,8,11,0,0.76,19,65234.5
32,Male,Employed,Savings,175,1,15909,13,6,5,0,0.57,11,15909.0
42,Male,Employed,Savings,174,2,306304,14,5,15,0,0.83,20,153152.0
23,Female,Self-employed,Current,73,2,104453,23,10,5,0,0.86,15,52226.5
30,Female,Employed,Savings,61,2,31327,12,5,4,0,0.74,9,15663.5
25,Male,Employed,Fixed Deposit,30,2,351201,20,8,15,0,0.61,23,175600.5
26,Female,Employed,Savings,169,2,168785,17,9,7,0,0.66,16,84392.5
36,Female,Employed,Savings,64,3,124707,15,7,7,1,0.78,14,41569.0
50,Female,Employed,Savings,99,1,102977,15,7,6,0,0.64,13,102977.0
31,Male,Employed,Savings,73,2,72810,20,6,7,0,0.94,13,36405.0
28,Male,Unemployed,Savings,163,3,40595,15,10,12,0,0.93,22,13531.67
27,Female,Self-employed,Current,27,4,81124,9,7,13,0,0.74,20,20281.0
29,Male,Unemployed,Current,96,1,143990,22,9,9,2,0.94,18,143990.0
33,Male,Unemployed,Savings,137,2,54226,9,5,12,0,0.85,17,27113.0
24,Male,Employed,Savings,117,2,2778,13,7,12,0,0.59,19,1389.0
37,Female,Self-employed,Savings,18,2,26317,7,4,10,0,0.68,14,13158.5
32,Male,Employed,Savings,134,2,72787,11,8,10,0,0.99,18,36393.5
39,Male,Self-employed,Current,153,4,76581,21,9,11,0,0.55,20,19145.25
27,Female,Employed,Current,124,3,62984,12,9,10,1,0.88,19,20994.67
37,Female,Self-employed,Savings,140,3,171667,9,5,13,0,0.88,18,57222.33
38,Female,Employed,Current,62,4,73845,14,3,9,0,0.64,12,18461.25
19,Female,Employed,Savings,136,4,181162,14,11,7,0,0.84,18,45290.5
47,Female,Unemployed,Savings,87,3,17212,15,7,4,0,0.58,11,5737.33
35,Male,Employed,Savings,152,2,76725,23,13,7,1,0.62,20,38362.5
25,Female,Unemployed,Savings,137,4,53558,21,11,8,1,0.51,19,13389.5
24,Male,Unemployed,Savings,119,2,142000,12,11,15,0,0.73,26,71000.0
51,Male,Self-employed,Savings,139,3,441804,14,4,11,0,0.75,15,147268.0
54,Male,Self-employed,Savings,38,3,334114,23,11,11,0,0.75,22,111371.33
40,Male,Self-employed,Current,72,1,80433,11,9,13,0,0.95,22,80433.0
24,Female,Employed,Savings,82,1,209586,18,11,2,0,0.61,13,209586.0
29,Male,Unemployed,Current,158,3,92412,13,6,8,0,0.99,14,30804.0
30,Male,Employed,Savings,29,1,168490,17,12,12,0,0.78,24,168490.0
29,Male,Employed,Savings,50,1,14284,14,9,7,0,0.6,16,14284.0
39,Male,Employed,Savings,102,1,312827,21,8,10,0,0.6,18,312827.0
18,Female,Employed,Savings,93,2,7111,23,13,9,0,0.86,22,3555.5
28,Female,Employed,Current,23,2,264779,14,10,11,0,0.54,21,132389.5
43,Female,Employed,Current,28,2,59107,17,5,7,0,0.91,12,29553.5
54,Female,Employed,Savings,141,2,197644,16,9,6,0,0.96,15,98822.0
36,Male,Self-employed,Savings,110,3,55112,12,13,10,0,0.92,23,18370.67
52,Male,Self-employed,Current,167,3,42615,20,5,9,0,0.78,14,14205.0
42,Male,Unemployed,Savings,74,3,259443,18,4,14,0,0.68,18,86481.0
21,Female,Self-employed,Fixed Deposit,44,1,42486,16,9,10,1,0.56,19,42486.0
18,Female,Employed,Savings,82,1,91429,14,9,5,0,0.91,14,91429.0
24,Male,Employed,Savings,54,3,172099,13,5,6,0,0.78,11,57366.33
30,Female,Employed,Savings,117,2,157003,15,5,13,0,0.99,18,78501.5
50,Female,Employed,Current,99,2,140333,17,6,13,0,0.99,19,70166.5
48,Male,Self-employed,Savings,60,2,146557,16,13,11,0,0.81,24,73278.5
42,Female,Employed,Current,64,1,75551,11,5,13,0,0.5,18,75551.0
35,Male,Self-employed,Savings,80,4,176706,9,10,13,0,0.97,23,44176.5
31,Male,Self-employed,Fixed Deposit,49,3,571594,12,14,16,0,0.53,30,190531.33
47,Male,Self-employed,Current,168,1,110593,13,11,9,0,0.64,20,110593.0
46,Female,Self-employed,Current,158,2,44345,23,6,7,0,0.85,13,22172.5
42,Female,Self-employed,Savings,38,1,142978,19,9,7,0,0.91,16,142978.0
31,Male,Employed,Savings,166,1,74641,11,7,9,0,0.52,16,74641.0
31,Female,Self-employed,Current,123,2,416948,16,9,8,0,0.62,17,208474.0
43,Female,Self-employed,Savings,161,1,32531,15,10,13,0,0.57,23,32531.0
48,Male,Unemployed,Savings,171,3,77993,16,6,9,0,0.75,15,25997.67
22,Female,Self-employed,Savings,76,1,304930,14,4,11,0,0.87,15,304930.0
32,Male,Self-employed,Current,138,1,7839,20,2,13,0,0.77,15,7839.0
26,Female,Employed,Savings,57,1,98964,18,13,14,0,0.86,27,98964.0
40,Male,Employed,Current,126,1,152068,11,10,10,0,0.84,20,152068.0
37,Male,Employed,Current,167,1,17285,15,5,12,0,0.77,17,17285.0
27,Male,Self-employed,Savings,148,1,303162,19,10,10,0,0.59,20,303162.0
41,Male,Employed,Savings,47,1,122028,18,7,8,1,0.65,15,122028.0
52,Female,Employed,Savings,80,2,140620,15,8,11,0,0.8,19,70310.0
39,Female,Employed,Savings,126,3,261004,17,10,10,0,0.6,20,87001.33
27,Female,Employed,Current,148,2,454845,13,15,11,1,0.61,26,227422.5
35,Male,Self-employed,Savings,152,3,151669,18,5,12,0,0.75,17,50556.33
30,Male,Self-employed,Savings,162,3,69290,20,9,12,0,0.99,21,23096.67
23,Female,Employed,Savings,93,4,361761,15,4,14,0,0.69,18,90440.25
44,Female,Employed,Fixed Deposit,157,2,15522,11,9,11,0,0.89,20,7761.0
35,Male,Employed,Current,88,2,144404,13,10,12,0,0.55,22,72202.0
64,Female,Employed,Current,96,3,66920,19,5,8,1,0.93,13,22306.67
25,Female,Employed,Savings,153,3,117075,15,5,6,1,0.93,11,39025.0
49,Female,Employed,Current,167,2,68784,17,7,10,1,0.72,17,34392.0
39,Female,Employed,Savings,164,2,81605,13,6,12,1,0.75,18,40802.5
19,Female,Employed,Savings,111,1,47288,11,6,8,0,0.59,14,47288.0
35,Female,Employed,Current,112,4,225929,10,6,12,0,0.83,18,56482.25
28,Female,Employed,Current,99,2,128622,10,6,15,0,0.84,21,64311.0
37,Male,Employed,Savings,148,4,206553,18,9,11,0,0.83,20,51638.25
34,Male,Employed,Current,136,1,48461,13,11,13,0,0.53,24,48461.0
37,Male,Employed,Savings,86,3,46689,11,13,10,0,0.63,23,15563.0
53,Male,Employed,Savings,62,1,128772,20,8,11,0,0.6,19,128772.0
28,Female,Employed,Savings,65,1,117543,5,11,10,0,0.58,21,117543.0
31,Male,Self-employed,Savings,51,1,170236,18,10,11,0,0.71,21,170236.0
23,Male,Employed,Savings,84,3,63996,21,5,7,0,0.62,12,21332.0
39,Female,Self-employed,Current,23,2,62068,20,4,12,0,0.51,16,31034.0
32,Female,Unemployed,Current,124,2,351504,13,13,9,0,0.8,22,175752.0
21,Male,Employed,Savings,22,1,43547,17,9,9,0,0.8,18,43547.0
40,Male,Employed,Current,66,4,13398,17,6,8,0,1.0,14,3349.5
26,Male,Unemployed,Current,13,3,159636,14,9,9,0,0.7,18,53212.0
38,Female,Employed,Savings,54,2,33757,6,10,9,0,0.71,19,16878.5
38,Female,Self-employed,Savings,173,3,410172,17,8,12,1,0.52,20,136724.0
36,Male,Self-employed,Savings,29,3,144900,13,9,17,0,0.92,26,48300.0
41,Female,Employed,Savings,60,1,252839,13,8,15,1,0.69,23,252839.0
52,Male,Employed,Savings,151,3,13058,15,9,12,0,0.5,21,4352.67
36,Male,Self-employed,Savings,53,4,178723,15,6,9,0,0.67,15,44680.75
28,Male,Unemployed,Savings,42,1,152369,17,8,10,0,0.89,18,152369.0
29,Male,Employed,Savings,97,1,193495,6,6,14,0,0.65,20,193495.0
35,Male,Employed,Savings,59,3,199474,9,5,14,0,0.77,19,66491.33
52,Male,Employed,Savings,74,2,6637,15,5,6,0,0.55,11,3318.5
42,Female,Unemployed,Savings,93,2,26378,15,8,9,0,0.91,17,13189.0
31,Male,Employed,Savings,64,3,68865,13,3,8,0,0.85,11,22955.0
51,Female,Self-employed,Current,68,2,447270,16,8,18,1,0.8,26,223635.0
28,Female,Employed,Fixed Deposit,135,1,102131,18,7,13,0,0.52,20,102131.0
45,Male,Employed,Savings,56,3,110662,17,10,12,0,0.85,22,36887.33
19,Female,Self-employed,Savings,135,1,144141,15,9,10,0,0.86,19,144141.0
21,Male,Employed,Savings,154,1,19038,17,5,11,0,0.91,16,19038.0
40,Male,Employed,Savings,58,1,74539,24,9,5,0,0.88,14,74539.0
30,Female,Employed,Current,163,1,61442,19,7,15,0,0.67,22,61442.0
34,Female,Unemployed,Savings,23,2,401536,20,11,3,0,0.52,14,200768.0
29,Female,Employed,Current,98,2,141269,13,9,10,0,0.84,19,70634.5
39,Female,Unemployed,Savings,168,1,5875,14,11,7,0,0.93,18,5875.0
39,Female,Unemployed,Savings,63,1,20049,23,7,8,0,0.78,15,20049.0
30,Female,Employed,Current,99,1,191986,22,10,12,0,0.67,22,191986.0
36,Male,Employed,Fixed Deposit,139,2,326205,11,8,11,0,0.88,19,163102.5
40,Male,Employed,Savings,110,3,264961,22,7,8,1,0.58,15,88320.33
47,Female,Employed,Fixed Deposit,113,2,93195,17,7,7,0,0.78,14,46597.5
37,Female,Employed,Savings,83,3,178967,8,12,13,0,0.69,25,59655.67
47,Female,Employed,Current,54,1,12520,14,7,10,0,0.5,17,12520.0
44,Male,Self-employed,Current,69,3,125701,13,11,15,0,1.0,26,41900.33
48,Female,Employed,Savings,14,1,139977,17,7,12,0,0.74,19,139977.0
35,Female,Employed,Savings,58,1,201792,15,8,8,0,0.67,16,201792.0
26,Female,Employed,Fixed Deposit,159,3,40823,14,8,5,0,0.84,13,13607.67
30,Male,Employed,Savings,38,1,159884,14,9,8,0,0.95,17,159884.0
32,Female,Self-employed,Current,141,1,54451,13,8,17,0,0.68,25,54451.0
42,Male,Self-employed,Savings,111,1,312359,16,8,14,1,1.0,22,312359.0
46,Female,Employed,Savings,118,2,44565,18,4,9,0,0.69,13,22282.5
33,Female,Employed,Savings,26,1,44506,14,7,9,0,0.7,16,44506.0
43,Male,Employed,Current,104,3,121197,22,10,9,0,0.67,19,40399.0
54,Female,Employed,Savings,144,3,425279,9,9,16,0,0.84,25,141759.67
33,Female,Employed,Savings,23,2,86723,22,8,11,0,0.79,19,43361.5
26,Female,Employed,Savings,97,4,264092,14,9,10,0,0.91,19,66023.0
37,Male,Employed,Current,75,1,13681,17,7,13,0,0.69,20,13681.0
23,Male,Employed,Current,137,2,54661,8,4,11,0,0.6,15,27330.5
46,Male,Self-employed,Savings,33,2,166568,19,8,11,0,0.93,19,83284.0
32,Male,Employed,Savings,151,1,61216,15,7,7,0,0.66,14,61216.0
39,Female,Self-employed,Savings,42,1,32976,17,6,6,0,0.9,12,32976.0
37,Male,Employed,Current,147,2,129446,11,4,10,0,0.87,14,64723.0
28,Female,Self-employed,Savings,100,1,140661,19,9,8,0,0.84,17,140661.0
22,Female,Self-employed,Savings,166,2,165074,17,4,20,0,0.9,24,82537.0
43,Male,Employed,Current,131,3,162596,21,5,8,0,0.77,13,54198.67
36,Female,Unemployed,Savings,176,2,141931,10,11,10,0,0.51,21,70965.5
38,Male,Employed,Savings,111,2,183144,16,8,9,0,0.52,17,91572.0
22,Female,Self-employed,Current,135,4,17084,17,12,8,0,0.82,20,4271.0
31,Female,Self-employed,Current,152,1,40900,9,12,8,0,0.62,20,40900.0
22,Male,Employed,Fixed Deposit,105,4,90916,21,4,8,0,0.75,12,22729.0
42,Male,Employed,Current,21,3,36135,19,14,11,1,0.88,25,12045.0
44,Male,Unemployed,Savings,34,1,58648,13,9,9,0,0.78,18,58648.0
28,Female,Employed,Current,170,3,75775,18,9,8,0,0.58,17,25258.33
31,Male,Employed,Fixed Deposit,140,2,61757,17,8,8,0,0.94,16,30878.5
34,Female,Self-employed,Savings,166,2,2228,18,8,5,0,0.56,13,1114.0
35,Male,Unemployed,Savings,127,1,111817,10,10,11,0,0.64,21,111817.0
36,Female,Employed,Savings,158,1,195010,12,8,9,1,0.69,17,195010.0
31,Male,Self-employed,Current,112,2,15840,20,12,9,0,0.98,21,7920.0
27,Male,Self-employed,Savings,157,4,78888,22,10,4,0,1.0,14,19722.0
54,Male,Self-employed,Savings,131,3,63855,13,5,13,0,0.86,18,21285.0
31,Female,Employed,Savings,136,1,8863,16,12,4,1,0.74,16,8863.0
48,Female,Self-employed,Savings,105,3,105766,13,9,14,0,0.91,23,35255.33
25,Female,Employed,Savings,37,1,170981,14,4,11,0,0.93,15,170981.0
18,Male,Self-employed,Current,43,1,6635,14,8,4,1,0.68,12,6635.0
39,Male,Self-employed,Savings,82,1,128778,19,6,12,0,0.78,18,128778.0
33,Male,Employed,Current,18,4,129376,12,11,8,1,0.69,19,32344.0
47,Female,Unemployed,Current,150,1,283719,20,8,11,0,0.78,19,283719.0
50,Female,Employed,Savings,157,2,169866,14,5,5,0,0.54,10,84933.0
20,Female,Self-employed,Savings,72,2,66135,15,6,8,1,0.82,14,33067.5
52,Female,Self-employed,Current,84,1,22598,17,6,1,0,0.57,7,22598.0
40,Female,Employed,Current,150,2,3910,10,10,8,0,0.98,18,1955.0
31,Female,Employed,Current,61,4,120238,15,7,14,0,0.89,21,30059.5
45,Female,Employed,Savings,99,1,26074,15,5,12,0,0.96,17,26074.0
23,Female,Self-employed,Current,38,1,39957,14,8,3,1,0.99,11,39957.0
32,Female,Self-employed,Current,158,2,123580,11,7,6,0,0.89,13,61790.0
57,Male,Self-employed,Savings,86,1,59110,13,11,9,1,0.53,20,59110.0
18,Male,Employed,Savings,109,2,75691,11,11,12,0,0.64,23,37845.5
25,Female,Self-employed,Current,101,3,811661,11,9,11,0,0.88,20,270553.67
44,Male,Unemployed,Fixed Deposit,66,4,59657,10,8,11,0,0.56,19,14914.25
40,Female,Employed,Current,38,2,21404,17,5,9,1,0.55,14,10702.0
26,Male,Employed,Fixed Deposit,178,2,103449,13,8,9,0,0.77,17,51724.5
30,Male,Unemployed,Savings,158,1,128434,21,6,7,0,0.88,13,128434.0
40,Female,Employed,Fixed Deposit,47,4,2887,18,9,8,0,0.9,17,721.75
40,Female,Employed,Current,138,3,208035,13,5,10,0,0.64,15,69345.0
35,Male,Employed,Current,72,1,75692,15,11,8,0,0.94,19,75692.0
25,Male,Employed,Savings,105,1,168489,15,10,6,0,0.89,16,168489.0
36,Female,Unemployed,Current,136,2,106024,14,12,10,0,0.75,22,53012.0
45,Male,Employed,Savings,75,2,99972,16,8,9,0,0.72,17,49986.0
22,Female,Self-employed,Savings,29,3,300294,6,11,18,1,0.89,29,100098.0
33,Male,Employed,Savings,99,2,2943,13,7,5,2,0.76,12,1471.5
31,Male,Self-employed,Savings,155,1,433824,19,9,10,0,0.81,19,433824.0
29,Male,Self-employed,Savings,82,4,22704,13,9,13,0,0.62,22,5676.0
39,Male,Employed,Savings,158,1,115618,16,3,13,0,0.58,16,115618.0
40,Male,Employed,Fixed Deposit,127,2,15005,12,11,9,0,0.55,20,7502.5
56,Male,Employed,Fixed Deposit,161,1,64922,18,7,11,0,0.91,18,64922.0
23,Male,Unemployed,Savings,33,2,1492,9,11,10,0,0.73,21,746.0
26,Male,Unemployed,Current,44,2,166991,13,8,10,0,0.86,18,83495.5
30,Female,Unemployed,Savings,173,3,65046,11,5,10,0,0.8,15,21682.0
31,Female,Employed,Savings,105,2,111823,17,9,6,0,0.52,15,55911.5
47,Female,Self-employed,Current,116,2,95445,19,7,10,1,0.76,17,47722.5
41,Male,Employed,Savings,55,2,151175,17,5,7,0,0.71,12,75587.5
45,Male,Employed,Savings,27,2,71544,18,9,4,0,0.73,13,35772.0
28,Female,Employed,Current,174,4,161008,18,12,11,0,0.98,23,40252.0
39,Female,Employed,Savings,179,3,252915,12,8,11,1,0.74,19,84305.0
22,Female,Self-employed,Current,74,3,363406,19,8,10,0,0.96,18,121135.33
34,Male,Unemployed,Current,133,1,9919,21,4,7,0,0.67,11,9919.0
37,Female,Employed,Current,92,4,34578,11,5,16,2,0.51,21,8644.5
33,Female,Employed,Savings,160,1,388720,15,6,9,0,0.91,15,388720.0
33,Female,Self-employed,Savings,81,2,157674,15,7,21,0,0.76,28,78837.0
36,Female,Employed,Savings,23,1,18466,14,4,13,0,0.53,17,18466.0
50,Female,Employed,Savings,33,2,124395,14,17,10,0,0.67,27,62197.5
38,Male,Employed,Current,111,2,55981,11,16,10,0,0.77,26,27990.5
56,Male,Employed,Savings,92,2,381944,12,9,7,0,0.63,16,190972.0
33,Female,Self-employed,Savings,160,3,30765,11,5,9,0,0.69,14,10255.0
42,Female,Unemployed,Savings,44,2,15866,13,7,14,0,0.66,21,7933.0
18,Female,Employed,Savings,48,2,10246,17,10,7,0,0.6,17,5123.0
37,Female,Employed,Savings,90,3,82386,16,14,4,1,0.56,18,27462.0
41,Female,Employed,Current,35,2,18676,19,11,12,0,0.88,23,9338.0
39,Female,Self-employed,Savings,116,2,294104,6,7,7,0,0.68,14,147052.0
20,Male,Employed,Savings,128,3,61749,12,8,10,0,0.84,18,20583.0
45,Female,Employed,Current,19,3,202455,14,11,17,0,0.89,28,67485.0
25,Male,Employed,Savings,160,2,5114,13,8,11,1,0.88,19,2557.0
30,Female,Self-employed,Current,178,3,90514,10,8,10,0,0.96,18,30171.33
18,Male,Self-employed,Current,96,1,231557,19,12,10,0,0.92,22,231557.0
24,Female,Employed,Current,22,3,3892,15,9,20,0,0.99,29,1297.33
53,Female,Employed,Savings,125,2,201984,16,14,11,0,0.63,25,100992.0
40,Male,Employed,Savings,57,2,134782,12,10,10,0,0.82,20,67391.0
44,Male,Employed,Savings,131,4,190815,21,13,8,0,0.76,21,47703.75
56,Male,Employed,Current,45,2,326581,20,6,3,0,0.75,9,163290.5
35,Male,Employed,Current,136,1,167977,14,14,11,1,0.63,25,167977.0
29,Female,Self-employed,Savings,163,1,116315,24,16,8,0,0.67,24,116315.0
26,Male,Employed,Savings,79,2,67556,16,6,9,0,0.73,15,33778.0
19,Male,Employed,Savings,154,1,106808,14,10,8,0,0.78,18,106808.0
35,Female,Employed,Savings,22,1,428102,15,8,13,0,0.94,21,428102.0
33,Male,Employed,Current,145,2,54726,13,10,9,0,0.6,19,27363.0
36,Female,Employed,Fixed Deposit,160,2,415556,14,5,11,0,0.61,16,207778.0
37,Male,Employed,Fixed Deposit,116,2,34173,12,12,15,0,0.86,27,17086.5
41,Male,Self-employed,Current,77,1,124798,16,6,10,0,0.75,16,124798.0
37,Male,Employed,Current,155,4,59791,14,14,15,1,0.62,29,14947.75
25,Female,Self-employed,Savings,118,1,28472,16,3,10,0,0.52,13,28472.0
49,Female,Employed,Savings,115,1,14354,17,6,7,1,0.69,13,14354.0
31,Female,Self-employed,Current,82,2,101883,9,14,11,2,0.71,25,50941.5
37,Female,Self-employed,Current,128,2,297060,14,8,7,0,0.5,15,148530.0
53,Male,Employed,Savings,55,4,56403,15,13,5,1,0.84,18,14100.75
20,Male,Employed,Current,72,2,157140,17,8,13,0,0.75,21,78570.0
52,Female,Employed,Current,34,1,475748,15,6,5,0,0.51,11,475748.0
35,Female,Employed,Savings,95,1,69688,9,14,10,0,0.87,24,69688.0
40,Male,Self-employed,Current,94,3,596927,16,12,16,0,0.96,28,198975.67
35,Female,Employed,Savings,154,1,74769,13,6,8,0,0.82,14,74769.0
43,Male,Self-employed,Current,111,3,51529,15,9,16,0,0.88,25,17176.33
34,Male,Employed,Savings,13,2,762713,16,4,8,0,0.82,12,381356.5
25,Female,Employed,Fixed Deposit,153,1,286568,15,5,9,1,0.81,14,286568.0
24,Male,Employed,Savings,15,4,129832,17,5,8,0,0.61,13,32458.0
40,Female,Employed,Current,33,2,90746,20,13,14,0,0.99,27,45373.0
43,Female,Self-employed,Savings,42,1,11381,18,4,10,0,0.66,14,11381.0
36,Male,Self-employed,Current,176,2,9996,11,7,9,0,0.77,16,4998.0
29,Female,Unemployed,Fixed Deposit,108,2,51199,12,12,7,1,0.77,19,25599.5
34,Female,Employed,Fixed Deposit,94,1,130650,10,7,9,1,0.82,16,130650.0
36,Female,Employed,Savings,52,1,27099,16,5,14,0,0.52,19,27099.0
43,Male,Employed,Current,65,1,31583,21,7,17,0,0.78,24,31583.0
40,Female,Employed,Savings,101,2,204899,14,6,9,0,0.92,15,102449.5
44,Male,Unemployed,Current,114,1,126811,5,7,12,0,0.88,19,126811.0
18,Female,Employed,Savings,167,4,116369,12,11,8,0,0.5,19,29092.25
49,Male,Self-employed,Savings,116,1,84264,8,11,11,0,0.69,22,84264.0
23,Male,Employed,Savings,41,2,416809,10,10,7,0,0.6,17,208404.5
32,Male,Employed,Savings,71,1,301057,19,12,6,1,0.52,18,301057.0
32,Female,Employed,Savings,174,4,500,13,8,9,0,0.5,17,125.0
20,Male,Employed,Savings,36,3,30909,19,6,9,0,0.69,15,10303.0
26,Male,Employed,Savings,175,2,246109,17,11,10,0,0.53,21,123054.5
34,Male,Employed,Savings,135,2,625762,17,5,6,0,0.62,11,312881.0
42,Female,Unemployed,Current,35,3,193698,20,2,11,0,0.96,13,64566.0
31,Male,Employed,Current,97,2,184195,14,10,12,0,0.91,22,92097.5
22,Male,Self-employed,Savings,62,3,13762,13,6,10,1,0.78,16,4587.33
41,Female,Employed,Savings,179,3,173604,7,5,14,0,0.85,19,57868.0
25,Male,Self-employed,Current,105,3,473735,14,13,8,0,0.84,21,157911.67
32,Male,Employed,Current,25,3,18316,4,6,6,0,0.69,12,6105.33
44,Male,Self-employed,Savings,98,3,191957,18,5,10,0,0.69,15,63985.67
59,Male,Employed,Savings,15,3,94072,9,4,11,0,0.94,15,31357.33
38,Female,Self-employed,Savings,156,1,64504,11,8,12,0,0.88,20,64504.0
18,Male,Employed,Savings,131,1,14421,9,6,8,0,0.76,14,14421.0
32,Female,Employed,Savings,158,1,25662,14,7,10,2,0.93,17,25662.0
28,Female,Employed,Current,101,3,197318,17,5,12,0,0.78,17,65772.67
29,Male,Employed,Current,77,2,181696,26,6,12,0,0.84,18,90848.0
24,Male,Unemployed,Current,121,4,143517,17,10,9,0,0.88,19,35879.25
25,Male,Self-employed,Savings,17,2,86031,8,6,10,0,0.77,16,43015.5
27,Female,Employed,Savings,57,2,86322,10,7,9,0,0.61,16,43161.0
26,Male,Employed,Current,92,1,31283,20,11,8,2,0.6,19,31283.0
31,Female,Employed,Savings,169,2,52449,13,6,11,1,0.99,17,26224.5
38,Female,Self-employed,Current,176,1,49029,11,3,14,0,0.56,17,49029.0
33,Female,Self-employed,Fixed Deposit,125,2,49348,17,6,8,0,1.0,14,24674.0
38,Female,Self-employed,Current,107,4,324313,13,2,9,0,0.74,11,81078.25
43,Male,Self-employed,Savings,28,3,8304,17,12,11,0,0.85,23,2768.0
37,Male,Self-employed,Current,14,2,73480,15,4,10,0,0.75,14,36740.0
40,Female,Employed,Savings,95,4,151791,12,7,11,1,0.76,18,37947.75
46,Male,Unemployed,Savings,132,2,89365,17,9,12,0,0.82,21,44682.5
29,Male,Employed,Current,41,1,20737,15,10,9,0,0.59,19,20737.0
43,Female,Self-employed,Savings,146,1,88102,21,4,13,0,0.63,17,88102.0
32,Female,Employed,Savings,54,3,45764,17,8,9,0,0.72,17,15254.67
44,Male,Employed,Savings,46,1,39295,23,9,9,0,0.77,18,39295.0
36,Male,Employed,Savings,100,1,71414,7,8,9,1,0.56,17,71414.0
33,Female,Self-employed,Savings,84,1,304520,18,9,7,0,0.87,16,304520.0
34,Female,Employed,Savings,13,2,111347,20,6,8,0,0.8,14,55673.5
33,Female,Self-employed,Savings,19,4,225987,19,11,12,0,0.55,23,56496.75
32,Female,Employed,Savings,103,1,65036,18,11,8,1,0.87,19,65036.0
43,Female,Employed,Savings,47,1,136069,19,3,14,0,0.85,17,136069.0
28,Female,Employed,Savings,152,3,398615,18,8,9,0,0.54,17,132871.67
36,Female,Self-employed,Savings,149,2,15282,11,5,5,0,0.76,10,7641.0
34,Male,Employed,Savings,107,4,212834,17,5,10,1,0.61,15,53208.5
42,Female,Employed,Savings,54,1,61090,20,11,7,0,0.64,18,61090.0
37,Female,Employed,Savings,33,2,43045,13,5,11,0,0.99,16,21522.5
39,Male,Self-employed,Fixed Deposit,111,2,229158,11,10,6,0,0.56,16,114579.0
37,Male,Employed,Current,20,1,95149,12,9,10,0,0.82,19,95149.0
45,Female,Employed,Current,151,1,60042,12,4,7,0,0.94,11,60042.0
23,Male,Self-employed,Savings,84,1,10512,23,12,15,0,0.54,27,10512.0
37,Female,Employed,Savings,61,1,9877,14,6,6,0,1.0,12,9877.0
41,Female,Employed,Savings,65,1,78324,11,6,10,1,0.71,16,78324.0
33,Female,Employed,Savings,35,3,122826,11,11,11,0,0.54,22,40942.0
30,Male,Employed,Fixed Deposit,136,1,11078,16,10,13,0,0.76,23,11078.0
24,Male,Self-employed,Savings,76,2,659107,13,9,5,0,0.61,14,329553.5
51,Female,Employed,Savings,23,1,194873,15,11,12,0,0.88,23,194873.0
44,Male,Employed,Savings,33,2,15606,17,5,9,0,0.92,14,7803.0
30,Female,Self-employed,Current,145,1,188404,16,12,11,0,0.58,23,188404.0
22,Female,Self-employed,Current,123,1,115495,10,8,7,0,0.91,15,115495.0
39,Male,Employed,Savings,163,4,5364,12,4,10,0,0.86,14,1341.0
43,Female,Employed,Savings,125,1,31119,7,6,8,0,0.97,14,31119.0
44,Male,Employed,Current,62,1,195955,13,7,10,0,0.65,17,195955.0
46,Male,Self-employed,Current,86,2,62881,13,10,5,0,0.86,15,31440.5
42,Male,Self-employed,Current,13,2,47154,9,5,10,0,0.91,15,23577.0
23,Female,Employed,Savings,67,2,2717,9,4,5,0,0.7,9,1358.5
27,Female,Employed,Savings,146,4,380755,22,6,13,1,0.71,19,95188.75
44,Female,Employed,Savings,46,4,253952,16,5,9,1,0.77,14,63488.0
42,Female,Employed,Savings,37,1,262441,17,8,9,0,0.66,17,262441.0
28,Female,Employed,Savings,37,4,60347,14,11,13,2,0.74,24,15086.75
37,Female,Employed,Savings,28,2,61971,15,1,10,0,0.66,11,30985.5
35,Male,Employed,Savings,179,1,249329,10,9,10,0,0.89,19,249329.0
23,Female,Employed,Current,111,3,210351,20,11,8,1,0.61,19,70117.0
25,Male,Unemployed,Savings,66,1,25849,17,6,10,0,0.79,16,25849.0
38,Male,Employed,Savings,137,3,392942,11,7,19,1,0.82,26,130980.67
28,Male,Self-employed,Savings,33,2,86064,19,9,7,0,0.83,16,43032.0
43,Female,Unemployed,Current,29,1,26551,9,8,15,0,0.74,23,26551.0
33,Female,Unemployed,Current,116,2,122492,15,7,14,0,0.9,21,61246.0
37,Male,Unemployed,Current,61,4,7153,19,7,9,0,0.97,16,1788.25
32,Male,Employed,Savings,83,4,62101,16,6,11,1,0.86,17,15525.25
43,Female,Employed,Savings,171,1,52301,21,9,15,1,0.95,24,52301.0
55,Female,Self-employed,Savings,137,1,82264,19,6,9,1,0.8,15,82264.0
38,Female,Employed,Savings,141,3,57369,8,10,8,0,0.52,18,19123.0
40,Male,Employed,Current,98,1,568391,11,11,6,1,0.8,17,568391.0
42,Female,Employed,Current,134,4,2971,7,2,8,0,0.53,10,742.75
37,Male,Self-employed,Savings,39,4,295490,18,13,11,0,0.92,24,73872.5
42,Female,Self-employed,Savings,55,2,410911,14,6,13,0,0.59,19,205455.5
34,Male,Employed,Current,127,1,11341,12,7,8,0,0.85,15,11341.0
38,Female,Employed,Savings,32,1,189107,16,6,12,0,0.74,18,189107.0
32,Female,Employed,Fixed Deposit,162,4,126890,16,5,10,1,0.52,15,31722.5
46,Female,Self-employed,Savings,55,1,235705,18,14,7,1,0.86,21,235705.0
20,Female,Employed,Current,158,2,129654,19,10,14,0,0.59,24,64827.0
29,Male,Employed,Current,110,2,56666,16,7,7,0,0.99,14,28333.0
32,Female,Employed,Savings,103,3,175517,8,10,7,0,0.68,17,58505.67
18,Male,Employed,Savings,135,3,176299,13,9,17,0,0.67,26,58766.33
33,Male,Self-employed,Savings,101,1,65993,19,8,13,0,0.52,21,65993.0
27,Female,Employed,Savings,111,3,21393,13,4,10,0,0.88,14,7131.0
54,Male,Employed,Savings,135,3,49095,17,13,10,0,0.84,23,16365.0
25,Male,Employed,Current,45,3,28603,13,9,11,1,0.68,20,9534.33
45,Female,Self-employed,Savings,148,3,17247,15,5,12,0,0.62,17,5749.0
30,Male,Employed,Savings,99,4,106640,12,8,8,1,0.61,16,26660.0
46,Female,Employed,Savings,93,2,98794,12,10,10,0,0.51,20,49397.0
24,Female,Unemployed,Savings,79,3,140780,15,7,13,1,0.88,20,46926.67
44,Female,Employed,Current,60,1,15635,22,7,10,1,0.81,17,15635.0
32,Female,Self-employed,Savings,35,2,37393,15,3,7,0,0.96,10,18696.5
37,Female,Employed,Savings,74,2,63052,25,10,8,0,0.82,18,31526.0
36,Female,Self-employed,Savings,20,1,81832,8,8,11,0,0.76,19,81832.0
42,Male,Employed,Current,177,4,159980,15,9,9,0,0.91,18,39995.0
54,Female,Self-employed,Savings,129,2,20286,12,6,14,1,0.59,20,10143.0
45,Male,Self-employed,Savings,180,3,41963,14,4,11,0,0.59,15,13987.67
43,Male,Employed,Savings,20,1,313460,18,8,7,0,0.51,15,313460.0
18,Female,Self-employed,Savings,93,4,266711,12,8,10,0,0.61,18,66677.75
39,Female,Self-employed,Savings,107,1,16176,16,8,7,0,0.81,15,16176.0
30,Male,Employed,Savings,27,2,47896,19,9,9,1,0.56,18,23948.0
49,Female,Employed,Savings,128,1,208603,12,5,11,1,0.51,16,208603.0
25,Male,Self-employed,Savings,43,2,15060,16,9,11,0,0.8,20,7530.0
43,Female,Employed,Savings,70,3,4776,13,4,10,0,0.95,14,1592.0
37,Female,Self-employed,Savings,158,1,307602,12,7,9,0,0.83,16,307602.0
42,Female,Self-employed,Current,47,2,84287,7,9,8,1,0.81,17,42143.5
34,Male,Self-employed,Savings,49,1,206179,19,7,11,0,0.88,18,206179.0
35,Female,Employed,Current,57,1,159653,12,8,16,0,0.67,24,159653.0
27,Male,Unemployed,Current,78,2,312387,17,11,10,0,0.94,21,156193.5
24,Male,Employed,Savings,138,1,1299,14,5,7,0,0.61,12,1299.0
42,Male,Self-employed,Savings,154,1,73687,20,14,3,0,0.69,17,73687.0
30,Female,Employed,Savings,148,2,131360,19,3,15,0,0.68,18,65680.0
43,Male,Employed,Current,127,1,359706,14,4,13,0,0.77,17,359706.0
20,Female,Self-employed,Savings,161,3,499444,13,7,10,1,0.85,17,166481.33
33,Male,Employed,Savings,78,1,104945,13,6,8,0,0.61,14,104945.0
31,Female,Self-employed,Savings,138,1,52462,14,11,12,0,0.72,23,52462.0
28,Female,Self-employed,Current,134,1,12822,17,9,8,0,0.99,17,12822.0
29,Female,Self-employed,Current,78,3,80123,10,15,6,0,0.66,21,26707.67
33,Female,Employed,Savings,20,2,17563,15,15,11,0,0.57,26,8781.5
21,Female,Employed,Savings,162,1,199324,11,5,9,0,0.93,14,199324.0
31,Male,Employed,Savings,160,2,28180,13,6,7,1,0.73,13,14090.0
19,Female,Unemployed,Savings,66,1,16568,13,9,12,0,0.95,21,16568.0
26,Female,Employed,Current,115,2,40874,13,7,7,0,0.59,14,20437.0
22,Male,Employed,Savings,171,1,9151,11,9,9,0,0.54,18,9151.0
23,Female,Employed,Fixed Deposit,97,2,46029,17,7,15,0,0.83,22,23014.5
38,Male,Unemployed,Fixed Deposit,60,2,64304,10,6,6,0,0.75,12,32152.0
48,Male,Employed,Savings,55,1,71232,11,10,9,0,0.9,19,71232.0
25,Male,Self-employed,Current,69,1,119118,19,9,5,0,0.58,14,119118.0
46,Female,Employed,Savings,58,1,136925,16,10,11,0,0.65,21,136925.0
26,Male,Self-employed,Current,22,3,125728,12,7,5,0,0.9,12,41909.33
28,Female,Unemployed,Current,74,1,357385,13,15,12,0,0.84,27,357385.0
27,Male,Unemployed,Current,111,1,62351,21,7,10,0,0.51,17,62351.0
18,Female,Employed,Savings,168,2,237015,18,9,12,1,1.0,21,118507.5
39,Male,Employed,Savings,130,2,82904,13,6,15,0,0.61,21,41452.0
41,Male,Employed,Savings,134,1,97286,17,5,19,0,0.81,24,97286.0
32,Male,Self-employed,Savings,16,2,378774,18,12,12,1,0.77,24,189387.0
33,Female,Employed,Savings,107,2,140548,15,12,7,0,0.72,19,70274.0
25,Male,Employed,Current,36,4,30108,17,6,13,0,0.54,19,7527.0
38,Female,Employed,Savings,109,1,109090,14,9,9,0,0.6,18,109090.0
21,Male,Employed,Savings,84,1,1486,14,8,13,0,0.61,21,1486.0
30,Female,Self-employed,Savings,119,4,171814,15,14,12,0,0.55,26,42953.5
33,Female,Self-employed,Current,157,2,171296,7,6,16,0,0.6,22,85648.0
50,Female,Self-employed,Savings,148,1,215611,13,5,14,0,0.94,19,215611.0
41,Female,Employed,Savings,149,3,236923,14,8,7,0,0.88,15,78974.33
20,Female,Employed,Fixed Deposit,56,3,536133,10,7,11,0,0.77,18,178711.0
41,Male,Employed,Savings,167,4,135851,14,7,5,0,0.99,12,33962.75
39,Male,Self-employed,Savings,20,1,266526,16,7,11,0,0.53,18,266526.0
47,Male,Employed,Current,174,1,222179,18,8,11,1,0.57,19,222179.0
42,Female,Employed,Savings,159,1,216829,15,4,10,1,0.99,14,216829.0
28,Male,Unemployed,Savings,129,1,431219,15,10,15,1,0.6,25,431219.0
41,Male,Self-employed,Fixed Deposit,16,1,66887,17,8,8,0,0.51,16,66887.0
37,Female,Self-employed,Fixed Deposit,149,3,68352,17,11,9,1,0.63,20,22784.0
22,Female,Employed,Current,95,1,302921,13,7,9,0,0.61,16,302921.0
21,Female,Self-employed,Savings,142,1,232939,19,10,11,0,0.63,21,232939.0
36,Male,Unemployed,Current,142,3,75272,17,11,9,0,0.92,20,25090.67
34,Female,Self-employed,Savings,114,1,87389,12,11,9,1,0.78,20,87389.0
62,Female,Employed,Current,162,2,414686,9,11,10,0,1.0,21,207343.0
21,Female,Employed,Savings,89,3,172592,7,1,9,0,0.83,10,57530.67
32,Female,Employed,Current,153,2,258439,15,3,8,0,0.8,11,129219.5
18,Male,Employed,Savings,114,1,51852,10,7,9,0,0.79,16,51852.0
34,Male,Employed,Savings,140,1,287771,13,4,10,0,0.51,14,287771.0
31,Female,Unemployed,Current,175,1,59416,16,7,7,1,0.51,14,59416.0
37,Female,Self-employed,Savings,32,4,307288,13,9,10,0,0.55,19,76822.0
46,Male,Employed,Fixed Deposit,103,3,46520,10,10,10,0,0.61,20,15506.67
19,Male,Self-employed,Savings,106,2,45286,18,12,9,2,0.65,21,22643.0
25,Female,Employed,Savings,178,2,123222,15,7,11,0,0.8,18,61611.0
25,Female,Self-employed,Savings,143,4,117453,14,6,14,0,0.88,20,29363.25
34,Male,Employed,Current,47,2,38991,11,5,12,0,0.52,17,19495.5
47,Female,Employed,Fixed Deposit,150,1,176689,13,6,11,0,0.68,17,176689.0
45,Female,Employed,Savings,121,2,183243,19,7,12,0,0.79,19,91621.5
34,Male,Self-employed,Current,95,1,42868,11,12,10,0,0.88,22,42868.0
42,Male,Employed,Savings,160,3,149495,16,5,10,0,0.73,15,49831.67
44,Female,Employed,Current,109,3,39980,13,10,6,0,0.89,16,13326.67
49,Male,Employed,Savings,93,2,44859,22,5,9,0,1.0,14,22429.5
37,Female,Employed,Savings,48,4,254294,13,11,12,0,0.56,23,63573.5
18,Female,Self-employed,Savings,74,1,181426,17,8,6,0,0.6,14,181426.0
38,Female,Self-employed,Savings,120,3,192612,17,6,10,0,0.71,16,64204.0
43,Female,Employed,Savings,34,2,174459,18,5,5,0,0.63,10,87229.5
34,Male,Employed,Savings,50,2,143786,16,6,15,0,0.79,21,71893.0
34,Male,Employed,Current,67,3,74936,11,9,11,1,0.68,20,24978.67
34,Female,Self-employed,Savings,162,4,27307,29,8,16,1,0.81,24,6826.75
28,Male,Employed,Savings,143,1,102307,11,5,7,0,0.5,12,102307.0
45,Female,Self-employed,Savings,54,1,233307,18,8,11,0,0.85,19,233307.0
32,Male,Employed,Fixed Deposit,71,3,85826,15,6,9,0,0.6,15,28608.67
55,Female,Self-employed,Savings,24,1,184018,11,2,14,0,0.57,16,184018.0
19,Male,Employed,Fixed Deposit,59,1,257457,6,5,6,0,0.65,11,257457.0
31,Male,Self-employed,Savings,127,1,283911,14,7,14,0,0.71,21,283911.0
42,Female,Self-employed,Savings,21,4,729955,13,6,9,1,0.79,15,182488.75
48,Male,Employed,Savings,40,3,686830,13,11,6,0,0.93,17,228943.33
35,Female,Employed,Savings,123,1,305347,20,5,6,0,0.66,11,305347.0
48,Male,Self-employed,Savings,24,1,2298,20,4,8,0,0.66,12,2298.0
31,Female,Self-employed,Savings,140,4,32577,9,7,11,1,0.9,18,8144.25
25,Female,Employed,Savings,137,2,46344,9,5,9,0,0.85,14,23172.0
39,Male,Employed,Savings,81,1,46230,14,9,9,0,0.61,18,46230.0
48,Female,Self-employed,Fixed Deposit,166,2,143944,13,7,9,0,0.8,16,71972.0
23,Male,Employed,Savings,25,4,36859,18,10,5,0,0.58,15,9214.75
29,Male,Employed,Savings,98,1,267239,9,3,6,0,0.63,9,267239.0
22,Male,Employed,Current,165,2,90811,20,6,9,0,0.5,15,45405.5
26,Female,Self-employed,Current,156,2,624313,13,13,11,0,0.71,24,312156.5
23,Female,Employed,Savings,44,2,442609,22,7,11,0,0.9,18,221304.5
52,Male,Employed,Fixed Deposit,172,1,225863,7,6,13,0,0.93,19,225863.0
37,Female,Employed,Savings,148,1,41146,10,9,8,0,0.78,17,41146.0
28,Female,Employed,Savings,120,2,269106,23,7,11,0,0.97,18,134553.0
31,Male,Unemployed,Savings,45,1,33404,21,13,7,0,0.6,20,33404.0
33,Male,Self-employed,Savings,102,1,283968,15,6,4,0,0.87,10,283968.0
18,Female,Self-employed,Savings,117,1,423458,9,10,8,0,0.68,18,423458.0
36,Male,Employed,Savings,82,1,93419,11,4,9,1,0.79,13,93419.0
31,Female,Self-employed,Current,56,2,361737,16,7,8,0,0.62,15,180868.5
43,Female,Unemployed,Current,128,3,289102,14,6,7,0,0.63,13,96367.33
22,Male,Self-employed,Savings,65,1,75130,15,8,7,0,0.95,15,75130.0
31,Female,Unemployed,Current,126,1,72882,18,10,7,1,0.66,17,72882.0
33,Female,Self-employed,Current,126,3,87249,15,11,6,0,0.57,17,29083.0
35,Female,Employed,Savings,105,2,197963,15,7,14,0,0.95,21,98981.5
18,Male,Self-employed,Savings,25,1,42987,16,6,15,1,0.67,21,42987.0
55,Female,Employed,Savings,96,1,94543,13,10,5,0,0.71,15,94543.0
35,Female,Employed,Savings,77,2,237858,14,6,7,0,0.86,13,118929.0
24,Female,Employed,Current,80,1,322260,11,11,11,0,0.52,22,322260.0
38,Male,Employed,Current,38,2,423623,13,6,13,0,0.51,19,211811.5
43,Male,Self-employed,Savings,80,3,362250,14,2,7,0,0.89,9,120750.0
18,Male,Employed,Savings,37,3,345288,11,7,9,0,0.9,16,115096.0
40,Female,Self-employed,Savings,23,1,13113,11,10,8,0,0.72,18,13113.0
24,Male,Employed,Savings,170,3,13791,11,11,7,0,0.66,18,4597.0
33,Female,Employed,Savings,152,3,254061,19,7,10,1,0.74,17,84687.0
39,Male,Employed,Current,68,2,28377,14,7,10,0,0.81,17,14188.5
30,Female,Employed,Savings,54,1,29674,9,10,20,0,0.82,30,29674.0
30,Female,Employed,Current,94,3,394425,17,8,13,1,0.99,21,131475.0
21,Female,Employed,Current,66,3,154569,21,10,8,0,0.92,18,51523.0
29,Male,Employed,Current,158,2,101675,16,4,11,0,0.73,15,50837.5
32,Male,Self-employed,Current,121,1,481083,17,7,15,0,0.79,22,481083.0
39,Female,Employed,Fixed Deposit,176,1,148207,15,12,17,0,0.87,29,148207.0
34,Male,Employed,Current,158,1,66899,15,3,11,0,0.79,14,66899.0
50,Female,Employed,Savings,108,4,282177,21,11,12,0,0.65,23,70544.25
53,Male,Self-employed,Savings,56,3,199727,5,6,11,0,0.52,17,66575.67
42,Female,Unemployed,Savings,94,2,8610,15,6,15,0,0.9,21,4305.0
40,Female,Employed,Savings,113,3,262833,17,2,13,0,0.62,15,87611.0
41,Male,Employed,Savings,22,1,198777,12,3,9,0,0.54,12,198777.0
37,Female,Employed,Savings,138,3,121211,9,9,15,0,0.58,24,40403.67
39,Male,Employed,Current,15,4,232580,15,7,16,0,0.76,23,58145.0
37,Male,Employed,Savings,135,1,55956,13,6,15,0,0.65,21,55956.0
35,Female,Self-employed,Current,150,3,142013,15,12,10,1,0.95,22,47337.67
21,Male,Self-employed,Savings,87,1,500,19,7,8,0,0.5,15,500.0
33,Female,Self-employed,Savings,75,3,62371,19,8,7,0,0.66,15,20790.33
46,Male,Employed,Fixed Deposit,24,2,93371,13,10,10,0,0.65,20,46685.5
54,Male,Employed,Savings,75,3,13512,19,7,10,0,0.97,17,4504.0
54,Female,Employed,Current,17,3,26016,27,10,9,0,0.8,19,8672.0
41,Male,Self-employed,Current,98,2,202026,15,8,9,1,0.53,17,101013.0
28,Male,Self-employed,Savings,100,3,21704,7,8,10,0,0.51,18,7234.67
32,Male,Employed,Fixed Deposit,57,2,118351,15,8,10,0,0.98,18,59175.5
38,Female,Employed,Savings,55,1,7046,20,4,8,0,0.72,12,7046.0
37,Male,Employed,Savings,134,2,12602,14,5,6,0,0.96,11,6301.0
22,Male,Self-employed,Savings,132,1,466062,19,8,11,0,0.82,19,466062.0
22,Male,Self-employed,Savings,87,3,26240,14,13,12,1,0.87,25,8746.67
35,Female,Employed,Savings,124,3,62673,18,4,10,0,0.63,14,20891.0
30,Female,Unemployed,Current,145,4,177048,16,8,8,0,0.98,16,44262.0
38,Female,Self-employed,Savings,77,3,136069,19,8,11,0,0.71,19,45356.33
32,Female,Employed,Savings,75,3,219288,11,4,8,0,0.55,12,73096.0
44,Female,Employed,Savings,178,1,69496,11,9,9,0,0.61,18,69496.0
51,Female,Employed,Savings,71,2,7648,16,13,10,0,0.86,23,3824.0
36,Female,Employed,Savings,107,2,371222,19,9,6,0,0.72,15,185611.0
37,Female,Self-employed,Fixed Deposit,155,1,655515,9,9,13,0,0.65,22,655515.0
41,Male,Employed,Savings,140,2,8387,17,6,11,0,0.95,17,4193.5
30,Male,Employed,Savings,175,2,122734,10,5,11,0,0.63,16,61367.0
36,Female,Employed,Current,75,2,137992,17,6,11,0,0.51,17,68996.0
28,Female,Self-employed,Savings,143,3,392955,15,7,11,0,0.87,18,130985.0
31,Male,Employed,Current,56,1,364783,15,14,17,0,0.56,31,364783.0
35,Male,Self-employed,Savings,87,1,85616,11,6,6,0,0.65,12,85616.0
22,Male,Employed,Savings,40,3,696184,12,6,10,0,0.69,16,232061.33
35,Female,Employed,Current,150,2,143174,12,10,16,0,0.54,26,71587.0
39,Male,Employed,Savings,130,1,50143,25,12,11,0,0.72,23,50143.0
51,Male,Employed,Savings,73,2,204584,12,5,13,0,0.85,18,102292.0
18,Female,Employed,Savings,22,3,83032,20,9,12,0,0.89,21,27677.33
43,Male,Self-employed,Current,151,1,6435,14,4,10,0,0.79,14,6435.0
26,Female,Employed,Fixed Deposit,62,1,94700,12,9,11,0,0.69,20,94700.0
49,Male,Unemployed,Current,71,4,103828,20,8,10,0,0.52,18,25957.0
49,Male,Employed,Current,82,1,83301,12,5,8,0,0.77,13,83301.0
42,Male,Employed,Savings,101,2,14302,19,4,12,0,0.91,16,7151.0
18,Male,Self-employed,Savings,102,4,168177,15,7,9,1,0.92,16,42044.25
27,Male,Employed,Savings,123,1,118065,18,11,11,0,0.71,22,118065.0
43,Male,Self-employed,Current,103,1,63576,18,13,6,0,0.94,19,63576.0
21,Male,Self-employed,Current,100,3,20652,24,10,9,1,0.5,19,6884.0
34,Female,Self-employed,Savings,157,4,469796,16,9,11,0,0.96,20,117449.0
39,Male,Employed,Savings,64,2,297368,16,12,4,0,0.52,16,148684.0
30,Female,Employed,Current,164,1,289489,17,10,13,0,0.67,23,289489.0
19,Male,Employed,Savings,13,2,384301,16,8,11,0,0.72,19,192150.5
45,Female,Employed,Fixed Deposit,116,3,428429,15,8,10,0,0.78,18,142809.67
42,Male,Employed,Fixed Deposit,90,3,9347,11,9,6,0,0.57,15,3115.67
30,Female,Employed,Savings,55,2,122205,18,9,8,0,0.84,17,61102.5
39,Female,Unemployed,Current,153,1,120218,11,5,13,0,0.53,18,120218.0
18,Male,Self-employed,Savings,163,1,175601,12,7,10,1,0.75,17,175601.0
64,Male,Employed,Current,137,2,41321,17,9,8,0,0.94,17,20660.5
43,Female,Employed,Savings,149,3,93069,9,3,7,1,0.76,10,31023.0
34,Female,Self-employed,Savings,140,1,127132,10,7,4,0,0.71,11,127132.0
39,Male,Employed,Savings,172,3,500,11,3,17,0,0.57,20,166.67
29,Male,Employed,Fixed Deposit,137,1,47302,17,6,12,0,0.56,18,47302.0
26,Male,Employed,Savings,21,3,23011,11,4,11,1,0.65,15,7670.33
32,Male,Employed,Current,178,1,33087,18,10,11,0,0.9,21,33087.0
47,Male,Unemployed,Savings,169,3,165903,16,8,17,0,0.71,25,55301.0
28,Male,Unemployed,Savings,117,1,419635,12,11,11,1,0.88,22,419635.0
28,Male,Employed,Savings,119,1,17085,13,12,15,0,0.86,27,17085.0
34,Male,Self-employed,Savings,63,2,57199,15,6,10,0,0.53,16,28599.5
33,Male,Employed,Savings,144,1,170747,22,8,10,0,0.92,18,170747.0
38,Male,Self-employed,Savings,35,2,192004,16,7,11,0,0.72,18,96002.0
24,Female,Self-employed,Fixed Deposit,142,2,314683,15,3,8,0,0.75,11,157341.5
44,Male,Unemployed,Fixed Deposit,70,1,14521,22,6,8,0,0.65,14,14521.0
48,Male,Self-employed,Savings,46,3,228719,22,7,15,0,0.8,22,76239.67
18,Female,Unemployed,Current,133,1,83589,21,7,14,0,0.91,21,83589.0
40,Female,Self-employed,Current,119,2,313717,20,6,6,0,0.68,12,156858.5
27,Male,Employed,Current,145,2,35682,17,5,13,1,0.54,18,17841.0
53,Female,Employed,Savings,19,1,523580,13,6,13,0,0.51,19,523580.0
59,Female,Employed,Current,38,1,146207,12,7,5,0,0.8,12,146207.0
22,Male,Self-employed,Current,162,2,97971,13,6,7,0,0.78,13,48985.5
27,Male,Employed,Fixed Deposit,13,3,303243,7,8,12,0,0.74,20,101081.0
48,Male,Self-employed,Current,162,2,12532,18,7,13,0,0.71,20,6266.0
44,Female,Employed,Current,23,1,22670,15,9,11,2,0.58,20,22670.0
27,Male,Employed,Fixed Deposit,18,3,473301,14,4,7,0,0.57,11,157767.0
40,Male,Unemployed,Savings,20,4,75608,11,4,6,0,0.67,10,18902.0
20,Female,Employed,Savings,92,2,208062,19,4,6,0,0.72,10,104031.0
37,Female,Self-employed,Fixed Deposit,69,2,45096,18,4,6,1,0.73,10,22548.0
35,Male,Employed,Current,142,1,347389,12,8,8,0,0.85,16,347389.0
30,Male,Employed,Current,87,1,112496,22,6,11,0,0.72,17,112496.0
40,Male,Employed,Fixed Deposit,141,3,216976,15,16,7,0,0.8,23,72325.33
27,Male,Self-employed,Current,118,2,85880,15,13,7,0,0.66,20,42940.0
32,Female,Employed,Fixed Deposit,156,1,32995,10,2,7,0,0.82,9,32995.0
46,Male,Employed,Current,95,3,1683,19,9,15,0,0.67,24,561.0
27,Male,Employed,Savings,45,3,21551,15,12,14,0,0.53,26,7183.67
21,Male,Self-employed,Fixed Deposit,75,1,81367,13,11,9,0,0.78,20,81367.0
22,Male,Employed,Fixed Deposit,33,4,1059229,16,5,10,0,0.95,15,264807.25
40,Male,Self-employed,Fixed Deposit,69,3,16430,11,12,11,0,0.72,23,5476.67
42,Male,Employed,Savings,117,1,8685,17,5,9,0,0.94,14,8685.0
37,Male,Employed,Fixed Deposit,29,2,121161,16,8,13,0,0.76,21,60580.5
38,Male,Employed,Savings,65,4,71176,11,7,13,1,0.51,20,17794.0
40,Female,Self-employed,Savings,43,1,159337,13,8,11,0,0.91,19,159337.0
35,Male,Employed,Current,32,1,158060,11,6,15,1,0.94,21,158060.0
39,Male,Employed,Savings,124,3,147805,15,11,16,0,0.9,27,49268.33
33,Male,Self-employed,Savings,135,1,89604,13,6,11,0,0.58,17,89604.0
23,Male,Employed,Fixed Deposit,139,1,101198,12,12,7,0,0.81,19,101198.0
40,Female,Employed,Savings,74,1,211038,10,13,13,0,0.92,26,211038.0
45,Male,Unemployed,Current,17,1,640511,12,7,4,0,0.6,11,640511.0
43,Female,Employed,Savings,21,3,159153,13,3,12,0,0.77,15,53051.0
49,Female,Employed,Savings,46,3,150258,16,6,13,0,0.58,19,50086.0
47,Female,Self-employed,Fixed Deposit,80,1,358283,12,4,9,0,0.91,13,358283.0
44,Female,Employed,Savings,101,1,101741,19,10,13,0,0.79,23,101741.0
20,Male,Self-employed,Savings,150,1,117397,14,8,10,1,0.57,18,117397.0
38,Female,Employed,Savings,99,3,26227,12,9,13,1,0.78,22,8742.33
27,Male,Employed,Savings,144,3,50119,16,4,12,1,0.66,16,16706.33
23,Female,Employed,Current,109,3,38801,10,8,11,0,0.86,19,12933.67
50,Female,Employed,Current,177,2,49234,25,5,11,1,0.87,16,24617.0
22,Female,Unemployed,Savings,68,2,215344,12,9,9,0,0.98,18,107672.0
31,Male,Employed,Savings,140,2,174390,18,7,8,0,0.51,15,87195.0
24,Male,Employed,Savings,17,3,134903,23,9,16,1,0.87,25,44967.67
31,Female,Self-employed,Savings,130,1,224524,17,5,8,0,0.83,13,224524.0
23,Female,Unemployed,Fixed Deposit,159,2,49797,20,17,11,0,0.62,28,24898.5
46,Male,Employed,Savings,157,2,70087,14,9,6,1,0.8,15,35043.5
60,Male,Employed,Current,79,1,77928,13,12,14,0,0.98,26,77928.0
33,Male,Unemployed,Current,22,2,66910,17,3,9,0,0.54,12,33455.0
30,Male,Employed,Savings,145,4,499850,16,7,12,0,0.62,19,124962.5
23,Male,Self-employed,Savings,42,3,91588,13,12,13,0,0.82,25,30529.33
47,Female,Self-employed,Savings,139,2,183798,11,4,12,0,0.98,16,91899.0
47,Male,Employed,Savings,153,3,142892,14,7,9,0,0.95,16,47630.67
36,Female,Employed,Savings,19,3,92244,14,11,8,1,0.86,19,30748.0
36,Female,Employed,Savings,39,1,112150,15,6,12,1,0.96,18,112150.0
34,Male,Employed,Fixed Deposit,165,3,160978,15,6,7,0,0.85,13,53659.33
31,Female,Employed,Savings,57,3,141791,16,5,14,0,0.78,19,47263.67
51,Male,Employed,Savings,86,1,57273,13,8,10,0,0.87,18,57273.0
40,Male,Self-employed,Current,169,2,7414,10,8,9,0,0.64,17,3707.0
21,Female,Employed,Savings,64,1,79809,21,7,4,0,0.89,11,79809.0
52,Male,Employed,Savings,63,2,187755,14,9,12,0,0.89,21,93877.5
29,Female,Self-employed,Savings,33,1,453495,15,12,9,0,0.69,21,453495.0
35,Female,Self-employed,Savings,161,3,209811,16,6,12,0,0.99,18,69937.0
47,Male,Employed,Savings,101,1,432205,9,8,9,0,0.58,17,432205.0
26,Female,Employed,Fixed Deposit,99,2,564840,11,5,4,1,0.58,9,282420.0
29,Female,Employed,Savings,13,3,102119,18,12,7,1,0.68,19,34039.67
40,Female,Unemployed,Current,129,2,88061,19,4,7,0,0.83,11,44030.5
44,Male,Employed,Current,133,1,15332,12,7,9,0,0.57,16,15332.0
35,Male,Self-employed,Savings,79,3,16968,16,3,17,0,0.74,20,5656.0
47,Female,Self-employed,Savings,115,1,109963,14,8,5,1,0.76,13,109963.0
40,Female,Self-employed,Current,96,1,542016,21,8,11,1,0.79,19,542016.0
53,Female,Self-employed,Savings,114,1,78585,12,9,7,0,0.94,16,78585.0
33,Male,Employed,Savings,155,2,43571,22,5,5,0,0.5,10,21785.5
32,Female,Employed,Current,122,3,277586,18,5,15,0,0.98,20,92528.67
48,Female,Self-employed,Savings,65,1,74546,11,5,7,0,0.83,12,74546.0
27,Male,Employed,Current,21,2,291604,21,8,12,0,0.77,20,145802.0
52,Female,Employed,Savings,84,2,413938,14,5,10,0,0.76,15,206969.0
34,Female,Self-employed,Savings,85,2,25496,14,4,22,0,0.89,26,12748.0
18,Female,Employed,Current,91,2,85404,15,11,6,0,0.74,17,42702.0
29,Male,Employed,Current,59,2,175902,20,6,6,0,0.93,12,87951.0
36,Female,Employed,Current,43,2,172774,19,7,9,0,0.81,16,86387.0
24,Male,Self-employed,Savings,46,1,7111,19,9,17,0,0.76,26,7111.0
45,Male,Employed,Current,167,1,197511,17,12,7,1,0.95,19,197511.0
42,Male,Self-employed,Savings,145,2,364909,22,8,8,0,0.68,16,182454.5
35,Male,Employed,Savings,20,1,794436,14,6,6,0,0.54,12,794436.0
33,Female,Self-employed,Savings,134,2,76775,14,9,15,0,0.99,24,38387.5
43,Male,Unemployed,Savings,167,1,185790,18,5,8,0,0.83,13,185790.0
31,Female,Self-employed,Savings,97,3,140003,12,6,13,0,0.61,19,46667.67
37,Male,Self-employed,Savings,63,1,610457,17,8,15,1,0.8,23,610457.0
50,Female,Employed,Savings,21,1,91528,12,7,19,0,0.76,26,91528.0
43,Female,Employed,Savings,108,1,379607,12,8,5,0,0.77,13,379607.0
36,Female,Unemployed,Current,34,2,55319,12,5,11,0,0.99,16,27659.5
32,Male,Employed,Current,165,1,107246,10,7,7,0,0.51,14,107246.0
18,Female,Employed,Savings,62,1,11696,9,9,9,0,0.6,18,11696.0
30,Female,Employed,Savings,139,1,6490,13,7,11,1,0.77,18,6490.0
38,Male,Employed,Current,124,3,14378,15,14,12,0,0.52,26,4792.67
43,Male,Self-employed,Savings,75,1,297635,13,11,10,1,0.82,21,297635.0
42,Female,Self-employed,Savings,49,1,189897,15,5,9,0,0.77,14,189897.0
35,Female,Employed,Current,149,4,111005,13,5,11,0,0.72,16,27751.25
40,Male,Employed,Current,72,2,6115,29,6,13,0,0.51,19,3057.5
28,Male,Employed,Savings,59,3,91109,17,11,10,1,0.71,21,30369.67
31,Male,Employed,Current,34,1,133116,16,6,10,0,0.62,16,133116.0
39,Male,Employed,Current,63,1,574628,24,12,15,0,0.83,27,574628.0
40,Female,Self-employed,Savings,52,1,57383,12,10,16,0,0.93,26,57383.0
47,Male,Employed,Current,159,2,728948,18,10,13,0,0.8,23,364474.0
30,Female,Employed,Savings,124,1,83789,19,13,11,0,0.57,24,83789.0
42,Female,Self-employed,Savings,60,1,54623,14,16,14,0,0.73,30,54623.0
30,Male,Unemployed,Savings,142,2,73247,17,5,7,1,0.85,12,36623.5
44,Male,Employed,Savings,38,1,102409,17,9,16,0,0.69,25,102409.0
39,Male,Self-employed,Current,114,3,186236,17,9,10,0,0.98,19,62078.67
35,Female,Self-employed,Savings,118,2,88517,15,8,9,0,0.74,17,44258.5
23,Female,Employed,Savings,151,2,564460,24,4,13,0,0.53,17,282230.0
32,Female,Self-employed,Current,60,1,20415,16,11,14,0,0.66,25,20415.0
44,Female,Self-employed,Savings,179,2,779948,7,10,9,0,0.75,19,389974.0
38,Female,Self-employed,Fixed Deposit,73,1,38776,11,5,5,0,0.66,10,38776.0
34,Female,Employed,Savings,16,2,907310,14,9,8,0,0.78,17,453655.0
33,Female,Employed,Savings,160,4,40456,13,3,10,0,0.85,13,10114.0
52,Female,Self-employed,Savings,108,2,293975,15,6,12,0,0.85,18,146987.5
34,Female,Self-employed,Savings,33,1,151065,5,11,4,0,0.87,15,151065.0
43,Male,Self-employed,Savings,167,2,14687,13,6,14,1,0.58,20,7343.5
21,Male,Employed,Current,97,4,61682,16,7,9,0,0.54,16,15420.5
47,Male,Employed,Savings,35,4,196298,16,9,10,0,0.73,19,49074.5
38,Female,Employed,Current,13,2,215383,14,6,9,0,0.92,15,107691.5
34,Male,Self-employed,Savings,164,4,38672,18,8,10,0,0.81,18,9668.0
25,Male,Employed,Current,14,2,263211,13,10,5,0,0.94,15,131605.5
35,Female,Employed,Savings,127,4,179920,19,10,4,0,0.64,14,44980.0
30,Male,Employed,Savings,93,2,345820,13,10,12,0,0.69,22,172910.0
36,Male,Employed,Savings,74,1,13603,18,10,13,0,0.77,23,13603.0
28,Male,Employed,Savings,61,3,39238,14,9,10,0,0.9,19,13079.33
36,Female,Unemployed,Savings,87,1,51986,11,8,5,0,0.89,13,51986.0
42,Female,Employed,Current,130,1,70207,19,11,9,2,0.51,20,70207.0
28,Female,Employed,Savings,165,1,23398,11,11,12,0,0.51,23,23398.0
47,Male,Self-employed,Fixed Deposit,169,2,71548,17,5,9,1,0.54,14,35774.0
35,Female,Self-employed,Savings,95,2,116745,11,7,7,1,0.71,14,58372.5
31,Male,Employed,Fixed Deposit,100,1,7000,14,9,9,0,0.95,18,7000.0
36,Female,Employed,Savings,44,1,62448,22,5,9,0,0.83,14,62448.0
38,Female,Unemployed,Savings,152,4,140561,17,9,7,0,0.78,16,35140.25
41,Female,Employed,Savings,21,2,66454,20,10,13,0,0.95,23,33227.0
22,Male,Employed,Fixed Deposit,121,2,80525,13,7,9,0,0.67,16,40262.5
45,Male,Employed,Savings,67,3,69277,21,4,9,2,0.57,13,23092.33
39,Female,Employed,Savings,66,2,370479,16,10,21,0,0.98,31,185239.5
23,Male,Employed,Savings,13,2,30676,15,14,16,0,0.76,30,15338.0
41,Female,Self-employed,Current,20,2,352190,13,10,13,0,0.74,23,176095.0
32,Female,Employed,Savings,128,2,208692,16,8,10,0,0.84,18,104346.0
20,Male,Employed,Current,121,4,250103,16,13,14,0,0.95,27,62525.75
51,Female,Employed,Savings,120,2,207539,16,11,11,0,0.52,22,103769.5
30,Female,Self-employed,Fixed Deposit,76,1,13720,12,5,10,0,0.58,15,13720.0
46,Male,Employed,Savings,88,2,193856,11,6,9,0,0.57,15,96928.0
19,Male,Self-employed,Savings,170,1,91040,21,8,11,1,0.71,19,91040.0
42,Female,Self-employed,Savings,167,1,7015,13,6,9,1,0.95,15,7015.0
30,Male,Employed,Current,121,2,231850,10,8,9,0,0.79,17,115925.0
33,Male,Employed,Current,14,1,104501,14,13,8,0,0.86,21,104501.0
39,Male,Self-employed,Current,62,1,3042,15,9,9,0,0.8,18,3042.0
34,Male,Employed,Current,32,3,14458,18,9,9,0,0.63,18,4819.33
38,Female,Self-employed,Fixed Deposit,96,2,192531,13,10,8,1,0.77,18,96265.5
25,Female,Employed,Current,17,4,28852,19,8,9,0,0.85,17,7213.0
34,Female,Self-employed,Savings,76,2,32968,11,11,9,0,0.85,20,16484.0
48,Female,Employed,Savings,143,2,94419,15,12,11,0,0.59,23,47209.5
42,Male,Employed,Savings,13,4,112400,16,8,9,1,0.67,17,28100.0
39,Male,Employed,Current,104,1,370777,16,8,5,0,0.96,13,370777.0
45,Female,Employed,Savings,15,4,138236,14,7,17,0,0.58,24,34559.0
23,Female,Employed,Savings,59,1,68021,17,8,8,1,0.92,16,68021.0
35,Female,Employed,Current,54,1,577890,12,8,8,1,0.52,16,577890.0
31,Female,Employed,Savings,110,2,28260,17,9,12,0,0.8,21,14130.0
34,Male,Employed,Savings,59,4,49275,12,8,14,0,0.53,22,12318.75
43,Male,Employed,Savings,136,1,107405,14,4,11,0,0.94,15,107405.0
40,Female,Employed,Current,101,4,41603,16,4,16,1,0.6,20,10400.75
41,Female,Employed,Current,18,2,350126,16,11,9,0,0.84,20,175063.0
44,Male,Employed,Savings,153,3,105802,11,7,8,0,0.79,15,35267.33
35,Female,Employed,Current,37,1,113835,15,4,7,1,0.55,11,113835.0
36,Female,Self-employed,Current,65,1,51537,14,5,5,0,0.51,10,51537.0
18,Male,Self-employed,Savings,15,4,200678,13,7,15,0,0.57,22,50169.5
24,Male,Employed,Savings,110,3,108723,18,11,13,0,0.66,24,36241.0
29,Female,Employed,Savings,38,2,135500,15,6,14,0,0.75,20,67750.0
40,Male,Unemployed,Savings,80,2,32850,20,7,18,1,0.63,25,16425.0
35,Male,Employed,Savings,167,1,353833,10,9,14,0,0.89,23,353833.0
36,Male,Self-employed,Current,49,2,291972,19,6,8,0,0.54,14,145986.0
34,Female,Employed,Savings,23,2,52247,17,8,9,0,0.65,17,26123.5
22,Male,Unemployed,Current,125,1,256434,22,12,10,0,0.6,22,256434.0
25,Female,Employed,Savings,29,1,116191,17,8,10,0,0.71,18,116191.0
18,Male,Self-employed,Current,19,1,126522,10,9,8,0,0.93,17,126522.0
32,Female,Employed,Savings,90,2,66118,21,8,7,0,1.0,15,33059.0
42,Female,Employed,Current,31,4,215997,7,13,11,0,0.94,24,53999.25
69,Male,Employed,Savings,36,1,87983,9,9,8,1,0.78,17,87983.0
29,Female,Unemployed,Current,25,1,47451,19,14,9,1,0.95,23,47451.0
38,Female,Employed,Savings,145,3,40247,17,8,9,0,0.81,17,13415.67
29,Male,Unemployed,Savings,176,1,74936,16,9,6,0,0.97,15,74936.0
27,Male,Employed,Savings,82,1,58954,11,13,6,0,0.94,19,58954.0
26,Female,Employed,Savings,154,1,120930,17,2,13,0,0.91,15,120930.0
35,Female,Employed,Savings,65,2,21367,12,8,11,0,0.85,19,10683.5
56,Male,Employed,Savings,21,1,84974,14,12,10,0,0.61,22,84974.0
37,Female,Employed,Current,87,2,236020,12,10,8,0,0.68,18,118010.0
54,Female,Unemployed,Savings,122,2,102954,17,6,15,0,0.54,21,51477.0
18,Male,Employed,Fixed Deposit,135,1,60740,21,7,6,0,0.91,13,60740.0
46,Female,Employed,Savings,21,2,257326,6,9,5,1,0.82,14,128663.0
18,Male,Employed,Savings,81,1,629,7,9,8,1,0.53,17,629.0
44,Female,Unemployed,Current,165,1,138531,18,9,12,0,0.61,21,138531.0
36,Female,Employed,Current,49,2,161723,14,8,8,0,0.96,16,80861.5
39,Male,Self-employed,Current,95,1,204302,12,6,8,0,0.87,14,204302.0
38,Female,Self-employed,Fixed Deposit,141,2,202283,15,8,18,0,0.87,26,101141.5
45,Female,Employed,Savings,25,2,202341,17,8,10,0,0.87,18,101170.5
47,Male,Employed,Savings,77,3,221094,24,6,12,0,0.74,18,73698.0
48,Male,Employed,Savings,148,1,177664,17,12,12,0,0.87,24,177664.0
42,Male,Self-employed,Savings,61,1,565670,11,6,13,0,0.86,19,565670.0
21,Male,Unemployed,Savings,115,3,155552,8,3,3,0,0.74,6,51850.67
36,Female,Employed,Savings,63,2,33588,17,9,12,0,0.56,21,16794.0
49,Male,Employed,Savings,77,3,347972,17,3,11,0,0.93,14,115990.67
18,Male,Employed,Current,14,1,38582,14,10,13,0,0.75,23,38582.0
30,Female,Unemployed,Fixed Deposit,117,1,69864,17,6,9,1,0.53,15,69864.0
30,Male,Employed,Current,57,2,61831,15,4,9,0,0.72,13,30915.5
42,Female,Employed,Savings,108,1,168866,22,6,8,0,0.57,14,168866.0
59,Female,Self-employed,Savings,124,3,426491,15,10,4,0,0.6,14,142163.67
30,Male,Self-employed,Savings,40,1,89821,12,13,8,0,0.75,21,89821.0
40,Male,Employed,Savings,173,2,122585,17,11,4,0,0.56,15,61292.5
37,Female,Employed,Current,89,1,145485,19,3,3,0,0.87,6,145485.0
42,Male,Employed,Current,94,2,66375,6,10,8,0,0.95,18,33187.5
40,Male,Employed,Savings,134,3,147525,18,8,10,0,0.89,18,49175.0
35,Female,Employed,Current,35,4,85567,14,7,15,0,0.59,22,21391.75
30,Female,Self-employed,Current,62,2,60392,24,11,12,0,0.65,23,30196.0
38,Male,Self-employed,Fixed Deposit,53,2,84121,10,9,12,1,0.67,21,42060.5
39,Female,Employed,Savings,35,2,14673,11,6,5,1,0.73,11,7336.5
35,Male,Employed,Current,43,1,178211,17,8,16,0,0.66,24,178211.0
25,Female,Employed,Current,40,3,101714,16,5,9,0,0.87,14,33904.67
45,Female,Self-employed,Savings,31,2,435146,15,8,10,0,0.78,18,217573.0
42,Female,Employed,Fixed Deposit,81,1,212061,15,7,8,1,0.53,15,212061.0
34,Male,Self-employed,Savings,161,2,76355,24,10,9,0,0.68,19,38177.5
27,Male,Employed,Savings,101,4,247756,22,11,12,1,0.62,23,61939.0
56,Female,Employed,Savings,46,4,37988,13,7,13,0,0.62,20,9497.0
33,Female,Unemployed,Current,54,1,62712,16,12,8,0,0.98,20,62712.0
40,Female,Employed,Savings,153,1,47545,13,9,13,0,0.67,22,47545.0
18,Female,Employed,Current,124,3,6134,16,10,9,1,0.66,19,2044.67
43,Female,Employed,Savings,124,3,50733,10,11,11,0,0.59,22,16911.0
36,Female,Self-employed,Savings,171,2,16136,15,7,10,0,0.72,17,8068.0
54,Male,Self-employed,Current,18,2,406534,16,6,10,0,0.54,16,203267.0
18,Female,Employed,Current,123,3,511984,22,10,12,0,0.56,22,170661.33
36,Male,Self-employed,Fixed Deposit,157,2,69957,11,15,7,0,0.79,22,34978.5
43,Female,Employed,Fixed Deposit,70,1,16898,14,9,5,0,0.76,14,16898.0
38,Male,Employed,Savings,103,3,6067,12,7,18,1,0.65,25,2022.33
27,Female,Self-employed,Current,171,4,22076,19,6,11,0,0.97,17,5519.0
54,Male,Self-employed,Current,30,2,172531,18,6,6,1,0.64,12,86265.5
43,Female,Employed,Current,50,2,102141,19,5,16,1,0.59,21,51070.5
49,Male,Employed,Current,68,3,69794,17,7,5,0,0.79,12,23264.67
52,Female,Self-employed,Savings,44,1,83725,24,4,9,2,0.98,13,83725.0
18,Male,Employed,Current,143,3,12053,17,7,11,1,0.57,18,4017.67
45,Female,Employed,Savings,161,1,67964,7,8,8,0,0.6,16,67964.0
41,Female,Employed,Savings,133,4,103602,8,4,13,0,0.78,17,25900.5
31,Female,Unemployed,Savings,42,3,26988,11,12,5,0,0.51,17,8996.0
53,Male,Employed,Savings,157,4,179081,19,9,8,0,0.78,17,44770.25
19,Female,Employed,Savings,41,1,29549,15,8,12,0,0.77,20,29549.0
32,Male,Employed,Current,62,2,5824,10,11,15,0,0.88,26,2912.0
44,Male,Employed,Current,128,1,169974,15,6,8,1,0.72,14,169974.0
27,Female,Employed,Savings,16,3,29264,13,6,8,0,0.92,14,9754.67
33,Female,Employed,Current,115,1,229519,14,3,7,0,0.85,10,229519.0
23,Male,Employed,Savings,171,2,81351,14,6,8,0,0.8,14,40675.5
41,Female,Self-employed,Current,107,4,192455,17,11,2,0,0.99,13,48113.75
33,Female,Unemployed,Fixed Deposit,38,1,77749,16,11,7,1,0.95,18,77749.0
35,Female,Employed,Current,93,2,43872,6,8,13,0,0.71,21,21936.0
27,Male,Employed,Current,177,4,35978,21,6,8,0,0.67,14,8994.5
33,Male,Self-employed,Savings,42,2,593988,14,5,9,0,0.74,14,296994.0
36,Female,Employed,Savings,20,1,780610,18,9,6,0,0.88,15,780610.0
43,Male,Employed,Savings,131,1,48135,10,5,7,0,0.83,12,48135.0
35,Male,Employed,Savings,147,1,130504,14,5,8,0,0.79,13,130504.0
33,Male,Self-employed,Current,40,1,490820,19,9,6,0,0.89,15,490820.0
41,Female,Employed,Current,70,2,92219,9,6,7,0,0.71,13,46109.5
29,Male,Employed,Current,106,2,576579,11,10,6,0,0.55,16,288289.5
18,Female,Employed,Savings,104,3,178606,16,5,11,0,0.67,16,59535.33
47,Female,Employed,Current,78,1,112964,18,15,11,0,0.84,26,112964.0
38,Male,Employed,Savings,145,2,36854,19,4,7,0,0.77,11,18427.0
36,Male,Self-employed,Savings,62,1,46597,13,10,7,0,0.55,17,46597.0
18,Female,Self-employed,Savings,75,1,3876,11,5,12,0,0.8,17,3876.0
18,Female,Employed,Current,97,2,324009,18,11,11,0,0.54,22,162004.5
43,Female,Employed,Current,133,1,140978,16,4,11,0,0.73,15,140978.0
32,Male,Unemployed,Savings,142,2,182217,16,3,13,0,0.55,16,91108.5
33,Female,Employed,Fixed Deposit,174,2,661800,16,5,13,0,0.91,18,330900.0
27,Male,Self-employed,Fixed Deposit,100,3,327995,17,12,6,0,0.91,18,109331.67
34,Male,Employed,Savings,120,3,71178,11,11,5,1,0.79,16,23726.0
18,Male,Self-employed,Fixed Deposit,33,2,17433,10,7,18,1,0.56,25,8716.5
24,Male,Employed,Savings,24,1,869751,13,4,11,0,0.87,15,869751.0
55,Female,Self-employed,Savings,83,3,20629,16,7,11,0,0.51,18,6876.33
52,Female,Self-employed,Current,159,4,30446,18,12,21,0,0.8,33,7611.5
38,Male,Employed,Current,156,1,133951,21,6,10,2,0.77,16,133951.0
38,Male,Employed,Savings,116,2,50956,18,9,12,0,0.57,21,25478.0
46,Male,Unemployed,Savings,120,1,192662,16,10,11,0,0.81,21,192662.0
31,Male,Employed,Savings,139,3,113596,23,13,17,1,0.88,30,37865.33
34,Female,Self-employed,Fixed Deposit,68,3,12299,9,10,10,0,0.9,20,4099.67
56,Female,Unemployed,Savings,40,1,104622,14,6,12,0,0.66,18,104622.0
45,Female,Employed,Savings,46,1,566,16,4,15,0,0.78,19,566.0
34,Female,Employed,Current,154,3,65257,20,7,9,0,0.79,16,21752.33
56,Female,Employed,Current,50,2,55417,6,6,6,0,0.9,12,27708.5
46,Female,Employed,Savings,97,1,534744,13,8,10,0,0.83,18,534744.0
18,Male,Employed,Savings,27,2,17167,14,4,9,1,0.61,13,8583.5
25,Female,Employed,Savings,22,2,189134,16,12,10,1,0.77,22,94567.0
44,Male,Employed,Current,133,3,185422,16,11,8,0,0.97,19,61807.33
29,Male,Employed,Current,21,2,356775,16,9,10,0,0.66,19,178387.5
33,Female,Employed,Savings,92,2,167800,12,10,16,0,0.68,26,83900.0
40,Male,Self-employed,Fixed Deposit,94,1,287315,12,6,9,0,0.71,15,287315.0
43,Male,Self-employed,Savings,141,2,172621,11,12,9,0,0.87,21,86310.5
24,Female,Unemployed,Current,41,4,10850,15,9,10,0,0.51,19,2712.5
46,Male,Employed,Savings,19,1,34578,16,6,13,0,0.8,19,34578.0
23,Male,Self-employed,Savings,83,1,69724,15,8,13,0,0.7,21,69724.0
56,Female,Employed,Current,54,1,423536,11,4,10,0,0.52,14,423536.0
44,Female,Employed,Savings,68,3,23292,16,11,6,0,0.86,17,7764.0
50,Female,Employed,Current,102,1,92183,11,10,15,0,0.82,25,92183.0
43,Female,Employed,Savings,37,2,109423,13,1,9,2,0.61,10,54711.5
18,Male,Unemployed,Current,163,2,275676,20,10,6,0,0.61,16,137838.0
34,Female,Employed,Fixed Deposit,121,3,3826,12,8,12,0,0.6,20,1275.33
23,Female,Employed,Savings,105,1,133028,11,9,12,0,0.77,21,133028.0
25,Male,Employed,Savings,57,3,3704,10,7,7,1,0.98,14,1234.67
19,Male,Employed,Savings,103,2,166585,17,9,6,0,0.84,15,83292.5
51,Male,Employed,Fixed Deposit,40,1,121668,12,6,7,0,0.84,13,121668.0
45,Female,Self-employed,Savings,162,3,338500,18,6,7,0,0.61,13,112833.33
39,Female,Employed,Savings,92,2,393690,15,7,14,0,0.75,21,196845.0
33,Female,Employed,Savings,54,3,243480,12,7,14,0,0.57,21,81160.0
27,Female,Self-employed,Savings,82,1,392171,16,12,10,0,0.8,22,392171.0
34,Female,Employed,Savings,46,4,58723,22,6,13,0,0.54,19,14680.75
35,Male,Employed,Current,52,2,8346,11,7,5,1,0.83,12,4173.0
25,Female,Self-employed,Savings,153,2,202263,16,14,5,1,0.84,19,101131.5
26,Female,Employed,Current,28,3,140710,18,7,7,0,0.65,14,46903.33
27,Male,Employed,Savings,136,2,94743,13,6,8,1,0.67,14,47371.5
56,Male,Employed,Savings,178,1,210647,12,4,13,0,0.85,17,210647.0
35,Female,Employed,Savings,55,3,132128,13,4,6,0,0.92,10,44042.67
39,Male,Employed,Savings,13,4,95965,14,10,15,0,0.74,25,23991.25
35,Female,Self-employed,Savings,142,1,39386,18,10,4,0,0.92,14,39386.0
35,Female,Unemployed,Fixed Deposit,167,1,143030,15,5,5,0,0.55,10,143030.0
30,Male,Unemployed,Current,44,2,23281,14,8,7,1,0.92,15,11640.5
23,Female,Employed,Current,162,3,48176,19,9,11,0,0.5,20,16058.67
38,Male,Self-employed,Savings,116,2,21321,16,8,9,0,0.6,17,10660.5
38,Male,Self-employed,Current,161,3,858962,12,7,8,1,0.75,15,286320.67
31,Male,Employed,Savings,34,2,309919,18,7,13,1,0.8,20,154959.5
46,Female,Employed,Current,171,3,114115,13,7,5,0,0.97,12,38038.33
27,Female,Self-employed,Savings,138,1,33445,14,11,16,0,0.93,27,33445.0
36,Male,Employed,Fixed Deposit,138,1,14347,11,9,13,0,0.69,22,14347.0
27,Male,Self-employed,Fixed Deposit,173,1,94851,13,5,8,0,0.72,13,94851.0
42,Male,Self-employed,Savings,151,2,292151,24,6,10,0,0.59,16,146075.5
47,Male,Employed,Savings,18,1,62192,13,9,11,0,0.7,20,62192.0
27,Female,Self-employed,Current,88,4,19306,21,9,10,0,0.8,19,4826.5
35,Male,Self-employed,Savings,133,1,212458,19,6,11,0,0.61,17,212458.0
29,Female,Employed,Current,132,1,21406,21,10,4,0,0.88,14,21406.0
41,Female,Self-employed,Current,24,4,334401,14,7,10,0,0.75,17,83600.25
33,Female,Unemployed,Savings,147,1,178180,22,7,11,0,0.73,18,178180.0
39,Male,Unemployed,Current,174,3,1706,11,6,10,0,0.57,16,568.67
49,Male,Employed,Savings,175,4,78618,14,7,15,1,0.66,22,19654.5
24,Male,Employed,Savings,70,2,222456,12,14,10,0,0.92,24,111228.0
34,Male,Employed,Fixed Deposit,16,3,325387,16,4,12,0,0.56,16,108462.33
28,Female,Employed,Savings,80,2,145103,19,6,15,0,0.82,21,72551.5
18,Female,Employed,Savings,147,1,20607,14,11,5,0,0.83,16,20607.0
41,Male,Employed,Current,87,3,14986,13,6,9,0,0.69,15,4995.33
37,Male,Self-employed,Current,63,2,92772,14,5,9,1,0.86,14,46386.0
39,Female,Self-employed,Current,17,3,152501,16,6,10,0,0.8,16,50833.67
41,Female,Employed,Current,107,1,19743,15,9,15,0,0.88,24,19743.0
24,Female,Self-employed,Savings,35,1,189133,22,6,13,0,0.52,19,189133.0
35,Female,Self-employed,Savings,122,4,180126,19,8,15,0,0.69,23,45031.5
31,Male,Employed,Savings,102,1,554987,11,8,11,0,0.77,19,554987.0
29,Female,Self-employed,Current,151,3,48002,17,5,8,0,0.59,13,16000.67
39,Male,Employed,Savings,22,1,302894,7,8,7,0,0.92,15,302894.0
36,Female,Employed,Current,52,3,11038,17,6,16,0,0.98,22,3679.33
39,Male,Employed,Savings,28,2,17698,9,11,12,0,0.67,23,8849.0
38,Female,Unemployed,Savings,94,1,320901,17,8,6,0,0.54,14,320901.0
45,Male,Employed,Current,77,4,74657,13,11,12,0,0.54,23,18664.25
33,Male,Employed,Savings,176,1,515571,13,2,15,0,0.79,17,515571.0
42,Female,Employed,Savings,168,1,40179,17,7,11,0,0.68,18,40179.0
21,Female,Employed,Savings,160,4,175287,18,8,6,0,0.94,14,43821.75
40,Female,Unemployed,Current,19,3,109603,19,15,9,0,0.89,24,36534.33
27,Female,Employed,Current,171,3,29445,17,7,7,0,0.96,14,9815.0
45,Male,Employed,Savings,91,2,86642,18,13,9,0,0.54,22,43321.0
37,Female,Self-employed,Savings,69,1,441954,14,10,12,1,0.55,22,441954.0
32,Male,Employed,Current,67,2,793,9,11,7,2,0.87,18,396.5
23,Female,Self-employed,Fixed Deposit,109,1,214569,13,11,6,0,0.68,17,214569.0
34,Female,Employed,Savings,51,3,258750,14,12,6,0,0.71,18,86250.0
32,Female,Self-employed,Savings,86,1,710081,16,12,7,1,0.67,19,710081.0
37,Female,Employed,Savings,34,4,70798,16,11,8,0,0.93,19,17699.5
52,Female,Unemployed,Savings,127,2,36069,18,16,9,0,0.74,25,18034.5
41,Female,Employed,Savings,67,2,193740,14,2,14,0,0.96,16,96870.0
43,Male,Employed,Savings,43,3,154724,19,13,6,0,0.68,19,51574.67
35,Male,Self-employed,Savings,23,2,48852,14,5,8,0,0.92,13,24426.0
47,Male,Employed,Savings,134,1,23203,14,9,11,0,0.89,20,23203.0
37,Female,Unemployed,Savings,32,1,155221,10,6,6,0,0.78,12,155221.0
30,Female,Employed,Savings,93,2,173009,12,14,11,0,0.79,25,86504.5
38,Male,Employed,Savings,92,2,49299,16,5,12,0,0.6,17,24649.5
37,Male,Employed,Savings,164,2,346631,20,7,12,0,0.77,19,173315.5
25,Female,Employed,Current,138,1,29824,13,7,11,0,0.8,18,29824.0
38,Male,Self-employed,Current,179,3,40386,20,5,11,0,0.69,16,13462.0
28,Female,Employed,Savings,21,3,37275,22,10,7,0,0.67,17,12425.0
40,Male,Self-employed,Savings,150,2,76798,11,6,6,0,0.72,12,38399.0
34,Female,Self-employed,Current,114,4,14539,15,6,8,0,0.98,14,3634.75
32,Female,Employed,Current,30,1,555207,8,12,15,0,0.97,27,555207.0
18,Male,Employed,Savings,26,4,68099,13,7,10,0,0.68,17,17024.75
30,Male,Employed,Savings,80,2,37740,23,10,5,0,0.84,15,18870.0
29,Male,Employed,Savings,120,4,55741,17,16,12,0,0.97,28,13935.25
39,Male,Unemployed,Savings,97,4,21921,19,10,7,0,0.96,17,5480.25
25,Female,Employed,Savings,16,4,100245,20,5,10,1,0.91,15,25061.25
26,Male,Self-employed,Current,146,3,43408,24,9,8,0,0.92,17,14469.33
52,Female,Employed,Savings,75,4,481900,11,7,8,0,0.82,15,120475.0
24,Female,Employed,Fixed Deposit,111,3,53557,12,7,8,0,0.91,15,17852.33
41,Female,Self-employed,Savings,142,2,215767,14,3,16,1,0.99,19,107883.5
37,Male,Employed,Current,92,2,309429,15,4,12,1,0.97,16,154714.5
35,Female,Employed,Savings,29,2,363774,16,10,15,1,0.91,25,181887.0
44,Male,Unemployed,Savings,137,3,12445,22,10,10,0,0.74,20,4148.33
31,Male,Employed,Current,137,3,111393,8,3,8,0,0.93,11,37131.0
44,Male,Self-employed,Fixed Deposit,153,1,323067,8,11,16,0,0.77,27,323067.0
41,Male,Self-employed,Current,168,1,2645,18,13,7,0,0.91,20,2645.0
37,Male,Self-employed,Savings,120,2,21004,10,7,6,0,0.57,13,10502.0
43,Female,Unemployed,Savings,129,2,498546,13,3,12,0,0.96,15,249273.0
55,Female,Employed,Savings,124,1,154753,18,7,6,0,0.61,13,154753.0
48,Male,Self-employed,Savings,124,1,38508,13,7,7,0,0.84,14,38508.0
40,Male,Employed,Savings,73,1,513516,18,6,6,0,0.51,12,513516.0
26,Male,Self-employed,Savings,110,2,85977,21,12,11,1,0.88,23,42988.5
33,Female,Employed,Current,23,1,21150,17,5,13,0,0.55,18,21150.0
31,Male,Self-employed,Savings,171,1,33878,20,8,6,0,0.51,14,33878.0
39,Male,Self-employed,Current,33,1,134485,20,10,8,1,0.68,18,134485.0
42,Female,Employed,Savings,155,2,61976,11,11,12,2,0.72,23,30988.0
39,Female,Employed,Savings,85,2,143811,12,10,12,0,0.63,22,71905.5
48,Male,Employed,Savings,127,1,105152,14,14,14,0,0.76,28,105152.0
57,Female,Self-employed,Savings,85,2,98691,18,11,14,0,0.72,25,49345.5
36,Male,Employed,Savings,86,2,126205,18,12,9,0,0.89,21,63102.5
54,Male,Employed,Savings,15,3,68011,10,10,9,0,0.92,19,22670.33
28,Male,Employed,Current,64,1,260171,14,4,12,0,0.83,16,260171.0
22,Female,Employed,Current,180,1,188132,9,7,15,0,0.95,22,188132.0
25,Male,Employed,Savings,40,2,145342,14,7,8,0,0.52,15,72671.0
20,Female,Employed,Current,25,1,517956,12,5,7,0,0.73,12,517956.0
18,Male,Employed,Current,68,2,28214,9,7,11,0,0.72,18,14107.0
33,Male,Self-employed,Current,180,1,24569,22,10,8,1,1.0,18,24569.0
34,Female,Employed,Savings,136,2,98593,16,9,14,0,0.54,23,49296.5
26,Male,Self-employed,Current,98,2,90081,7,10,8,1,0.82,18,45040.5
46,Female,Employed,Savings,171,2,64123,18,13,14,0,0.68,27,32061.5
32,Female,Self-employed,Current,136,2,63889,13,16,16,1,0.52,32,31944.5
28,Female,Self-employed,Current,120,3,160368,8,8,8,0,0.84,16,53456.0
62,Male,Employed,Fixed Deposit,59,2,57492,16,6,8,0,0.9,14,28746.0
35,Female,Self-employed,Savings,132,2,317058,9,6,8,1,0.71,14,158529.0
18,Female,Self-employed,Current,17,1,18459,15,6,9,0,0.99,15,18459.0
18,Female,Employed,Savings,163,1,126884,10,11,15,0,0.86,26,126884.0
32,Male,Employed,Savings,153,1,147177,16,10,9,0,0.58,19,147177.0
29,Female,Employed,Savings,79,2,76640,20,5,13,0,0.64,18,38320.0
45,Male,Unemployed,Savings,140,2,604080,14,6,10,0,0.62,16,302040.0
45,Female,Employed,Current,39,2,11079,12,3,11,0,0.68,14,5539.5
34,Female,Employed,Current,29,2,263806,13,7,10,0,0.6,17,131903.0
45,Male,Unemployed,Fixed Deposit,126,1,417776,10,9,9,0,0.71,18,417776.0
26,Male,Employed,Current,84,3,46403,12,13,12,0,0.94,25,15467.67
45,Female,Employed,Savings,80,1,65055,17,13,10,0,0.72,23,65055.0
35,Female,Employed,Savings,120,3,52121,17,5,14,2,0.61,19,17373.67
28,Male,Self-employed,Savings,31,1,38673,11,9,13,0,0.78,22,38673.0
18,Male,Employed,Savings,56,1,209512,11,8,10,0,0.89,18,209512.0
30,Male,Employed,Current,173,1,13468,20,9,8,0,0.9,17,13468.0
42,Male,Employed,Savings,48,3,70869,16,5,9,0,0.78,14,23623.0
27,Male,Self-employed,Fixed Deposit,154,4,297079,16,5,10,2,0.62,15,74269.75
45,Female,Self-employed,Fixed Deposit,26,2,203783,21,13,11,1,0.83,24,101891.5
36,Female,Employed,Current,109,1,3943,19,2,9,0,0.66,11,3943.0
46,Male,Employed,Fixed Deposit,147,1,41751,11,8,11,0,0.92,19,41751.0
34,Male,Self-employed,Fixed Deposit,179,3,180170,10,3,7,0,0.51,10,60056.67
40,Female,Employed,Savings,94,2,8256,13,4,11,0,0.94,15,4128.0
32,Female,Self-employed,Savings,108,4,14508,13,7,8,0,0.89,15,3627.0
18,Male,Self-employed,Savings,152,1,365406,15,3,12,1,0.63,15,365406.0
34,Male,Employed,Savings,111,3,632171,17,10,7,0,0.69,17,210723.67
38,Male,Employed,Savings,29,1,386680,14,7,14,0,0.99,21,386680.0
31,Female,Self-employed,Savings,146,1,99855,22,12,13,0,0.56,25,99855.0
43,Female,Employed,Current,65,3,20833,12,4,13,0,0.64,17,6944.33
46,Female,Unemployed,Savings,80,1,40881,15,9,8,0,0.59,17,40881.0
36,Male,Unemployed,Current,16,2,533968,16,10,5,0,0.54,15,266984.0
26,Male,Self-employed,Fixed Deposit,102,2,28976,13,2,9,0,0.67,11,14488.0
30,Female,Self-employed,Current,95,1,384450,11,3,15,0,0.64,18,384450.0
30,Female,Unemployed,Current,145,2,51338,15,8,5,0,0.92,13,25669.0
39,Male,Employed,Current,140,2,39850,9,8,5,0,0.84,13,19925.0
40,Female,Employed,Savings,69,4,27493,26,12,13,0,0.92,25,6873.25
44,Male,Employed,Savings,110,3,94273,15,6,12,0,0.89,18,31424.33
38,Female,Employed,Fixed Deposit,98,1,15864,11,7,12,0,0.97,19,15864.0
50,Male,Employed,Current,169,2,55213,16,12,10,0,0.82,22,27606.5
45,Male,Employed,Current,99,1,119297,20,15,11,0,0.88,26,119297.0
31,Male,Employed,Savings,20,4,310075,15,5,17,0,0.87,22,77518.75
27,Female,Employed,Fixed Deposit,55,1,177343,12,9,10,0,0.98,19,177343.0
52,Female,Employed,Current,25,3,226104,16,12,16,0,0.9,28,75368.0
18,Female,Employed,Savings,95,3,60263,17,3,14,0,0.68,17,20087.67
26,Male,Employed,Savings,135,1,76280,18,11,11,0,0.54,22,76280.0
38,Female,Employed,Savings,176,1,358395,11,7,10,0,0.92,17,358395.0
39,Male,Self-employed,Savings,56,3,103154,19,5,11,0,0.68,16,34384.67
30,Male,Unemployed,Current,83,2,327648,16,11,7,1,0.92,18,163824.0
43,Male,Employed,Current,172,1,479466,15,14,10,0,0.67,24,479466.0
26,Male,Employed,Savings,82,2,186850,10,11,4,0,0.73,15,93425.0
45,Female,Employed,Savings,70,1,263587,12,7,9,1,0.94,16,263587.0
36,Female,Employed,Savings,52,1,99614,17,12,8,0,0.51,20,99614.0
33,Male,Unemployed,Savings,111,3,355207,12,8,7,0,0.75,15,118402.33
40,Male,Employed,Savings,71,2,82437,19,7,4,0,0.53,11,41218.5
33,Male,Self-employed,Savings,67,4,38712,11,6,14,0,0.79,20,9678.0
36,Male,Employed,Current,64,2,248202,23,10,6,0,0.58,16,124101.0
39,Male,Self-employed,Savings,171,4,381795,15,11,12,0,0.97,23,95448.75
23,Female,Employed,Savings,21,3,7745,8,8,12,0,0.86,20,2581.67
37,Male,Employed,Savings,52,3,21978,14,5,12,0,0.94,17,7326.0
43,Male,Self-employed,Current,35,1,21483,22,7,13,0,0.66,20,21483.0
28,Male,Self-employed,Savings,100,1,169234,16,7,11,0,0.77,18,169234.0
36,Male,Self-employed,Fixed Deposit,52,4,221043,18,0,14,1,0.52,14,55260.75
39,Male,Employed,Current,77,1,72715,19,10,16,1,0.62,26,72715.0
21,Male,Self-employed,Savings,68,1,11341,22,11,8,2,0.79,19,11341.0
37,Female,Unemployed,Savings,157,1,158300,14,11,8,0,0.88,19,158300.0
63,Male,Self-employed,Savings,70,4,285196,14,2,4,0,0.86,6,71299.0
62,Female,Unemployed,Savings,15,2,33699,10,7,11,0,0.88,18,16849.5
44,Female,Self-employed,Current,143,1,69211,22,8,12,0,0.78,20,69211.0
49,Female,Employed,Savings,27,4,51714,20,7,13,0,0.66,20,12928.5
47,Male,Employed,Savings,136,2,41105,18,8,11,0,0.55,19,20552.5
43,Female,Employed,Savings,84,1,51583,10,9,13,0,0.73,22,51583.0
27,Female,Employed,Current,106,1,26750,14,9,12,0,0.96,21,26750.0
38,Female,Employed,Current,105,3,75770,12,7,11,0,0.56,18,25256.67
30,Female,Unemployed,Current,49,1,46220,19,4,8,1,0.88,12,46220.0
39,Female,Employed,Current,104,2,217729,16,16,14,0,0.55,30,108864.5
18,Female,Employed,Current,144,3,402024,13,10,9,2,0.89,19,134008.0
24,Male,Employed,Fixed Deposit,114,1,61729,14,9,10,0,0.78,19,61729.0
31,Female,Self-employed,Savings,155,4,271404,10,11,7,0,0.55,18,67851.0
38,Male,Employed,Savings,23,2,505412,11,10,21,0,0.53,31,252706.0
41,Female,Employed,Savings,70,1,235051,12,13,8,0,0.79,21,235051.0
40,Female,Employed,Savings,33,3,250493,15,7,10,0,0.5,17,83497.67
37,Female,Self-employed,Current,116,4,43368,18,14,12,1,0.7,26,10842.0
33,Male,Employed,Savings,91,4,43524,14,10,11,0,0.66,21,10881.0
33,Female,Employed,Savings,124,3,56061,13,10,7,0,0.73,17,18687.0
31,Female,Employed,Savings,131,1,44026,14,11,12,0,1.0,23,44026.0
33,Female,Self-employed,Savings,34,3,63805,16,6,12,0,0.92,18,21268.33
18,Female,Self-employed,Savings,44,1,391723,16,7,7,0,0.87,14,391723.0
23,Female,Self-employed,Fixed Deposit,152,3,21183,12,7,14,0,0.61,21,7061.0
31,Male,Employed,Fixed Deposit,75,3,186329,17,6,11,0,0.62,17,62109.67
57,Male,Employed,Savings,86,3,208083,17,7,9,1,0.74,16,69361.0
32,Male,Self-employed,Fixed Deposit,113,1,178683,12,4,7,0,1.0,11,178683.0
36,Male,Employed,Current,84,3,160099,19,13,11,0,0.92,24,53366.33
36,Female,Self-employed,Current,72,2,207317,12,5,10,0,0.72,15,103658.5
25,Female,Employed,Savings,104,4,72009,18,8,11,0,0.67,19,18002.25
38,Male,Employed,Fixed Deposit,140,4,58032,13,10,8,0,0.96,18,14508.0
28,Male,Employed,Current,114,1,43125,18,9,11,0,0.96,20,43125.0
45,Male,Unemployed,Savings,63,2,24955,10,9,12,0,0.64,21,12477.5
41,Male,Employed,Current,121,3,25957,15,18,4,0,0.99,22,8652.33
41,Male,Self-employed,Savings,88,2,69584,5,2,11,0,0.97,13,34792.0
26,Female,Employed,Savings,57,4,127647,14,11,15,0,0.95,26,31911.75
24,Female,Self-employed,Savings,78,3,77519,16,3,18,0,0.63,21,25839.67
33,Male,Self-employed,Fixed Deposit,163,4,372225,13,9,12,0,0.94,21,93056.25
35,Female,Employed,Savings,173,3,66485,15,6,12,0,0.52,18,22161.67
32,Female,Self-employed,Savings,158,3,159597,15,4,11,1,0.72,15,53199.0
21,Male,Employed,Savings,61,2,141030,17,6,10,0,0.82,16,70515.0
25,Female,Self-employed,Savings,57,4,149870,22,11,7,0,0.64,18,37467.5
49,Female,Employed,Savings,47,1,117631,12,11,6,0,0.86,17,117631.0
40,Female,Unemployed,Savings,119,2,54306,10,13,17,0,0.97,30,27153.0
33,Female,Self-employed,Savings,162,2,88512,14,8,6,0,0.52,14,44256.0
42,Male,Self-employed,Savings,54,3,584286,10,6,10,0,0.54,16,194762.0
35,Male,Employed,Savings,90,1,250702,13,7,9,0,0.91,16,250702.0
26,Female,Self-employed,Current,64,3,195696,17,8,12,1,0.74,20,65232.0
29,Male,Employed,Current,122,1,7741,15,6,15,1,0.85,21,7741.0
52,Female,Self-employed,Savings,124,2,291322,15,6,8,0,0.95,14,145661.0
38,Male,Unemployed,Savings,37,3,164780,14,5,6,0,0.86,11,54926.67
50,Female,Employed,Current,13,4,74875,17,8,13,0,0.89,21,18718.75
26,Male,Employed,Savings,140,2,108021,16,7,8,0,0.98,15,54010.5
53,Female,Employed,Current,150,4,124570,14,10,12,0,0.87,22,31142.5
23,Female,Employed,Savings,14,2,160668,12,11,4,1,0.85,15,80334.0
18,Male,Self-employed,Current,115,2,54610,14,9,9,0,0.59,18,27305.0
34,Male,Self-employed,Savings,153,1,147502,16,10,11,0,0.82,21,147502.0
27,Male,Self-employed,Savings,39,1,180719,10,4,13,0,0.85,17,180719.0
29,Female,Employed,Savings,63,1,74910,15,12,9,1,0.7,21,74910.0
18,Male,Unemployed,Current,74,3,171108,12,5,12,0,0.56,17,57036.0
39,Female,Self-employed,Savings,125,2,293959,8,10,17,1,0.85,27,146979.5
33,Female,Employed,Current,59,3,63849,16,12,11,1,0.84,23,21283.0
18,Male,Self-employed,Current,102,1,211972,17,7,10,1,0.5,17,211972.0
32,Female,Employed,Current,102,1,262252,10,10,18,0,0.7,28,262252.0
30,Female,Employed,Current,167,2,111938,19,10,6,0,0.57,16,55969.0
45,Female,Self-employed,Current,113,4,239673,19,4,12,1,0.56,16,59918.25
38,Female,Self-employed,Savings,13,3,245903,10,6,10,1,0.78,16,81967.67
33,Male,Employed,Savings,124,2,61447,15,7,10,0,0.54,17,30723.5
32,Female,Employed,Savings,152,2,29777,9,6,10,0,0.67,16,14888.5
40,Male,Self-employed,Fixed Deposit,36,2,65011,14,9,11,0,0.64,20,32505.5
34,Female,Employed,Current,73,2,104399,13,9,10,0,0.85,19,52199.5
21,Female,Self-employed,Fixed Deposit,62,2,252576,17,9,11,1,0.59,20,126288.0
49,Male,Employed,Current,63,2,125232,15,8,13,0,0.66,21,62616.0
39,Female,Unemployed,Savings,141,2,34666,16,5,12,0,0.69,17,17333.0
37,Female,Employed,Savings,112,2,10934,13,10,5,0,0.76,15,5467.0
28,Male,Self-employed,Fixed Deposit,145,1,4862,18,7,7,0,0.79,14,4862.0
40,Male,Employed,Current,153,1,1065053,17,8,11,0,0.84,19,1065053.0
43,Female,Employed,Current,132,1,263453,19,10,13,0,0.6,23,263453.0
45,Male,Self-employed,Savings,157,1,24571,13,6,16,1,0.93,22,24571.0
48,Female,Employed,Current,110,2,8707,10,11,15,0,0.72,26,4353.5
30,Female,Employed,Current,141,3,46425,16,13,11,0,0.9,24,15475.0
30,Female,Employed,Fixed Deposit,114,2,48288,19,6,5,0,0.59,11,24144.0
38,Male,Employed,Savings,80,1,135885,12,10,8,0,0.82,18,135885.0
52,Male,Employed,Current,127,2,223714,11,12,9,0,0.59,21,111857.0
28,Male,Employed,Savings,79,3,12681,18,4,15,0,0.57,19,4227.0
54,Male,Employed,Savings,87,1,187241,8,8,13,0,0.96,21,187241.0
34,Female,Employed,Current,62,3,209761,11,7,9,1,0.85,16,69920.33
48,Female,Employed,Current,97,3,22092,11,10,13,0,0.6,23,7364.0
37,Male,Employed,Savings,178,3,250074,12,7,5,0,0.53,12,83358.0
48,Female,Employed,Current,74,1,307687,13,5,12,0,0.85,17,307687.0
30,Male,Self-employed,Savings,168,2,24055,20,3,11,0,0.92,14,12027.5
44,Female,Employed,Fixed Deposit,101,1,105142,8,3,12,1,0.84,15,105142.0
42,Female,Self-employed,Savings,132,2,121953,16,9,8,1,0.57,17,60976.5
53,Male,Self-employed,Savings,44,2,100627,17,7,13,0,0.69,20,50313.5
31,Female,Employed,Current,73,1,96287,11,14,9,0,0.98,23,96287.0
25,Female,Employed,Fixed Deposit,54,3,14260,7,10,8,0,0.74,18,4753.33
37,Male,Employed,Savings,157,3,13834,14,6,6,0,0.51,12,4611.33
28,Male,Employed,Current,165,2,89919,14,8,9,0,0.97,17,44959.5
39,Female,Employed,Current,122,1,87885,17,10,6,0,0.91,16,87885.0
47,Male,Employed,Fixed Deposit,157,3,14239,3,8,8,1,0.71,16,4746.33
31,Female,Employed,Current,175,2,23866,16,9,9,0,0.63,18,11933.0
18,Male,Self-employed,Current,149,1,475331,16,9,10,0,0.98,19,475331.0
18,Female,Self-employed,Savings,129,2,120942,17,9,9,0,0.79,18,60471.0
41,Female,Employed,Current,55,1,32599,12,7,13,0,0.8,20,32599.0
41,Female,Employed,Savings,133,1,118657,13,5,11,0,0.75,16,118657.0
26,Male,Employed,Savings,126,2,16963,18,9,2,1,0.52,11,8481.5
29,Female,Employed,Savings,40,2,40457,12,13,5,0,0.82,18,20228.5
31,Male,Employed,Savings,132,4,34850,13,7,14,0,0.59,21,8712.5
28,Male,Self-employed,Current,154,1,56387,15,6,11,0,0.65,17,56387.0
49,Male,Unemployed,Savings,128,1,8553,15,5,12,0,0.84,17,8553.0
34,Female,Self-employed,Fixed Deposit,165,4,98507,11,12,6,0,0.54,18,24626.75
41,Male,Employed,Savings,35,1,88479,13,7,9,0,0.51,16,88479.0
23,Female,Employed,Fixed Deposit,88,1,96671,16,6,18,0,1.0,24,96671.0
24,Male,Employed,Savings,28,1,177643,20,9,9,1,0.6,18,177643.0
46,Male,Unemployed,Savings,26,4,258530,16,9,8,0,0.54,17,64632.5
33,Female,Employed,Savings,45,1,132580,9,8,9,0,0.98,17,132580.0
29,Female,Employed,Savings,44,1,56735,18,9,11,0,0.88,20,56735.0
37,Female,Employed,Savings,29,1,221311,14,4,12,0,0.86,16,221311.0
50,Male,Employed,Savings,122,2,402795,11,7,11,1,0.78,18,201397.5
43,Male,Employed,Fixed Deposit,132,1,10550,17,5,16,0,0.82,21,10550.0
21,Male,Employed,Savings,44,3,210935,17,5,13,0,0.56,18,70311.67
43,Male,Unemployed,Savings,111,2,20176,12,6,8,0,0.64,14,10088.0
22,Female,Employed,Savings,83,3,13818,10,8,8,0,0.61,16,4606.0
33,Male,Employed,Savings,97,1,211203,13,12,9,0,0.66,21,211203.0
56,Female,Self-employed,Savings,112,2,271476,13,12,9,0,0.59,21,135738.0
43,Female,Employed,Savings,29,1,253071,10,14,7,0,0.67,21,253071.0
18,Male,Unemployed,Savings,88,1,221097,17,7,6,0,0.85,13,221097.0
25,Female,Employed,Fixed Deposit,83,1,20495,13,5,16,0,0.77,21,20495.0
38,Female,Self-employed,Savings,152,1,22777,13,6,9,0,0.76,15,22777.0
43,Male,Employed,Current,115,1,261200,19,9,15,0,0.61,24,261200.0
29,Female,Self-employed,Current,126,2,139252,14,10,6,0,0.55,16,69626.0
18,Female,Self-employed,Savings,25,1,126814,18,8,7,0,0.73,15,126814.0
43,Female,Self-employed,Current,178,4,496043,9,5,8,0,0.91,13,124010.75
42,Female,Employed,Current,143,4,27133,20,7,12,0,0.83,19,6783.25
42,Male,Employed,Fixed Deposit,119,2,61628,20,10,10,1,0.5,20,30814.0
43,Male,Employed,Savings,109,2,167655,12,10,10,0,0.53,20,83827.5
30,Male,Employed,Current,180,1,124588,13,11,10,0,0.56,21,124588.0
32,Female,Unemployed,Savings,149,3,66140,12,5,25,1,0.74,30,22046.67
28,Male,Employed,Current,20,1,160109,15,12,9,0,0.97,21,160109.0
23,Female,Unemployed,Savings,146,2,9432,16,12,10,0,0.63,22,4716.0
46,Female,Self-employed,Current,74,2,103110,21,11,8,0,0.67,19,51555.0
31,Male,Employed,Fixed Deposit,150,2,133876,16,18,6,0,0.81,24,66938.0
31,Male,Employed,Current,59,3,106284,19,10,12,0,0.89,22,35428.0
22,Male,Self-employed,Current,131,2,78336,16,17,5,0,0.76,22,39168.0
46,Male,Employed,Fixed Deposit,163,4,86136,6,8,5,0,0.56,13,21534.0
23,Female,Employed,Savings,22,4,334089,19,6,9,0,0.64,15,83522.25
37,Female,Unemployed,Fixed Deposit,134,2,173097,12,5,8,0,0.58,13,86548.5
37,Male,Employed,Savings,164,4,71971,20,7,8,1,0.5,15,17992.75
48,Female,Employed,Savings,107,2,45303,12,6,7,0,0.9,13,22651.5
35,Male,Self-employed,Savings,107,1,91098,17,11,14,0,0.76,25,91098.0
27,Female,Employed,Savings,156,3,575347,15,14,14,0,0.83,28,191782.33
38,Male,Employed,Savings,129,3,170410,17,14,7,0,0.54,21,56803.33
29,Female,Employed,Savings,122,2,218358,14,13,11,0,0.62,24,109179.0
31,Female,Employed,Current,35,3,28978,16,7,6,0,0.55,13,9659.33
25,Male,Unemployed,Savings,137,1,198550,17,5,10,0,0.76,15,198550.0
50,Female,Self-employed,Savings,81,3,160000,14,10,11,1,0.6,21,53333.33
40,Male,Employed,Savings,41,1,126156,16,5,10,0,0.52,15,126156.0
19,Female,Self-employed,Savings,80,2,500,16,11,9,0,0.68,20,250.0
39,Male,Self-employed,Current,23,1,305840,18,8,9,0,0.55,17,305840.0
29,Male,Employed,Current,79,2,18884,14,7,12,0,0.71,19,9442.0
36,Male,Employed,Savings,28,1,120583,8,8,5,0,0.94,13,120583.0
26,Female,Employed,Savings,28,3,2569,21,8,9,0,0.88,17,856.33
26,Male,Self-employed,Savings,133,2,160202,15,10,12,0,0.55,22,80101.0
33,Female,Employed,Fixed Deposit,136,3,121546,16,6,5,0,0.7,11,40515.33
55,Female,Employed,Savings,142,2,24326,17,9,13,0,0.83,22,12163.0
45,Female,Self-employed,Fixed Deposit,79,2,7643,9,5,14,0,0.68,19,3821.5
47,Female,Self-employed,Savings,131,1,79945,18,3,10,0,0.74,13,79945.0
41,Male,Employed,Current,151,1,53842,13,6,12,0,0.63,18,53842.0
30,Female,Self-employed,Savings,84,4,121189,15,7,11,0,0.52,18,30297.25
49,Female,Employed,Current,60,1,65965,16,9,8,1,0.68,17,65965.0
33,Male,Employed,Savings,105,3,93675,14,7,7,1,0.57,14,31225.0
18,Female,Employed,Current,64,2,101971,15,8,14,0,0.79,22,50985.5
31,Female,Employed,Current,115,2,69251,18,6,7,1,0.56,13,34625.5
45,Male,Self-employed,Current,14,1,211073,15,9,13,0,0.98,22,211073.0
31,Female,Employed,Current,124,2,32935,11,5,10,1,0.65,15,16467.5
48,Male,Employed,Current,56,1,53052,16,7,7,0,0.89,14,53052.0
32,Male,Employed,Savings,101,1,133126,19,5,9,0,0.67,14,133126.0
27,Female,Self-employed,Current,52,2,151648,15,3,9,0,0.7,12,75824.0
39,Male,Employed,Savings,18,1,100440,18,7,8,1,0.93,15,100440.0
30,Male,Employed,Savings,96,1,211489,24,11,12,1,0.76,23,211489.0
18,Female,Employed,Current,54,3,328643,9,6,11,0,0.98,17,109547.67
30,Male,Employed,Current,25,2,126312,11,15,10,0,0.98,25,63156.0
27,Female,Employed,Savings,148,2,411246,15,8,12,0,0.76,20,205623.0
48,Male,Self-employed,Current,169,3,343967,11,9,19,0,0.97,28,114655.67
23,Female,Employed,Savings,70,2,368256,10,6,11,1,0.72,17,184128.0
37,Female,Self-employed,Savings,64,2,504690,14,6,10,1,0.54,16,252345.0
51,Male,Employed,Fixed Deposit,29,1,26828,11,7,5,0,0.71,12,26828.0
34,Male,Employed,Savings,165,1,3812,8,6,11,0,0.53,17,3812.0
45,Female,Self-employed,Savings,24,1,77200,16,6,9,0,0.64,15,77200.0
35,Male,Employed,Current,37,2,60856,19,6,8,1,0.56,14,30428.0
38,Male,Employed,Current,56,1,30034,18,8,14,0,0.59,22,30034.0
35,Male,Employed,Savings,153,2,287243,15,10,8,0,0.6,18,143621.5
49,Male,Unemployed,Savings,119,4,135655,11,11,11,0,0.95,22,33913.75
23,Female,Employed,Savings,119,3,4256,17,10,8,0,0.92,18,1418.67
41,Male,Employed,Current,137,1,105576,10,8,11,0,0.59,19,105576.0
32,Male,Employed,Fixed Deposit,15,4,45585,20,11,12,0,0.58,23,11396.25
22,Male,Unemployed,Savings,26,2,101856,8,6,10,0,0.75,16,50928.0
28,Female,Employed,Savings,174,2,7147,13,4,6,0,0.65,10,3573.5
26,Male,Employed,Savings,136,2,408615,13,10,9,0,0.83,19,204307.5
25,Female,Employed,Savings,45,2,15115,13,11,5,0,0.53,16,7557.5
31,Male,Self-employed,Current,145,2,69785,24,7,12,1,0.72,19,34892.5
23,Male,Employed,Current,165,1,65272,11,9,12,0,0.89,21,65272.0
23,Female,Self-employed,Savings,152,2,102667,12,11,9,0,0.91,20,51333.5
40,Female,Self-employed,Fixed Deposit,72,1,25783,15,8,9,0,0.74,17,25783.0
40,Male,Employed,Savings,33,1,146996,13,5,4,0,0.87,9,146996.0
36,Female,Employed,Current,135,1,317444,15,13,7,0,0.62,20,317444.0
45,Male,Self-employed,Current,83,1,144914,19,5,7,0,0.83,12,144914.0
54,Male,Unemployed,Fixed Deposit,96,3,84516,13,6,15,0,0.98,21,28172.0
32,Male,Employed,Savings,95,2,127224,12,7,8,1,0.97,15,63612.0
30,Male,Employed,Savings,37,1,44223,12,11,7,1,0.87,18,44223.0
20,Female,Employed,Savings,44,1,117619,15,3,7,0,0.86,10,117619.0
35,Male,Self-employed,Savings,13,2,5380,17,6,10,0,0.85,16,2690.0
18,Female,Employed,Savings,170,2,110917,14,8,10,0,0.57,18,55458.5
38,Female,Employed,Savings,163,1,25189,15,6,5,0,0.65,11,25189.0
51,Female,Unemployed,Savings,102,4,195534,22,7,10,1,0.79,17,48883.5
35,Male,Employed,Savings,52,3,51581,16,11,19,2,0.83,30,17193.67
36,Female,Employed,Savings,18,2,223375,18,6,10,0,0.82,16,111687.5
38,Male,Self-employed,Current,29,1,166879,12,8,10,0,0.51,18,166879.0
35,Female,Employed,Savings,161,1,22842,16,9,11,0,0.58,20,22842.0
35,Female,Self-employed,Savings,173,2,310439,13,11,9,0,0.83,20,155219.5
27,Male,Self-employed,Savings,157,2,57263,16,6,8,0,0.94,14,28631.5
40,Male,Employed,Savings,85,1,107238,20,11,13,0,0.61,24,107238.0
24,Female,Employed,Savings,69,2,344858,17,11,6,0,0.83,17,172429.0
18,Female,Employed,Savings,125,1,76845,14,7,7,0,0.56,14,76845.0
25,Female,Self-employed,Current,59,1,139887,20,5,9,1,0.71,14,139887.0
52,Female,Employed,Current,146,2,26226,11,9,13,0,0.76,22,13113.0
37,Female,Self-employed,Savings,86,2,13967,8,7,9,0,0.8,16,6983.5
42,Female,Employed,Current,85,2,50179,14,4,10,0,0.9,14,25089.5
28,Female,Self-employed,Savings,172,1,302585,14,10,9,0,0.79,19,302585.0
46,Male,Employed,Savings,108,2,115719,9,8,13,0,0.93,21,57859.5
65,Male,Employed,Savings,34,2,108628,17,6,7,0,0.7,13,54314.0
18,Female,Employed,Savings,121,1,74495,18,7,14,0,0.54,21,74495.0
38,Male,Employed,Savings,91,2,273323,14,14,17,0,0.98,31,136661.5
32,Female,Employed,Savings,90,2,23621,10,5,8,0,0.55,13,11810.5
20,Female,Employed,Fixed Deposit,114,1,37189,9,6,12,0,0.8,18,37189.0
29,Male,Employed,Savings,103,2,143082,19,6,9,0,0.86,15,71541.0
21,Male,Unemployed,Savings,22,2,6309,17,11,8,0,0.68,19,3154.5
23,Male,Unemployed,Savings,177,2,542727,21,15,10,0,0.61,25,271363.5
25,Female,Employed,Savings,103,2,936368,16,8,10,0,0.88,18,468184.0
51,Female,Self-employed,Current,120,3,193802,13,7,11,2,0.66,18,64600.67
34,Male,Self-employed,Current,27,1,86860,14,8,12,0,0.54,20,86860.0
21,Female,Employed,Savings,100,3,67471,15,9,11,1,0.59,20,22490.33
56,Female,Employed,Savings,175,2,311972,11,9,10,0,0.58,19,155986.0
54,Female,Employed,Savings,176,3,68511,14,6,13,0,0.72,19,22837.0
52,Female,Self-employed,Savings,122,1,153288,11,9,10,0,0.76,19,153288.0
18,Female,Employed,Savings,153,2,25614,14,4,9,0,0.54,13,12807.0
38,Male,Unemployed,Savings,40,1,15623,20,6,11,0,0.83,17,15623.0
30,Male,Employed,Current,136,2,160139,17,7,10,0,0.61,17,80069.5
33,Male,Employed,Savings,102,2,36975,19,11,10,0,0.94,21,18487.5
22,Male,Employed,Savings,131,4,219989,22,8,12,0,0.79,20,54997.25
35,Male,Employed,Savings,169,4,24973,17,3,8,1,0.67,11,6243.25
33,Male,Employed,Savings,17,3,99878,11,12,12,0,0.51,24,33292.67
36,Male,Unemployed,Current,106,1,44523,9,7,10,0,0.88,17,44523.0
33,Male,Self-employed,Savings,65,1,62643,16,14,10,0,0.51,24,62643.0
27,Female,Unemployed,Current,30,4,67677,14,6,11,0,0.53,17,16919.25
36,Female,Employed,Savings,154,2,219069,17,9,4,0,0.52,13,109534.5
46,Female,Employed,Current,126,1,57342,21,13,7,1,0.56,20,57342.0
49,Female,Unemployed,Savings,179,2,29182,18,13,10,0,0.81,23,14591.0
18,Male,Self-employed,Savings,137,1,130816,24,6,15,0,0.6,21,130816.0
29,Male,Employed,Savings,117,3,84274,16,11,6,0,0.78,17,28091.33
26,Male,Unemployed,Current,39,3,104637,14,5,10,0,0.58,15,34879.0
26,Female,Employed,Savings,17,2,285623,17,8,8,0,0.77,16,142811.5
30,Female,Employed,Savings,121,1,55163,15,6,11,0,0.86,17,55163.0
24,Male,Unemployed,Savings,141,4,2194,20,14,9,0,0.92,23,548.5
25,Male,Employed,Savings,57,4,241140,18,12,11,0,0.68,23,60285.0
34,Female,Employed,Current,174,3,66210,11,9,10,0,0.69,19,22070.0
31,Female,Self-employed,Current,137,3,64700,20,6,10,0,0.65,16,21566.67
36,Female,Employed,Savings,35,2,24780,16,6,14,0,0.93,20,12390.0
40,Male,Self-employed,Savings,160,4,43202,7,8,7,0,0.85,15,10800.5
34,Male,Employed,Savings,57,1,103029,12,9,8,0,0.8,17,103029.0
18,Female,Employed,Current,91,1,177186,15,10,9,1,0.74,19,177186.0
37,Male,Employed,Savings,163,1,270176,12,8,9,0,0.54,17,270176.0
27,Female,Self-employed,Savings,103,2,355790,13,6,10,0,0.87,16,177895.0
34,Female,Employed,Fixed Deposit,118,2,134452,14,8,11,0,0.81,19,67226.0
40,Female,Employed,Savings,87,4,48945,15,10,7,0,0.89,17,12236.25
38,Male,Employed,Savings,149,1,206351,12,4,12,1,0.69,16,206351.0
49,Female,Self-employed,Current,50,1,188732,14,10,8,1,0.97,18,188732.0
30,Female,Employed,Savings,159,3,287344,4,5,9,1,0.75,14,95781.33
22,Male,Employed,Savings,178,1,257217,18,5,9,0,0.62,14,257217.0
39,Male,Employed,Savings,113,2,5679,17,4,10,0,0.52,14,2839.5
28,Female,Employed,Savings,101,3,50948,19,12,9,0,0.96,21,16982.67
44,Male,Unemployed,Current,33,3,39725,22,7,9,0,0.84,16,13241.67
27,Male,Self-employed,Fixed Deposit,135,1,170708,20,11,3,0,0.79,14,170708.0
42,Female,Employed,Fixed Deposit,140,1,232401,14,11,15,0,0.67,26,232401.0
18,Female,Employed,Savings,120,1,61573,11,7,8,0,0.62,15,61573.0
37,Female,Employed,Current,158,1,27553,13,6,18,0,0.75,24,27553.0
36,Female,Employed,Savings,116,1,502657,12,12,11,0,0.75,23,502657.0
36,Male,Self-employed,Savings,46,4,225131,14,5,9,0,0.76,14,56282.75
21,Male,Employed,Savings,63,3,76721,13,6,13,0,0.95,19,25573.67
18,Male,Employed,Current,35,1,15047,12,10,12,0,0.67,22,15047.0
20,Female,Employed,Savings,88,2,50059,20,7,12,0,0.88,19,25029.5
32,Female,Employed,Savings,130,2,74664,16,4,11,0,0.54,15,37332.0
38,Male,Employed,Current,46,2,2281,17,9,13,0,0.54,22,1140.5
34,Male,Employed,Fixed Deposit,94,1,121087,8,3,11,0,0.53,14,121087.0
30,Female,Employed,Savings,166,2,118682,13,10,13,0,0.68,23,59341.0
18,Male,Employed,Current,146,4,626385,15,8,5,0,0.83,13,156596.25
45,Male,Unemployed,Savings,49,1,54138,13,4,8,0,0.7,12,54138.0
40,Female,Employed,Current,132,2,514442,14,11,10,0,0.77,21,257221.0
38,Male,Employed,Savings,52,4,32853,23,8,6,0,0.84,14,8213.25
33,Male,Employed,Savings,173,3,498381,24,8,10,0,0.89,18,166127.0
30,Male,Employed,Current,103,1,76828,12,12,8,0,0.86,20,76828.0
46,Male,Employed,Savings,19,2,814239,18,14,11,0,0.62,25,407119.5
36,Male,Employed,Fixed Deposit,90,2,33199,16,7,10,0,0.81,17,16599.5
32,Female,Employed,Savings,83,2,8327,17,12,10,0,0.94,22,4163.5
42,Male,Employed,Current,102,1,98622,20,4,6,0,0.74,10,98622.0
36,Male,Employed,Savings,32,1,285661,11,8,15,1,0.74,23,285661.0
55,Male,Employed,Current,42,1,102470,18,9,3,1,0.54,12,102470.0
41,Male,Employed,Savings,58,3,38228,13,6,16,0,0.64,22,12742.67
40,Male,Employed,Savings,178,4,222017,12,6,14,1,0.99,20,55504.25
18,Female,Self-employed,Savings,57,4,188199,15,7,12,0,0.51,19,47049.75
22,Male,Employed,Savings,158,1,7026,23,7,9,0,0.68,16,7026.0
41,Male,Employed,Savings,172,3,107141,19,3,17,0,0.87,20,35713.67
40,Female,Self-employed,Current,112,1,15335,16,6,6,0,0.97,12,15335.0
38,Male,Employed,Savings,50,1,78182,15,5,13,0,0.88,18,78182.0
42,Female,Self-employed,Current,167,1,146153,13,11,10,1,0.88,21,146153.0
44,Male,Self-employed,Savings,69,2,17104,7,10,9,0,0.79,19,8552.0
24,Male,Self-employed,Current,68,3,128525,16,9,10,0,0.58,19,42841.67
39,Female,Unemployed,Savings,174,4,119954,16,7,11,0,0.93,18,29988.5
51,Female,Employed,Current,119,2,7833,18,4,7,0,0.63,11,3916.5
30,Male,Self-employed,Savings,83,3,74416,21,14,7,0,0.58,21,24805.33
18,Female,Employed,Savings,90,1,313576,19,14,16,0,0.63,30,313576.0
36,Female,Employed,Current,70,1,54232,16,4,11,1,0.88,15,54232.0
37,Male,Employed,Current,39,3,45259,14,9,12,0,0.9,21,15086.33
31,Male,Employed,Savings,65,2,132897,13,10,12,1,0.8,22,66448.5
39,Female,Employed,Current,129,2,82107,10,8,12,0,0.62,20,41053.5
32,Male,Unemployed,Savings,148,3,131743,23,7,11,1,0.85,18,43914.33
38,Male,Employed,Savings,90,3,130435,10,14,9,1,0.58,23,43478.33
34,Male,Employed,Current,58,3,40682,8,5,8,0,0.84,13,13560.67
51,Male,Employed,Savings,171,1,107279,16,6,5,0,0.83,11,107279.0
38,Female,Employed,Fixed Deposit,60,1,134796,26,6,14,0,0.89,20,134796.0
38,Female,Employed,Fixed Deposit,73,3,28448,17,4,13,0,0.55,17,9482.67
43,Female,Employed,Savings,29,3,330341,14,10,15,0,0.94,25,110113.67
28,Male,Employed,Fixed Deposit,144,2,282931,19,7,9,1,0.83,16,141465.5
25,Male,Self-employed,Current,111,2,6389,15,6,7,0,0.94,13,3194.5
21,Male,Self-employed,Current,70,1,151340,13,5,12,0,0.64,17,151340.0
29,Female,Self-employed,Savings,108,3,177844,18,11,11,0,0.81,22,59281.33
28,Female,Employed,Fixed Deposit,132,3,148711,15,16,9,0,0.96,25,49570.33
33,Male,Employed,Savings,104,2,1309,9,6,15,0,0.94,21,654.5
31,Male,Self-employed,Savings,50,2,4727,15,12,7,1,0.89,19,2363.5
47,Female,Self-employed,Savings,84,2,85655,11,12,9,0,0.75,21,42827.5
29,Female,Employed,Savings,167,4,14502,14,9,8,1,0.61,17,3625.5
30,Female,Employed,Fixed Deposit,115,1,140203,19,6,8,0,0.8,14,140203.0
18,Male,Unemployed,Current,90,1,29909,12,13,13,0,0.5,26,29909.0
30,Female,Employed,Savings,53,1,83476,20,11,10,0,0.58,21,83476.0
45,Male,Self-employed,Current,139,1,605112,12,7,10,1,0.98,17,605112.0
21,Female,Employed,Savings,29,2,195898,11,7,6,0,0.55,13,97949.0
19,Female,Employed,Savings,32,3,44026,8,6,11,1,0.79,17,14675.33
36,Male,Employed,Savings,97,2,5141,17,6,13,0,0.88,19,2570.5
32,Female,Employed,Savings,44,1,334943,10,13,10,1,0.65,23,334943.0
19,Male,Employed,Savings,60,2,53505,18,14,12,0,0.56,26,26752.5
45,Female,Employed,Savings,106,3,57619,20,10,11,0,0.71,21,19206.33
23,Male,Self-employed,Savings,56,1,348174,18,7,15,0,0.53,22,348174.0
47,Female,Employed,Fixed Deposit,128,2,83337,15,5,11,0,0.88,16,41668.5
46,Female,Self-employed,Savings,116,1,109792,15,9,13,1,0.78,22,109792.0
33,Male,Self-employed,Savings,173,3,255671,15,6,9,0,0.87,15,85223.67
19,Female,Employed,Savings,143,3,35154,22,6,7,0,0.97,13,11718.0
38,Male,Employed,Savings,35,2,114844,11,8,11,0,0.8,19,57422.0
43,Female,Unemployed,Savings,176,4,463170,21,6,9,0,0.5,15,115792.5
39,Female,Employed,Savings,79,2,211547,17,8,7,0,0.74,15,105773.5
32,Male,Unemployed,Savings,21,4,2855,9,7,11,0,0.87,18,713.75
40,Male,Employed,Current,121,2,335658,15,8,3,2,0.52,11,167829.0
59,Male,Self-employed,Savings,173,1,15926,15,6,16,0,0.79,22,15926.0
36,Female,Employed,Savings,36,3,29445,15,4,9,0,0.73,13,9815.0
36,Female,Self-employed,Savings,73,2,247408,15,11,14,0,0.6,25,123704.0
46,Female,Employed,Savings,123,1,128621,12,5,11,1,0.87,16,128621.0
33,Female,Employed,Current,94,1,392677,13,6,13,0,0.57,19,392677.0
32,Male,Employed,Current,94,3,339247,10,10,11,0,0.93,21,113082.33
35,Male,Self-employed,Fixed Deposit,21,3,159743,16,7,6,0,0.86,13,53247.67
41,Female,Employed,Fixed Deposit,43,1,87880,13,4,14,0,0.97,18,87880.0
29,Female,Employed,Fixed Deposit,68,1,83427,18,8,12,0,0.93,20,83427.0
37,Female,Unemployed,Savings,111,4,2815,20,7,12,0,0.78,19,703.75
31,Female,Self-employed,Savings,112,1,232921,11,5,8,0,0.85,13,232921.0
32,Male,Employed,Savings,100,1,94161,11,5,13,1,0.67,18,94161.0
22,Female,Employed,Current,133,1,213714,5,6,10,0,0.86,16,213714.0
54,Female,Employed,Savings,67,1,178437,19,8,8,0,0.69,16,178437.0
38,Female,Employed,Current,59,2,141687,15,7,13,0,0.87,20,70843.5
39,Male,Employed,Current,47,2,94642,15,2,11,0,0.71,13,47321.0
31,Female,Employed,Savings,114,3,86976,20,8,12,0,0.71,20,28992.0
43,Male,Employed,Savings,175,2,282758,18,9,10,0,0.62,19,141379.0
46,Female,Employed,Savings,142,3,361259,14,5,11,0,0.55,16,120419.67
34,Male,Employed,Savings,47,3,163610,14,7,7,1,0.82,14,54536.67
35,Female,Self-employed,Savings,97,1,78761,9,7,8,0,0.68,15,78761.0
34,Male,Employed,Savings,141,4,132464,17,11,13,0,0.58,24,33116.0
41,Male,Self-employed,Savings,51,1,8752,16,5,3,0,1.0,8,8752.0
41,Female,Self-employed,Current,58,4,4992,16,6,16,0,0.73,22,1248.0
49,Female,Unemployed,Savings,32,2,75177,14,6,7,0,0.88,13,37588.5
21,Female,Self-employed,Savings,163,3,82772,13,11,12,0,0.7,23,27590.67
34,Male,Self-employed,Savings,21,3,112719,19,9,9,0,0.52,18,37573.0
39,Male,Employed,Fixed Deposit,80,2,1950,8,15,11,1,0.82,26,975.0
42,Male,Self-employed,Savings,134,1,159191,16,7,5,0,0.91,12,159191.0
18,Male,Self-employed,Current,155,2,4173,11,8,9,0,0.97,17,2086.5
30,Female,Employed,Savings,85,3,59462,16,5,7,0,0.86,12,19820.67
31,Female,Self-employed,Savings,21,2,119836,15,9,12,0,0.9,21,59918.0
44,Male,Employed,Current,151,2,53564,13,7,12,0,0.91,19,26782.0
42,Female,Employed,Savings,135,4,127489,10,8,6,0,0.95,14,31872.25
37,Male,Employed,Savings,152,3,76984,12,5,15,0,0.79,20,25661.33
33,Male,Unemployed,Savings,104,2,161253,16,10,8,0,0.54,18,80626.5
28,Male,Employed,Current,97,1,116256,15,2,14,0,0.58,16,116256.0
33,Male,Employed,Savings,153,1,86400,18,4,9,0,0.91,13,86400.0
46,Male,Employed,Current,137,1,75005,8,8,11,0,0.98,19,75005.0
55,Female,Self-employed,Savings,45,3,32549,16,7,8,0,0.55,15,10849.67
36,Female,Employed,Savings,111,1,478767,14,7,7,0,0.78,14,478767.0
58,Male,Employed,Savings,79,3,169223,15,8,12,1,0.57,20,56407.67
37,Male,Employed,Savings,34,3,2684,14,6,14,0,0.83,20,894.67
54,Female,Employed,Savings,117,3,25310,15,7,3,0,0.77,10,8436.67
24,Male,Unemployed,Savings,74,3,21064,20,6,11,0,0.91,17,7021.33
32,Female,Self-employed,Savings,25,1,75047,16,12,11,0,0.79,23,75047.0
26,Female,Employed,Savings,42,4,96786,23,4,6,0,0.68,10,24196.5
41,Female,Self-employed,Current,100,1,575602,13,2,10,0,0.68,12,575602.0
19,Male,Employed,Current,58,1,46559,18,5,9,0,0.8,14,46559.0
33,Male,Self-employed,Savings,119,2,163723,16,2,15,0,0.63,17,81861.5
47,Female,Employed,Current,45,4,136484,20,9,10,0,0.83,19,34121.0
46,Female,Employed,Current,92,3,108219,14,10,8,0,0.95,18,36073.0
39,Female,Employed,Savings,78,2,3780,11,10,9,1,0.96,19,1890.0
33,Female,Employed,Savings,61,4,138508,14,2,5,0,0.69,7,34627.0
34,Female,Employed,Current,160,3,232512,16,5,8,0,0.68,13,77504.0
32,Male,Employed,Current,114,2,184175,20,7,7,0,0.51,14,92087.5
39,Male,Employed,Fixed Deposit,82,3,487026,14,7,9,0,0.62,16,162342.0
42,Male,Employed,Savings,160,3,115510,16,9,7,0,0.57,16,38503.33
31,Female,Unemployed,Savings,19,2,146492,14,4,13,0,0.84,17,73246.0
49,Female,Employed,Savings,160,2,97766,14,13,10,0,0.54,23,48883.0
30,Male,Employed,Savings,37,2,91290,18,11,11,0,0.7,22,45645.0
34,Male,Employed,Savings,102,1,26671,19,12,8,0,0.88,20,26671.0
24,Female,Self-employed,Current,151,1,242902,17,8,17,0,0.81,25,242902.0
19,Male,Employed,Savings,164,1,22280,11,10,10,0,0.86,20,22280.0
33,Male,Unemployed,Current,74,2,227650,13,8,9,0,0.51,17,113825.0
24,Male,Employed,Fixed Deposit,135,1,344588,8,9,8,0,0.99,17,344588.0
45,Female,Employed,Savings,160,3,378233,15,4,11,0,0.95,15,126077.67
26,Female,Unemployed,Fixed Deposit,119,1,146445,18,14,9,0,0.55,23,146445.0
38,Male,Employed,Current,127,4,240326,10,7,12,0,0.77,19,60081.5
35,Male,Employed,Savings,60,4,9217,12,8,10,1,0.87,18,2304.25
51,Female,Employed,Savings,93,3,303169,13,5,15,0,0.5,20,101056.33
32,Female,Employed,Savings,122,3,258611,15,7,7,0,0.62,14,86203.67
18,Male,Self-employed,Current,57,1,378903,13,6,6,1,0.79,12,378903.0
32,Female,Employed,Current,148,1,180009,17,12,4,0,0.97,16,180009.0
45,Female,Employed,Savings,101,1,161587,15,9,9,1,0.83,18,161587.0
45,Male,Employed,Current,160,1,678316,10,11,5,1,0.94,16,678316.0
22,Female,Unemployed,Fixed Deposit,21,2,246479,17,6,8,1,0.62,14,123239.5
35,Male,Self-employed,Current,148,4,27387,19,5,11,1,0.87,16,6846.75
46,Female,Unemployed,Savings,144,3,1875,16,7,11,0,0.95,18,625.0
51,Male,Employed,Current,160,4,73691,10,7,9,0,0.88,16,18422.75
42,Female,Employed,Savings,88,1,4740,9,8,12,0,0.95,20,4740.0
40,Female,Self-employed,Current,145,3,494858,8,11,7,0,0.85,18,164952.67
34,Male,Unemployed,Savings,153,3,818,14,11,10,0,0.67,21,272.67
34,Female,Unemployed,Current,143,1,350260,11,7,16,0,0.81,23,350260.0
43,Male,Employed,Savings,81,2,119823,13,4,9,0,0.6,13,59911.5
47,Female,Self-employed,Savings,26,1,95163,16,6,8,1,0.64,14,95163.0
18,Female,Self-employed,Current,147,1,219582,14,7,12,1,0.56,19,219582.0
30,Female,Self-employed,Savings,175,3,123185,6,9,9,0,0.88,18,41061.67
40,Male,Employed,Savings,21,1,105401,15,8,8,0,0.83,16,105401.0
35,Female,Employed,Savings,110,2,500,17,9,6,0,0.78,15,250.0
37,Female,Employed,Current,81,1,309522,11,6,10,0,0.69,16,309522.0
44,Male,Self-employed,Savings,54,4,49227,12,7,13,0,0.75,20,12306.75
26,Female,Employed,Savings,175,2,125012,14,10,12,0,0.55,22,62506.0
53,Male,Self-employed,Savings,52,2,62861,20,9,6,0,0.72,15,31430.5
50,Male,Employed,Current,150,1,130515,15,5,9,0,0.7,14,130515.0
18,Female,Self-employed,Current,109,1,64585,19,9,10,0,0.94,19,64585.0
36,Female,Employed,Fixed Deposit,128,2,775,23,6,5,0,0.97,11,387.5
36,Female,Unemployed,Current,67,3,103024,13,7,12,1,0.77,19,34341.33
34,Male,Self-employed,Savings,75,2,218222,14,8,12,0,1.0,20,109111.0
43,Male,Self-employed,Savings,20,1,40411,21,8,7,0,0.74,15,40411.0
34,Female,Unemployed,Savings,52,3,345977,10,8,7,0,0.62,15,115325.67
33,Male,Self-employed,Savings,13,4,81992,19,9,14,1,0.59,23,20498.0
18,Female,Self-employed,Savings,74,2,350304,13,7,10,0,0.79,17,175152.0
24,Female,Unemployed,Savings,53,1,54822,15,10,8,0,0.98,18,54822.0
20,Female,Employed,Savings,31,1,100129,14,7,10,0,0.75,17,100129.0
45,Male,Unemployed,Savings,31,2,115353,19,13,9,0,0.51,22,57676.5
29,Female,Employed,Current,61,1,167077,13,8,11,0,0.64,19,167077.0
35,Male,Self-employed,Savings,55,2,221628,12,2,9,0,0.8,11,110814.0
22,Male,Employed,Savings,173,3,52491,16,10,15,0,0.83,25,17497.0
18,Female,Employed,Current,37,1,5954,27,11,12,1,0.7,23,5954.0
35,Female,Employed,Savings,44,3,41813,13,8,7,0,0.87,15,13937.67
48,Male,Self-employed,Savings,145,1,220131,11,6,10,0,0.73,16,220131.0
45,Female,Self-employed,Savings,134,1,45895,22,10,11,1,0.52,21,45895.0
37,Female,Self-employed,Current,32,2,235167,19,10,7,0,0.57,17,117583.5
18,Female,Self-employed,Savings,44,1,17401,10,6,7,0,0.56,13,17401.0
18,Male,Employed,Savings,145,1,144778,15,10,11,0,0.85,21,144778.0
58,Male,Self-employed,Current,139,1,81870,13,4,8,0,0.8,12,81870.0
27,Female,Unemployed,Savings,145,2,500459,16,12,3,0,0.55,15,250229.5
22,Female,Self-employed,Savings,112,3,68147,17,6,9,0,0.93,15,22715.67
21,Male,Self-employed,Current,36,4,208780,15,6,9,0,0.8,15,52195.0
43,Male,Employed,Savings,150,2,7540,11,8,8,0,0.57,16,3770.0
26,Male,Employed,Savings,44,3,86395,19,6,10,0,0.65,16,28798.33
37,Male,Employed,Savings,154,1,237641,17,10,10,0,0.7,20,237641.0
28,Male,Employed,Current,102,2,65205,19,9,8,0,0.68,17,32602.5
24,Female,Employed,Fixed Deposit,69,3,76603,16,7,4,0,0.58,11,25534.33
27,Female,Unemployed,Current,125,3,213160,19,8,10,0,0.94,18,71053.33
20,Male,Employed,Savings,110,4,15123,17,13,11,0,0.72,24,3780.75
38,Female,Employed,Savings,168,3,37314,9,10,7,1,0.98,17,12438.0
38,Male,Unemployed,Current,77,1,82763,19,7,9,0,0.87,16,82763.0
39,Female,Self-employed,Fixed Deposit,61,1,31379,18,9,5,1,0.54,14,31379.0
38,Male,Self-employed,Current,60,2,103817,14,12,10,0,0.71,22,51908.5
18,Female,Employed,Savings,162,1,445673,18,5,7,1,0.64,12,445673.0
26,Male,Employed,Current,132,4,184894,12,8,13,0,0.65,21,46223.5
33,Male,Self-employed,Current,108,1,477963,17,10,19,0,0.79,29,477963.0
31,Male,Employed,Current,48,2,82806,18,5,9,0,0.6,14,41403.0
49,Male,Employed,Current,84,3,57746,17,8,7,0,0.62,15,19248.67
27,Male,Employed,Current,49,2,100877,15,5,9,0,0.98,14,50438.5
56,Female,Self-employed,Savings,124,2,185081,15,4,12,0,0.61,16,92540.5
45,Male,Self-employed,Current,95,2,113228,14,6,5,0,0.54,11,56614.0
31,Male,Employed,Savings,179,3,66158,13,12,12,0,0.65,24,22052.67
33,Female,Employed,Savings,49,2,141287,17,10,8,0,0.75,18,70643.5
35,Female,Employed,Current,168,1,27185,19,6,10,0,0.78,16,27185.0
28,Male,Self-employed,Savings,176,1,30044,13,10,11,0,0.83,21,30044.0
37,Female,Employed,Fixed Deposit,54,1,18387,15,7,7,1,0.85,14,18387.0
34,Male,Employed,Fixed Deposit,91,4,62931,15,10,9,1,0.55,19,15732.75
36,Male,Self-employed,Fixed Deposit,109,1,62899,24,9,9,0,0.87,18,62899.0
42,Male,Self-employed,Savings,174,3,110182,15,11,12,0,0.64,23,36727.33
34,Male,Self-employed,Savings,111,2,180122,17,12,12,0,0.68,24,90061.0
28,Male,Employed,Current,127,1,890509,15,8,13,1,0.7,21,890509.0
30,Female,Employed,Savings,171,1,36864,21,12,10,0,0.51,22,36864.0
50,Female,Employed,Savings,43,1,178173,19,10,8,0,0.88,18,178173.0
32,Female,Employed,Savings,144,2,121474,17,7,10,0,0.65,17,60737.0
18,Male,Employed,Savings,138,2,51652,14,7,11,1,0.92,18,25826.0
40,Female,Employed,Fixed Deposit,159,1,247422,16,8,12,0,0.74,20,247422.0
38,Female,Unemployed,Savings,118,2,265145,11,12,14,0,0.68,26,132572.5
29,Female,Unemployed,Savings,118,3,334853,12,6,17,1,0.5,23,111617.67
26,Male,Employed,Savings,69,4,252632,13,9,10,0,0.86,19,63158.0
31,Female,Self-employed,Current,52,1,347184,19,4,15,1,0.52,19,347184.0
26,Female,Employed,Savings,153,3,110944,14,2,9,0,0.58,11,36981.33
28,Male,Self-employed,Savings,179,2,120305,9,3,4,0,0.72,7,60152.5
32,Female,Self-employed,Current,71,1,481388,13,10,6,0,0.63,16,481388.0
37,Female,Self-employed,Savings,79,2,30488,14,5,12,0,0.78,17,15244.0
45,Female,Employed,Fixed Deposit,132,1,66046,15,7,8,0,0.6,15,66046.0
32,Female,Employed,Current,114,3,25914,9,9,12,0,0.89,21,8638.0
41,Male,Self-employed,Current,37,3,434854,13,9,8,0,0.71,17,144951.33
33,Male,Employed,Savings,113,1,148238,15,6,9,0,0.81,15,148238.0
29,Male,Self-employed,Current,138,3,129137,15,10,6,1,0.62,16,43045.67
18,Male,Unemployed,Fixed Deposit,152,1,81181,13,4,8,0,0.63,12,81181.0
47,Female,Employed,Current,91,1,18900,15,4,10,0,0.87,14,18900.0
18,Female,Employed,Savings,57,4,29029,11,2,17,0,0.6,19,7257.25
45,Male,Self-employed,Savings,52,2,4632,21,5,13,0,0.89,18,2316.0
33,Male,Unemployed,Savings,60,1,98396,13,5,10,0,0.65,15,98396.0
30,Female,Self-employed,Savings,53,1,552410,14,11,12,0,0.74,23,552410.0
25,Male,Unemployed,Savings,91,2,132605,21,8,16,1,0.67,24,66302.5
24,Female,Employed,Savings,63,4,297581,11,4,12,0,0.6,16,74395.25
39,Male,Self-employed,Current,22,2,131642,11,8,9,0,0.8,17,65821.0
43,Male,Self-employed,Current,102,1,277584,12,3,7,0,0.93,10,277584.0
37,Female,Employed,Current,138,1,30594,16,8,10,0,0.96,18,30594.0
31,Male,Employed,Current,153,1,13933,19,9,8,0,0.9,17,13933.0
35,Male,Employed,Current,146,2,113546,8,5,15,0,0.6,20,56773.0
42,Female,Self-employed,Savings,121,4,309294,17,5,13,1,0.74,18,77323.5
41,Female,Self-employed,Current,52,4,75566,16,8,13,0,0.57,21,18891.5
27,Male,Employed,Savings,20,1,304595,15,7,7,0,0.68,14,304595.0
26,Female,Employed,Current,97,3,96552,16,7,10,0,0.68,17,32184.0
21,Male,Self-employed,Savings,161,2,48632,18,7,13,0,0.79,20,24316.0
26,Male,Employed,Fixed Deposit,156,3,308538,20,8,10,0,0.55,18,102846.0
43,Female,Self-employed,Savings,34,3,43682,19,8,9,0,0.57,17,14560.67
28,Male,Self-employed,Savings,61,2,187641,19,7,17,0,0.87,24,93820.5
21,Male,Employed,Savings,62,1,21484,17,16,8,1,0.71,24,21484.0
52,Male,Employed,Savings,113,1,500,21,6,9,0,0.66,15,500.0
41,Female,Self-employed,Current,116,2,92212,11,12,8,1,0.63,20,46106.0
35,Male,Employed,Savings,154,4,17174,23,1,6,0,0.72,7,4293.5
42,Male,Employed,Savings,126,2,169274,14,6,14,0,0.71,20,84637.0
26,Female,Employed,Current,27,2,157577,21,7,6,0,0.83,13,78788.5
25,Female,Employed,Savings,36,2,164927,11,10,14,2,0.7,24,82463.5
29,Male,Self-employed,Current,33,1,23389,14,12,11,0,0.92,23,23389.0
26,Male,Self-employed,Savings,140,3,83926,14,8,8,0,0.54,16,27975.33
40,Male,Unemployed,Savings,37,3,181335,14,14,9,0,0.69,23,60445.0
33,Female,Employed,Savings,178,1,3857,17,4,6,0,0.73,10,3857.0
41,Female,Employed,Savings,154,1,59139,11,4,9,0,0.71,13,59139.0
37,Male,Employed,Savings,64,2,48729,20,5,14,0,0.59,19,24364.5
34,Female,Employed,Current,41,1,454356,11,8,12,0,0.63,20,454356.0
21,Female,Employed,Current,23,1,170730,20,10,5,0,0.54,15,170730.0
37,Male,Employed,Savings,154,2,312031,15,8,11,1,0.74,19,156015.5
41,Female,Self-employed,Fixed Deposit,150,1,32553,13,10,13,0,0.86,23,32553.0
24,Male,Self-employed,Savings,156,1,94795,17,8,10,0,0.96,18,94795.0
19,Female,Employed,Current,97,1,89731,13,8,10,0,0.63,18,89731.0
20,Male,Employed,Savings,163,4,18731,16,5,11,1,0.52,16,4682.75
39,Female,Employed,Savings,128,2,77530,17,9,11,0,0.69,20,38765.0
33,Male,Unemployed,Current,100,2,27884,14,11,15,0,0.84,26,13942.0
38,Female,Self-employed,Savings,137,4,304675,15,9,9,0,0.65,18,76168.75
53,Female,Employed,Current,42,2,233084,14,11,13,0,0.86,24,116542.0
43,Female,Employed,Savings,157,3,36160,12,5,13,1,0.81,18,12053.33
43,Female,Employed,Current,35,2,30194,18,6,7,0,0.94,13,15097.0
25,Female,Employed,Savings,145,3,152371,11,9,8,0,0.68,17,50790.33
34,Female,Employed,Savings,65,2,6585,9,7,12,0,0.89,19,3292.5
29,Female,Employed,Savings,40,2,75646,16,7,15,0,0.93,22,37823.0
27,Female,Employed,Savings,131,1,12227,18,6,12,0,0.96,18,12227.0
24,Male,Employed,Current,164,2,110201,14,12,15,0,0.54,27,55100.5
35,Male,Employed,Savings,66,4,7208,8,15,11,0,0.79,26,1802.0
29,Male,Employed,Fixed Deposit,65,2,50294,12,9,4,1,0.67,13,25147.0
24,Male,Employed,Savings,133,1,245695,13,7,8,0,0.62,15,245695.0
37,Female,Employed,Current,171,1,50851,10,7,8,1,0.65,15,50851.0
